UUID;Teste automático;Modo;Tratamento;Tabela (Modbus);Tipo (Modbus);Registrador (Modbus);Tipo (DNP3);Índice (DNP3);Limite inferior;Limite superior;Valor default;Divisor;Unidade pt;Unidade en;Unidade es;Conversão pt;Conversão en;Conversão es;Opcional;Condicional;Nível de acesso;Descrição pt;Descrição en;Descrição es;Display pt;Display en;Display es;Observações;Funcionalidade pt;Funcionalidade en;Funcionalidade es;Grupo pt;Grupo en;Grupo es;Classificação;Gráfico rápido;Histórico de dados;IEC 61850;Link;CDC
9b659a8311594487bc5508e3f6e0a37c;1;R;16;TabVersionInfo;Input register;0;Analog input;0;406;406;406;1;;;;;;;;;Público;Indicação de código do equipamento;Indication of equipment code;;;;;;;;;;;;;;;;;
c038c81b50c24369ad934875b4e8afab;1;R;16;TabVersionInfo;Input register;1;Analog input;1;0;65535;0;1;;;;;;;;;Público;Indicação de versão do firmware da funcionalidade;Indication of firmware version of the functionality;;;;;;;;;;;;;;;SDp_BMC_$LPHD1$MX$Firm$mag$f \ SDp_BMC_$LPHD1$MX$Firm$mag$i \ SDp_BMC_$LPHD1$MX$Firm$instMag$f \ SDp_BMC_$LPHD1$MX$Firm$instMag$i;;
a20528c742114ef1913efce5de6e1164;1;R;16;TabVersionInfo;Input register;2;Analog input;2;0;65535;0;1;;;;;;;;;Público;Indicação de liberação do firmware da funcionalidade;Indication of firmware release for the functionality;;;;;;;;;;;;;;;SDp_BMC_$LPHD1$MX$Rls$mag$f \ SDp_BMC_$LPHD1$MX$Rls$mag$i \ SDp_BMC_$LPHD1$MX$Rls$instMag$f \ SDp_BMC_$LPHD1$MX$Rls$instMag$i;;
97f374130cfe4497ad4c94c8cc0a5d95;1;R;16;TabVersionInfo;Input register;3;;;0;65535;0;1;;;;;;;;;Público;Indicação de commits à frente da última tag.;Indication of commits ahead of the last tag.;;;;;;;;;;;;;;;;;
c4ca211969434fc9a2941589971dba4d;1;R;32_ABCD;TabVersionInfo;Input register;4;;;0;4294967295;0;1;;;;;;;;;Público;Indicação de hash do commit;Indication of hash of the commit;;;;;;;;;;;;;;;;;
0986caf5e2b6441f91ff78e43ab02a8f;1;R;16;TabVersionInfo;Input register;6;;;0;1;0;1;;;;0=Não\1=Sim;0=No\1=Yes;;;;Público;Indicação de alterações não commitadas;Indication of uncommitted changes;;;;;;;;;;;;;;;;;
91b5c11a2afe4f7c9ad70dcfdb7d1248;1;R;16;TabVersionInfo;Input register;7;Analog input;3;0;65535;0;1;;;;;;;;;Público;Indicação de versão do mapa;Indication of map version;;;;;;;;;;;;;;;;;
b6b77eb0ab894d45ae46c848eca93dd2;1;R;16;TabVersionInfo;Input register;8;Analog input;4;0;65535;0;1;;;;;;;;;Público;Indicação de versão do firmware do bootloader;Indication of firmware version of the bootloader;;;;;;;;;;;;;;;;;
acead1519caa419692ceadaeb37a6c21;1;R;16;TabVersionInfo;Input register;9;Analog input;5;0;65535;0;1;;;;;;;;;Público;Indicação de liberação do firmware do bootloader;Indication of firmware release of the bootloader;;;;;;;;;;;;;;;;;
0d91091ac5464827bc07070f793f0a73;1;R;32_ABCD\32;TabVersionInfo;Input register;10;Analog input;6;0;4294967295;0;1;;;;;;;;;Público;Indicação de número de série;Indication of serial number;;;;;;;;;;;;;;;SDp_BMC_$LPHD1$MX$SerNum$mag$f \ SDp_BMC_$LPHD1$MX$SerNum$mag$i \ SDp_BMC_$LPHD1$MX$SerNum$instMag$f \ SDp_BMC_$LPHD1$MX$SerNum$instMag$i;;
0160fd35246149b3899db1b4c70a5fe9;1;R;16;TabVersionInfo;Input register;12;Analog input;7;0;65535;0;1;;;;;;;;;Público;Indicação de revisão de placa;Indication of board revision;;;;;;;;;;;;;;;;;
;;;;;;;;;;;;;;;;;;;;;;;;;;;;;;;;;;;;;;;;
7711a940bc3a48b2b9518f2891548cb6;1;R;16;TabMeasurementsData;Input register;100;Analog input;28;0;65535;0;1;;;;;;;;;Público;Indicação de número de medições;Indication of number of measurements;;;;;;;;;;;;;;;SDp_BMC_$LPHD1$MX$NumMag$mag$f \ SDp_BMC_$LPHD1$MX$NumMag$mag$i \ SDp_BMC_$LPHD1$MX$NumMag$instMag$f \ SDp_BMC_$LPHD1$MX$NumMag$instMag$i;;
c2eb5e38bab84066a642baee51715744;1;R;FLOAT_ABCD\FLOAT;TabMeasurementsData;Input register;101;Analog input;29;4700;6300;0;100;Hz;Hz;Hz;;;;;;Público;Indicação de frequência da componente fundamental - IA;Indication of frequency of the fundamental component - IA;;;;;;;;;;;;;;;SDp_BMC_$ZBSH1$MX$HzLeakA$mag$f \ SDp_BMC_$ZBSH1$MX$HzLeakA$mag$i \ SDp_BMC_$ZBSH1$MX$HzLeakA$instMag$f \ SDp_BMC_$ZBSH1$MX$HzLeakA$instMag$i;;
c5bce8d8c39048219b93d45c66b23bff;1;R;FLOAT_ABCD\FLOAT;TabMeasurementsData;Input register;103;Analog input;30;0;240000;0;1000;mA;mA;mA;;;;;;Público;Indicação de amplitude RMS da componente fundamental - IA;Indication of RMS amplitude of the fundamental component - IA;;;;;;;;;;;;;;;SDp_BMC_$ZBSH1$MX$RmsLeakA$mag$f \ SDp_BMC_$ZBSH1$MX$RmsLeakA$mag$i \ SDp_BMC_$ZBSH1$MX$RmsLeakA$instMag$f \ SDp_BMC_$ZBSH1$MX$RmsLeakA$instMag$i;;
cb4b85bafe6f47138f242d0c4826e1a6;1;R;FLOAT_ABCD\FLOAT;TabMeasurementsData;Input register;105;Analog input;31;0;36000;0;100;º;º;º;;;;;;Público;Indicação de ângulo de fase da fundamental - IA;Indication of phase angle of the fundamental - IA;;;;;;;;;;;;;;;SDp_BMC_$ZBSH1$MX$AngLeakA$mag$f \ SDp_BMC_$ZBSH1$MX$AngLeakA$mag$i \ SDp_BMC_$ZBSH1$MX$AngLeakA$instMag$f \ SDp_BMC_$ZBSH1$MX$AngLeakA$instMag$i;;
ac5f36316bba44b29981acd8467cca11;1;R;FLOAT_ABCD\FLOAT;TabMeasurementsData;Input register;107;Analog input;32;0;240000;0;1000;mA;mA;mA;;;;;;Público;Indicação de valor True RMS - IA;Indication of value True RMS - IA;;;;;;;;;;;;;;;SDp_BMC_$ZBSH1$MX$TrueRmsLeakA$mag$f \ SDp_BMC_$ZBSH1$MX$TrueRmsLeakA$mag$i \ SDp_BMC_$ZBSH1$MX$TrueRmsLeakA$instMag$f \ SDp_BMC_$ZBSH1$MX$TrueRmsLeakA$instMag$i;;
b5e59dd1893f43de961aed538ea2b933;1;R;FLOAT_ABCD\FLOAT;TabMeasurementsData;Input register;109;Analog input;33;-240000;240000;0;1000;mA;mA;mA;;;;;;Público;Indicação de valor DC - IA;Indication of value DC - IA;;;;;;;;;;;;;;;SDp_BMC_$ZBSH1$MX$DCLeakA$mag$f \ SDp_BMC_$ZBSH1$MX$DCLeakA$mag$i \ SDp_BMC_$ZBSH1$MX$DCLeakA$instMag$f \ SDp_BMC_$ZBSH1$MX$DCLeakA$instMag$i;;
c6cbb516ab7e4ba2a26117f8da408231;1;R;FLOAT_ABCD\FLOAT;TabMeasurementsData;Input register;111;Analog input;34;4700;6300;0;100;Hz;Hz;Hz;;;;;;Público;Indicação de frequência da componente fundamental - IB;Indication of frequency of the fundamental component - IB;;;;;;;;;;;;;;;SDp_BMC_$ZBSH2$MX$HzLeakA$mag$f \ SDp_BMC_$ZBSH2$MX$HzLeakA$mag$i \ SDp_BMC_$ZBSH2$MX$HzLeakA$instMag$f \ SDp_BMC_$ZBSH2$MX$HzLeakA$instMag$i;;
ae76afc0182a49de80bac43b577127a2;1;R;FLOAT_ABCD\FLOAT;TabMeasurementsData;Input register;113;Analog input;35;0;240000;0;1000;mA;mA;mA;;;;;;Público;Indicação de amplitude RMS da componente fundamental - IB;Indication of RMS amplitude of the fundamental component - IB;;;;;;;;;;;;;;;SDp_BMC_$ZBSH2$MX$RmsLeakA$mag$f \ SDp_BMC_$ZBSH2$MX$RmsLeakA$mag$i \ SDp_BMC_$ZBSH2$MX$RmsLeakA$instMag$f \ SDp_BMC_$ZBSH2$MX$RmsLeakA$instMag$i;;
74a1c9ec97914a0c926916f4b33c7256;1;R;FLOAT_ABCD\FLOAT;TabMeasurementsData;Input register;115;Analog input;36;0;36000;0;100;º;º;º;;;;;;Público;Indicação de ângulo de fase da fundamental - IB;Indication of phase angle of the fundamental - IB;;;;;;;;;;;;;;;SDp_BMC_$ZBSH2$MX$AngLeakA$mag$f \ SDp_BMC_$ZBSH2$MX$AngLeakA$mag$i \ SDp_BMC_$ZBSH2$MX$AngLeakA$instMag$f \ SDp_BMC_$ZBSH2$MX$AngLeakA$instMag$i;;
91cdfbf95cfd4a358ada774e6f18bd89;1;R;FLOAT_ABCD\FLOAT;TabMeasurementsData;Input register;117;Analog input;37;0;240000;0;1000;mA;mA;mA;;;;;;Público;Indicação de valor True RMS - IB;Indication of value True RMS - IB;;;;;;;;;;;;;;;SDp_BMC_$ZBSH2$MX$TrueRmsLeakA$mag$f \ SDp_BMC_$ZBSH2$MX$TrueRmsLeakA$mag$i \ SDp_BMC_$ZBSH2$MX$TrueRmsLeakA$instMag$f \ SDp_BMC_$ZBSH2$MX$TrueRmsLeakA$instMag$i;;
b0ddbe0b5ade49a5b78cd20b7e5c4312;1;R;FLOAT_ABCD\FLOAT;TabMeasurementsData;Input register;119;Analog input;38;-240000;240000;0;1000;mA;mA;mA;;;;;;Público;Indicação de valor DC - IB;Indication of value DC - IB;;;;;;;;;;;;;;;SDp_BMC_$ZBSH2$MX$DCLeakA$mag$f \ SDp_BMC_$ZBSH2$MX$DCLeakA$mag$i \ SDp_BMC_$ZBSH2$MX$DCLeakA$instMag$f \ SDp_BMC_$ZBSH2$MX$DCLeakA$instMag$i;;
a2ab516157fc4874bb2f4c555138b21e;1;R;FLOAT_ABCD\FLOAT;TabMeasurementsData;Input register;121;Analog input;39;4700;6300;0;100;Hz;Hz;Hz;;;;;;Público;Indicação de frequência da componente fundamental - IC;Indication of the frequency of the fundamental component - IC;;;;;;;;;;;;;;;SDp_BMC_$ZBSH3$MX$HzLeakA$mag$f \ SDp_BMC_$ZBSH3$MX$HzLeakA$mag$i \ SDp_BMC_$ZBSH3$MX$HzLeakA$instMag$f \ SDp_BMC_$ZBSH3$MX$HzLeakA$instMag$i;;
b08f526c720c47e8bc4a2c05a3225156;1;R;FLOAT_ABCD\FLOAT;TabMeasurementsData;Input register;123;Analog input;40;0;240000;0;1000;mA;mA;mA;;;;;;Público;Indicação de amplitude RMS da componente fundamental - IC;Indication of RMS amplitude of the fundamental component - IC;;;;;;;;;;;;;;;SDp_BMC_$ZBSH3$MX$RmsLeakA$mag$f \ SDp_BMC_$ZBSH3$MX$RmsLeakA$mag$i \ SDp_BMC_$ZBSH3$MX$RmsLeakA$instMag$f \ SDp_BMC_$ZBSH3$MX$RmsLeakA$instMag$i;;
e7535928dd3544b484fe9fc64dda90f0;1;R;FLOAT_ABCD\FLOAT;TabMeasurementsData;Input register;125;Analog input;41;0;36000;0;100;º;º;º;;;;;;Público;Indicação de ângulo de fase fundamental - IC;Indication of phase angle of the fundamental - IC;;;;;;;;;;;;;;;SDp_BMC_$ZBSH3$MX$AngLeakA$mag$f \ SDp_BMC_$ZBSH3$MX$AngLeakA$mag$i \ SDp_BMC_$ZBSH3$MX$AngLeakA$instMag$f \ SDp_BMC_$ZBSH3$MX$AngLeakA$instMag$i;;
d78448f2a5db4ac29349d532d8d12f2a;1;R;FLOAT_ABCD\FLOAT;TabMeasurementsData;Input register;127;Analog input;42;0;240000;0;1000;mA;mA;mA;;;;;;Público;Indicação de valor True RMS - IC;Indication of value True RMS - IC;;;;;;;;;;;;;;;SDp_BMC_$ZBSH3$MX$TrueRmsLeakA$mag$f \ SDp_BMC_$ZBSH3$MX$TrueRmsLeakA$mag$i \ SDp_BMC_$ZBSH3$MX$TrueRmsLeakA$instMag$f \ SDp_BMC_$ZBSH3$MX$TrueRmsLeakA$instMag$i;;
0f2dd7e0617f45c1b0e29de3fdb0b93b;1;R;FLOAT_ABCD\FLOAT;TabMeasurementsData;Input register;129;Analog input;43;-240000;240000;0;1000;mA;mA;mA;;;;;;Público;Indicação de valor DC - IC;Indication of value DC - IC;;;;;;;;;;;;;;;SDp_BMC_$ZBSH3$MX$DCLeakA$mag$f \ SDp_BMC_$ZBSH3$MX$DCLeakA$mag$i \ SDp_BMC_$ZBSH3$MX$DCLeakA$instMag$f \ SDp_BMC_$ZBSH3$MX$DCLeakA$instMag$i;;
af23e67dc1d04271b6711a17d166a568;1;R;FLOAT_ABCD\FLOAT;TabMeasurementsData;Input register;131;Analog input;44;4700;6300;0;100;Hz;Hz;Hz;;;;;;Público;Indicação de frequência da componente fundamental - ISM;Indication of frequency of the fundamental component - ISM;;;;;;;;;;;;;;;SDp_BMC_$ZBSH4$MX$HzAMag$mag$f \ SDp_BMC_$ZBSH4$MX$HzAMag$mag$i \ SDp_BMC_$ZBSH4$MX$HzAMag$instMag$f \ SDp_BMC_$ZBSH4$MX$HzAMag$instMag$i;;
c3d63186c0aa4fa8b27aa5cde6318f75;1;R;FLOAT_ABCD\FLOAT;TabMeasurementsData;Input register;133;Analog input;45;0;240000;0;1000;mA;mA;mA;;;;;;Público;Indicação de amplitude RMS da componente fundamental - ISM;Indication of RMS amplitude of the fundamental component - ISM;;;;;;;;;;;;;;;SDp_BMC_$ZBSH4$MX$RmsAMag$mag$f \ SDp_BMC_$ZBSH4$MX$RmsAMag$mag$i \ SDp_BMC_$ZBSH4$MX$RmsAMag$instMag$f \ SDp_BMC_$ZBSH4$MX$RmsAMag$instMag$i;;
988ae2cfc7d4454cba86ba84aed00aa5;1;R;FLOAT_ABCD\FLOAT;TabMeasurementsData;Input register;135;Analog input;46;0;36000;0;100;º;º;º;;;;;;Público;Indicação de ângulo de fase da fundamental - ISM;Indication of fundamental phase angle - ISM;;;;;;;;;;;;;;;SDp_BMC_$ZBSH4$MX$AngAMag$mag$f \ SDp_BMC_$ZBSH4$MX$AngAMag$mag$i \ SDp_BMC_$ZBSH4$MX$AngAMag$instMag$f \ SDp_BMC_$ZBSH4$MX$AngAMag$instMag$i;;
365692df79a84a4991790257e31dbe1e;1;R;FLOAT_ABCD\FLOAT;TabMeasurementsData;Input register;137;Analog input;47;0;240000;0;1000;mA;mA;mA;;;;;;Público;Indicação de valor True RMS - ISM;Indication of True RMS value - ISM;;;;;;;;;;;;;;;SDp_BMC_$ZBSH4$MX$TrueRmsAMag$mag$f \ SDp_BMC_$ZBSH4$MX$TrueRmsAMag$mag$i \ SDp_BMC_$ZBSH4$MX$TrueRmsAMag$instMag$f \ SDp_BMC_$ZBSH4$MX$TrueRmsAMag$instMag$i;;
174f68174f954543868f173d6dee7d99;1;R;FLOAT_ABCD\FLOAT;TabMeasurementsData;Input register;139;Analog input;48;-240000;240000;0;1000;mA;mA;mA;;;;;;Público;Indicação de valor DC - ISM;Indication of value DC - ISM;;;;;;;;;;;;;;;SDp_BMC_$ZBSH4$MX$DCAMag$mag$f \ SDp_BMC_$ZBSH4$MX$DCAMag$mag$i \ SDp_BMC_$ZBSH4$MX$DCAMag$instMag$f \ SDp_BMC_$ZBSH4$MX$DCAMag$instMag$i;;
265782d66afc433592155efc89c5b971;1;R;FLOAT_ABCD\FLOAT;TabMeasurementsData;Input register;141;Analog input;49;4700;6300;0;100;Hz;Hz;Hz;;;;;;Público;Indicação de frequência da componente fundamental - ISC;Indication of frequency of the fundamental component - ISC;;;;;;;;;;;;;;;SDp_BMC_$ZBSH4$MX$HzACalc$mag$f \ SDp_BMC_$ZBSH4$MX$HzACalc$mag$i \ SDp_BMC_$ZBSH4$MX$HzACalc$instMag$f \ SDp_BMC_$ZBSH4$MX$HzACalc$instMag$i;;
a86281658ec94f128ef82c4a8716ca8f;1;R;FLOAT_ABCD\FLOAT;TabMeasurementsData;Input register;143;Analog input;50;0;240000;0;1000;mA;mA;mA;;;;;;Público;Indicação de amplitude RMS da componente fundamental - ISC;Indication of RMS amplitude of the fundamental component - ISC;;;;;;;;;;;;;;;SDp_BMC_$ZBSH4$MX$RmsACalc$mag$f \ SDp_BMC_$ZBSH4$MX$RmsACalc$mag$i \ SDp_BMC_$ZBSH4$MX$RmsACalc$instMag$f \ SDp_BMC_$ZBSH4$MX$RmsACalc$instMag$i;;
2234d709a2f04915aee5970851f727f3;1;R;FLOAT_ABCD\FLOAT;TabMeasurementsData;Input register;145;Analog input;51;0;36000;0;100;º;º;º;;;;;;Público;Indicação de ângulo de fase da fundamental - ISC;Indication of phase angle of the fundamental - ISC;;;;;;;;;;;;;;;SDp_BMC_$ZBSH4$MX$AngACalc$mag$f \ SDp_BMC_$ZBSH4$MX$AngACalc$mag$i \ SDp_BMC_$ZBSH4$MX$AngACalc$instMag$f \ SDp_BMC_$ZBSH4$MX$AngACalc$instMag$i;;
71b57847e1324835bb7a49b24ab91d74;1;R;FLOAT_ABCD\FLOAT;TabMeasurementsData;Input register;147;Analog input;52;0;240000;0;1000;mA;mA;mA;;;;;;Público;Indicação de valor True RMS - ISC;Indication of value True RMS - ISC;;;;;;;;;;;;;;;SDp_BMC_$ZBSH4$MX$TrueRmsACalc$mag$f \ SDp_BMC_$ZBSH4$MX$TrueRmsACalc$mag$i \ SDp_BMC_$ZBSH4$MX$TrueRmsACalc$instMag$f \ SDp_BMC_$ZBSH4$MX$TrueRmsACalc$instMag$i;;
1f1626c519ee4e1e8ea9208a44f74eb8;1;R;FLOAT_ABCD\FLOAT;TabMeasurementsData;Input register;149;Analog input;53;-240000;240000;0;1000;mA;mA;mA;;;;;;Público;Indicação de valor DC - ISC;Indication of value DC - ISC;;;;;;;;;;;;;;;SDp_BMC_$ZBSH4$MX$DCACalc$mag$f \ SDp_BMC_$ZBSH4$MX$DCACalc$mag$i \ SDp_BMC_$ZBSH4$MX$DCACalc$instMag$f \ SDp_BMC_$ZBSH4$MX$DCACalc$instMag$i;;
8c2ff4a95e334334bd9cc45150556d50;1;R;FLOAT_ABCD\FLOAT;TabMeasurementsData;Input register;151;Analog input;54;4700;6300;0;100;Hz;Hz;Hz;;;;;;Público;Indicação de frequência da componente fundamental - VA;Indication of frequency of the fundamental component - VA;;;;;;;;;;;;;;;SDp_BMC_$ZBSH1$MX$HzRtg$mag$f \ SDp_BMC_$ZBSH1$MX$HzRtg$mag$i \ SDp_BMC_$ZBSH1$MX$HzRtg$instMag$f \ SDp_BMC_$ZBSH1$MX$HzRtg$instMag$i;;
b0f2630d02fe4a13a9afe269e8e31bd8;1;R;FLOAT_ABCD\FLOAT;TabMeasurementsData;Input register;153;Analog input;55;0;54600;0;100;V;V;V;;;;;;Público;Indicação de amplitude RMS da componente fundamental - VA;Indication of RMS amplitude of the fundamental component - VA;;;;;;;;;;;;;;;SDp_BMC_$ZBSH1$MX$RmsVol$mag$f \ SDp_BMC_$ZBSH1$MX$RmsVol$mag$i \ SDp_BMC_$ZBSH1$MX$RmsVol$instMag$f \ SDp_BMC_$ZBSH1$MX$RmsVol$instMag$i;;
cd1fe8f11e96451a98c6057401ed0c98;1;R;FLOAT_ABCD\FLOAT;TabMeasurementsData;Input register;155;Analog input;56;0;36000;0;100;º;º;º;;;;;;Público;Indicação de ângulo de fase da fundamental - VA;Indication of the phase angle of the fundamental - VA;;;;;;;;;;;;;;;SDp_BMC_$ZBSH1$MX$AngVol$mag$f \ SDp_BMC_$ZBSH1$MX$AngVol$mag$i \ SDp_BMC_$ZBSH1$MX$AngVol$instMag$f \ SDp_BMC_$ZBSH1$MX$AngVol$instMag$i;;
10aabca5da2146fdbd8351a6ff238b36;1;R;FLOAT_ABCD\FLOAT;TabMeasurementsData;Input register;157;Analog input;57;0;54600;0;100;V;V;V;;;;;;Público;Indicação de valor True RMS - VA;Indication of value True RMS - VA;;;;;;;;;;;;;;;SDp_BMC_$ZBSH1$MX$TureRmsVol$mag$f \ SDp_BMC_$ZBSH1$MX$TureRmsVol$mag$i \ SDp_BMC_$ZBSH1$MX$TureRmsVol$instMag$f \ SDp_BMC_$ZBSH1$MX$TureRmsVol$instMag$i;;
dfb6033ebd674f5db74a7bfc5d1a9549;1;R;FLOAT_ABCD\FLOAT;TabMeasurementsData;Input register;159;Analog input;58;-54600;54600;0;100;V;V;V;;;;;;Público;Indicação de valor DC - VA;Indication of DC value - VA;;;;;;;;;;;;;;;SDp_BMC_$ZBSH1$MX$DCVol$mag$f \ SDp_BMC_$ZBSH1$MX$DCVol$mag$i \ SDp_BMC_$ZBSH1$MX$DCVol$instMag$f \ SDp_BMC_$ZBSH1$MX$DCVol$instMag$i;;
083b0bfcb17042dba2d5ec830d01e1f3;1;R;FLOAT_ABCD\FLOAT;TabMeasurementsData;Input register;161;Analog input;59;4700;6300;0;100;Hz;Hz;Hz;;;;;;Público;Indicação de frequência da componente fundamental - VB;Indication of frequency of the fundamental component - VB;;;;;;;;;;;;;;;SDp_BMC_$ZBSH2$MX$HzRtg$mag$f \ SDp_BMC_$ZBSH2$MX$HzRtg$mag$i \ SDp_BMC_$ZBSH2$MX$HzRtg$instMag$f \ SDp_BMC_$ZBSH2$MX$HzRtg$instMag$i;;
d509eec00d454c89a29c1f0b7b4d06ba;1;R;FLOAT_ABCD\FLOAT;TabMeasurementsData;Input register;163;Analog input;60;0;54600;0;100;V;V;V;;;;;;Público;Indicação de amplitude RMS da componente fundamental - VB;Indication of RMS amplitude of the fundamental component - VB;;;;;;;;;;;;;;;SDp_BMC_$ZBSH2$MX$RmsVol$mag$f \ SDp_BMC_$ZBSH2$MX$RmsVol$mag$i \ SDp_BMC_$ZBSH2$MX$RmsVol$instMag$f \ SDp_BMC_$ZBSH2$MX$RmsVol$instMag$i;;
31d68019ca4046c0b2add68956cb52e2;1;R;FLOAT_ABCD\FLOAT;TabMeasurementsData;Input register;165;Analog input;61;0;36000;0;100;º;º;º;;;;;;Público;Indicação de ângulo de fase da fundamental - VB;Indication of phase angle of the fundamental - VB;;;;;;;;;;;;;;;SDp_BMC_$ZBSH2$MX$AngVol$mag$f \ SDp_BMC_$ZBSH2$MX$AngVol$mag$i \ SDp_BMC_$ZBSH2$MX$AngVol$instMag$f \ SDp_BMC_$ZBSH2$MX$AngVol$instMag$i;;
4be7933932e44fe9ad49666752dd1be7;1;R;FLOAT_ABCD\FLOAT;TabMeasurementsData;Input register;167;Analog input;62;0;54600;0;100;V;V;V;;;;;;Público;Indicação de valor True RMS - VB;Indication of value True RMS - VB;;;;;;;;;;;;;;;SDp_BMC_$ZBSH2$MX$TureRmsVol$mag$f \ SDp_BMC_$ZBSH2$MX$TureRmsVol$mag$i \ SDp_BMC_$ZBSH2$MX$TureRmsVol$instMag$f \ SDp_BMC_$ZBSH2$MX$TureRmsVol$instMag$i;;
124eb7f4b7994988a2e9d66e4dd09793;1;R;FLOAT_ABCD\FLOAT;TabMeasurementsData;Input register;169;Analog input;63;-54600;54600;0;100;V;V;V;;;;;;Público;Indicação de valor DC - VB;Indication of value DC - VB;;;;;;;;;;;;;;;SDp_BMC_$ZBSH2$MX$DCVol$mag$f \ SDp_BMC_$ZBSH2$MX$DCVol$mag$i \ SDp_BMC_$ZBSH2$MX$DCVol$instMag$f \ SDp_BMC_$ZBSH2$MX$DCVol$instMag$i;;
aa6b9661c9b54d0bb7f1159b71c596fc;1;R;FLOAT_ABCD\FLOAT;TabMeasurementsData;Input register;171;Analog input;64;4700;6300;0;100;Hz;Hz;Hz;;;;;;Público;Indicação de frequência da componente fundamental - VC;Indication of frequency of the fundamental component - VC;;;;;;;;;;;;;;;SDp_BMC_$ZBSH3$MX$HzRtg$mag$f \ SDp_BMC_$ZBSH3$MX$HzRtg$mag$i \ SDp_BMC_$ZBSH3$MX$HzRtg$instMag$f \ SDp_BMC_$ZBSH3$MX$HzRtg$instMag$i;;
eede82e7ed6b4ef7ab2c50666fbc372a;1;R;FLOAT_ABCD\FLOAT;TabMeasurementsData;Input register;173;Analog input;65;0;54600;0;100;V;V;V;;;;;;Público;Indicação de amplitude RMS da componente fundamental - VC;Indication of RMS amplitude of the fundamental component - VC;;;;;;;;;;;;;;;SDp_BMC_$ZBSH3$MX$RmsVol$mag$f \ SDp_BMC_$ZBSH3$MX$RmsVol$mag$i \ SDp_BMC_$ZBSH3$MX$RmsVol$instMag$f \ SDp_BMC_$ZBSH3$MX$RmsVol$instMag$i;;
be16abff8a464ca39c25342f9663fc98;1;R;FLOAT_ABCD\FLOAT;TabMeasurementsData;Input register;175;Analog input;66;0;36000;0;100;º;º;º;;;;;;Público;Indicação de ângulo de fase da fundamental - VC;Indication of phase angle of the fundamental - VC;;;;;;;;;;;;;;;SDp_BMC_$ZBSH3$MX$AngVol$mag$f \ SDp_BMC_$ZBSH3$MX$AngVol$mag$i \ SDp_BMC_$ZBSH3$MX$AngVol$instMag$f \ SDp_BMC_$ZBSH3$MX$AngVol$instMag$i;;
aa01ef49dd6c436887866c8504cba0c6;1;R;FLOAT_ABCD\FLOAT;TabMeasurementsData;Input register;177;Analog input;67;0;54600;0;100;V;V;V;;;;;;Público;Indicação de valor True RMS - VC;Indication of value True RMS - VC;;;;;;;;;;;;;;;SDp_BMC_$ZBSH3$MX$TureRmsVol$mag$f \ SDp_BMC_$ZBSH3$MX$TureRmsVol$mag$i \ SDp_BMC_$ZBSH3$MX$TureRmsVol$instMag$f \ SDp_BMC_$ZBSH3$MX$TureRmsVol$instMag$i;;
efd251424aea48cd8a4ce7b9a241005e;1;R;FLOAT_ABCD\FLOAT;TabMeasurementsData;Input register;179;Analog input;68;-54600;54600;0;100;V;V;V;;;;;;Público;Indicação de valor DC - VC;Indication of value DC - VC;;;;;;;;;;;;;;;SDp_BMC_$ZBSH3$MX$DCVol$mag$f \ SDp_BMC_$ZBSH3$MX$DCVol$mag$i \ SDp_BMC_$ZBSH3$MX$DCVol$instMag$f \ SDp_BMC_$ZBSH3$MX$DCVol$instMag$i;;
;;;;;;;;;;;;;;;;;;;;;;;;;;;;;;;;;;;;;;;;
41bfcbd1a3a540b1a3d6cd640845a9d4;1;RW;Bit;TabMeasurementsControl;Coil;100;Binary output;10;0;1;1;1;;;;0=Não\1=Sim;0=Off\1=On;;;;Público;Parâmetro de habilitação do monitoramento dos sinais de tensão;Parameter of enabling voltage signal monitoring;;;;;;;Acquisition and Analysis;;;Self-Diagnostics\Monitoring of Voltage;;Parâmetro;;;;;
;;;;;;;;;;;;;;;;;;;;;;;;;;;;;;;;;;;;;;;;
9850e136af5d47eeaeb79ea5cefa253e;1;R;16;TabBanksMonitor;Input register;200;Analog input;8;0;1;0;1;;;;0=Referência\1=Monitoramento;0=Reference\1=Monitoring;;;;Público;Indicação de seção do banco ativa;Indication of active bank section;;;;;;;;;;;;;;;SDp_BMC_$LPHD1$ST$St$stVal;;
9f3d9820c1f34c20acbcfd3867bc8a51;1;R;16;TabBanksMonitor;Input register;201;Analog input;9;10;4999;0;1;;;;;;;;;Público;Indicação de próxima posição do banco a ser preenchida;Indication of the next position of the bank to be filled;;;;;;;;;;;;;;;SDp_BMC_$LPHD1$MX$NxtSmp$mag$f \ SDp_BMC_$LPHD1$MX$NxtSmp$mag$i \ SDp_BMC_$LPHD1$MX$NxtSmp$instMag$f \ SDp_BMC_$LPHD1$MX$NxtSmp$instMag$i;;
6a7cc29c4f0d4795b12f34f34f4e5f37;1;R;16;TabBanksMonitor;Input register;202;Analog input;10;5;2700;0;1;;;;;;;;;Privado;Indicação de contador de fasores instantâneos acumulados;Indication of accumulated instantaneous phasor counter;;;;;;;;;;;;;;;SDp_BMC_$LPHD1$MX$SmpCpunt$mag$f \ SDp_BMC_$LPHD1$MX$SmpCpunt$mag$i \ SDp_BMC_$LPHD1$MX$SmpCpunt$instMag$f \ SDp_BMC_$LPHD1$MX$SmpCpunt$instMag$i;;
670ace8293d84b0f8e5f924cd05ee05b;1;R;16;TabBanksMonitor;Input register;203;Analog input;11;0;2;2;1;;;;0=CBA\1=ABC\2=Inválida;0=CBA\1=ABC\2=Invalid;;;;Público;Indicação de sequência de fases vigente nos bancos;Indication of the current phase sequence in the banks;;;;;;;;;;;;;;;SDp_BMC_$LPHD1$MX$PhSeq$mag$f \ SDp_BMC_$LPHD1$MX$PhSeq$mag$i \ SDp_BMC_$LPHD1$MX$PhSeq$instMag$f \ SDp_BMC_$LPHD1$MX$PhSeq$instMag$i;;
d0e7d641473642a2bf3f2df96e2b72dd;1;R;16;TabBanksMonitor;Input register;204;Analog input;12;0;65535;5000;10;pF;pF;pF;;;;;;Público;Indicação de capacitância da fase A;Indication of capacitance of phase A;;;;;;;;;;;;;;;SDp_BMC_$ZBSH1$MX$React$mag$f \ SDp_BMC_$ZBSH1$MX$React$mag$i \ SDp_BMC_$ZBSH1$MX$React$instMag$f \ SDp_BMC_$ZBSH1$MX$React$instMag$i;;
b248af9e27ee4675a60de632a7563c3e;1;R;16;TabBanksMonitor;Input register;205;Analog input;13;0;65535;5000;10;pF;pF;pF;;;;;;Público;Indicação de capacitância da fase B;Indication of capacitance of phase B;;;;;;;;;;;;;;;SDp_BMC_$ZBSH2$MX$React$mag$f \ SDp_BMC_$ZBSH2$MX$React$mag$i \ SDp_BMC_$ZBSH2$MX$React$instMag$f \ SDp_BMC_$ZBSH2$MX$React$instMag$i;;
0013eddaed3a45ee963d2a9c2062804a;1;R;16;TabBanksMonitor;Input register;206;Analog input;14;0;65535;5000;10;pF;pF;pF;;;;;;Público;Indicação de capacitância da fase C;Indication of capacitance of phase C;;;;;;;;;;;;;;;SDp_BMC_$ZBSH3$MX$React$mag$f \ SDp_BMC_$ZBSH3$MX$React$mag$i \ SDp_BMC_$ZBSH3$MX$React$instMag$f \ SDp_BMC_$ZBSH3$MX$React$instMag$i;;
029f445d095c4229953ea3595ef672f9;1;R;16;TabBanksMonitor;Input register;207;Analog input;15;0;65535;300;1000;%;%;%;;;;;;Público;Indicação de tangente de delta da fase A;Indication of tangent delta of phase A;;;;;;;;;;;;;;;SDp_BMC_$ZBSH1$MX$LosFact$mag$f \ SDp_BMC_$ZBSH1$MX$LosFact$mag$i \ SDp_BMC_$ZBSH1$MX$LosFact$instMag$f \ SDp_BMC_$ZBSH1$MX$LosFact$instMag$i;;
ff3983ff8916494a8fe56c0c0e671558;1;R;16;TabBanksMonitor;Input register;208;Analog input;16;0;65535;300;1000;%;%;%;;;;;;Público;Indicação de tangente de delta da fase B;Indication of tangent delta of phase B;;;;;;;;;;;;;;;SDp_BMC_$ZBSH2$MX$LosFact$mag$f \ SDp_BMC_$ZBSH2$MX$LosFact$mag$i \ SDp_BMC_$ZBSH2$MX$LosFact$instMag$f \ SDp_BMC_$ZBSH2$MX$LosFact$instMag$i;;
c52333909f5745a8b0ccb1c7ee68f787;1;R;16;TabBanksMonitor;Input register;209;Analog input;17;0;65535;300;1000;%;%;%;;;;;;Público;Indicação de tangente de delta da fase C;Indication of tangent delta of phase C;;;;;;;;;;;;;;;SDp_BMC_$ZBSH3$MX$LosFact$mag$f \ SDp_BMC_$ZBSH3$MX$LosFact$mag$i \ SDp_BMC_$ZBSH3$MX$LosFact$instMag$f \ SDp_BMC_$ZBSH3$MX$LosFact$instMag$i;;
c098624d55ac4324afcf8d2ed41f9b66;1;R;16;TabBanksMonitor;Input register;210;Analog input;18;0;65535;0;1;;;;;;;;;Público;Indicação de quantidade de amostras com CRC inválido no banco de referência;Indication of the number of samples with invalid CRC in the reference database;;;;;;;;;;;;;;;SDp_BMC_$LPHD1$MX$RefInvSmp$mag$f \ SDp_BMC_$LPHD1$MX$RefInvSmp$mag$i \ SDp_BMC_$LPHD1$MX$RefInvSmp$instMag$f \ SDp_BMC_$LPHD1$MX$RefInvSmp$instMag$i;;
6e13cdcad85244a782e154e079c1f997;1;R;16;TabBanksMonitor;Input register;211;Analog input;19;0;65535;0;1;;;;;;;;;Público;Indicação de quantidade de amostras com CRC inválido no banco de monitoramento;Indication of the number of samples with an invalid CRC in the monitoring database.;;;;;;;;;;;;;;;SDp_BMC_$LPHD1$MX$CalcInvSmp$mag$f \ SDp_BMC_$LPHD1$MX$CalcInvSmp$mag$i \ SDp_BMC_$LPHD1$MX$CalcInvSmp$instMag$f \ SDp_BMC_$LPHD1$MX$CalcInvSmp$instMag$i;;
d62cf26afed54d2eaeeb9167e9e337cb;1;R;16;TabBanksMonitor;Input register;212;Analog input;20;0;8;0;1;;;;0=Nenhuma\1=Atualizando filtros para tangente\2=Atualizando filtros para capacitância\3=Copiando referência para monitoramento\4=Atualizando média de referência para tangente\5=Atualizando média de referência para capacitância\6=Atualizando cálculo de tangente\7=Atualizando cálculo de capacitância\8=Carregando orientação de primeira amostra;0=None\1=Updating filters for tangent\2=Updating filters for capacitance\3=Copying reference for monitoring\4=Updating reference average for tangent\5=Updating reference average for capacitance\6=Updating tangent calculation\7=Updating capacitance calculation\8=Loading first sample orientation;;;;Público;Indicação de operação atual dos bancos;Indication of current operation of the banks;;;;;;;;;;;;;;;;;
949785b193414db69839431226280429;1;R;16;TabBanksMonitor;Input register;213;Analog input;21;0;4999;0;1;;;;;;;;;Público;Indicação de índice da amostra em processo de varredura;Indication of index of the sample in the scanning process;;;;;;;;;;;;;;;;;
39c880e94f3e43c7b57f5751e5d89546;1;R;16;TabBanksMonitor;Input register;214;Analog input;22;-32768;32767;0;10;pF/dia;pF/day;pF/día;;;;;;Público;Indicação de tendência de evolução da capacitância da fase A;Indication of trend of capacitance on phase A;;;;;;;;;;;;;;;SDp_BMC_$ZBSH1$MX$ReactTnd$mag$f \ SDp_BMC_$ZBSH1$MX$ReactTnd$mag$i \ SDp_BMC_$ZBSH1$MX$ReactTnd$instMag$f \ SDp_BMC_$ZBSH1$MX$ReactTnd$instMag$i;;
7ff546459ecc45118446bb2fa10a2379;1;R;16;TabBanksMonitor;Input register;215;Analog input;23;-32768;32767;0;10;pF/dia;pF/day;pF/día;;;;;;Público;Indicação de tendência de evolução da capacitância da fase B;Indication of trend of capacitance on phase B;;;;;;;;;;;;;;;SDp_BMC_$ZBSH2$MX$ReactTnd$mag$f \ SDp_BMC_$ZBSH2$MX$ReactTnd$mag$i \ SDp_BMC_$ZBSH2$MX$ReactTnd$instMag$f \ SDp_BMC_$ZBSH2$MX$ReactTnd$instMag$i;;
b50b79374928447c9f5ac2c9eb2a9306;1;R;16;TabBanksMonitor;Input register;216;Analog input;24;-32768;32767;0;10;pF/dia;pF/day;pF/día;;;;;;Público;Indicação de tendência de evolução da capacitância da fase C;Indication of trend of capacitance on phase C;;;;;;;;;;;;;;;SDp_BMC_$ZBSH3$MX$ReactTnd$mag$f \ SDp_BMC_$ZBSH3$MX$ReactTnd$mag$i \ SDp_BMC_$ZBSH3$MX$ReactTnd$instMag$f \ SDp_BMC_$ZBSH3$MX$ReactTnd$instMag$i;;
0088d74f3b5e456cbb1de9efc9406f66;1;R;16;TabBanksMonitor;Input register;217;Analog input;25;-32768;32767;0;1000;%/dia;%/day;%/día;;;;;;Público;Indicação de tendência de evolução da tangente de delta da fase A;Indication of trend of tangent delta on phase A;;;;;;;;;;;;;;;SDp_BMC_$ZBSH1$MX$LosFactTnd$mag$f \ SDp_BMC_$ZBSH1$MX$LosFactTnd$mag$i \ SDp_BMC_$ZBSH1$MX$LosFactTnd$instMag$f \ SDp_BMC_$ZBSH1$MX$LosFactTnd$instMag$i;;
36c5a961459f4adca63e8a1312a4000c;1;R;16;TabBanksMonitor;Input register;218;Analog input;26;-32768;32767;0;1000;%/dia;%/day;%/día;;;;;;Público;Indicação de tendência de evolução da tangente de delta da fase B;Indication of trend of tangent delta on phase B;;;;;;;;;;;;;;;SDp_BMC_$ZBSH2$MX$LosFactTnd$mag$f \ SDp_BMC_$ZBSH2$MX$LosFactTnd$mag$i \ SDp_BMC_$ZBSH2$MX$LosFactTnd$instMag$f \ SDp_BMC_$ZBSH2$MX$LosFactTnd$instMag$i;;
fba600393fb0415dbcd0300c735fe4a1;1;R;16;TabBanksMonitor;Input register;219;Analog input;27;-32768;32767;0;1000;%/dia;%/day;%/día;;;;;;Público;Indicação de tendência de evolução da tangente de delta da fase C;Indication of trend of tangent delta on phase C;;;;;;;;;;;;;;;SDp_BMC_$ZBSH3$MX$LosFactTnd$mag$f \ SDp_BMC_$ZBSH3$MX$LosFactTnd$mag$i \ SDp_BMC_$ZBSH3$MX$LosFactTnd$instMag$f \ SDp_BMC_$ZBSH3$MX$LosFactTnd$instMag$i;;
;;;;;;;;;;;;;;;;;;;;;;;;;;;;;;;;;;;;;;;;
98eda21e63b84fcfa95408c8457c5bee;1;RW;16;TabBanksConfig;Holding register;200;Analog output;8;500;32000;5000;10;pF;pF;pF;;;;;;Público;Parâmetro de capacitância inicial da fase A;Parameter of initial capacitance of phase A;;;;;;;Acquisition and Analysis;;;Initial Phase Parameters;;Parâmetro;;;SDp_BMC_$ZBSH1$SP$RefReact$setMag$i \ SDp_BMC_$ZBSH1$SP$RefReact$setMag$f;;
5039c0783deb4c9f836db193ff606f8d;1;RW;16;TabBanksConfig;Holding register;201;Analog output;9;500;32000;5000;10;pF;pF;pF;;;;;;Público;Parâmetro de capacitância inicial da fase B;Parameter of initial capacitance of phase B;;;;;;;Acquisition and Analysis;;;Initial Phase Parameters;;Parâmetro;;;SDp_BMC_$ZBSH2$SP$RefReact$setMag$i \ SDp_BMC_$ZBSH2$SP$RefReact$setMag$f;;
d169601f428b4500ae3a5bceb3402dd4;1;RW;16;TabBanksConfig;Holding register;202;Analog output;10;500;32000;5000;10;pF;pF;pF;;;;;;Público;Parâmetro de capacitância inicial da fase C;Parameter of initial capacitance of phase C;;;;;;;Acquisition and Analysis;;;Initial Phase Parameters;;Parâmetro;;;SDp_BMC_$ZBSH3$SP$RefReact$setMag$i \ SDp_BMC_$ZBSH3$SP$RefReact$setMag$f;;
92c34f4a00154c70a429effc5e8c66a6;1;RW;16;TabBanksConfig;Holding register;203;Analog output;11;10;32000;350;1000;%;%;%;;;;;;Público;Parâmetro de tangente de delta inicial da fase A;Parameter of initial tangent delta of phase A;;;;;;;Acquisition and Analysis;;;Initial Phase Parameters;;Parâmetro;;;SDp_BMC_$ZBSH1$SP$RefLosFact$setMag$i \ SDp_BMC_$ZBSH1$SP$RefLosFact$setMag$f;;
2b43f5786475429fbf004fb1e70c18ca;1;RW;16;TabBanksConfig;Holding register;204;Analog output;12;10;32000;350;1000;%;%;%;;;;;;Público;Parâmetro de tangente de delta inicial da fase B;Parameter of initial tangent delta of phase B;;;;;;;Acquisition and Analysis;;;Initial Phase Parameters;;Parâmetro;;;SDp_BMC_$ZBSH2$SP$RefLosFact$setMag$i \ SDp_BMC_$ZBSH2$SP$RefLosFact$setMag$f;;
c3f9baf1e5e24611b8b0e08c22b3cfb7;1;RW;16;TabBanksConfig;Holding register;205;Analog output;13;10;32000;350;1000;%;%;%;;;;;;Público;Parâmetro de tangente de delta inicial da fase C;Parameter of initial tangent delta of phase C;;;;;;;Acquisition and Analysis;;;Initial Phase Parameters;;Parâmetro;;;SDp_BMC_$ZBSH3$SP$RefLosFact$setMag$i \ SDp_BMC_$ZBSH3$SP$RefLosFact$setMag$f;;
1c6b2b620a4c48d19f36735c05a06a9d;1;RW;16;TabBanksConfig;Holding register;206;Analog output;14;0;120;30;1;dias;days;días;;;;;;Público;Parâmetro de constante de tempo para cálculo das tendências de capacitância e tangente de delta;Parameter of time constant for calculations of trends of capacitance and tangent delta;;;;;;;Alarms;;;General Settings;;Parâmetro;;;;;
;;;;;;;;;;;;;;;;;;;;;;;;;;;;;;;;;;;;;;;;
aecb586ddb0540c0972bb784181a524e;1;RW;Bit;TabBanksControl;Coil;200;Binary output;1;0;1;0;1;;;;0=Não\1=Sim;0=Off\1=On;;;;Público;Comando de reiniciar banco de referência;Command of restarting the reference bank;;;;;;;Commands;;;Bank Control and Monitoring;;Comando;;;;;
fd0ae20287174c59b90efedc16785ae8;1;RW;Bit;TabBanksControl;Coil;201;Binary output;2;0;1;0;1;;;;0=Não\1=Sim;0=Off\1=On;;;;Público;Comando de reiniciar o banco de monitoramento;Command of restarting the monitoring database;;;;;;;Commands;;;Bank Control and Monitoring;;Comando;;;;;
e6d02690d15440f883d4ad1dc705d455;1;RW;Bit;TabBanksControl;Coil;202;Binary output;3;0;1;0;1;;;;0=Não\1=Sim;0=Off\1=On;;;;Público;Parâmetro de parar a gravação de amostras;Parameter of stopping the recording of samples;;;;;;;Acquisition and Analysis;;;Sampling Settings;;Parâmetro;;;;;
40cf3877cc0a4936b3fcaf4d2e0dd5f8;1;RW;Bit;TabBanksControl;Coil;203;Binary output;4;0;1;0;1;;;;0=Não\1=Sim;0=Off\1=On;;;;Público;Comando de reiniciar o cálculo de tendência de capacitância da fase A;Command of reseting the trend calculations of capacitance on phase A;;;;;;;Commands;;;Restart Trend Calculation;;Comando;;;;;
f6b3911dedbb4cdf91a3a83c495d29b7;1;RW;Bit;TabBanksControl;Coil;204;Binary output;5;0;1;0;1;;;;0=Não\1=Sim;0=Off\1=On;;;;Público;Comando de reiniciar o cálculo de tendência de capacitância da fase B;Command of reseting the trend calculations of capacitance on phase B;;;;;;;Commands;;;Restart Trend Calculation;;Comando;;;;;
572bb0c3a76b4db2bef7494890582718;1;RW;Bit;TabBanksControl;Coil;205;Binary output;6;0;1;0;1;;;;0=Não\1=Sim;0=Off\1=On;;;;Público;Comando de reiniciar o cálculo de tendência de capacitância da fase C;Command of reseting the trend calculations of capacitance on phase C;;;;;;;Commands;;;Restart Trend Calculation;;Comando;;;;;
0bffb856855e4eee80d3db53a7f1384e;1;RW;Bit;TabBanksControl;Coil;206;Binary output;7;0;1;0;1;;;;0=Não\1=Sim;0=Off\1=On;;;;Público;Comando de reiniciar o cálculo de tendência de tangente de delta da fase A;Command of reseting the trend calculations of tangent delta on phase A;;;;;;;Commands;;;Restart Trend Calculation;;Comando;;;;;
91ea99b1e3594a47a39cac4a0b3bfc30;1;RW;Bit;TabBanksControl;Coil;207;Binary output;8;0;1;0;1;;;;0=Não\1=Sim;0=Off\1=On;;;;Público;Comando de reiniciar o cálculo de tendência de tangente de delta da fase B;Command of reseting the trend calculations of tangent delta on phase B;;;;;;;Commands;;;Restart Trend Calculation;;Comando;;;;;
d60860c9fd1e46af879d6f9ae6a666cd;1;RW;Bit;TabBanksControl;Coil;208;Binary output;9;0;1;0;1;;;;0=Não\1=Sim;0=Off\1=On;;;;Público;Comando de reiniciar o cálculo de tendência de tangente de delta da fase C;Command of reseting the trend calculations of tangent delta on phase C;;;;;;;Commands;;;Restart Trend Calculation;;Comando;;;;;
;;;;;;;;;;;;;;;;;;;;;;;;;;;;;;;;;;;;;;;;
f4338fea1b524cbf87b8b2e94026c033;0;RW;16;TabSerialProtocols;Holding register;300;Analog output;33;0;5;1;1;bps;bps;bps;0=4800\1=9600\2=19200\3=38400\4=57600\5=115200;0=4800\1=9600\2=19200\3=38400\4=57600\5=115200;;;;Público;Parâmetro de baudrate - Serial de usuário 1;Parameter of baudrate - serial of user 1;;;;;;;Communication;;;RS485-1;;Parâmetro;;;;;
8e5fff80f62a45bb9762d8e1fb881855;0;RW;16;TabSerialProtocols;Holding register;301;Analog output;34;0;1;0;1;;;;0=Modbus\1=DNP3;0=Modbus\1=DNP3;;;;Público;Parâmetro de protocolo ativo - Serial de usuário 1;Parameter of active protocol - user serial 1;;;;;;;Communication;;;RS485-1;;Parâmetro;;;;;
3a2a62639ae14616a5442ddfe2ecd3a9;0;RW;16;TabSerialProtocols;Holding register;302;Analog output;35;1;65519;247;1;;;;;;;;;Público;Parâmetro de endereço na rede RS-485 - Serial de usuário 1;Parameter of address on the RS-485 network - user serial 1;;;;;;;Communication;;;RS485-1;;Parâmetro;;;;;
7ccd40a75cf8495aa1680fc44c2482ac;0;RW;16;TabSerialProtocols;Holding register;303;Analog output;36;5;500;5;1;ms;ms;ms;;;;;;Público;Parâmetro de atraso na recepção - Serial de usuário 1;Parameter of delay in reception - user 1 serial;;;;;;;Communication;;;RS485-1;;Parâmetro;;;;;
ea61e9e695504bf68e8f6e7826ab318a;0;RW;16;TabSerialProtocols;Holding register;304;Analog output;37;5;500;25;1;ms;ms;ms;;;;;;Público;Parâmetro de atraso na transmissão - Serial de usuário 1;Parameter of transmission delay - user 1 serial;;;;;;;Communication;;;RS485-1;;Parâmetro;;;;;
6df7b7f7df7042ca8ef5cca930d52ad8;0;RW;16;TabSerialProtocols;Holding register;305;Analog output;38;0;5;1;1;bps;bps;bps;0=4800\1=9600\2=19200\3=38400\4=57600\5=115200;0=4800\1=9600\2=19200\3=38400\4=57600\5=115200;;;;Público;Parâmetro de baudrate - Serial de usuário 2;Parameter of baudrate - serial of user 2;;;;;;;Communication;;;RS485-2;;Parâmetro;;;;;
5b36b3c1f5284097aececbfe8dd23b52;0;RW;16;TabSerialProtocols;Holding register;306;Analog output;39;0;1;0;1;;;;0=Modbus\1=DNP3;0=Modbus\1=DNP3;;;;Público;Parâmetro de protocolo ativo - Serial de usuário 2;Parameter of active protocol - serial of user 2;;;;;;;Communication;;;RS485-2;;Parâmetro;;;;;
807af19c65ee4f9fb1db412b36d80d31;0;RW;16;TabSerialProtocols;Holding register;307;Analog output;40;1;65519;247;1;;;;;;;;;Público;Parâmetro de endereço na rede RS-485 - Serial de usuário 2;Parameter of address on the RS-485 network - user serial 2;;;;;;;Communication;;;RS485-2;;Parâmetro;;;;;
84f2ed2c90f94289a4602c8a2eb66a8a;0;RW;16;TabSerialProtocols;Holding register;308;Analog output;41;5;500;5;1;ms;ms;ms;;;;;;Público;Parâmetro de atraso na recepção - Serial de usuário 2;Parameter of delay in reception - serial number 2;;;;;;;Communication;;;RS485-2;;Parâmetro;;;;;
ad7c6ee97d0445548bd76fd33bca37a3;0;RW;16;TabSerialProtocols;Holding register;309;Analog output;42;5;500;25;1;ms;ms;ms;;;;;;Público;Parâmetro de atraso na transmissão - Serial de usuário 2;Parameter of delay in transmission - user serial 2;;;;;;;Communication;;;RS485-2;;Parâmetro;;;;;
38132010e68847e3be890f904096d81d;0;RW;16;TabSerialProtocols;Holding register;310;Analog output;43;0;65535;0;1;;;;;;;;;Público;Parâmetro de chave de confirmação para aplicar a parametrização serial;Parameter of confirmation key to apply the serial parameterization;;;;;;;;;;;;;;;;;
;;;;;;;;;;;;;;;;;;;;;;;;;;;;;;;;;;;;;;;;
e36423b7733a4a149bc88cdc3fd5f65b;1;RW;Bit;TabSerialProtocolsCommands;Coil;300;;;0;1;0;1;;;;0=Não\1=Sim;0=Off\1=On;;;;Público;Comando de reset da parametrização serial para valores padrão;Command of reset of serial parameters to default value;;;;;;;Commands;;;Communications Resets;;Comando;;;;;
;;;;;;;;;;;;;;;;;;;;;;;;;;;;;;;;;;;;;;;;
fd313484a4d644548da46fd044c1748f;1;RW;Bit;TabUserAccessCmd;Coil;400;;;0;1;0;1;;;;0=Não\1=Sim;0=Off\1=On;;;;Público;Comando de requisitar ou revogar acesso de usuário autenticado;Command of requesting or revoking an authenticated user's access;;;;;;;;;;;;;;;;;
3692722246484f66b4c7a0a97f8e5327;1;RW;Bit;TabUserAccessCmd;Coil;401;;;0;1;0;1;;;;0=Não\1=Sim;0=Off\1=On;;;;Público;Comando de restaurar o tempo de acesso de usuário autenticado;Command of refreshing the authenticated user's access time;;;;;;;;;;;;;;;;;
;;;;;;;;;;;;;;;;;;;;;;;;;;;;;;;;;;;;;;;;
acff135d491749ee84ffe63dd553eda8;1;R;16;TabUserAccess;Input register;400;;;0;65535;0;1;s;s;s;;;;;;Público;Indicação de tempo restante de acesso privilegiado a nível de usuário autenticado;Indication of remaining time for privileged access at the authenticated user level;;;;;;;;;;;;;;;;;
3e0fdc5a68cb41eba3ae15399f1938be;1;R;16;TabUserAccess;Input register;401;;;0;4;0;1;;;;0=Inicializando\1=Ocioso\2=Esperando senha\3=Autenticado\4=Esperando para nova tentativa;0=Initializing\1=Idle\2=Waiting for password\3=Authenticated\4=Waiting for new attempt;;;;Público;Indicação de estado do controle de acesso para nível de usuário autenticado;Indication of state of access control for authenticated user level;;;;;;;;;;;;;;;;;
cf4e3a77828b46a4a8075825eea5199e;1;R;16;TabUserAccess;Input register;402;;;0;6;6;1;;;;;;;;;Público;Indicação de quantidade de tentativas restantes para acesso a nível de usuário autenticado;Indication of the number of remaining attempts for authenticated user access;;;;;;;;;;;;;;;;;
a19f9c5fdfa84033bf313adea3f713fd;1;R;16;TabUserAccess;Input register;403;;;0;8191;0;1;;;;;;;;;Público;Indicação de contrassenha para acesso a nível de usuário autenticado;Indication of challenge for authenticated user access;;;;;;;;;;;;;;;;;
;;;;;;;;;;;;;;;;;;;;;;;;;;;;;;;;;;;;;;;;
218406542dd843169f8e389b9e0dc904;1;RW;16;TabUserAccessPswd;Holding register;400;;;0;32767;0;1;;;;;;;;;Público;Parâmetro de entrada de senha para nível de usuário autenticado;Parameter of password entry for authenticated user level;;;;;;;;;;;;;;;;;
b06c92cb97cd4999a9078903aee62d2a;0;RW;16;TabUserAccessPswd;Holding register;401;;;0;8191;0;1;;;;;;;;;Público;Parâmetro de nova senha para usuário autenticado;Parameter of new password for authenticated user;;;;;;;;;;;;;;;;;
;;;;;;;;;;;;;;;;;;;;;;;;;;;;;;;;;;;;;;;;
59d8888938494abf86f230f32ecf6ac4;0;RW;Bit;TabLoadDefault;Coil;500;Binary output;0;0;1;0;1;;;;0=Não\1=Sim;0=Off\1=On;;;;Público;Comando de restaurar o padrão dos parâmetros de usuário;Command of restoring the default settings for user parameters;;;;;;;Commands;;;Advanced;;Comando;;;;;
;;;;;;;;;;;;;;;;;;;;;;;;;;;;;;;;;;;;;;;;
bf44bdd366274bbb97733f657c94809c;1;RW;16;TabDateTime;Holding register;600;Analog output;0;1970;65535;2025;1;;;;;;;;;Público;Parâmetro de horário UTC - Ano;Parameter of UTC time - year;;;;;;;System and Control;;;Date Time Settings;;Parâmetro;;;;;
02a1dd51a3544827aa49686ce7b8944e;1;RW;16;TabDateTime;Holding register;601;Analog output;1;1;12;1;1;;;;;;;;;Público;Parâmetro de horário UTC - Mês;Parameter of UTC time - month;;;;;;;System and Control;;;Date Time Settings;;Parâmetro;;;;;
ee17acb00e974a97a13cc279827ed8eb;1;RW;16;TabDateTime;Holding register;602;Analog output;2;1;31;1;1;;;;;;;;;Público;Parâmetro de horário UTC - Dia;Parameter of UTC time - day;;;;;;;System and Control;;;Date Time Settings;;Parâmetro;;;;;
8d11764693be4dda886e690af0ae8753;1;RW;16;TabDateTime;Holding register;603;Analog output;3;0;23;0;1;h;h;h;;;;;;Público;Parâmetro de horário UTC - Hora;Parameter of UTC time - hour;;;;;;;System and Control;;;Date Time Settings;;Parâmetro;;;;;
75a4e9e85e904034abb2d7042dce2ccd;1;RW;16;TabDateTime;Holding register;604;Analog output;4;0;59;0;1;m;m;m;;;;;;Público;Parâmetro de horário UTC - Minuto;Parameter of UTC time - minute;;;;;;;System and Control;;;Date Time Settings;;Parâmetro;;;;;
f7450dceb0004b3aa795dc900c79da3e;1;RW;16;TabDateTime;Holding register;605;Analog output;5;0;59;0;1;s;s;s;;;;;;Público;Parâmetro de horário UTC - Segundo;Parameter of UTC time - second;;;;;;;System and Control;;;Date Time Settings;;Parâmetro;;;;;
7f3205150bf34404b105d3bdf872fbc8;1;RW;16;TabDateTime;Holding register;606;Analog output;6;-24;24;-3;1;;;;;;;;;Público;Parâmetro de fuso horário - Horas;Parameter of time zone - hours;;;;;;;System and Control;;;Date Time Settings;;Parâmetro;;;;;
b131551cfc5d4f4b9b7936fa47c55a55;1;RW;16;TabDateTime;Holding register;607;Analog output;7;0;59;0;1;;;;;;;;;Público;Parâmetro de fuso horário - Minutos;Parameter of time zone - minutes;;;;;;;System and Control;;;Date Time Settings;;Parâmetro;;;;;
;;;;;;;;;;;;;;;;;;;;;;;;;;;;;;;;;;;;;;;;
6fb6b79b147f433c91f9d7fb9edbc060;1;RW;Bit;TabAlarmsCommands;Coil;700;Binary output;12;0;1;1;1;;;;0=Não\1=Sim;0=Off\1=On;;;;Público;Parâmetro de habilitação do modo automático para alarmes de corrente de fuga alta;Parameter of enablement of the automatic mode of high leakage current alarms;;;;;;;Alarms;;;Enabling Automatic Mode;;Parâmetro;;;SDp_BMC_$LPHD1$SP$LeakAMod$setMag$i \ SDp_BMC_$LPHD1$SP$LeakAMod$setMag$f;;
a1ceaa80650e4b88b0f4393e435701ba;1;RW;Bit;TabAlarmsCommands;Coil;701;Binary output;13;0;1;1;1;;;;0=Não\1=Sim;0=Off\1=On;;;;Público;Parâmetro de habilitação do modo automático para alarmes de capacitância;Parameter of enablement of the automatic mode for capacitance alarms;;;;;;;Alarms;;;Enabling Automatic Mode;;Parâmetro;;;SDp_BMC_$LPHD1$SP$ReactMod$setMag$i \ SDp_BMC_$LPHD1$SP$ReactMod$setMag$f;;
ed955bcc22c94c00947c6448c028126a;1;RW;Bit;TabAlarmsCommands;Coil;702;Binary output;14;0;1;1;1;;;;0=Não\1=Sim;0=Off\1=On;;;;Público;Parâmetro de habilitação do modo automático para alarmes de tangente de delta;Parameter of enablement of the automatic mode for tangent delta alarms;;;;;;;Alarms;;;Enabling Automatic Mode;;Parâmetro;;;SDp_BMC_$LPHD1$SP$LosFactMod$setMag$i \ SDp_BMC_$LPHD1$SP$LosFactMod$setMag$f;;
457745b6edf448e7a0cf9acf7a13011a;1;RW;Bit;TabAlarmsCommands;Coil;703;Binary output;15;0;1;1;1;;;;0=Não\1=Sim;0=Off\1=On;;;;Público;Comando de limpeza da memória de alarmes;Command of cleaning the alarm memory;;;;;;;Commands;;;Cleaning and Maintenance;;Comando;;;;;
29563c91bde24a37851494bff2589eb8;1;RW;Bit;TabAlarmsCommands;Coil;704;Binary output;16;0;1;1;1;;;;0=Não\1=Sim;0=Off\1=On;;;;Público;Parâmetro de habilitação do trip de corrente;Parameter of enablement of the current trip;;;;;;;Alarms;;;General Settings;;Parâmetro;;;;;
;;;;;;;;;;;;;;;;;;;;;;;;;;;;;;;;;;;;;;;;
c0e0c23d16f645a7acc980c44b6e27fa;1;R;16;TabAlarms;Input register;700;Analog input;91;20;65000;8000;100;mA;mA;mA;;;;;;Público;Indicação de limiar efetivo de corrente de fuga alta - fase A;Indication of effective threshold of high leakage current - phase A;;;;;;;;;;;;;;;SDp_BMC_$ZBSH1$MX$ValLeakA$mag$f \ SDp_BMC_$ZBSH1$MX$ValLeakA$mag$i \ SDp_BMC_$ZBSH1$MX$ValLeakA$instMag$f \ SDp_BMC_$ZBSH1$MX$ValLeakA$instMag$i;;
91a177e010a44a6a9b8d2dd06e40deaa;1;R;16;TabAlarms;Input register;701;Analog input;92;20;65000;8000;100;mA;mA;mA;;;;;;Público;Indicação de limiar efetivo de corrente de fuga alta - fase B;Indication of effective threshold of high leakage current - phase B;;;;;;;;;;;;;;;SDp_BMC_$ZBSH2$MX$ValLeakA$mag$f \ SDp_BMC_$ZBSH2$MX$ValLeakA$mag$i \ SDp_BMC_$ZBSH2$MX$ValLeakA$instMag$f \ SDp_BMC_$ZBSH2$MX$ValLeakA$instMag$i;;
85fc6ff60ca849578ccd9b3e3118ad37;1;R;16;TabAlarms;Input register;702;Analog input;93;20;65000;8000;100;mA;mA;mA;;;;;;Público;Indicação de limiar efetivo de corrente de fuga alta - fase C;Indication of effective threshold of high leakage current - phase C;;;;;;;;;;;;;;;SDp_BMC_$ZBSH3$MX$ValLeakA$mag$f \ SDp_BMC_$ZBSH3$MX$ValLeakA$mag$i \ SDp_BMC_$ZBSH3$MX$ValLeakA$instMag$f \ SDp_BMC_$ZBSH3$MX$ValLeakA$instMag$i;;
7eaee38f5a004c8f9756ccfc3fcf46b3;1;R;16;TabAlarms;Input register;703;Analog input;94;20;65000;9000;100;mA;mA;mA;;;;;;Público;Indicação de limiar efetivo de corrente de fuga muito alta - fase A;Indication of effective threshold of very high leakage current - phase A;;;;;;;;;;;;;;;SDp_BMC_$ZBSH1$MX$ValLeakAHi$mag$f \ SDp_BMC_$ZBSH1$MX$ValLeakAHi$mag$i \ SDp_BMC_$ZBSH1$MX$ValLeakAHi$instMag$f \ SDp_BMC_$ZBSH1$MX$ValLeakAHi$instMag$i;;
fdb4f07551cf48eb88cd478340dda52f;1;R;16;TabAlarms;Input register;704;Analog input;95;20;65000;9000;100;mA;mA;mA;;;;;;Público;Indicação de limiar efetivo de corrente de fuga muito alta - fase B;Indication of effective threshold of very high leakage current - phase B;;;;;;;;;;;;;;;SDp_BMC_$ZBSH2$MX$ValLeakAHi$mag$f \ SDp_BMC_$ZBSH2$MX$ValLeakAHi$mag$i \ SDp_BMC_$ZBSH2$MX$ValLeakAHi$instMag$f \ SDp_BMC_$ZBSH2$MX$ValLeakAHi$instMag$i;;
4a3fd67022414557b3f837670bb6354b;1;R;16;TabAlarms;Input register;705;Analog input;96;20;65000;9000;100;mA;mA;mA;;;;;;Público;Indicação de limiar efetivo de corrente de fuga muito alto - fase C;Indication of effective threshold of very high leakage current - phase C;;;;;;;;;;;;;;;SDp_BMC_$ZBSH3$MX$ValLeakAHi$mag$f \ SDp_BMC_$ZBSH3$MX$ValLeakAHi$mag$i \ SDp_BMC_$ZBSH3$MX$ValLeakAHi$instMag$f \ SDp_BMC_$ZBSH3$MX$ValLeakAHi$instMag$i;;
cf036debd4eb448fa68db5758921016d;1;R;16;TabAlarms;Input register;706;Analog input;97;500;65000;5150;10;pF;pF;pF;;;;;;Público;Indicação de limiar efetivo de capacitância alta - fase A;Indication of effective threshold of high capacitance - phase A;;;;;;;;;;;;;;;SDp_BMC_$ZBSH1$MX$ValReact$mag$f \ SDp_BMC_$ZBSH1$MX$ValReact$mag$i \ SDp_BMC_$ZBSH1$MX$ValReact$instMag$f \ SDp_BMC_$ZBSH1$MX$ValReact$instMag$i;;
8b226040068f49e28d0af24934bef12f;1;R;16;TabAlarms;Input register;707;Analog input;98;500;65000;5150;10;pF;pF;pF;;;;;;Público;Indicação de limiar efetivo de capacitância alta - fase B;Indication of effective threshold of high capacitance - phase B;;;;;;;;;;;;;;;SDp_BMC_$ZBSH2$MX$ValReact$mag$f \ SDp_BMC_$ZBSH2$MX$ValReact$mag$i \ SDp_BMC_$ZBSH2$MX$ValReact$instMag$f \ SDp_BMC_$ZBSH2$MX$ValReact$instMag$i;;
d9d62b007d5c4049860dfe77c88421fe;1;R;16;TabAlarms;Input register;708;Analog input;99;500;65000;5150;10;pF;pF;pF;;;;;;Público;Indicação de limiar efetivo de capacitância alta - fase C;Indication of effective threshold of high capacitance - phase C;;;;;;;;;;;;;;;SDp_BMC_$ZBSH3$MX$ValReact$mag$f \ SDp_BMC_$ZBSH3$MX$ValReact$mag$i \ SDp_BMC_$ZBSH3$MX$ValReact$instMag$f \ SDp_BMC_$ZBSH3$MX$ValReact$instMag$i;;
cd3f3d868a674973933b92fedb0c8115;1;R;16;TabAlarms;Input register;709;Analog input;100;500;65000;5250;10;pF;pF;pF;;;;;;Público;Indicação de limiar efetivo de capacitância muito alta - fase A;Indication of effective threshold of very high capacitance - phase A;;;;;;;;;;;;;;;SDp_BMC_$ZBSH1$MX$ValReactHi$mag$f \ SDp_BMC_$ZBSH1$MX$ValReactHi$mag$i \ SDp_BMC_$ZBSH1$MX$ValReactHi$instMag$f \ SDp_BMC_$ZBSH1$MX$ValReactHi$instMag$i;;
c4342c9ac5ba4665bf29e8585de7630d;1;R;16;TabAlarms;Input register;710;Analog input;101;500;65000;5250;10;pF;pF;pF;;;;;;Público;Indicação de limiar efetivo de capacitância muito alta - fase B;Indication of effective threshold of very high capacitance - phase B;;;;;;;;;;;;;;;SDp_BMC_$ZBSH2$MX$ValReactHi$mag$f \ SDp_BMC_$ZBSH2$MX$ValReactHi$mag$i \ SDp_BMC_$ZBSH2$MX$ValReactHi$instMag$f \ SDp_BMC_$ZBSH2$MX$ValReactHi$instMag$i;;
7e6aa33ef3e542aea2105eb77abc79b8;1;R;16;TabAlarms;Input register;711;Analog input;102;500;65000;5250;10;pF;pF;pF;;;;;;Público;Indicação de limiar efetivo de capacitância muito alta - fase C;Indication of effective threshold of very high capacitance - phase C;;;;;;;;;;;;;;;SDp_BMC_$ZBSH3$MX$ValReactHi$mag$f \ SDp_BMC_$ZBSH3$MX$ValReactHi$mag$i \ SDp_BMC_$ZBSH3$MX$ValReactHi$instMag$f \ SDp_BMC_$ZBSH3$MX$ValReactHi$instMag$i;;
893ac5dbb1dd4f64b9dff84872c9f7e9;1;R;16;TabAlarms;Input register;712;Analog input;103;10;65000;700;1000;%;%;%;;;;;;Público;Indicação de limiar efetivo de tangente de delta alta - fase A;Indication of effective threshold of high tangent delta - phase A;;;;;;;;;;;;;;;SDp_BMC_$ZBSH1$MX$ValLosFact$mag$f \ SDp_BMC_$ZBSH1$MX$ValLosFact$mag$i \ SDp_BMC_$ZBSH1$MX$ValLosFact$instMag$f \ SDp_BMC_$ZBSH1$MX$ValLosFact$instMag$i;;
14d3e4950c6341dba1fef8bdec40d0cc;1;R;16;TabAlarms;Input register;713;Analog input;104;10;65000;700;1000;%;%;%;;;;;;Público;Indicação de limiar efetivo de tangente de delta alta - fase B;Indication of effective threshold of high tangent delta - phase B;;;;;;;;;;;;;;;SDp_BMC_$ZBSH2$MX$ValLosFact$mag$f \ SDp_BMC_$ZBSH2$MX$ValLosFact$mag$i \ SDp_BMC_$ZBSH2$MX$ValLosFact$instMag$f \ SDp_BMC_$ZBSH2$MX$ValLosFact$instMag$i;;
7f9072baef8a46249d34521f20c8fcb7;1;R;16;TabAlarms;Input register;714;Analog input;105;10;65000;700;1000;%;%;%;;;;;;Público;Indicação de limiar efetivo de tangente de delta alta - fase C;Indication of effective threshold of high tangent delta - phase C;;;;;;;;;;;;;;;SDp_BMC_$ZBSH3$MX$ValLosFact$mag$f \ SDp_BMC_$ZBSH3$MX$ValLosFact$mag$i \ SDp_BMC_$ZBSH3$MX$ValLosFact$instMag$f \ SDp_BMC_$ZBSH3$MX$ValLosFact$instMag$i;;
3f506beda7d945e486556898c9d81022;1;R;16;TabAlarms;Input register;715;Analog input;106;10;65000;1050;1000;%;%;%;;;;;;Público;Indicação de limiar efetivo de tangente de delta muito alta - fase A;Indication of effective threshold of very high tangent delta - phase A;;;;;;;;;;;;;;;SDp_BMC_$ZBSH1$MX$ValLosFactHi$mag$f \ SDp_BMC_$ZBSH1$MX$ValLosFactHi$mag$i \ SDp_BMC_$ZBSH1$MX$ValLosFactHi$instMag$f \ SDp_BMC_$ZBSH1$MX$ValLosFactHi$instMag$i;;
4459c82c566448f0b39b3728fc80138d;1;R;16;TabAlarms;Input register;716;Analog input;107;10;65000;1050;1000;%;%;%;;;;;;Público;Indicação de limiar efetivo de tangente de delta muito alta - fase B;Indication of effective threshold of very high tangent delta - phase B;;;;;;;;;;;;;;;SDp_BMC_$ZBSH2$MX$ValLosFactHi$mag$f \ SDp_BMC_$ZBSH2$MX$ValLosFactHi$mag$i \ SDp_BMC_$ZBSH2$MX$ValLosFactHi$instMag$f \ SDp_BMC_$ZBSH2$MX$ValLosFactHi$instMag$i;;
d2e9bfd8c5864f24944761885905ff92;1;R;16;TabAlarms;Input register;717;Analog input;108;10;65000;1050;1000;%;%;%;;;;;;Público;Indicação de limiar efetivo de tangente de delta muito alta - fase C;Indication of effective threshold of very high tangent delta - phase C;;;;;;;;;;;;;;;SDp_BMC_$ZBSH3$MX$ValLosFactHi$mag$f \ SDp_BMC_$ZBSH3$MX$ValLosFactHi$mag$i \ SDp_BMC_$ZBSH3$MX$ValLosFactHi$instMag$f \ SDp_BMC_$ZBSH3$MX$ValLosFactHi$instMag$i;;
d1716cd16397433392ffafd5025aee06;1;R;16;TabAlarms;Input register;718;Analog input;109;0;366;0;1;dias;days;días;;;;;;Público;Indicação de tempo estimado para alarme de capacitância alta - fase A;Indication of estimated time to high capacitance alarm - phase A;;;;;;;;;;;;;;;SDp_BMC_$ZBSH1$MX$ReactTndH$mag$f \ SDp_BMC_$ZBSH1$MX$ReactTndH$mag$i \ SDp_BMC_$ZBSH1$MX$ReactTndH$instMag$f \ SDp_BMC_$ZBSH1$MX$ReactTndH$instMag$i;;
4d2e915e27fa45b9aa9206d957a07cbf;1;R;16;TabAlarms;Input register;719;Analog input;110;0;366;0;1;dias;days;días;;;;;;Público;Indicação de tempo estimado para alarme de capacitância alta - fase B;Indication of estimated time to high capacitance alarm - phase B;;;;;;;;;;;;;;;SDp_BMC_$ZBSH2$MX$ReactTndH$mag$f \ SDp_BMC_$ZBSH2$MX$ReactTndH$mag$i \ SDp_BMC_$ZBSH2$MX$ReactTndH$instMag$f \ SDp_BMC_$ZBSH2$MX$ReactTndH$instMag$i;;
a9edd491ad2d41959e5fb03e73d8f64e;1;R;16;TabAlarms;Input register;720;Analog input;111;0;366;0;1;dias;days;días;;;;;;Público;Indicação de tempo estimado para alarme de capacitância alta - fase C;Indication of estimated time to high capacitance alarm - phase C;;;;;;;;;;;;;;;SDp_BMC_$ZBSH3$MX$ReactTndH$mag$f \ SDp_BMC_$ZBSH3$MX$ReactTndH$mag$i \ SDp_BMC_$ZBSH3$MX$ReactTndH$instMag$f \ SDp_BMC_$ZBSH3$MX$ReactTndH$instMag$i;;
36741ac91e8b42128e984fb9c1435a9b;1;R;16;TabAlarms;Input register;721;Analog input;112;0;366;0;1;dias;days;días;;;;;;Público;Indicação de tempo estimado para alarme de capacitância muito alta - fase A;Indication of estimated time to very high capacitance alarm - phase A;;;;;;;;;;;;;;;SDp_BMC_$ZBSH1$MX$ReactTndHH$mag$f \ SDp_BMC_$ZBSH1$MX$ReactTndHH$mag$i \ SDp_BMC_$ZBSH1$MX$ReactTndHH$instMag$f \ SDp_BMC_$ZBSH1$MX$ReactTndHH$instMag$i;;
529612559da14c4893adf9f6f8333ed0;1;R;16;TabAlarms;Input register;722;Analog input;113;0;366;0;1;dias;days;días;;;;;;Público;Indicação de tempo estimado para alarme de capacitância muito alta - fase B;Indication of estimated time to very high capacitance alarm - phase B;;;;;;;;;;;;;;;SDp_BMC_$ZBSH2$MX$ReactTndHH$mag$f \ SDp_BMC_$ZBSH2$MX$ReactTndHH$mag$i \ SDp_BMC_$ZBSH2$MX$ReactTndHH$instMag$f \ SDp_BMC_$ZBSH2$MX$ReactTndHH$instMag$i;;
a90995c217d14d999563ee61a1ef3c58;1;R;16;TabAlarms;Input register;723;Analog input;114;0;366;0;1;dias;days;días;;;;;;Público;Indicação de tempo estimado para alarme de capacitância muito alta - fase C;Indication of estimated time to very high capacitance alarm - phase C;;;;;;;;;;;;;;;SDp_BMC_$ZBSH3$MX$ReactTndHH$mag$f \ SDp_BMC_$ZBSH3$MX$ReactTndHH$mag$i \ SDp_BMC_$ZBSH3$MX$ReactTndHH$instMag$f \ SDp_BMC_$ZBSH3$MX$ReactTndHH$instMag$i;;
d37e6c1265e9451d804877e75eeef35a;1;R;16;TabAlarms;Input register;724;Analog input;115;0;366;0;1;dias;days;días;;;;;;Público;Indicação de tempo estimado para alarme de tangente de delta alta - fase A;Indication of estimated time to high tan delta alarm - phase A;;;;;;;;;;;;;;;SDp_BMC_$ZBSH1$MX$LosFactTndH$mag$f \ SDp_BMC_$ZBSH1$MX$LosFactTndH$mag$i \ SDp_BMC_$ZBSH1$MX$LosFactTndH$instMag$f \ SDp_BMC_$ZBSH1$MX$LosFactTndH$instMag$i;;
1215347b176f4f5b8f35ce85cb342f79;1;R;16;TabAlarms;Input register;725;Analog input;116;0;366;0;1;dias;days;días;;;;;;Público;Indicação de tempo estimado para alarme de tangente de delta alta - fase B;Indication of estimated time to high tan delta alarm - phase B;;;;;;;;;;;;;;;SDp_BMC_$ZBSH2$MX$LosFactTndH$mag$f \ SDp_BMC_$ZBSH2$MX$LosFactTndH$mag$i \ SDp_BMC_$ZBSH2$MX$LosFactTndH$instMag$f \ SDp_BMC_$ZBSH2$MX$LosFactTndH$instMag$i;;
251c836d7dae4a8989e31a02f20896f5;1;R;16;TabAlarms;Input register;726;Analog input;117;0;366;0;1;dias;days;días;;;;;;Público;Indicação de tempo estimado para alarme de tangente de delta alta - fase C;Indication of estimated time to high tan delta alarm - phase C;;;;;;;;;;;;;;;SDp_BMC_$ZBSH3$MX$LosFactTndH$mag$f \ SDp_BMC_$ZBSH3$MX$LosFactTndH$mag$i \ SDp_BMC_$ZBSH3$MX$LosFactTndH$instMag$f \ SDp_BMC_$ZBSH3$MX$LosFactTndH$instMag$i;;
f70dfa5602f94deb90fcade837f80beb;1;R;16;TabAlarms;Input register;727;Analog input;118;0;366;0;1;dias;days;días;;;;;;Público;Indicação de tempo estimado para alarme de tangente de delta muito alta - fase A;Indication of estimated time to very high tan delta alarm - phase A;;;;;;;;;;;;;;;SDp_BMC_$ZBSH1$MX$LosFactTndHH$mag$f \ SDp_BMC_$ZBSH1$MX$LosFactTndHH$mag$i \ SDp_BMC_$ZBSH1$MX$LosFactTndHH$instMag$f \ SDp_BMC_$ZBSH1$MX$LosFactTndHH$instMag$i;;
dc47b882791246168493b54a679c9aab;1;R;16;TabAlarms;Input register;728;Analog input;119;0;366;0;1;dias;days;días;;;;;;Público;Indicação de tempo estimado para alarme de tangente de delta muito alta - fase B;Indication of estimated time to very high tan delta alarm - phase B;;;;;;;;;;;;;;;SDp_BMC_$ZBSH2$MX$LosFactTndHH$mag$f \ SDp_BMC_$ZBSH2$MX$LosFactTndHH$mag$i \ SDp_BMC_$ZBSH2$MX$LosFactTndHH$instMag$f \ SDp_BMC_$ZBSH2$MX$LosFactTndHH$instMag$i;;
ee9fa3c3ebc84900b815871eeacf5741;1;R;16;TabAlarms;Input register;729;Analog input;120;0;366;0;1;dias;days;días;;;;;;Público;Indicação de tempo estimado para alarme de tangente de delta muito alta - fase C;Indication of estimated time to very high tan delta alarm - phase C;;;;;;;;;;;;;;;SDp_BMC_$ZBSH3$MX$LosFactTndHH$mag$f \ SDp_BMC_$ZBSH3$MX$LosFactTndHH$mag$i \ SDp_BMC_$ZBSH3$MX$LosFactTndHH$instMag$f \ SDp_BMC_$ZBSH3$MX$LosFactTndHH$instMag$i;;
;;;;;;;;;;;;;;;;;;;;;;;;;;;;;;;;;;;;;;;;
cfa04750609f4b5f9affb6eff122c659;1;RW;16;TabAlarmsConfig;Holding register;700;Analog output;44;0;200;5;10;%;%;%;;;;;;Público;Parâmetro de histerese dos alarmes;Parameter of hysteresis of the alarms;;;;;;;Alarms;;;General Settings;;Parâmetro;;;SDp_BMC_$ZBSH4$SP$AlmTm$setMag$i \ SDp_BMC_$ZBSH4$SP$AlmTm$setMag$f;;
60166e961a8f47fcae7b04f8caaae42e;1;RW;16;TabAlarmsConfig;Holding register;701;Analog output;45;20;65000;8000;100;mA;mA;mA;;;;;;Público;Parâmetro de limiar manual de corrente de fuga alta - fase A;Parameter of manual threshold of leakage current high - phase A;;;;;;;Alarms;;;Manual Limits\High Leakage Current;;Parâmetro;;;SDp_BMC_$ZBSH1$SP$LeakA$setMag$i \ SDp_BMC_$ZBSH1$SP$LeakA$setMag$f;;
33bcdbc0c9004d518fbdd09c0c13bed9;1;RW;16;TabAlarmsConfig;Holding register;702;Analog output;46;20;65000;8000;100;mA;mA;mA;;;;;;Público;Parâmetro de limiar manual de corrente de fuga alta - fase B;Parameter of manual threshold of leakage current high - phase B;;;;;;;Alarms;;;Manual Limits\High Leakage Current;;Parâmetro;;;SDp_BMC_$ZBSH2$SP$LeakA$setMag$i \ SDp_BMC_$ZBSH2$SP$LeakA$setMag$f;;
48170b99a3664f52bfcf9f9ff375f3c1;1;RW;16;TabAlarmsConfig;Holding register;703;Analog output;47;20;65000;8000;100;mA;mA;mA;;;;;;Público;Parâmetro de limiar manual de corrente de fuga alta - fase C;Parameter of manual threshold of leakage current high - phase C;;;;;;;Alarms;;;Manual Limits\High Leakage Current;;Parâmetro;;;SDp_BMC_$ZBSH3$SP$LeakA$setMag$i \ SDp_BMC_$ZBSH3$SP$LeakA$setMag$f;;
7965e86a1d0e4346a867550cb077fe42;1;RW;16;TabAlarmsConfig;Holding register;704;Analog output;48;20;65000;9000;100;mA;mA;mA;;;;;;Público;Parâmetro de limiar manual de corrente de fuga muito alta - fase A;Parameter of manual threshold of leakage current very high - phase A;;;;;;;Alarms;;;Manual Limits\Very High Leakage Current;;Parâmetro;;;SDp_BMC_$ZBSH1$SP$LeakAHi$setMag$i \ SDp_BMC_$ZBSH1$SP$LeakAHi$setMag$f;;
823aedf35fac44dc9dce6ed065e8a939;1;RW;16;TabAlarmsConfig;Holding register;705;Analog output;49;20;65000;9000;100;mA;mA;mA;;;;;;Público;Parâmetro de limiar manual de corrente de fuga muito alta - fase B;Parameter of manual threshold of leakage current very high - phase B;;;;;;;Alarms;;;Manual Limits\Very High Leakage Current;;Parâmetro;;;SDp_BMC_$ZBSH2$SP$LeakAHi$setMag$i \ SDp_BMC_$ZBSH2$SP$LeakAHi$setMag$f;;
47a1c5fac3004b0bae114b63de838fb8;1;RW;16;TabAlarmsConfig;Holding register;706;Analog output;50;20;65000;9000;100;mA;mA;mA;;;;;;Público;Parâmetro de limiar manual de corrente de fuga muito alta - fase C;Parameter of manual threshold of leakage current very high - phase C;;;;;;;Alarms;;;Manual Limits\Very High Leakage Current;;Parâmetro;;;SDp_BMC_$ZBSH3$SP$LeakAHi$setMag$i \ SDp_BMC_$ZBSH3$SP$LeakAHi$setMag$f;;
decd365f51ac492794b703195ae7d9d1;1;RW;16;TabAlarmsConfig;Holding register;707;Analog output;51;500;65000;5150;10;pF;pF;pF;;;;;;Público;Parâmetro de limiar manual de capacitância alta - fase A;Parameter of manual threshold of capacitance high - phase A;;;;;;;Alarms;;;Manual Limits\High Capacitance;;Parâmetro;;;SDp_BMC_$ZBSH1$SP$ReactSet$setMag$i \ SDp_BMC_$ZBSH1$SP$ReactSet$setMag$f;;
586368e5e03f4023842d5760d5d1c5dc;1;RW;16;TabAlarmsConfig;Holding register;708;Analog output;52;500;65000;5150;10;pF;pF;pF;;;;;;Público;Parâmetro de limiar manual de capacitância alta - fase B;Parameter of manual threshold of capacitance high - phase B;;;;;;;Alarms;;;Manual Limits\High Capacitance;;Parâmetro;;;SDp_BMC_$ZBSH2$SP$ReactSet$setMag$i \ SDp_BMC_$ZBSH2$SP$ReactSet$setMag$f;;
5e67172d7c744951bb6f0ba56079414c;1;RW;16;TabAlarmsConfig;Holding register;709;Analog output;53;500;65000;5150;10;pF;pF;pF;;;;;;Público;Parâmetro de limiar manual de capacitância alta - fase C;Parameter of manual threshold of capacitance high - phase C;;;;;;;Alarms;;;Manual Limits\High Capacitance;;Parâmetro;;;SDp_BMC_$ZBSH3$SP$ReactSet$setMag$i \ SDp_BMC_$ZBSH3$SP$ReactSet$setMag$f;;
ff97233354454f3bb456afe1dc98ab79;1;RW;16;TabAlarmsConfig;Holding register;710;Analog output;54;500;65000;5250;10;pF;pF;pF;;;;;;Público;Parâmetro de limiar manual de capacitância muito alta - fase A;Parameter of manual threshold of capacitance very high - phase A;;;;;;;Alarms;;;Manual Limits\Very High Capacitance;;Parâmetro;;;SDp_BMC_$ZBSH1$SP$ReactHi$setMag$i \ SDp_BMC_$ZBSH1$SP$ReactHi$setMag$f;;
cbe3a86eb792465cac48e0a32f07f15a;1;RW;16;TabAlarmsConfig;Holding register;711;Analog output;55;500;65000;5250;10;pF;pF;pF;;;;;;Público;Parâmetro de limiar manual de capacitância muito alta - fase B;Parameter of manual threshold of capacitance very high - phase B;;;;;;;Alarms;;;Manual Limits\Very High Capacitance;;Parâmetro;;;SDp_BMC_$ZBSH2$SP$ReactHi$setMag$i \ SDp_BMC_$ZBSH2$SP$ReactHi$setMag$f;;
b55e4e642fa741da9527b24af3becb88;1;RW;16;TabAlarmsConfig;Holding register;712;Analog output;56;500;65000;5250;10;pF;pF;pF;;;;;;Público;Parâmetro de limiar manual de capacitância muito alta - fase C;Parameter of manual threshold of capacitance very high - phase C;;;;;;;Alarms;;;Manual Limits\Very High Capacitance;;Parâmetro;;;SDp_BMC_$ZBSH3$SP$ReactHi$setMag$i \ SDp_BMC_$ZBSH3$SP$ReactHi$setMag$f;;
85d5f4682b06424cb7707347ff41a746;1;RW;16;TabAlarmsConfig;Holding register;713;Analog output;57;10;65000;700;1000;%;%;%;;;;;;Público;Parâmetro de limiar manual de tangente de delta alta - fase A;Parameter of manual threshold of tangent delta high - phase A;;;;;;;Alarms;;;Manual Limits\High tangent delta;;Parâmetro;;;SDp_BMC_$ZBSH1$SP$LosFactSet$setMag$i \ SDp_BMC_$ZBSH1$SP$LosFactSet$setMag$f;;
2c826b90c0724320a8532870a0407339;1;RW;16;TabAlarmsConfig;Holding register;714;Analog output;58;10;65000;700;1000;%;%;%;;;;;;Público;Parâmetro de limiar manual de tangente de delta alta - fase B;Parameter of manual threshold of tangent delta high - phase B;;;;;;;Alarms;;;Manual Limits\High tangent delta;;Parâmetro;;;SDp_BMC_$ZBSH2$SP$LosFactSet$setMag$i \ SDp_BMC_$ZBSH2$SP$LosFactSet$setMag$f;;
fbc0ce1d5dd547698b1e40ffcee18748;1;RW;16;TabAlarmsConfig;Holding register;715;Analog output;59;10;65000;700;1000;%;%;%;;;;;;Público;Parâmetro de limiar manual de tangente de delta alta - fase C;Parameter of manual threshold of tangent delta high - phase C;;;;;;;Alarms;;;Manual Limits\High tangent delta;;Parâmetro;;;SDp_BMC_$ZBSH3$SP$LosFactSet$setMag$i \ SDp_BMC_$ZBSH3$SP$LosFactSet$setMag$f;;
e901fee116e7417aa65b819d308ada07;1;RW;16;TabAlarmsConfig;Holding register;716;Analog output;60;10;65000;1050;1000;%;%;%;;;;;;Público;Parâmetro de limiar manual de tangente de delta muito alta - fase A;Parameter of manual threshold of tangent delta very high - phase A;;;;;;;Alarms;;;Manual Limits\Very High tangent delta;;Parâmetro;;;SDp_BMC_$ZBSH1$SP$LosFactHi$setMag$i \ SDp_BMC_$ZBSH1$SP$LosFactHi$setMag$f;;
b85778c339154ef589ed5788cea4dbc7;1;RW;16;TabAlarmsConfig;Holding register;717;Analog output;61;10;65000;1050;1000;%;%;%;;;;;;Público;Parâmetro de limiar manual de tangente de delta muito alta - fase B;Parameter of manual threshold of tangent delta very high - phase B;;;;;;;Alarms;;;Manual Limits\Very High tangent delta;;Parâmetro;;;SDp_BMC_$ZBSH2$SP$LosFactHi$setMag$i \ SDp_BMC_$ZBSH2$SP$LosFactHi$setMag$f;;
1bc8bf635304432bad82f000f58d1e2d;1;RW;16;TabAlarmsConfig;Holding register;718;Analog output;62;10;65000;1050;1000;%;%;%;;;;;;Público;Parâmetro de limiar manual de tangente de delta muito alta - fase C;Parameter of manual threshold of tangent delta very high - phase C;;;;;;;Alarms;;;Manual Limits\Very High tangent delta;;Parâmetro;;;SDp_BMC_$ZBSH3$SP$LosFactHi$setMag$i \ SDp_BMC_$ZBSH3$SP$LosFactHi$setMag$f;;
8f268d65f39c404b8fc709a4301e6873;1;RW;16;TabAlarmsConfig;Holding register;719;Analog output;63;0;1000;15;1;%;%;%;;;;;;Público;Parâmetro de porcentagem para alarme automático de corrente de fuga alta;Parameter of percentage for automatic alarm of high leakage current;;;;;;;Alarms;;;Percentages for Automatic Alarms;;Parâmetro;;;SDp_BMC_$LPHD1$SP$LeakA$setMag$i \ SDp_BMC_$LPHD1$SP$LeakA$setMag$f;;
1300940bfc064b66a8c45c5ea263f3c0;1;RW;16;TabAlarmsConfig;Holding register;720;Analog output;64;0;1000;25;1;%;%;%;;;;;;Público;Parâmetro de porcentagem para alarme automático de corrente de fuga muito alta;Parameter of percentage for automatic alarm of very high leakage current;;;;;;;Alarms;;;Percentages for Automatic Alarms;;Parâmetro;;;SDp_BMC_$LPHD1$SP$LeakAHi$setMag$i \ SDp_BMC_$LPHD1$SP$LeakAHi$setMag$f;;
f2512b03efb445c99ec78b25e84a076c;1;RW;16;TabAlarmsConfig;Holding register;721;Analog output;65;0;1000;3;1;%;%;%;;;;;;Público;Parâmetro de porcentagem para alarme automático de capacitância alta;Parameter of percentage for automatic alarm of high capacitance;;;;;;;Alarms;;;Percentages for Automatic Alarms;;Parâmetro;;;SDp_BMC_$LPHD1$SP$React$setMag$i \ SDp_BMC_$LPHD1$SP$React$setMag$f;;
16650ca018964030b0450aecb8921c0d;1;RW;16;TabAlarmsConfig;Holding register;722;Analog output;66;0;1000;5;1;%;%;%;;;;;;Público;Parâmetro de porcentagem para alarme automático de capacitância muito alta;Parameter of percentage for automatic alarm of very high capacitance;;;;;;;Alarms;;;Percentages for Automatic Alarms;;Parâmetro;;;SDp_BMC_$LPHD1$SP$ReactHi$setMag$i \ SDp_BMC_$LPHD1$SP$ReactHi$setMag$f;;
34d968f2c03a4a54a3343f9aa987bdf9;1;RW;16;TabAlarmsConfig;Holding register;723;Analog output;67;0;1000;100;1;%;%;%;;;;;;Público;Parâmetro de porcentagem para alarme automático de tangente de delta alto;Parameter of percentage for automatic alarm of high tangent delta;;;;;;;Alarms;;;Percentages for Automatic Alarms;;Parâmetro;;;SDp_BMC_$LPHD1$SP$LosFact$setMag$i \ SDp_BMC_$LPHD1$SP$LosFact$setMag$f;;
d20e0132846a4d248f86fb2e664529df;1;RW;16;TabAlarmsConfig;Holding register;724;Analog output;68;0;1000;200;1;%;%;%;;;;;;Público;Parâmetro de porcentagem para alarme automático de tangente de delta muito alta;Parameter of percentage for automatic alarm of very high tangent delta;;;;;;;Alarms;;;Percentages for Automatic Alarms;;Parâmetro;;;SDp_BMC_$LPHD1$SP$LosFactHi$setMag$i \ SDp_BMC_$LPHD1$SP$LosFactHi$setMag$f;;
7974e83f2104454f8dfcf405610921a2;1;RW;16;TabAlarmsConfig;Holding register;725;Analog output;69;0;3600;60;1;s;s;s;;;;;;Público;Parâmetro de temporização para alarme de corrente de fuga alta;Parameter of timing for alarm of high leakage current;;;;;;;Alarms;;;Alarm Timing;;Parâmetro;;;SDp_BMC_$LPHD1$SP$LeakATm$setMag$i \ SDp_BMC_$LPHD1$SP$LeakATm$setMag$f;;
212b6437c0d0414c92871eac97bc6c95;1;RW;16;TabAlarmsConfig;Holding register;726;Analog output;70;0;3600;30;1;s;s;s;;;;;;Público;Parâmetro de temporização para alarme de corrente de fuga muito alta;Parameter of timing for alarm of very high leakage current;;;;;;;Alarms;;;Alarm Timing;;Parâmetro;;;SDp_BMC_$LPHD1$SP$LeakAHiTm$setMag$i \ SDp_BMC_$LPHD1$SP$LeakAHiTm$setMag$f;;
424a82fe2a7a434f8b099659daa79b32;1;RW;16;TabAlarmsConfig;Holding register;727;Analog output;71;0;3600;75;1;s;s;s;;;;;;Público;Parâmetro de temporização para trip de corrente de fuga alta;Parameter of timing for trip of high leakage current;;;;;;;Alarms;;;Alarm Timing;;Parâmetro;;;SDp_BMC_$ZBSH4$SP$TrTmLeakAH$setMag$i \ SDp_BMC_$ZBSH4$SP$TrTmLeakAH$setMag$f;;
7de8a7f1273d4f11872f4f982db8b1c5;1;RW;16;TabAlarmsConfig;Holding register;728;Analog output;72;0;3600;45;1;s;s;s;;;;;;Público;Parâmetro de temporização para trip de corrente de fuga muito alta;Parameter of timing for trip of very high leakage current ;;;;;;;Alarms;;;Alarm Timing;;Parâmetro;;;SDp_BMC_$ZBSH4$SP$TrTmLeakAHH$setMag$i \ SDp_BMC_$ZBSH4$SP$TrTmLeakAHH$setMag$f;;
76a269bcb18548d0959730f5ace141ae;1;RW;16;TabAlarmsConfig;Holding register;729;Analog output;73;1;365;30;1;dias;days;días;;;;;;Público;Parâmetro de tempo mínimo estimado para alarme de capacitância alta - fase A;Parameter of minimum estimated time for alarm of high capacitance - phase A;;;;;;;Alarms;;;Trend-Based Alarms;;Parâmetro;;;SDp_BMC_$ZBSH1$SP$TmReactH$setMag$i \ SDp_BMC_$ZBSH1$SP$TmReactH$setMag$f;;
eda506776f6540b1bc00a61866c19247;1;RW;16;TabAlarmsConfig;Holding register;730;Analog output;74;1;365;30;1;dias;days;días;;;;;;Público;Parâmetro de tempo mínimo estimado para alarme de capacitância alta - fase B;Parameter of minimum estimated time for alarm of high capacitance - phase B;;;;;;;Alarms;;;Trend-Based Alarms;;Parâmetro;;;SDp_BMC_$ZBSH2$SP$TmReactH$setMag$i \ SDp_BMC_$ZBSH2$SP$TmReactH$setMag$f;;
f1299320909344028556f8f516d3c6ef;1;RW;16;TabAlarmsConfig;Holding register;731;Analog output;75;1;365;30;1;dias;days;días;;;;;;Público;Parâmetro de tempo mínimo estimado para alarme de capacitância alta - fase C;Parameter of minimum estimated time for alarm of high capacitance - phase C;;;;;;;Alarms;;;Trend-Based Alarms;;Parâmetro;;;SDp_BMC_$ZBSH3$SP$TmReactH$setMag$i \ SDp_BMC_$ZBSH3$SP$TmReactH$setMag$f;;
0e89cf951d1d42c09015d2d043677d31;1;RW;16;TabAlarmsConfig;Holding register;732;Analog output;76;1;365;30;1;dias;days;días;;;;;;Público;Parâmetro de tempo mínimo estimado para alarme de capacitância muito alta - fase A;Parameter of minimum estimated time for alarm of very high capacitance - phase A;;;;;;;Alarms;;;Trend-Based Alarms;;Parâmetro;;;SDp_BMC_$ZBSH1$SP$TmReactHH$setMag$i \ SDp_BMC_$ZBSH1$SP$TmReactHH$setMag$f;;
201465435d564a398c89e86263a8be4a;1;RW;16;TabAlarmsConfig;Holding register;733;Analog output;77;1;365;30;1;dias;days;días;;;;;;Público;Parâmetro de tempo mínimo estimado para alarme de capacitância muito alta - fase B;Parameter of minimum estimated time for alarm of very high capacitance - phase B;;;;;;;Alarms;;;Trend-Based Alarms;;Parâmetro;;;SDp_BMC_$ZBSH2$SP$TmReactHH$setMag$i \ SDp_BMC_$ZBSH2$SP$TmReactHH$setMag$f;;
7b694687112c40daa668442c61e8bd6c;1;RW;16;TabAlarmsConfig;Holding register;734;Analog output;78;1;365;30;1;dias;days;días;;;;;;Público;Parâmetro de tempo mínimo estimado para alarme de capacitância muito alta - fase C;Parameter of minimum estimated time for alarm of very high capacitance - phase C;;;;;;;Alarms;;;Trend-Based Alarms;;Parâmetro;;;SDp_BMC_$ZBSH3$SP$TmReactHH$setMag$i \ SDp_BMC_$ZBSH3$SP$TmReactHH$setMag$f;;
a0b88af26ef942c983c6e1e3c120bca6;1;RW;16;TabAlarmsConfig;Holding register;735;Analog output;79;1;365;30;1;dias;days;días;;;;;;Público;Parâmetro de tempo mínimo estimado para alarme de tangente de delta alta - fase A;Parameter of minimum estimated time for alarm of high tangent delta - phase A;;;;;;;Alarms;;;Trend-Based Alarms;;Parâmetro;;;SDp_BMC_$ZBSH1$SP$TmLosFactH$setMag$i \ SDp_BMC_$ZBSH1$SP$TmLosFactH$setMag$f;;
2ad582a6557a43bca2c60e9493eb785a;1;RW;16;TabAlarmsConfig;Holding register;736;Analog output;80;1;365;30;1;dias;days;días;;;;;;Público;Parâmetro de tempo mínimo estimado para alarme de tangente de delta alta - fase B;Parameter of minimum estimated time for alarm of high tangent delta - phase B;;;;;;;Alarms;;;Trend-Based Alarms;;Parâmetro;;;SDp_BMC_$ZBSH2$SP$TmLosFactH$setMag$i \ SDp_BMC_$ZBSH2$SP$TmLosFactH$setMag$f;;
c5906aa9189742acbba6bfcd8c606f21;1;RW;16;TabAlarmsConfig;Holding register;737;Analog output;81;1;365;30;1;dias;days;días;;;;;;Público;Parâmetro de tempo mínimo estimado para alarme de tangente de delta alta - fase C;Parameter of minimum estimated time for alarm of high tangent delta - phase C;;;;;;;Alarms;;;Trend-Based Alarms;;Parâmetro;;;SDp_BMC_$ZBSH3$SP$TmLosFactH$setMag$i \ SDp_BMC_$ZBSH3$SP$TmLosFactH$setMag$f;;
8a0c11ed859744ae8c1c467482997834;1;RW;16;TabAlarmsConfig;Holding register;738;Analog output;82;1;365;30;1;dias;days;días;;;;;;Público;Parâmetro de tempo mínimo estimado para alarme de tangente de delta muito alta - fase A;Parameter of minimum estimated time for alarm of very high tangent delta - phase A;;;;;;;Alarms;;;Trend-Based Alarms;;Parâmetro;;;SDp_BMC_$ZBSH1$SP$TmLosFactHH$setMag$i \ SDp_BMC_$ZBSH1$SP$TmLosFactHH$setMag$f;;
6f35934fe8e148279209566ab925976b;1;RW;16;TabAlarmsConfig;Holding register;739;Analog output;83;1;365;30;1;dias;days;días;;;;;;Público;Parâmetro de tempo mínimo estimado para alarme de tangente de delta muito alta - fase B;Parameter of minimum estimated time for alarm of very high tangent delta - phase B;;;;;;;Alarms;;;Trend-Based Alarms;;Parâmetro;;;SDp_BMC_$ZBSH2$SP$TmLosFactHH$setMag$i \ SDp_BMC_$ZBSH2$SP$TmLosFactHH$setMag$f;;
988f1c5bef284ccdb14e4519c0bd2c89;1;RW;16;TabAlarmsConfig;Holding register;740;Analog output;84;1;365;30;1;dias;days;días;;;;;;Público;Parâmetro de tempo mínimo estimado para alarme de tangente de delta muito alta - fase C;Parameter of minimum estimated time for alarm of very high tangent delta - phase C;;;;;;;Alarms;;;Trend-Based Alarms;;Parâmetro;;;SDp_BMC_$ZBSH3$SP$TmLosFactHH$setMag$i \ SDp_BMC_$ZBSH3$SP$TmLosFactHH$setMag$f;;
;;;;;;;;;;;;;;;;;;;;;;;;;;;;;;;;;;;;;;;;
5fcd3c7f5c9a40f29c3bb94f92317d92;1;R;Bit;TabAlarmsPersistent;Discrete input;700;Binary input;0;0;1;0;1;;;;0=Não\1=Sim;0=Off\1=On;;;;Público;Indicação de alarme persistente de corrente de fuga alta na fase A;Indication of persistent alarm of high leakage current in phase A;;;;;;;;;;;;;;;SDp_BMC_$ZBSH1$ST$AlmLeakA$stVal;;
a24811933ff44eaf8014ad20cc9ab0b9;1;R;Bit;TabAlarmsPersistent;Discrete input;701;Binary input;1;0;1;0;1;;;;0=Não\1=Sim;0=Off\1=On;;;;Público;Indicação de alarme persistente de corrente de fuga alta na fase B;Indication of persistent alarm of high leakage current in phase B;;;;;;;;;;;;;;;SDp_BMC_$ZBSH2$ST$AlmLeakA$stVal;;
a177b16c2b7d49fa86bbe2e23c79c838;1;R;Bit;TabAlarmsPersistent;Discrete input;702;Binary input;2;0;1;0;1;;;;0=Não\1=Sim;0=Off\1=On;;;;Público;Indicação de alarme persistente de corrente de fuga alta na fase C;Indication of persistent alarm of high leakage current in phase C;;;;;;;;;;;;;;;SDp_BMC_$ZBSH3$ST$AlmLeakA$stVal;;
20f5c17cdaa14cc0a8f5369d35a3e971;1;R;Bit;TabAlarmsPersistent;Discrete input;703;Binary input;3;0;1;0;1;;;;0=Não\1=Sim;0=Off\1=On;;;;Público;Indicação de alarme persistente de corrente de fuga muito alta na fase A;Indication of persistent alarm of very high leakage current in phase A;;;;;;;;;;;;;;;SDp_BMC_$ZBSH1$ST$AlmLeakAHi$stVal;;
cfbc44605ed745c1b249a6303e3e051f;1;R;Bit;TabAlarmsPersistent;Discrete input;704;Binary input;4;0;1;0;1;;;;0=Não\1=Sim;0=Off\1=On;;;;Público;Indicação de alarme persistente de corrente de fuga muito alta na fase B;Indication of persistent alarm of very high leakage current in phase B;;;;;;;;;;;;;;;SDp_BMC_$ZBSH2$ST$AlmLeakAHi$stVal;;
a78ae7bd05414b62a8da742d13e00538;1;R;Bit;TabAlarmsPersistent;Discrete input;705;Binary input;5;0;1;0;1;;;;0=Não\1=Sim;0=Off\1=On;;;;Público;Indicação de alarme persistente de corrente de fuga muito alta na fase C;Indication of persistent alarm of very high leakage current in phase C;;;;;;;;;;;;;;;SDp_BMC_$ZBSH3$ST$AlmLeakAHi$stVal;;
39a22709921c4a7fb8f6f48e36adf4ce;1;R;Bit;TabAlarmsPersistent;Discrete input;706;Binary input;6;0;1;0;1;;;;0=Não\1=Sim;0=Off\1=On;;;;Público;Indicação de alarme persistente de capacitância alta na fase A;Indication of persistent alarm of high capacitance in phase A;;;;;;;;;;;;;;;SDp_BMC_$ZBSH1$ST$AlmReact$stVal;;
c3058bb79af742cc8bc2dd85c8aa5e3e;1;R;Bit;TabAlarmsPersistent;Discrete input;707;Binary input;7;0;1;0;1;;;;0=Não\1=Sim;0=Off\1=On;;;;Público;Indicação de alarme persistente de capacitância alta na fase B;Indication of persistent alarm of high capacitance in phase B;;;;;;;;;;;;;;;SDp_BMC_$ZBSH2$ST$AlmReact$stVal;;
d8d8b7c8a6f548eebdf190bd0ef1bba8;1;R;Bit;TabAlarmsPersistent;Discrete input;708;Binary input;8;0;1;0;1;;;;0=Não\1=Sim;0=Off\1=On;;;;Público;Indicação de alarme persistente de capacitância alta na fase C;Indication of persistent alarm of high capacitance in phase C;;;;;;;;;;;;;;;SDp_BMC_$ZBSH3$ST$AlmReact$stVal;;
7ee2516ee88242088aed1185765b0a71;1;R;Bit;TabAlarmsPersistent;Discrete input;709;Binary input;9;0;1;0;1;;;;0=Não\1=Sim;0=Off\1=On;;;;Público;Indicação de alarme persistente de capacitância muito alta na fase A;Indication of persistent alarm of very high capacitance in phase A;;;;;;;;;;;;;;;SDp_BMC_$ZBSH1$ST$AlmReactHi$stVal;;
9edeff02ceb64d02a2bea0d476d7df79;1;R;Bit;TabAlarmsPersistent;Discrete input;710;Binary input;10;0;1;0;1;;;;0=Não\1=Sim;0=Off\1=On;;;;Público;Indicação de alarme persistente de capacitância muito alta na fase B;Indication of persistent alarm of very high capacitance in phase B;;;;;;;;;;;;;;;SDp_BMC_$ZBSH2$ST$AlmReactHi$stVal;;
7efd880e17f04362a90f7aa440434524;1;R;Bit;TabAlarmsPersistent;Discrete input;711;Binary input;11;0;1;0;1;;;;0=Não\1=Sim;0=Off\1=On;;;;Público;Indicação de alarme persistente de capacitância muito alta na fase C;Indication of persistent alarm of very high capacitance in phase C;;;;;;;;;;;;;;;SDp_BMC_$ZBSH3$ST$AlmReactHi$stVal;;
482d8b61e3124d489424fed81e2e0ac2;1;R;Bit;TabAlarmsPersistent;Discrete input;712;Binary input;12;0;1;0;1;;;;0=Não\1=Sim;0=Off\1=On;;;;Público;Indicação de alarme persistente de tangente de delta alta na fase A;Indication of persistent alarm of high tangent delta in phase A;;;;;;;;;;;;;;;SDp_BMC_$ZBSH1$ST$AlmLosFact$stVal;;
d3283b676ce44dfeb723b59bf9fb3099;1;R;Bit;TabAlarmsPersistent;Discrete input;713;Binary input;13;0;1;0;1;;;;0=Não\1=Sim;0=Off\1=On;;;;Público;Indicação de alarme persistente de tangente de delta alta na fase B;Indication of persistent alarm of high tangent delta in phase B;;;;;;;;;;;;;;;SDp_BMC_$ZBSH2$ST$AlmLosFact$stVal;;
e6dc7106739d47fda93da32086339c94;1;R;Bit;TabAlarmsPersistent;Discrete input;714;Binary input;14;0;1;0;1;;;;0=Não\1=Sim;0=Off\1=On;;;;Público;Indicação de alarme persistente de tangente de delta alta na fase C;Indication of persistent alarm of high tangent delta in phase C;;;;;;;;;;;;;;;SDp_BMC_$ZBSH3$ST$AlmLosFact$stVal;;
77be776d64ab462ebccccb16f59cf1aa;1;R;Bit;TabAlarmsPersistent;Discrete input;715;Binary input;15;0;1;0;1;;;;0=Não\1=Sim;0=Off\1=On;;;;Público;Indicação de alarme persistente de tangente de delta muito alta na fase A;Indication of persistent alarm of very high tangent delta in phase A;;;;;;;;;;;;;;;SDp_BMC_$ZBSH1$ST$AlmLosFactHi$stVal;;
179501f471e846e793a82987f057a54b;1;R;Bit;TabAlarmsPersistent;Discrete input;716;Binary input;16;0;1;0;1;;;;0=Não\1=Sim;0=Off\1=On;;;;Público;Indicação de alarme persistente de tangente de delta muito alta na fase B;Indication of persistent alarm of very high tangent delta in phase B;;;;;;;;;;;;;;;SDp_BMC_$ZBSH2$ST$AlmLosFactHi$stVal;;
74a4e11311d34da683393dbd4420735c;1;R;Bit;TabAlarmsPersistent;Discrete input;717;Binary input;17;0;1;0;1;;;;0=Não\1=Sim;0=Off\1=On;;;;Público;Indicação de alarme persistente de tangente de delta muito alta na fase C;Indication of persistent alarm of very high tangent delta in phase C;;;;;;;;;;;;;;;SDp_BMC_$ZBSH3$ST$AlmLosFactHi$stVal;;
3585a14e9d9844d986a1313ac7377290;0;R;Bit;TabAlarmsPersistent;Discrete input;718;Binary input;18;0;1;0;1;;;;0=Não\1=Sim;0=Off\1=On;;;;Público;Indicação de trip ativo por corrente de fuga alta na fase A;Indication of active trip due to high leakage current on phase A;;;;;;;;;;;;;;;SDp_BMC_$ZBSH1$ST$LeakAHiTr$stVal;;
f36039c7f7aa4e169b469db020eebe06;0;R;Bit;TabAlarmsPersistent;Discrete input;719;Binary input;19;0;1;0;1;;;;0=Não\1=Sim;0=Off\1=On;;;;Público;Indicação de trip ativo por corrente de fuga alta na fase B;Indication of active trip due to high leakage current on phase B;;;;;;;;;;;;;;;SDp_BMC_$ZBSH2$ST$LeakAHiTr$stVal;;
ccbf9a506db94216b5f6a88c74a19847;0;R;Bit;TabAlarmsPersistent;Discrete input;720;Binary input;20;0;1;0;1;;;;0=Não\1=Sim;0=Off\1=On;;;;Público;Indicação de trip ativo por corrente de fuga alta na fase C;Indication of active trip due to high leakage current on phase C;;;;;;;;;;;;;;;SDp_BMC_$ZBSH3$ST$LeakAHiTr$stVal;;
4b2bfb84708945bf8e932977795fc939;0;R;Bit;TabAlarmsPersistent;Discrete input;721;Binary input;21;0;1;0;1;;;;0=Não\1=Sim;0=Off\1=On;;;;Público;Indicação de trip ativo por corrente de fuga muito alta na fase A;Indication of active trip due to very high leakage current in phase A;;;;;;;;;;;;;;;SDp_BMC_$ZBSH1$ST$LeakAHiHiTr$stVal;;
af85d352bdf7498e876f170c756d9cf1;0;R;Bit;TabAlarmsPersistent;Discrete input;722;Binary input;22;0;1;0;1;;;;0=Não\1=Sim;0=Off\1=On;;;;Público;Indicação de trip ativo por corrente de fuga muito alta na fase B;Indication of active trip due to very high leakage current in phase B;;;;;;;;;;;;;;;SDp_BMC_$ZBSH2$ST$LeakAHiHiTr$stVal;;
b35eeb8473e04eec913cd5f4aae34d47;0;R;Bit;TabAlarmsPersistent;Discrete input;723;Binary input;23;0;1;0;1;;;;0=Não\1=Sim;0=Off\1=On;;;;Público;Indicação de trip ativo por corrente de fuga muito alta na fase C;Indication of active trip due to very high leakage current in phase C;;;;;;;;;;;;;;;SDp_BMC_$ZBSH3$ST$LeakAHiHiTr$stVal;;
33f72d10a9714af0bc859a280ec637d7;1;R;Bit;TabAlarmsPersistent;Discrete input;724;Binary input;24;0;1;0;1;;;;0=Não\1=Sim;0=Off\1=On;;;;Público;Indicação de alarme persistente de tendência de capacitância alta na fase A;Indication of persistent alarm of high capacitance trend in phase A;;;;;;;;;;;;;;;;;
5570afb53c4d43668d0113ecb70952b8;1;R;Bit;TabAlarmsPersistent;Discrete input;725;Binary input;25;0;1;0;1;;;;0=Não\1=Sim;0=Off\1=On;;;;Público;Indicação de alarme persistente de tendência de capacitância alta na fase B;Indication of persistent alarm of high capacitance trend in phase B;;;;;;;;;;;;;;;;;
43204d5bacd94abbb6229608af1edb94;1;R;Bit;TabAlarmsPersistent;Discrete input;726;Binary input;26;0;1;0;1;;;;0=Não\1=Sim;0=Off\1=On;;;;Público;Indicação de alarme persistente de tendência de capacitância alta na fase C;Indication of persistent alarm of high capacitance trend in phase C;;;;;;;;;;;;;;;;;
08416a181a654ffbb220e1c1897d60ee;1;R;Bit;TabAlarmsPersistent;Discrete input;727;Binary input;27;0;1;0;1;;;;0=Não\1=Sim;0=Off\1=On;;;;Público;Indicação de alarme persistente de tendência de capacitância muito alta na fase A;Indication of persistent alarm of very high capacitance trend in phase A;;;;;;;;;;;;;;;;;
bf84d431a4e24a81a9ad95e03899d244;1;R;Bit;TabAlarmsPersistent;Discrete input;728;Binary input;28;0;1;0;1;;;;0=Não\1=Sim;0=Off\1=On;;;;Público;Indicação de alarme persistente de tendência de capacitância muito alta na fase B;Indication of persistent alarm of very high capacitance trend in phase B;;;;;;;;;;;;;;;;;
edb4c335fd834eeb9ef449fa6a0a6f0f;1;R;Bit;TabAlarmsPersistent;Discrete input;729;Binary input;29;0;1;0;1;;;;0=Não\1=Sim;0=Off\1=On;;;;Público;Indicação de alarme persistente de tendência de capacitância muito alta na fase C;Indication of persistent alarm of very high capacitance trend in phase C;;;;;;;;;;;;;;;;;
b0d4884fabf24c78b138d7fb78b14dee;1;R;Bit;TabAlarmsPersistent;Discrete input;730;Binary input;30;0;1;0;1;;;;0=Não\1=Sim;0=Off\1=On;;;;Público;Indicação de alarme persistente de tendência de tangente de delta alta na fase A;Indication of persistent alarm of high tangent delta trend in phase A;;;;;;;;;;;;;;;;;
d258c1d92d0c4f1e98e294cc6711880c;1;R;Bit;TabAlarmsPersistent;Discrete input;731;Binary input;31;0;1;0;1;;;;0=Não\1=Sim;0=Off\1=On;;;;Público;Indicação de alarme persistente de tendência de tangente de delta alta na fase B;Indication of persistent alarm of high tangent delta trend in phase B;;;;;;;;;;;;;;;;;
3b7d1beefe904ffc99b3c7b556246799;1;R;Bit;TabAlarmsPersistent;Discrete input;732;Binary input;32;0;1;0;1;;;;0=Não\1=Sim;0=Off\1=On;;;;Público;Indicação de alarme persistente de tendência de tangente de delta alta na fase C;Indication of persistent alarm of high tangent delta trend in phase C;;;;;;;;;;;;;;;;;
c2dd42dd6bd342aab4febc4cbc52d5b6;1;R;Bit;TabAlarmsPersistent;Discrete input;733;Binary input;33;0;1;0;1;;;;0=Não\1=Sim;0=Off\1=On;;;;Público;Indicação de alarme persistente de tendência de tangente de delta muito alta na fase A;Indication of persistent alarm of very high tangent delta trend in phase A;;;;;;;;;;;;;;;;;
ecdf28fdf5de4b9490c04f1a6eb9b2c4;1;R;Bit;TabAlarmsPersistent;Discrete input;734;Binary input;34;0;1;0;1;;;;0=Não\1=Sim;0=Off\1=On;;;;Público;Indicação de alarme persistente de tendência de tangente de delta muito alta na fase B;Indication of persistent alarm of very high tangent delta trend in phase B;;;;;;;;;;;;;;;;;
2280474f55a74d7f9758b680b6ff5059;1;R;Bit;TabAlarmsPersistent;Discrete input;735;Binary input;35;0;1;0;1;;;;0=Não\1=Sim;0=Off\1=On;;;;Público;Indicação de alarme persistente de tendência de tangente de delta muito alta na fase C;Indication of persistent alarm of very high tangent delta trend in phase C;;;;;;;;;;;;;;;;;
;;;;;;;;;;;;;;;;;;;;;;;;;;;;;;;;;;;;;;;;
6e2dd6fb36654ecd9976a0402fe00ea9;1;R;Bit;TabAlarmsMemory;Discrete input;800;Binary input;36;0;1;0;1;;;;0=Não\1=Sim;0=Off\1=On;;;;Público;Indicação de memória de alarme de corrente de fuga alta na fase A;Indication of alarm memory of high leakage current in phase A;;;;;;;;;;;;;;;;;
d35c98face07457680231af5bae9389f;1;R;Bit;TabAlarmsMemory;Discrete input;801;Binary input;37;0;1;0;1;;;;0=Não\1=Sim;0=Off\1=On;;;;Público;Indicação de memória de alarme de corrente de fuga alta na fase B;Indication of alarm memory of high leakage current in phase B;;;;;;;;;;;;;;;;;
f175e63490cb457185d76f587fb113a3;1;R;Bit;TabAlarmsMemory;Discrete input;802;Binary input;38;0;1;0;1;;;;0=Não\1=Sim;0=Off\1=On;;;;Público;Indicação de memória de alarme de corrente de fuga alta na fase C;Indication of alarm memory of high leakage current in phase C;;;;;;;;;;;;;;;;;
e517907d933b497daaffae55795b2d10;1;R;Bit;TabAlarmsMemory;Discrete input;803;Binary input;39;0;1;0;1;;;;0=Não\1=Sim;0=Off\1=On;;;;Público;Indicação de memória de alarme de corrente de fuga muito alta na fase A;Indication of alarm memory of very high leakage current in phase A;;;;;;;;;;;;;;;;;
66064f96c20e4772b0e0f433a5c712c2;1;R;Bit;TabAlarmsMemory;Discrete input;804;Binary input;40;0;1;0;1;;;;0=Não\1=Sim;0=Off\1=On;;;;Público;Indicação de memória de alarme de corrente de fuga muito alta na fase B;Indication of alarm memory of very high leakage current in phase B;;;;;;;;;;;;;;;;;
a71083d8ead849bf88d9c6f1b117f6fc;1;R;Bit;TabAlarmsMemory;Discrete input;805;Binary input;41;0;1;0;1;;;;0=Não\1=Sim;0=Off\1=On;;;;Público;Indicação de memória de alarme de corrente de fuga muito alta na fase C;Indication of alarm memory of very high leakage current in phase C;;;;;;;;;;;;;;;;;
55684bec49b74fef98afbf75f83b000f;1;R;Bit;TabAlarmsMemory;Discrete input;806;Binary input;42;0;1;0;1;;;;0=Não\1=Sim;0=Off\1=On;;;;Público;Indicação de memória de alarme de capacitância alta na fase A;Indication of alarm memory of high capacitance in phase A;;;;;;;;;;;;;;;;;
13e2a98d0a8348b0a03c7aa0afb16c45;1;R;Bit;TabAlarmsMemory;Discrete input;807;Binary input;43;0;1;0;1;;;;0=Não\1=Sim;0=Off\1=On;;;;Público;Indicação de memória de alarme de capacitância alta na fase B;Indication of alarm memory of high capacitance in phase  B;;;;;;;;;;;;;;;;;
93b0151f04754e4998cc2ec964f82edc;1;R;Bit;TabAlarmsMemory;Discrete input;808;Binary input;44;0;1;0;1;;;;0=Não\1=Sim;0=Off\1=On;;;;Público;Indicação de memória de alarme de capacitância alta na fase C;Indication of alarm memory of high capacitance in phase  C;;;;;;;;;;;;;;;;;
f51509b1de8e4d4e97a4a94934bfa9a3;1;R;Bit;TabAlarmsMemory;Discrete input;809;Binary input;45;0;1;0;1;;;;0=Não\1=Sim;0=Off\1=On;;;;Público;Indicação de memória de alarme de capacitância muito alta na fase A;Indication of alarm memory of very high capacitance in phase A;;;;;;;;;;;;;;;;;
02c85a0fa45a4a3cad7ee969678c4eab;1;R;Bit;TabAlarmsMemory;Discrete input;810;Binary input;46;0;1;0;1;;;;0=Não\1=Sim;0=Off\1=On;;;;Público;Indicação de memória de alarme de capacitância muito alta na fase B;Indication of alarm memory of very high capacitance in phase B;;;;;;;;;;;;;;;;;
076541782c934063aeb055c0134c151f;1;R;Bit;TabAlarmsMemory;Discrete input;811;Binary input;47;0;1;0;1;;;;0=Não\1=Sim;0=Off\1=On;;;;Público;Indicação de memória de alarme de capacitância muito alta na fase C;Indication of alarm memory of very high capacitance in phase C;;;;;;;;;;;;;;;;;
b30f6e0a370a4e3c93103f1606df7262;1;R;Bit;TabAlarmsMemory;Discrete input;812;Binary input;48;0;1;0;1;;;;0=Não\1=Sim;0=Off\1=On;;;;Público;Indicação de memória de alarme de tangente de delta alta na fase A;Indication of alarm memory of high tangent delta in phase A;;;;;;;;;;;;;;;;;
55f38422d3b745b59a78e73d88b26db3;1;R;Bit;TabAlarmsMemory;Discrete input;813;Binary input;49;0;1;0;1;;;;0=Não\1=Sim;0=Off\1=On;;;;Público;Indicação de memória de alarme de tangente de delta alta na fase B;Indication of alarm memory of high tangent delta in phase B;;;;;;;;;;;;;;;;;
0c7d1b2db4ba47a99b3e4cbfa083d8e1;1;R;Bit;TabAlarmsMemory;Discrete input;814;Binary input;50;0;1;0;1;;;;0=Não\1=Sim;0=Off\1=On;;;;Público;Indicação de memória de alarme de tangente de delta alta na fase C;Indication of alarm memory of high tangent delta in phase C;;;;;;;;;;;;;;;;;
692b350cf7e8481a837542029d34e50e;1;R;Bit;TabAlarmsMemory;Discrete input;815;Binary input;51;0;1;0;1;;;;0=Não\1=Sim;0=Off\1=On;;;;Público;Indicação de memória de alarme de tangente de delta muito alta na fase A;Indication of alarm memory of very high tangent delta in phase A;;;;;;;;;;;;;;;;;
b20e2b74be094a16ac8fec9fd1c9ae20;1;R;Bit;TabAlarmsMemory;Discrete input;816;Binary input;52;0;1;0;1;;;;0=Não\1=Sim;0=Off\1=On;;;;Público;Indicação de memória de alarme de tangente de delta muito alta na fase B;Indication of alarm memory of very high tangent delta in phase B;;;;;;;;;;;;;;;;;
8abdc0dd9f9b4b8db823a9758cb3886a;1;R;Bit;TabAlarmsMemory;Discrete input;817;Binary input;53;0;1;0;1;;;;0=Não\1=Sim;0=Off\1=On;;;;Público;Indicação de memória de alarme de tangente de delta muito alta na fase C;Indication of alarm memory of very high tangent delta in phase C;;;;;;;;;;;;;;;;;
cd139bb7bf5741cea450e2b4b5e9a723;0;R;Bit;TabAlarmsMemory;Discrete input;818;Binary input;54;0;1;0;1;;;;0=Não\1=Sim;0=Off\1=On;;;;Público;Indicação de memória de trip por corrente de fuga alta na fase A;Indication of trip memory due to high leakage current in phase A;;;;;;;;;;;;;;;;;
2b10ab593940400c8d3b4b3144278bfb;0;R;Bit;TabAlarmsMemory;Discrete input;819;Binary input;55;0;1;0;1;;;;0=Não\1=Sim;0=Off\1=On;;;;Público;Indicação de memória de trip por corrente de fuga alta na fase B;Indication of trip memory due to high leakage current in phase B;;;;;;;;;;;;;;;;;
2d636662094c48fb99796db967eb1c14;0;R;Bit;TabAlarmsMemory;Discrete input;820;Binary input;56;0;1;0;1;;;;0=Não\1=Sim;0=Off\1=On;;;;Público;Indicação de memória de trip por corrente de fuga alta na fase C;Indication of trip memory due to high leakage current in phase C;;;;;;;;;;;;;;;;;
8749d9d6689141c0b4cb83ecfade5442;0;R;Bit;TabAlarmsMemory;Discrete input;821;Binary input;57;0;1;0;1;;;;0=Não\1=Sim;0=Off\1=On;;;;Público;Indicação de memória de trip por corrente de fuga muito alta na fase A;Indication of trip memory due to very high leakage current in phase A;;;;;;;;;;;;;;;;;
f217ad4b48a84e3d9c98dffb5d9729d0;0;R;Bit;TabAlarmsMemory;Discrete input;822;Binary input;58;0;1;0;1;;;;0=Não\1=Sim;0=Off\1=On;;;;Público;Indicação de memória de trip por corrente de fuga muito alta na fase B;Indication of trip memory due to very high leakage current in phase B;;;;;;;;;;;;;;;;;
d525d2c6754b470fb487cd2e3e55b12a;0;R;Bit;TabAlarmsMemory;Discrete input;823;Binary input;59;0;1;0;1;;;;0=Não\1=Sim;0=Off\1=On;;;;Público;Indicação de memória de trip por corrente de fuga muito alta na fase C;Indication of trip memory due to very high leakage current in phase C;;;;;;;;;;;;;;;;;
93fc1a79454f445da4c60b31f3089004;1;R;Bit;TabAlarmsMemory;Discrete input;824;Binary input;60;0;1;0;1;;;;0=Não\1=Sim;0=Off\1=On;;;;Público;Indicação de memória de alarme de tendência de capacitância alta na fase A;Indication of alarm memory of high capacitance trend in phase A;;;;;;;;;;;;;;;;;
60f94a9f6ee74166abae343d00082463;1;R;Bit;TabAlarmsMemory;Discrete input;825;Binary input;61;0;1;0;1;;;;0=Não\1=Sim;0=Off\1=On;;;;Público;Indicação de memória de alarme de tendência de capacitância alta na fase B;Indication of alarm memory of high capacitance trend in phase B;;;;;;;;;;;;;;;;;
a7e7c710357a46c39ee717fb63ba7d84;1;R;Bit;TabAlarmsMemory;Discrete input;826;Binary input;62;0;1;0;1;;;;0=Não\1=Sim;0=Off\1=On;;;;Público;Indicação de memória de alarme de tendência de capacitância alta na fase C;Indication of alarm memory of high capacitance trend in phase C;;;;;;;;;;;;;;;;;
a978ed1d936941d988d61597aee54073;1;R;Bit;TabAlarmsMemory;Discrete input;827;Binary input;63;0;1;0;1;;;;0=Não\1=Sim;0=Off\1=On;;;;Público;Indicação de memória de alarme de tendência de capacitância muito alta na fase A;Indication of alarm memory of very high capacitance trend in phase A;;;;;;;;;;;;;;;;;
5adc31759c20413f95082264a0edbebf;1;R;Bit;TabAlarmsMemory;Discrete input;828;Binary input;64;0;1;0;1;;;;0=Não\1=Sim;0=Off\1=On;;;;Público;Indicação de memória de alarme de tendência de capacitância muito alta na fase B;Indication of alarm memory of very high capacitance trend in phase B;;;;;;;;;;;;;;;;;
57a889476d404161a9bc7a14fc7f5ffb;1;R;Bit;TabAlarmsMemory;Discrete input;829;Binary input;65;0;1;0;1;;;;0=Não\1=Sim;0=Off\1=On;;;;Público;Indicação de memória de alarme de tendência de capacitância muito alta na fase C;Indication of alarm memory of very high capacitance trend in phase C;;;;;;;;;;;;;;;;;
14e9815b1e374af580694d6b5e96c677;1;R;Bit;TabAlarmsMemory;Discrete input;830;Binary input;66;0;1;0;1;;;;0=Não\1=Sim;0=Off\1=On;;;;Público;Indicação de memória de alarme de tendência de tangente de delta alta na fase A;Indication of alarm memory of high tangent delta trend in phase A;;;;;;;;;;;;;;;;;
22cccc5d84dc47c38d27748951ba6f57;1;R;Bit;TabAlarmsMemory;Discrete input;831;Binary input;67;0;1;0;1;;;;0=Não\1=Sim;0=Off\1=On;;;;Público;Indicação de memória de alarme de tendência de tangente de delta alta na fase B;Indication of alarm memory of high tangent delta trend in phase B;;;;;;;;;;;;;;;;;
0449a84e56564884a2f5f40f8ff6b44e;1;R;Bit;TabAlarmsMemory;Discrete input;832;Binary input;68;0;1;0;1;;;;0=Não\1=Sim;0=Off\1=On;;;;Público;Indicação de memória de alarme de tendência de tangente de delta alta na fase C;Indication of alarm memory of high tangent delta trend in phase C;;;;;;;;;;;;;;;;;
72292dbf48f44ea78be5a88db40f05d4;1;R;Bit;TabAlarmsMemory;Discrete input;833;Binary input;69;0;1;0;1;;;;0=Não\1=Sim;0=Off\1=On;;;;Público;Indicação de memória de alarme de tendência de tangente de delta muito alta na fase A;Indication of alarm memory of very high tangent delta trend in phase A;;;;;;;;;;;;;;;;;
94636793e19e46b8b10c7b7c7912912d;1;R;Bit;TabAlarmsMemory;Discrete input;834;Binary input;70;0;1;0;1;;;;0=Não\1=Sim;0=Off\1=On;;;;Público;Indicação de memória de alarme de tendência de tangente de delta muito alta na fase B;Indication of alarm memory of very high tangent delta trend in phase B;;;;;;;;;;;;;;;;;
ecbfc90a6a4c42cea0e830e14d3dc04e;1;R;Bit;TabAlarmsMemory;Discrete input;835;Binary input;71;0;1;0;1;;;;0=Não\1=Sim;0=Off\1=On;;;;Público;Indicação de memória de alarme de tendência de tangente de delta muito alta na fase C;Indication of alarm memory of very high tangent delta trend in phase C;;;;;;;;;;;;;;;;;
;;;;;;;;;;;;;;;;;;;;;;;;;;;;;;;;;;;;;;;;
121bbe5818f84bd090a13914e4ca53bf;1;RW;Bit;TabSelfDiagnosticsCommands;Coil;900;Binary output;17;0;1;0;1;;;;0=Não\1=Sim;0=Off\1=On;;;;Público;Comando de limpeza da memória de autodiagnósticos;Command of clearing the self-diagnostic memory;;;;;;;Commands;;;Cleaning and Maintenance;;Comando;;;;;
;;;;;;;;;;;;;;;;;;;;;;;;;;;;;;;;;;;;;;;;
c017c8d6a79a47dcb38241f7789480fb;1;R;Bit;TabSelfDiagnosticsPersistent;Discrete input;900;Binary input;72;0;1;0;1;;;;0=Não\1=Sim;0=Off\1=On;;;;Público;Indicação de autodiagnóstico persistente de flash externo;Indication of persistent self-diagnosis of external flash ;;;;;;;;;;;;;;;SDp_BMC_$LPHD1$ST$ErrMem1$stVal;;
02ce49ed07ba4a6681442a2d595bb291;1;R;Bit;TabSelfDiagnosticsPersistent;Discrete input;901;Binary input;73;0;1;0;1;;;;0=Não\1=Sim;0=Off\1=On;;;;Público;Indicação de autodiagnóstico persistente de flash interno;Indication of persistent self-diagnosis of internal flash;;;;;;;;;;;;;;;SDp_BMC_$LPHD1$ST$ErrMem2$stVal;;
6d7da2b8d5bb446babe7e983e9577745;1;R;Bit;TabSelfDiagnosticsPersistent;Discrete input;902;Binary input;74;0;1;0;1;;;;0=Não\1=Sim;0=Off\1=On;;;;Público;Indicação de autodiagnóstico persistente do sensor de temperatura;Indication of persistent self-diagnosis of the temperature sensor;;;;;;;;;;;;;;;SDp_BMC_$LPHD1$ST$ErrRTD$stVal;;
3cda85b24fb644389c68a131f6826c2b;1;R;Bit;TabSelfDiagnosticsPersistent;Discrete input;903;Binary input;75;0;1;0;1;;;;0=Não\1=Sim;0=Off\1=On;;;;Público;Indicação de autodiagnóstico persistente de RTC;Indication of persistent self-diagnosis of RTC;;;;;;;;;;;;;;;SDp_BMC_$LPHD1$ST$ErrRTC$stVal;;
39614ddffbcf4e89a43e7762e6cc4ce4;1;R;Bit;TabSelfDiagnosticsPersistent;Discrete input;904;Binary input;76;0;1;0;1;;;;0=Não\1=Sim;0=Off\1=On;;;;Público;Indicação de autodiagnóstico persistente de relé seguro;Indication of persistent self-diagnosis of safe relay;;;;;;;;;;;;;;;SDp_BMC_$LPHD1$ST$ErrSafeRly$stVal;;
e51d315a2ccd4e70ba098cfc3ac4f774;1;R;Bit;TabSelfDiagnosticsPersistent;Discrete input;905;Binary input;77;0;1;0;1;;;;0=Não\1=Sim;0=Off\1=On;;;;Público;Indicação de autodiagnóstico persistente de baixo aproveitamento estatístico;Indication of persistent self-diagnosis of with low statistical utilization;;;;;;;;;;;;;;;SDp_BMC_$LPHD1$ST$ErrLo$stVal;;
40f1db3b2c7341a6a9e92658719274a4;1;R;Bit;TabSelfDiagnosticsPersistent;Discrete input;906;Binary input;78;0;1;0;1;;;;0=Não\1=Sim;0=Off\1=On;;;;Público;Indicação de autodiagnóstico persistente de tolerância angular na amostra de banco;Indication of persistent self-diagnosis of angular tolerance in the bank sample;;;;;;;;;;;;;;;SDp_BMC_$LPHD1$ST$ErrAngBnk$stVal;;
b83c3e97d32a4a68ac688275ad756e78;1;R;Bit;TabSelfDiagnosticsPersistent;Discrete input;907;Binary input;79;0;1;0;1;;;;0=Não\1=Sim;0=Off\1=On;;;;Público;Indicação de autodiagnóstico persistente de offset persistente na amostra de banco;Indication of persistent self-diagnosis of offset in the bank sample;;;;;;;;;;;;;;;SDp_BMC_$LPHD1$ST$ErrOfsSmp$stVal;;
4b98404400fe4d76ade51670ef4cf7fd;1;R;Bit;TabSelfDiagnosticsPersistent;Discrete input;908;Binary input;80;0;1;0;1;;;;0=Não\1=Sim;0=Off\1=On;;;;Público;Indicação de autodiagnóstico persistente de muitas amostras corrompidas no banco de dados;Indication of persistent self-diagnosis of many corrupted samples in the database;;;;;;;;;;;;;;;SDp_BMC_$LPHD1$ST$ErrSmp$stVal;;
d31e1fed502b40f882e8a9cbade2d69f;1;R;Bit;TabSelfDiagnosticsPersistent;Discrete input;909;Binary input;81;0;1;0;1;;;;0=Não\1=Sim;0=Off\1=On;;;;Público;Indicação de autodiagnóstico persistente de ângulos imprecisos (geral);Indication of persistent self-diagnosis of imprecise angles (general);;;;;;;;;;;;;;;SDp_BMC_$LPHD1$ST$ErrAng$stVal;;
78d9ba3615f74146a1449a80ad7aed68;1;R;Bit;TabSelfDiagnosticsPersistent;Discrete input;910;Binary input;82;0;1;0;1;;;;0=Não\1=Sim;0=Off\1=On;;;;Público;Indicação de autodiagnóstico persistente de discrepância entre frequências no conjunto de correntes;Indication of persistent self-diagnosis of discrepancy between frequencies in the current set;;;;;;;;;;;;;;;SDp_BMC_$LPHD1$ST$ErrHzA$stVal;;
79b6ac530102406a81da4bca1f7d4c3d;1;R;Bit;TabSelfDiagnosticsPersistent;Discrete input;911;Binary input;83;0;1;0;1;;;;0=Não\1=Sim;0=Off\1=On;;;;Público;Indicação de autodiagnóstico persistente de discrepância entre frequências no conjunto de tensões;Indication of persistent self-diagnosis of discrepancy between frequencies in the voltage set;;;;;;;;;;;;;;;SDp_BMC_$LPHD1$ST$ErrHzVol$stVal;;
8de760750cd84679ab7ee6e89e407738;1;R;Bit;TabSelfDiagnosticsPersistent;Discrete input;912;Binary input;84;0;1;0;1;;;;0=Não\1=Sim;0=Off\1=On;;;;Público;Indicação de autodiagnóstico persistente de somatória inconsistente no conjunto de correntes;Indication of persistent self-diagnosis of inconsistent summation in the current set;;;;;;;;;;;;;;;SDp_BMC_$ZBSH4$ST$ErrSum$stVal;;
ef67c8b18efe4b3aa5432b563bdad626;1;R;Bit;TabSelfDiagnosticsPersistent;Discrete input;913;Binary input;85;0;1;0;1;;;;0=Não\1=Sim;0=Off\1=On;;;;Público;Indicação de autodiagnóstico persistente de problema de aquisição no conjunto de correntes;Indication of persistent self-diagnosis of problem with data acquisition in the current set;;;;;;;;;;;;;;;SDp_BMC_$LPHD1$ST$ErrA$stVal;;
1c86d8b6f9d74a39a8be5e49974f983e;1;R;Bit;TabSelfDiagnosticsPersistent;Discrete input;914;Binary input;86;0;1;0;1;;;;0=Não\1=Sim;0=Off\1=On;;;;Público;Indicação de autodiagnóstico persistente de problema de aquisição no conjunto de tensões;Indication of persistent self-diagnosis of acquisition fault in the voltage set;;;;;;;;;;;;;;;SDp_BMC_$LPHD1$ST$ErrVol$stVal;;
58e24b21cc034870bdc682fab3454350;1;R;Bit;TabSelfDiagnosticsPersistent;Discrete input;915;Binary input;87;0;1;0;1;;;;0=Não\1=Sim;0=Off\1=On;;;;Público;Indicação de autodiagnóstico persistente de alta distorção harmônica - IA;Indication of persistent self-diagnosis of high harmonic distortion - IA;;;;;;;;;;;;;;;SDp_BMC_$ZBSH1$ST$ErrHA$stVal;;
7bd11860111a441fb578bda6dac15f73;1;R;Bit;TabSelfDiagnosticsPersistent;Discrete input;916;Binary input;88;0;1;0;1;;;;0=Não\1=Sim;0=Off\1=On;;;;Público;Indicação de autodiagnóstico persistente de alta distorção harmônica - IB;Indication of persistent self-diagnosis of high harmonic distortion - IB;;;;;;;;;;;;;;;SDp_BMC_$ZBSH2$ST$ErrHA$stVal;;
f0093869f3534b9994c9720b989be7f3;1;R;Bit;TabSelfDiagnosticsPersistent;Discrete input;917;Binary input;89;0;1;0;1;;;;0=Não\1=Sim;0=Off\1=On;;;;Público;Indicação de autodiagnóstico persistente de alta distorção harmônica - IC;Indication of persistent self-diagnosis of high harmonic distortion - IC;;;;;;;;;;;;;;;SDp_BMC_$ZBSH3$ST$ErrHA$stVal;;
3de2c3a27df043d395d2fe2f41645ffc;1;R;Bit;TabSelfDiagnosticsPersistent;Discrete input;918;Binary input;90;0;1;0;1;;;;0=Não\1=Sim;0=Off\1=On;;;;Público;Indicação de autodiagnóstico persistente de alta distorção harmônica - VA;Indication of persistent self-diagnosis of high harmonic distortion - VA;;;;;;;;;;;;;;;SDp_BMC_$ZBSH1$ST$ErrHVol$stVal;;
63960474b1ac4aab959cd1041ab90925;1;R;Bit;TabSelfDiagnosticsPersistent;Discrete input;919;Binary input;91;0;1;0;1;;;;0=Não\1=Sim;0=Off\1=On;;;;Público;Indicação de autodiagnóstico persistente de alta distorção harmônica - VB;Indication of persistent self-diagnosis of high harmonic distortion - VB;;;;;;;;;;;;;;;SDp_BMC_$ZBSH2$ST$ErrHVol$stVal;;
84a3cf6629574b93a940eaff76a48ea2;1;R;Bit;TabSelfDiagnosticsPersistent;Discrete input;920;Binary input;92;0;1;0;1;;;;0=Não\1=Sim;0=Off\1=On;;;;Público;Indicação de autodiagnóstico persistente de alta distorção harmônica - VC;Indication of persistent self-diagnosis of high harmonic distortion - VC;;;;;;;;;;;;;;;SDp_BMC_$ZBSH3$ST$ErrHVol$stVal;;
cb00dbbd4ae843709a8776515b140cd7;1;R;Bit;TabSelfDiagnosticsPersistent;Discrete input;921;Binary input;93;0;1;0;1;;;;0=Não\1=Sim;0=Off\1=On;;;;Público;Indicação de autodiagnóstico persistente de alto offset DC - IA;Indication of persistent self-diagnosis of high DC offset - IA;;;;;;;;;;;;;;;SDp_BMC_$ZBSH1$ST$ErrLeakA$stVal;;
61fdab628aec4aadb8cf6a69126d103f;1;R;Bit;TabSelfDiagnosticsPersistent;Discrete input;922;Binary input;94;0;1;0;1;;;;0=Não\1=Sim;0=Off\1=On;;;;Público;Indicação de autodiagnóstico persistente de alto offset DC - IB;Indication of persistent self-diagnosis of high DC offset - IB;;;;;;;;;;;;;;;SDp_BMC_$ZBSH2$ST$ErrLeakA$stVal;;
d18ff94fcec047f39391a4daf410ea16;1;R;Bit;TabSelfDiagnosticsPersistent;Discrete input;923;Binary input;95;0;1;0;1;;;;0=Não\1=Sim;0=Off\1=On;;;;Público;Indicação de autodiagnóstico persistente de alto offset DC - IC;Indication of persistent self-diagnosis of high DC offset - IC;;;;;;;;;;;;;;;SDp_BMC_$ZBSH3$ST$ErrLeakA$stVal;;
60983742ea47494e94caca3220d70ab1;1;R;Bit;TabSelfDiagnosticsPersistent;Discrete input;924;Binary input;96;0;1;0;1;;;;0=Não\1=Sim;0=Off\1=On;;;;Público;Indicação de autodiagnóstico persistente de alto offset DC - ISM;Indication of persistent self-diagnosis of high DC offset - ISM;;;;;;;;;;;;;;;SDp_BMC_$ZBSH4$ST$ErrSumMag$stVal;;
f6483af75f1740afa1c4e3f08079c527;1;R;Bit;TabSelfDiagnosticsPersistent;Discrete input;925;Binary input;97;0;1;0;1;;;;0=Não\1=Sim;0=Off\1=On;;;;Público;Indicação de autodiagnóstico persistente de alto offset DC - VA;Indication of persistent self-diagnosis of high DC offset - VA;;;;;;;;;;;;;;;SDp_BMC_$ZBSH1$ST$ErrVol$stVal;;
0c5ff5a355b94408bd4ff2409f298c59;1;R;Bit;TabSelfDiagnosticsPersistent;Discrete input;926;Binary input;98;0;1;0;1;;;;0=Não\1=Sim;0=Off\1=On;;;;Público;Indicação de autodiagnóstico persistente de alto offset DC - VB;Indication of persistent self-diagnosis of high DC offset - VB;;;;;;;;;;;;;;;SDp_BMC_$ZBSH2$ST$ErrVol$stVal;;
00370b783b034cb2a19a1dff67819444;1;R;Bit;TabSelfDiagnosticsPersistent;Discrete input;927;Binary input;99;0;1;0;1;;;;0=Não\1=Sim;0=Off\1=On;;;;Público;Indicação de autodiagnóstico persistente de alto offset DC - VC;Indication of persistent self-diagnosis of high DC offset - VC;;;;;;;;;;;;;;;SDp_BMC_$ZBSH3$ST$ErrVol$stVal;;
273845651cee461291b7f29a2122ba9c;1;R;Bit;TabSelfDiagnosticsPersistent;Discrete input;928;Binary input;100;0;1;0;1;;;;0=Não\1=Sim;0=Off\1=On;;;;Público;Indicação de autodiagnóstico persistente de baixa amplitude - IA;Indication of persistent self-diagnosis of low amplitude - IA;;;;;;;;;;;;;;;SDp_BMC_$ZBSH1$ST$ErrLoLeakA$stVal;;
710e5bca5c1e494ebe6a5ac438b9765c;1;R;Bit;TabSelfDiagnosticsPersistent;Discrete input;929;Binary input;101;0;1;0;1;;;;0=Não\1=Sim;0=Off\1=On;;;;Público;Indicação de autodiagnóstico persistente de baixa amplitude - IB;Indication of persistent self-diagnosis of low amplitude - IB;;;;;;;;;;;;;;;SDp_BMC_$ZBSH2$ST$ErrLoLeakA$stVal;;
6b1569a138c048ca9516e223daf5134b;1;R;Bit;TabSelfDiagnosticsPersistent;Discrete input;930;Binary input;102;0;1;0;1;;;;0=Não\1=Sim;0=Off\1=On;;;;Público;Indicação de autodiagnóstico persistente de baixa amplitude - IC;Indication of persistent self-diagnosis of low amplitude - IC;;;;;;;;;;;;;;;SDp_BMC_$ZBSH3$ST$ErrLoLeakA$stVal;;
c0701dec18b94305b25e69996d98e011;1;R;Bit;TabSelfDiagnosticsPersistent;Discrete input;931;Binary input;103;0;1;0;1;;;;0=Não\1=Sim;0=Off\1=On;;;;Público;Indicação de autodiagnóstico persistente de baixa amplitude - VA;Indication of persistent self-diagnosis of low amplitude - VA;;;;;;;;;;;;;;;SDp_BMC_$ZBSH1$ST$ErrLoVol$stVal;;
5c8f0cac4b544f4996388acc646bc932;1;R;Bit;TabSelfDiagnosticsPersistent;Discrete input;932;Binary input;104;0;1;0;1;;;;0=Não\1=Sim;0=Off\1=On;;;;Público;Indicação de autodiagnóstico persistente de baixa amplitude - VB;Indication of persistent self-diagnosis of low amplitude - VB;;;;;;;;;;;;;;;SDp_BMC_$ZBSH2$ST$ErrLoVol$stVal;;
b5bb78c388a64eda9bf056c53e125607;1;R;Bit;TabSelfDiagnosticsPersistent;Discrete input;933;Binary input;105;0;1;0;1;;;;0=Não\1=Sim;0=Off\1=On;;;;Público;Indicação de autodiagnóstico persistente de baixa amplitude - VC;Indication of persistent self-diagnosis of low amplitude - VC;;;;;;;;;;;;;;;SDp_BMC_$ZBSH3$ST$ErrLoVol$stVal;;
2e564b06dc5943fb94a436b8a77046bc;1;R;Bit;TabSelfDiagnosticsPersistent;Discrete input;934;Binary input;106;0;1;0;1;;;;0=Não\1=Sim;0=Off\1=On;;;;Público;Indicação de autodiagnóstico persistente de alto desvio da frequência nominal - IA;Indication of persistent self-diagnosis of high deviation from nominal frequency - IA;;;;;;;;;;;;;;;SDp_BMC_$ZBSH1$ST$ErrHzLeakA$stVal;;
7372680fa3c64dfd80ab07e3bdf7855b;1;R;Bit;TabSelfDiagnosticsPersistent;Discrete input;935;Binary input;107;0;1;0;1;;;;0=Não\1=Sim;0=Off\1=On;;;;Público;Indicação de autodiagnóstico persistente de alto desvio da frequência nominal - IB;Indication of persistent self-diagnosis of high deviation from nominal frequency - IB;;;;;;;;;;;;;;;SDp_BMC_$ZBSH2$ST$ErrHzLeakA$stVal;;
547d7bc4bcb1448ba04c59d85e428885;1;R;Bit;TabSelfDiagnosticsPersistent;Discrete input;936;Binary input;108;0;1;0;1;;;;0=Não\1=Sim;0=Off\1=On;;;;Público;Indicação de autodiagnóstico persistente de alto desvio da frequência nominal - IC;Indication of persistent self-diagnosis of high deviation from nominal frequency - IC;;;;;;;;;;;;;;;SDp_BMC_$ZBSH3$ST$ErrHzLeakA$stVal;;
fe6e2cee27814a46a4fb7fff73597bbd;1;R;Bit;TabSelfDiagnosticsPersistent;Discrete input;937;Binary input;109;0;1;0;1;;;;0=Não\1=Sim;0=Off\1=On;;;;Público;Indicação de autodiagnóstico persistente de alto desvio da frequência nominal - ISM;Indication of persistent self-diagnosis of high deviation from nominal frequency - ISM;;;;;;;;;;;;;;;SDp_BMC_$ZBSH4$ST$ErrOfsMag$stVal;;
2f816432a74543d89fccb7dcf26b169a;1;R;Bit;TabSelfDiagnosticsPersistent;Discrete input;938;Binary input;110;0;1;0;1;;;;0=Não\1=Sim;0=Off\1=On;;;;Público;Indicação de autodiagnóstico persistente de alto desvio da frequência nominal - ISC;Indication of persistent self-diagnosis of high deviation from nominal frequency - ISC;;;;;;;;;;;;;;;SDp_BMC_$ZBSH4$ST$ErrOfsCalc$stVal;;
4f5bade1c2e648f58bbec4117429eab2;1;R;Bit;TabSelfDiagnosticsPersistent;Discrete input;939;Binary input;111;0;1;0;1;;;;0=Não\1=Sim;0=Off\1=On;;;;Público;Indicação de autodiagnóstico persistente de alto desvio da frequência nominal - VA;Indication of persistent self-diagnosis of high deviation from nominal frequency - VA;;;;;;;;;;;;;;;SDp_BMC_$ZBSH1$ST$ErrHzVol$stVal;;
28aa9860a5214fac853de680bfd5962a;1;R;Bit;TabSelfDiagnosticsPersistent;Discrete input;940;Binary input;112;0;1;0;1;;;;0=Não\1=Sim;0=Off\1=On;;;;Público;Indicação de autodiagnóstico persistente de alto desvio da frequência nominal - VB;Indication of persistent self-diagnosis of high deviation from nominal frequency - VB;;;;;;;;;;;;;;;SDp_BMC_$ZBSH2$ST$ErrHzVol$stVal;;
d6d51dd57d374865b3b4e9c6e767ee7f;1;R;Bit;TabSelfDiagnosticsPersistent;Discrete input;941;Binary input;113;0;1;0;1;;;;0=Não\1=Sim;0=Off\1=On;;;;Público;Indicação de autodiagnóstico persistente de alto desvio da frequência nominal - VC;Indication of persistent self-diagnosis of high deviation from nominal frequency - VC;;;;;;;;;;;;;;;SDp_BMC_$ZBSH3$ST$ErrHzVol$stVal;;
32657f5ea78b4797a1a04b2321c00011;1;R;Bit;TabSelfDiagnosticsPersistent;Discrete input;942;Binary input;114;0;1;0;1;;;;0=Não\1=Sim;0=Off\1=On;;;;Público;Indicação de autodiagnóstico persistente de ângulo impreciso - IA;Indication of persistent self-diagnosis of imprecise angle - IA;;;;;;;;;;;;;;;SDp_BMC_$ZBSH1$ST$ErrAngLeakA$stVal;;
123f2a607ece48cc8996d5e20a9950dc;1;R;Bit;TabSelfDiagnosticsPersistent;Discrete input;943;Binary input;115;0;1;0;1;;;;0=Não\1=Sim;0=Off\1=On;;;;Público;Indicação de autodiagnóstico persistente de ângulo impreciso - IB;Indication of persistent self-diagnosis of imprecise angle - IB;;;;;;;;;;;;;;;SDp_BMC_$ZBSH2$ST$ErrAngLeakA$stVal;;
d90e94deb69c42baa70f8cdb9c5e8103;1;R;Bit;TabSelfDiagnosticsPersistent;Discrete input;944;Binary input;116;0;1;0;1;;;;0=Não\1=Sim;0=Off\1=On;;;;Público;Indicação de autodiagnóstico persistente de ângulo impreciso - IC;Indication of persistent self-diagnosis of imprecise angle - IC;;;;;;;;;;;;;;;SDp_BMC_$ZBSH3$ST$ErrAngLeakA$stVal;;
84116300832d4641a5d109eb43e2cc7b;1;R;Bit;TabSelfDiagnosticsPersistent;Discrete input;945;Binary input;117;0;1;0;1;;;;0=Não\1=Sim;0=Off\1=On;;;;Público;Indicação de autodiagnóstico persistente de ângulo impreciso - ISM;Indication of persistent self-diagnosis of imprecise angle - ISM;;;;;;;;;;;;;;;SDp_BMC_$ZBSH4$ST$ErrMag$stVal;;
bcb451653ae849f1a17a1ad8485a50e4;1;R;Bit;TabSelfDiagnosticsPersistent;Discrete input;946;Binary input;118;0;1;0;1;;;;0=Não\1=Sim;0=Off\1=On;;;;Público;Indicação de autodiagnóstico persistente de ângulo impreciso - ISC;Indication of persistent self-diagnosis of imprecise angle - ISC;;;;;;;;;;;;;;;SDp_BMC_$ZBSH4$ST$ErrCalc$stVal;;
6414984c3c39418fad5c72d61c511c0d;1;R;Bit;TabSelfDiagnosticsPersistent;Discrete input;947;Binary input;119;0;1;0;1;;;;0=Não\1=Sim;0=Off\1=On;;;;Público;Indicação de autodiagnóstico persistente de ângulo impreciso - VA;Indication of persistent self-diagnosis of imprecise angle - VA;;;;;;;;;;;;;;;SDp_BMC_$ZBSH1$ST$ErrAngVol$stVal;;
ce4f446af74c45d89938dca16dd85671;1;R;Bit;TabSelfDiagnosticsPersistent;Discrete input;948;Binary input;120;0;1;0;1;;;;0=Não\1=Sim;0=Off\1=On;;;;Público;Indicação de autodiagnóstico persistente de ângulo impreciso - VB;Indication of persistent self-diagnosis of imprecise angle - VB;;;;;;;;;;;;;;;SDp_BMC_$ZBSH2$ST$ErrAngVol$stVal;;
33db96b8e4954bed907d7ffcb5519e03;1;R;Bit;TabSelfDiagnosticsPersistent;Discrete input;949;Binary input;121;0;1;0;1;;;;0=Não\1=Sim;0=Off\1=On;;;;Público;Indicação de autodiagnóstico persistente de ângulo impreciso - VC;Indication of persistent self-diagnosis of imprecise angle - VC;;;;;;;;;;;;;;;SDp_BMC_$ZBSH3$ST$ErrAngVol$stVal;;
4bc4ec49e3b6472fafaf210790fb8310;1;R;Bit;TabSelfDiagnosticsPersistent;Discrete input;950;Binary input;122;0;1;0;1;;;;0=Não\1=Sim;0=Off\1=On;;;;Público;Indicação de autodiagnóstico persistente de fundamental indeterminada - IA;Indication of persistent self-diagnosis of fundamental indeterminacy - IA;;;;;;;;;;;;;;;SDp_BMC_$ZBSH1$ST$ErrARtg$stVal;;
958b57c9a3ee4f8fbac3ea549403971b;1;R;Bit;TabSelfDiagnosticsPersistent;Discrete input;951;Binary input;123;0;1;0;1;;;;0=Não\1=Sim;0=Off\1=On;;;;Público;Indicação de autodiagnóstico persistente de fundamental indeterminada - IB;Indication of persistent self-diagnosis of fundamental indeterminacy - IB;;;;;;;;;;;;;;;SDp_BMC_$ZBSH2$ST$ErrARtg$stVal;;
9c21862b2a2240a0a0c3aea34519fa40;1;R;Bit;TabSelfDiagnosticsPersistent;Discrete input;952;Binary input;124;0;1;0;1;;;;0=Não\1=Sim;0=Off\1=On;;;;Público;Indicação de autodiagnóstico persistente de fundamental indeterminada - IC;Indication of persistent self-diagnosis of fundamental indeterminacy - IC;;;;;;;;;;;;;;;SDp_BMC_$ZBSH3$ST$ErrARtg$stVal;;
435475af788347a39a806db69548c7a7;1;R;Bit;TabSelfDiagnosticsPersistent;Discrete input;953;Binary input;125;0;1;0;1;;;;0=Não\1=Sim;0=Off\1=On;;;;Público;Indicação de autodiagnóstico persistente de fundamental indeterminada - ISM;Indication of persistent self-diagnosis of fundamental indeterminacy - ISM;;;;;;;;;;;;;;;SDp_BMC_$ZBSH4$ST$ErrMag2$stVal;;
24e0d2cb396243929c0672804c282672;1;R;Bit;TabSelfDiagnosticsPersistent;Discrete input;954;Binary input;126;0;1;0;1;;;;0=Não\1=Sim;0=Off\1=On;;;;Público;Indicação de autodiagnóstico persistente de fundamental indeterminada - ISC;Indication of persistent self-diagnosis of fundamental indeterminacy - ISC;;;;;;;;;;;;;;;SDp_BMC_$ZBSH4$ST$ErrCalc2$stVal;;
c0c3076cd2e54d998e5aab48890d79c0;1;R;Bit;TabSelfDiagnosticsPersistent;Discrete input;955;Binary input;127;0;1;0;1;;;;0=Não\1=Sim;0=Off\1=On;;;;Público;Indicação de autodiagnóstico persistente de fundamental indeterminada - VA;Indication of persistent self-diagnosis of fundamental indeterminacy - VA;;;;;;;;;;;;;;;SDp_BMC_$ZBSH1$ST$ErrVRtg$stVal;;
b49825a01cdf4f06aa63ce456f889938;1;R;Bit;TabSelfDiagnosticsPersistent;Discrete input;956;Binary input;128;0;1;0;1;;;;0=Não\1=Sim;0=Off\1=On;;;;Público;Indicação de autodiagnóstico persistente de fundamental indeterminada - VB;Indication of persistent self-diagnosis of fundamental indeterminacy - VB;;;;;;;;;;;;;;;SDp_BMC_$ZBSH2$ST$ErrVRtg$stVal;;
23800410983d41a3ac5788f102a865d5;1;R;Bit;TabSelfDiagnosticsPersistent;Discrete input;957;Binary input;129;0;1;0;1;;;;0=Não\1=Sim;0=Off\1=On;;;;Público;Indicação de autodiagnóstico persistente de fundamental indeterminada - VC;Indication of persistent self-diagnosis of fundamental indeterminacy - VC;;;;;;;;;;;;;;;SDp_BMC_$ZBSH3$ST$ErrVRtg$stVal;;
ec4b0a61d39c4c1f93bb121084b661e8;1;R;Bit;TabSelfDiagnosticsPersistent;Discrete input;958;Binary input;130;0;1;0;1;;;;0=Não\1=Sim;0=Off\1=On;;;;Público;Indicação de autodiagnóstico persistente de proximidade da saturação - IA;Indication of persistent self-diagnosis of proximity to saturation - IA;;;;;;;;;;;;;;;SDp_BMC_$ZBSH1$ST$ErrLeakA1$stVal;;
498385c3955441a1bc769ac25f1e140f;1;R;Bit;TabSelfDiagnosticsPersistent;Discrete input;959;Binary input;131;0;1;0;1;;;;0=Não\1=Sim;0=Off\1=On;;;;Público;Indicação de autodiagnóstico persistente de proximidade da saturação - IB;Indication of persistent self-diagnosis of proximity to saturation - IB;;;;;;;;;;;;;;;SDp_BMC_$ZBSH2$ST$ErrLeakA1$stVal;;
7b96802f0fdc44afb28697d067154a07;1;R;Bit;TabSelfDiagnosticsPersistent;Discrete input;960;Binary input;132;0;1;0;1;;;;0=Não\1=Sim;0=Off\1=On;;;;Público;Indicação de autodiagnóstico persistente de proximidade da saturação - IC;Indication of persistent self-diagnosis of proximity to saturation - IC;;;;;;;;;;;;;;;SDp_BMC_$ZBSH3$ST$ErrLeakA1$stVal;;
b2c0c66247d44783bb615f58319e0afd;1;R;Bit;TabSelfDiagnosticsPersistent;Discrete input;961;Binary input;133;0;1;0;1;;;;0=Não\1=Sim;0=Off\1=On;;;;Público;Indicação de autodiagnóstico persistente de proximidade da saturação - ISM;Indication of persistent self-diagnosis of proximity to saturation - ISM;;;;;;;;;;;;;;;SDp_BMC_$ZBSH4$ST$ErrSumMag3$stVal;;
85bb70d2c9e8405cbfb81cd153cd146d;1;R;Bit;TabSelfDiagnosticsPersistent;Discrete input;962;Binary input;134;0;1;0;1;;;;0=Não\1=Sim;0=Off\1=On;;;;Público;Indicação de autodiagnóstico persistente de proximidade da saturação - ISC;Indication of persistent self-diagnosis of proximity to saturation - ISC;;;;;;;;;;;;;;;SDp_BMC_$ZBSH4$ST$ErrSumCalc3$stVal;;
d90edf43e3a84f0187ab2e68033498f3;1;R;Bit;TabSelfDiagnosticsPersistent;Discrete input;963;Binary input;135;0;1;0;1;;;;0=Não\1=Sim;0=Off\1=On;;;;Público;Indicação de autodiagnóstico persistente de proximidade da saturação - VA;Indication of persistent self-diagnosis of proximity to saturation - VA;;;;;;;;;;;;;;;SDp_BMC_$ZBSH1$ST$ErrVol0$stVal;;
eed558fa946245ccb7422592bbc46700;1;R;Bit;TabSelfDiagnosticsPersistent;Discrete input;964;Binary input;136;0;1;0;1;;;;0=Não\1=Sim;0=Off\1=On;;;;Público;Indicação de autodiagnóstico persistente de proximidade da saturação - VB;Indication of persistent self-diagnosis of proximity to saturation - VB;;;;;;;;;;;;;;;SDp_BMC_$ZBSH2$ST$ErrVol0$stVal;;
e7da96c144014141afadae0fb0d79700;1;R;Bit;TabSelfDiagnosticsPersistent;Discrete input;965;Binary input;137;0;1;0;1;;;;0=Não\1=Sim;0=Off\1=On;;;;Público;Indicação de autodiagnóstico persistente de proximidade da saturação - VC;Indication of persistent self-diagnosis of proximity to saturation - VC;;;;;;;;;;;;;;;SDp_BMC_$ZBSH3$ST$ErrVol0$stVal;;
d151b8c1d8fc44f985adfa449f150f7b;1;R;Bit;TabSelfDiagnosticsPersistent;Discrete input;966;Binary input;138;0;1;0;1;;;;0=Não\1=Sim;0=Off\1=On;;;;Público;Indicação de autodiagnóstico persistente de erro no circuito de calibração do PT100;Indication of persistent self-diagnosis of PT100 calibration circuit error;;;;;;;;;;;;;;;;;
6b86506a8b724e4fa3465a0c48e57819;1;R;Bit;TabSelfDiagnosticsPersistent;Discrete input;967;Binary input;139;0;1;0;1;;;;0=Não\1=Sim;0=Off\1=On;;;;Público;Indicação de autodiagnóstico persistente de erro de calibração do PT100;Indication of persistent self-diagnosis of PT100 calibration error;;;;;;;;;;;;;;;;;
7652b1c9cab0418da3a6c8f3ff95f040;1;R;Bit;TabSelfDiagnosticsPersistent;Discrete input;968;Binary input;140;0;1;0;1;;;;0=Não\1=Sim;0=Off\1=On;;;;Público;Indicação de autodiagnóstico persistente de falha genérica de leitura do PT100;Indication of persistent self-diagnosis of PT100 generic reading failure;;;;;;;;;;;;;;;;;
2115bafdd04443a880ff3dd413ee8e19;1;R;Bit;TabSelfDiagnosticsPersistent;Discrete input;969;Binary input;141;0;1;0;1;;;;0=Não\1=Sim;0=Off\1=On;;;;Público;Indicação de autodiagnóstico persistente de salto no PT100;Indication of persistent self-diagnosis of PT100 jump;;;;;;;;;;;;;;;;;
3d677e5ce6dd4148ae4825c92723de47;1;R;Bit;TabSelfDiagnosticsPersistent;Discrete input;970;Binary input;142;0;1;0;1;;;;0=Não\1=Sim;0=Off\1=On;;;;Público;Indicação de autodiagnóstico persistente de overflow no PT100;Indication of persistent self-diagnosis of PT100 overflow;;;;;;;;;;;;;;;;;
;;;;;;;;;;;;;;;;;;;;;;;;;;;;;;;;;;;;;;;;
eb0a699a70ad4fcb87c3138620e92d92;1;R;Bit;TabSelfDiagnosticsMemory;Discrete input;1000;Binary input;143;0;1;0;1;;;;0=Não\1=Sim;0=Off\1=On;;;;Público;Indicação de memória de autodiagnóstico de flash externa;Indication of self-diagnosis memory of external flash memory;;;;;;;;;;;;;;;;;
e03cb3ab38fb4363bc8708db11751cde;1;R;Bit;TabSelfDiagnosticsMemory;Discrete input;1001;Binary input;144;0;1;0;1;;;;0=Não\1=Sim;0=Off\1=On;;;;Público;Indicação de memória de autodiagnóstico de flash interna;Indication of self-diagnosis memory of internal flash memory;;;;;;;;;;;;;;;;;
f25095f6ee5941989f67172e64c6b279;1;R;Bit;TabSelfDiagnosticsMemory;Discrete input;1002;Binary input;145;0;1;0;1;;;;0=Não\1=Sim;0=Off\1=On;;;;Público;Indicação de memória de autodiagnóstico de sensor de temperatura;Indication of self-diagnosis memory of the temperature sensor;;;;;;;;;;;;;;;;;
1cc0a1821b8b4af5b01ad8dcedbe6f86;1;R;Bit;TabSelfDiagnosticsMemory;Discrete input;1003;Binary input;146;0;1;0;1;;;;0=Não\1=Sim;0=Off\1=On;;;;Público;Indicação de memória de autodiagnóstico de RTC;Indication of self-diagnosis memory of RTC;;;;;;;;;;;;;;;;;
84828af6e1fa4576a10f7529d5b1de80;1;R;Bit;TabSelfDiagnosticsMemory;Discrete input;1004;Binary input;147;0;1;0;1;;;;0=Não\1=Sim;0=Off\1=On;;;;Público;Indicação de memória de autodiagnóstico de relé seguro;Indication of self-diagnosis memory of the safety relay;;;;;;;;;;;;;;;;;
580bbbede85e43049329b810902437dc;1;R;Bit;TabSelfDiagnosticsMemory;Discrete input;1005;Binary input;148;0;1;0;1;;;;0=Não\1=Sim;0=Off\1=On;;;;Público;Indicação de memória de autodiagnóstico de baixo aproveitamento estatístico;Indication of self-diagnosis memory of low statistical utilization;;;;;;;;;;;;;;;;;
4c830d0a84684067bf57d7f15c1aa3b2;1;R;Bit;TabSelfDiagnosticsMemory;Discrete input;1006;Binary input;149;0;1;0;1;;;;0=Não\1=Sim;0=Off\1=On;;;;Público;Indicação de memória de autodiagnóstico de tolerância angular na amostra de banco;Indication of self-diagnosis memory of angular tolerance in the bank sample;;;;;;;;;;;;;;;;;
28f7024086024f169d29dbf75c79edca;1;R;Bit;TabSelfDiagnosticsMemory;Discrete input;1007;Binary input;150;0;1;0;1;;;;0=Não\1=Sim;0=Off\1=On;;;;Público;Indicação de memória de autodiagnóstico de offset persistente na amostra de banco;Indication of self-diagnosis memory of persistent offset in the sample bank;;;;;;;;;;;;;;;;;
19db7c68f491408c98895cc8b9fd21b9;1;R;Bit;TabSelfDiagnosticsMemory;Discrete input;1008;Binary input;151;0;1;0;1;;;;0=Não\1=Sim;0=Off\1=On;;;;Público;Indicação de memória de autodiagnóstico de muitas amostras corrompidas em banco;Indication of self-diagnosis memory of many corrupted samples in the memory bank;;;;;;;;;;;;;;;;;
1db0d1f2685c4232a5e78e4cf7d5fbb9;1;R;Bit;TabSelfDiagnosticsMemory;Discrete input;1009;Binary input;152;0;1;0;1;;;;0=Não\1=Sim;0=Off\1=On;;;;Público;Indicação de memória de autodiagnóstico de ângulos imprecisos (geral);Indication of self-diagnosis memory of imprecise angles (general);;;;;;;;;;;;;;;;;
9c38b8ab3eb848e390f55d0d99cb6109;1;R;Bit;TabSelfDiagnosticsMemory;Discrete input;1010;Binary input;153;0;1;0;1;;;;0=Não\1=Sim;0=Off\1=On;;;;Público;Indicação de memória de autodiagnóstico de discrepância entre frequências no conjunto de correntes;Indication of self-diagnosis memory of  discrepancy between frequencies in the set of currents.;;;;;;;;;;;;;;;;;
42c4ed9e9a554d329661b21a5fb75dac;1;R;Bit;TabSelfDiagnosticsMemory;Discrete input;1011;Binary input;154;0;1;0;1;;;;0=Não\1=Sim;0=Off\1=On;;;;Público;Indicação de memória de autodiagnóstico de discrepância entre frequências no conjunto de tensões;Indication of self-diagnosis memory of discrepancy between frequencies in the voltage set;;;;;;;;;;;;;;;;;
f893279b1bc14e2891ceed036b4c7f55;1;R;Bit;TabSelfDiagnosticsMemory;Discrete input;1012;Binary input;155;0;1;0;1;;;;0=Não\1=Sim;0=Off\1=On;;;;Público;Indicação de memória de autodiagnóstico de somatória inconsistente no conjunto de correntes;Indication of self-diagnosis memory of inconsistent summation in the set of currents;;;;;;;;;;;;;;;;;
2374919ca03e4094a6161727e2019d3f;1;R;Bit;TabSelfDiagnosticsMemory;Discrete input;1013;Binary input;156;0;1;0;1;;;;0=Não\1=Sim;0=Off\1=On;;;;Público;Indicação de memória de autodiagnóstico de problema de aquisição no conjunto de correntes;Indication of self-diagnosis memory of an acquisition problem in the set of currents;;;;;;;;;;;;;;;;;
c7184813b7fd44ccbb4d43768c640c57;1;R;Bit;TabSelfDiagnosticsMemory;Discrete input;1014;Binary input;157;0;1;0;1;;;;0=Não\1=Sim;0=Off\1=On;;;;Público;Indicação de memória de autodiagnóstico de problema de aquisição no conjunto de tensões;Indication of self-diagnosis memory of a data acquisition problem in the voltage set;;;;;;;;;;;;;;;;;
986fa2a22bb5489193a6d4da658e8019;1;R;Bit;TabSelfDiagnosticsMemory;Discrete input;1015;Binary input;158;0;1;0;1;;;;0=Não\1=Sim;0=Off\1=On;;;;Público;Indicação de memória de autodiagnóstico de alta distorção harmônica - IA;Indication of self-diagnosis memory of high harmonic distortion - IA;;;;;;;;;;;;;;;;;
3b5d809e8144415cbb794a12efb80f6b;1;R;Bit;TabSelfDiagnosticsMemory;Discrete input;1016;Binary input;159;0;1;0;1;;;;0=Não\1=Sim;0=Off\1=On;;;;Público;Indicação de memória de autodiagnóstico de alta distorção harmônica - IB;Indication of self-diagnosis memory of high harmonic distortion - IB;;;;;;;;;;;;;;;;;
e485a512a4264e6ba460eb44e18c9454;1;R;Bit;TabSelfDiagnosticsMemory;Discrete input;1017;Binary input;160;0;1;0;1;;;;0=Não\1=Sim;0=Off\1=On;;;;Público;Indicação de memória de autodiagnóstico de alta distorção harmônica - IC;Indication of self-diagnosis memory of high harmonic distortion - IC;;;;;;;;;;;;;;;;;
aef67b31f67c4e4393ee6ff751ef0e1b;1;R;Bit;TabSelfDiagnosticsMemory;Discrete input;1018;Binary input;161;0;1;0;1;;;;0=Não\1=Sim;0=Off\1=On;;;;Público;Indicação de memória de autodiagnóstico de alta distorção harmônica - VA;Indication of self-diagnosis memory of high harmonic distortion - VA;;;;;;;;;;;;;;;;;
2339ca6503e14b5b8eb05a8c696339b7;1;R;Bit;TabSelfDiagnosticsMemory;Discrete input;1019;Binary input;162;0;1;0;1;;;;0=Não\1=Sim;0=Off\1=On;;;;Público;Indicação de memória de autodiagnóstico de alta distorção harmônica - VB;Indication of self-diagnosis memory of high harmonic distortion - VB;;;;;;;;;;;;;;;;;
208d6db362644f71b5cb9ae4a19eeb23;1;R;Bit;TabSelfDiagnosticsMemory;Discrete input;1020;Binary input;163;0;1;0;1;;;;0=Não\1=Sim;0=Off\1=On;;;;Público;Indicação de memória de autodiagnóstico de alta distorção harmônica - VC;Indication of self-diagnosis memory of high harmonic distortion - VC;;;;;;;;;;;;;;;;;
41ae683c209d496e847283567ad7475e;1;R;Bit;TabSelfDiagnosticsMemory;Discrete input;1021;Binary input;164;0;1;0;1;;;;0=Não\1=Sim;0=Off\1=On;;;;Público;Indicação de memória de autodiagnóstico de alto offset DC - IA;Indication of self-diagnosis memory of high DC offset - IA;;;;;;;;;;;;;;;;;
c62c8273c5f741bdb9fa92e0c7617d28;1;R;Bit;TabSelfDiagnosticsMemory;Discrete input;1022;Binary input;165;0;1;0;1;;;;0=Não\1=Sim;0=Off\1=On;;;;Público;Indicação de memória de autodiagnóstico de alto offset DC - IB;Indication of self-diagnosis memory of high DC offset - IB;;;;;;;;;;;;;;;;;
2d936e6147e04d1ab46907f99382aa21;1;R;Bit;TabSelfDiagnosticsMemory;Discrete input;1023;Binary input;166;0;1;0;1;;;;0=Não\1=Sim;0=Off\1=On;;;;Público;Indicação de memória de autodiagnóstico de alto offset DC - IC;Indication of self-diagnosis memory of high DC offset - IC;;;;;;;;;;;;;;;;;
20fec93e2f4f49c0bdd589f8fbd4340f;1;R;Bit;TabSelfDiagnosticsMemory;Discrete input;1024;Binary input;167;0;1;0;1;;;;0=Não\1=Sim;0=Off\1=On;;;;Público;Indicação de memória de autodiagnóstico de alto offset DC - ISM;Indication of self-diagnosis memory of high DC offset - ISM;;;;;;;;;;;;;;;;;
9a8046d227c64d5487c908548659d612;1;R;Bit;TabSelfDiagnosticsMemory;Discrete input;1025;Binary input;168;0;1;0;1;;;;0=Não\1=Sim;0=Off\1=On;;;;Público;Indicação de memória de autodiagnóstico de alto offset DC - VA;Indication of self-diagnosis memory of high DC offset - VA;;;;;;;;;;;;;;;;;
32aac02942484b4692840209669f5be0;1;R;Bit;TabSelfDiagnosticsMemory;Discrete input;1026;Binary input;169;0;1;0;1;;;;0=Não\1=Sim;0=Off\1=On;;;;Público;Indicação de memória de autodiagnóstico de alto offset DC - VB;Indication of self-diagnosis memory of high DC offset - VB;;;;;;;;;;;;;;;;;
26a40e8f52e34745b97bcc52b352fc7a;1;R;Bit;TabSelfDiagnosticsMemory;Discrete input;1027;Binary input;170;0;1;0;1;;;;0=Não\1=Sim;0=Off\1=On;;;;Público;Indicação de memória de autodiagnóstico de alto offset DC - VC;Indication of self-diagnosis memory of high DC offset - VC;;;;;;;;;;;;;;;;;
181fea6e136842f2ab6a6ad16de98070;1;R;Bit;TabSelfDiagnosticsMemory;Discrete input;1028;Binary input;171;0;1;0;1;;;;0=Não\1=Sim;0=Off\1=On;;;;Público;Indicação de memória de autodiagnóstico de baixa amplitude - IA;Indication of self-diagnosis memory of low-amplitude - IA;;;;;;;;;;;;;;;;;
8f0b96c37773423cb27149e10ef18ff5;1;R;Bit;TabSelfDiagnosticsMemory;Discrete input;1029;Binary input;172;0;1;0;1;;;;0=Não\1=Sim;0=Off\1=On;;;;Público;Indicação de memória de autodiagnóstico de baixa amplitude - IB;Indication of self-diagnosis memory of low-amplitude - IB;;;;;;;;;;;;;;;;;
dc05a7547e5f417bb8f239596ed04d5d;1;R;Bit;TabSelfDiagnosticsMemory;Discrete input;1030;Binary input;173;0;1;0;1;;;;0=Não\1=Sim;0=Off\1=On;;;;Público;Indicação de memória de autodiagnóstico de baixa amplitude - IC;Indication of self-diagnosis memory of low-amplitude - IC;;;;;;;;;;;;;;;;;
0a30ea7e8ef64dbc9cb21754baeb1bd2;1;R;Bit;TabSelfDiagnosticsMemory;Discrete input;1031;Binary input;174;0;1;0;1;;;;0=Não\1=Sim;0=Off\1=On;;;;Público;Indicação de memória de autodiagnóstico de baixa amplitude - VA;Indication of self-diagnosis memory of low amplitude - VA;;;;;;;;;;;;;;;;;
ef69b1a121604010a7b9bca7879d4bb8;1;R;Bit;TabSelfDiagnosticsMemory;Discrete input;1032;Binary input;175;0;1;0;1;;;;0=Não\1=Sim;0=Off\1=On;;;;Público;Indicação de memória de autodiagnóstico de baixa amplitude - VB;Indication of self-diagnosis memory of low-amplitude - VB;;;;;;;;;;;;;;;;;
094e49fee6674ad4977bd105f2f555b2;1;R;Bit;TabSelfDiagnosticsMemory;Discrete input;1033;Binary input;176;0;1;0;1;;;;0=Não\1=Sim;0=Off\1=On;;;;Público;Indicação de memória de autodiagnóstico de baixa amplitude - VC;Indication of self-diagnosis memory of low-amplitude - VC;;;;;;;;;;;;;;;;;
0f55c93418514a14ad3ae2a5296be531;1;R;Bit;TabSelfDiagnosticsMemory;Discrete input;1034;Binary input;177;0;1;0;1;;;;0=Não\1=Sim;0=Off\1=On;;;;Público;Indicação de memória de autodiagnóstico de alto desvio da frequência nominal - IA;Indication of self-diagnosis memory of high deviation of nominal frequency - IA;;;;;;;;;;;;;;;;;
578fdb4e70a64ab99661aebc1c1972fa;1;R;Bit;TabSelfDiagnosticsMemory;Discrete input;1035;Binary input;178;0;1;0;1;;;;0=Não\1=Sim;0=Off\1=On;;;;Público;Indicação de memória de autodiagnóstico de alto desvio da frequência nominal - IB;Indication of self-diagnosis memory of high deviation of nominal frequency - IB;;;;;;;;;;;;;;;;;
bab4418f272644fb9ba2cc5061b78794;1;R;Bit;TabSelfDiagnosticsMemory;Discrete input;1036;Binary input;179;0;1;0;1;;;;0=Não\1=Sim;0=Off\1=On;;;;Público;Indicação de memória de autodiagnóstico de alto desvio da frequência nominal - IC;Indication of self-diagnosis memory of high deviation of nominal frequency - IC;;;;;;;;;;;;;;;;;
965970ae8b914b548f42d8ff10c74d99;1;R;Bit;TabSelfDiagnosticsMemory;Discrete input;1037;Binary input;180;0;1;0;1;;;;0=Não\1=Sim;0=Off\1=On;;;;Público;Indicação de memória de autodiagnóstico de alto desvio da frequência nominal - ISM;Indication of self-diagnosis memory of high deviation of nominal frequency - ISM;;;;;;;;;;;;;;;;;
9b99ddf095bf485c94a73e6f3a8f2010;1;R;Bit;TabSelfDiagnosticsMemory;Discrete input;1038;Binary input;181;0;1;0;1;;;;0=Não\1=Sim;0=Off\1=On;;;;Público;Indicação de memória de autodiagnóstico de alto desvio da frequência nominal - ISC;Indication of self-diagnosis memory of high deviation of nominal frequency - ISC;;;;;;;;;;;;;;;;;
40b7b5a5cb874cb4a611001979026094;1;R;Bit;TabSelfDiagnosticsMemory;Discrete input;1039;Binary input;182;0;1;0;1;;;;0=Não\1=Sim;0=Off\1=On;;;;Público;Indicação de memória de autodiagnóstico de alto desvio da frequência nominal - VA;Indication of self-diagnosis memory of high deviation of nominal frequency - VA;;;;;;;;;;;;;;;;;
579b0bdf893f4ba7813c0bc94f7e4d6a;1;R;Bit;TabSelfDiagnosticsMemory;Discrete input;1040;Binary input;183;0;1;0;1;;;;0=Não\1=Sim;0=Off\1=On;;;;Público;Indicação de memória de autodiagnóstico de alto desvio da frequência nominal - VB;Indication of self-diagnosis memory of high deviation of nominal frequency - VB;;;;;;;;;;;;;;;;;
aa42026b154d4a32b40ca50a6c6588e2;1;R;Bit;TabSelfDiagnosticsMemory;Discrete input;1041;Binary input;184;0;1;0;1;;;;0=Não\1=Sim;0=Off\1=On;;;;Público;Indicação de memória de autodiagnóstico de alto desvio da frequência nominal - VC;Indication of self-diagnosis memory of high deviation of nominal frequency - VC;;;;;;;;;;;;;;;;;
27c42d31df41441b814c0c623e0481ff;1;R;Bit;TabSelfDiagnosticsMemory;Discrete input;1042;Binary input;185;0;1;0;1;;;;0=Não\1=Sim;0=Off\1=On;;;;Público;Indicação de memória de autodiagnóstico de ângulo impreciso - IA;Indication of self-diagnosis memory of imprecise angle - IA;;;;;;;;;;;;;;;;;
2b26422121ff4e2d8c119aa2e2e37ee8;1;R;Bit;TabSelfDiagnosticsMemory;Discrete input;1043;Binary input;186;0;1;0;1;;;;0=Não\1=Sim;0=Off\1=On;;;;Público;Indicação de memória de autodiagnóstico de ângulo impreciso - IB;Indication of self-diagnosis memory of imprecise angle - IB;;;;;;;;;;;;;;;;;
fe0b55d53b57422783aa5ecbdddf405f;1;R;Bit;TabSelfDiagnosticsMemory;Discrete input;1044;Binary input;187;0;1;0;1;;;;0=Não\1=Sim;0=Off\1=On;;;;Público;Indicação de memória de autodiagnóstico de ângulo impreciso - IC;Indication of self-diagnosis memory of imprecise angle - IC;;;;;;;;;;;;;;;;;
1a722ea87e2649cda05ca1b6867be836;1;R;Bit;TabSelfDiagnosticsMemory;Discrete input;1045;Binary input;188;0;1;0;1;;;;0=Não\1=Sim;0=Off\1=On;;;;Público;Indicação de memória de autodiagnóstico de ângulo impreciso - ISM;Indication of self-diagnosis memory of imprecise angle - ISM;;;;;;;;;;;;;;;;;
9975b94337f74e78b1ff4e8cd2a3acab;1;R;Bit;TabSelfDiagnosticsMemory;Discrete input;1046;Binary input;189;0;1;0;1;;;;0=Não\1=Sim;0=Off\1=On;;;;Público;Indicação de memória de autodiagnóstico de ângulo impreciso - ISC;Indication of self-diagnosis memory of imprecise angle - ISC;;;;;;;;;;;;;;;;;
68a40096498d4ab98c22376f1b548c34;1;R;Bit;TabSelfDiagnosticsMemory;Discrete input;1047;Binary input;190;0;1;0;1;;;;0=Não\1=Sim;0=Off\1=On;;;;Público;Indicação de memória de autodiagnóstico de ângulo impreciso - VA;Indication of self-diagnosis memory of imprecise angle - VA;;;;;;;;;;;;;;;;;
8e32ba95f8424e6ea21c4578b5e1db9e;1;R;Bit;TabSelfDiagnosticsMemory;Discrete input;1048;Binary input;191;0;1;0;1;;;;0=Não\1=Sim;0=Off\1=On;;;;Público;Indicação de memória de autodiagnóstico de ângulo impreciso - VB;Indication of self-diagnosis memory of imprecise angle - VB;;;;;;;;;;;;;;;;;
49e199cc21b149b89cb664c1e3bd29fe;1;R;Bit;TabSelfDiagnosticsMemory;Discrete input;1049;Binary input;192;0;1;0;1;;;;0=Não\1=Sim;0=Off\1=On;;;;Público;Indicação de memória de autodiagnóstico de ângulo impreciso - VC;Indication of self-diagnosis memory of imprecise angle - VC;;;;;;;;;;;;;;;;;
7c80973d1e73420c8784a22804613709;1;R;Bit;TabSelfDiagnosticsMemory;Discrete input;1050;Binary input;193;0;1;0;1;;;;0=Não\1=Sim;0=Off\1=On;;;;Público;Indicação de memória de autodiagnóstico de fundamental indeterminada - IA;Indication of self-diagnosis memory of fundamental indeterminate - IA;;;;;;;;;;;;;;;;;
c7c848853c4e4f8785b0d9728ae6b710;1;R;Bit;TabSelfDiagnosticsMemory;Discrete input;1051;Binary input;194;0;1;0;1;;;;0=Não\1=Sim;0=Off\1=On;;;;Público;Indicação de memória de autodiagnóstico de fundamental indeterminada - IB;Indication of self-diagnosis memory of fundamental indeterminate - IB;;;;;;;;;;;;;;;;;
c98e5567e5e24238841b9191a41a2251;1;R;Bit;TabSelfDiagnosticsMemory;Discrete input;1052;Binary input;195;0;1;0;1;;;;0=Não\1=Sim;0=Off\1=On;;;;Público;Indicação de memória de autodiagnóstico de fundamental indeterminada - IC;Indication of self-diagnosis memory of fundamental indeterminate - IC;;;;;;;;;;;;;;;;;
725d6c9519b4462fa63fe3da54c667b2;1;R;Bit;TabSelfDiagnosticsMemory;Discrete input;1053;Binary input;196;0;1;0;1;;;;0=Não\1=Sim;0=Off\1=On;;;;Público;Indicação de memória de autodiagnóstico de fundamental indeterminada - ISM;Indication of self-diagnosis memory of fundamental indeterminate - ISM;;;;;;;;;;;;;;;;;
99766c9cc208423f975d8a73f1554640;1;R;Bit;TabSelfDiagnosticsMemory;Discrete input;1054;Binary input;197;0;1;0;1;;;;0=Não\1=Sim;0=Off\1=On;;;;Público;Indicação de memória de autodiagnóstico de fundamental indeterminada - ISC;Indication of self-diagnosis memory of fundamental indeterminate  - ISC;;;;;;;;;;;;;;;;;
5c4f911f5df04139a45e861857aaacf0;1;R;Bit;TabSelfDiagnosticsMemory;Discrete input;1055;Binary input;198;0;1;0;1;;;;0=Não\1=Sim;0=Off\1=On;;;;Público;Indicação de memória de autodiagnóstico de fundamental indeterminada - VA;Indication of self-diagnosis memory of fundamental indeterminate - VA;;;;;;;;;;;;;;;;;
8337a0b474b745878d494c4e9774d8dd;1;R;Bit;TabSelfDiagnosticsMemory;Discrete input;1056;Binary input;199;0;1;0;1;;;;0=Não\1=Sim;0=Off\1=On;;;;Público;Indicação de memória de autodiagnóstico de fundamental indeterminada - VB;Indication of self-diagnosis memory of fundamental indeterminate - VB;;;;;;;;;;;;;;;;;
efea69d9d1f54c16bcf2a9d90e7e22b5;1;R;Bit;TabSelfDiagnosticsMemory;Discrete input;1057;Binary input;200;0;1;0;1;;;;0=Não\1=Sim;0=Off\1=On;;;;Público;Indicação de memória de autodiagnóstico de fundamental indeterminada - VC;Indication of self-diagnosis memory of fundamental indeterminate - VC;;;;;;;;;;;;;;;;;
c8998624cd844430b0957b18b03aab23;1;R;Bit;TabSelfDiagnosticsMemory;Discrete input;1058;Binary input;201;0;1;0;1;;;;0=Não\1=Sim;0=Off\1=On;;;;Público;Indicação de memória de autodiagnóstico de proximidade da saturação - IA;Indication of self-diagnosis memory of proximity to saturation - IA;;;;;;;;;;;;;;;;;
62c1ab124e2344168f86093de0477efc;1;R;Bit;TabSelfDiagnosticsMemory;Discrete input;1059;Binary input;202;0;1;0;1;;;;0=Não\1=Sim;0=Off\1=On;;;;Público;Indicação de memória de autodiagnóstico de proximidade da saturação - IB;Indication of self-diagnosis memory of proximity to saturation - IB;;;;;;;;;;;;;;;;;
1eb1bf0736d940c499a2e19ace8341f6;1;R;Bit;TabSelfDiagnosticsMemory;Discrete input;1060;Binary input;203;0;1;0;1;;;;0=Não\1=Sim;0=Off\1=On;;;;Público;Indicação de memória de autodiagnóstico de proximidade da saturação - IC;Indication of self-diagnosis memory of proximity to saturation - IC;;;;;;;;;;;;;;;;;
47483e31db1642f39a240e124103493a;1;R;Bit;TabSelfDiagnosticsMemory;Discrete input;1061;Binary input;204;0;1;0;1;;;;0=Não\1=Sim;0=Off\1=On;;;;Público;Indicação de memória de autodiagnóstico de proximidade da saturação - ISM;Indication of self-diagnosis memory of proximity to saturation - ISM;;;;;;;;;;;;;;;;;
e25605f6b41a4702a132e10940f1f707;1;R;Bit;TabSelfDiagnosticsMemory;Discrete input;1062;Binary input;205;0;1;0;1;;;;0=Não\1=Sim;0=Off\1=On;;;;Público;Indicação de memória de autodiagnóstico de proximidade da saturação - ISC;Indication of self-diagnosis memory of proximity to saturation - ISC;;;;;;;;;;;;;;;;;
3d85b6c7094942a5914121be26ee967e;1;R;Bit;TabSelfDiagnosticsMemory;Discrete input;1063;Binary input;206;0;1;0;1;;;;0=Não\1=Sim;0=Off\1=On;;;;Público;Indicação de memória de autodiagnóstico de proximidade da saturação - VA;Indication of self-diagnosis memory of proximity to saturation - VA;;;;;;;;;;;;;;;;;
6f2127c8b50d463dbb7137afbebe1ea2;1;R;Bit;TabSelfDiagnosticsMemory;Discrete input;1064;Binary input;207;0;1;0;1;;;;0=Não\1=Sim;0=Off\1=On;;;;Público;Indicação de memória de autodiagnóstico de proximidade da saturação - VB;Indication of self-diagnosis memory of proximity to saturation - VB;;;;;;;;;;;;;;;;;
7b7a8fee17da4ec29124596e0cdd341a;1;R;Bit;TabSelfDiagnosticsMemory;Discrete input;1065;Binary input;208;0;1;0;1;;;;0=Não\1=Sim;0=Off\1=On;;;;Público;Indicação de memória de autodiagnóstico de proximidade da saturação - VC;Indication of self-diagnosis memory of proximity to saturation - VC;;;;;;;;;;;;;;;;;
97fc8808ec3a4afcbf2955be8b00a93a;1;R;Bit;TabSelfDiagnosticsMemory;Discrete input;1066;Binary input;209;0;1;0;1;;;;0=Não\1=Sim;0=Off\1=On;;;;Público;Indicação de memória de autodiagnóstico de erro no circuito de calibração do PT100;Indication of self-diagnosis memory of PT100 calibration circuit error;;;;;;;;;;;;;;;;;
9ab90590a01a4bb09debbf2f3ebb8295;1;R;Bit;TabSelfDiagnosticsMemory;Discrete input;1067;Binary input;210;0;1;0;1;;;;0=Não\1=Sim;0=Off\1=On;;;;Público;Indicação de memória de autodiagnóstico de erro de calibração do PT100;Indication of self-diagnosis memory of PT100 calibration error;;;;;;;;;;;;;;;;;
f97858e0dca542779e6c65b4a5f7e875;1;R;Bit;TabSelfDiagnosticsMemory;Discrete input;1068;Binary input;211;0;1;0;1;;;;0=Não\1=Sim;0=Off\1=On;;;;Público;Indicação de memória de autodiagnóstico de falha genérica de leitura do PT100;Indication of self-diagnosis memory of PT100 generic reading failure;;;;;;;;;;;;;;;;;
3e40393da3de4effa17f71e47a97ba52;1;R;Bit;TabSelfDiagnosticsMemory;Discrete input;1069;Binary input;212;0;1;0;1;;;;0=Não\1=Sim;0=Off\1=On;;;;Público;Indicação de memória de autodiagnóstico de salto no PT100;Indication of self-diagnosis memory of PT100 jump;;;;;;;;;;;;;;;;;
a171ecbc21c74226a5df68376acdede5;1;R;Bit;TabSelfDiagnosticsMemory;Discrete input;1070;Binary input;213;0;1;0;1;;;;0=Não\1=Sim;0=Off\1=On;;;;Público;Indicação de memória de autodiagnóstico de overflow no PT100;Indication of self-diagnosis memory of PT100 overflow;;;;;;;;;;;;;;;;;
;;;;;;;;;;;;;;;;;;;;;;;;;;;;;;;;;;;;;;;;
0a19542629084aca9b04061ff8ad5339;0;RW;Bit;TabLogMassMemory;Coil;1100;Binary output;11;0;1;0;1;;;;0=Não\1=Sim;0=Off\1=On;;;;Público;Comando para resetar o log de massa;Command of resetting the mass log;;;;;;;Commands;;;Advanced;;Comando;;;;;
;;;;;;;;;;;;;;;;;;;;;;;;;;;;;;;;;;;;;;;;
58784b7a4e8945a6b7a2295a5508a60f;1;RW;16;TabLogMassMemory;Holding register;1100;Analog output;15;1;9999;60;1;min;min;min;;;;;;Público;Parâmetro de intervalo de tempo para salvamento do log de massa;Parameter of time interval for saving the mass log;;;;;;;System and Control;;;Mass Log Interval;;Parâmetro;;;;;
;;;;;;;;;;;;;;;;;;;;;;;;;;;;;;;;;;;;;;;;
f95716626447448ca2b0f4549932ceab;1;RW;16;TabNetworkConfig;Holding register;1200;Analog output;16;0;255;192;1;;;;;;;;;Público;Parâmetro de endereço IP - byte 0;Parameter of IP address - byte 0;;;;;;;Communication;;;Ethernet Network;;Parâmetro;;;;;
e49b4333621e496e9b34ecb167a9d06b;1;RW;16;TabNetworkConfig;Holding register;1201;Analog output;17;0;255;168;1;;;;;;;;;Público;Parâmetro de endereço IP - byte 1;Parameter of IP address - byte 1;;;;;;;Communication;;;Ethernet Network;;Parâmetro;;;;;
47774d40804e4d5e8e864c99be481e4a;1;RW;16;TabNetworkConfig;Holding register;1202;Analog output;18;0;255;87;1;;;;;;;;;Público;Parâmetro de endereço IP - byte 2;Parameter of IP address - byte 2;;;;;;;Communication;;;Ethernet Network;;Parâmetro;;;;;
bb29d58588b6401cbff505e08530e122;1;RW;16;TabNetworkConfig;Holding register;1203;Analog output;19;0;255;87;1;;;;;;;;;Público;Parâmetro de endereço IP - byte 3;Parameter of IP address - byte 3;;;;;;;Communication;;;Ethernet Network;;Parâmetro;;;;;
161954818e8b43d8a8fe4aebf946d857;1;RW;16;TabNetworkConfig;Holding register;1204;Analog output;20;0;255;255;1;;;;;;;;;Público;Parâmetro de máscara de rede - byte 0;Parameter of network mask - byte 0;;;;;;;Communication;;;Ethernet Network;;Parâmetro;;;;;
e0d591cab7c841f9951eff8a68362259;1;RW;16;TabNetworkConfig;Holding register;1205;Analog output;21;0;255;255;1;;;;;;;;;Público;Parâmetro de máscara de rede - byte 1;Parameter of network mask - byte 1;;;;;;;Communication;;;Ethernet Network;;Parâmetro;;;;;
03eaa42627314b9fb2426530a060c628;1;RW;16;TabNetworkConfig;Holding register;1206;Analog output;22;0;255;255;1;;;;;;;;;Público;Parâmetro de máscara de rede - byte 2;Parameter of network mask - byte 2;;;;;;;Communication;;;Ethernet Network;;Parâmetro;;;;;
dad5fbcc7a8e490d900bc27b86aee20a;1;RW;16;TabNetworkConfig;Holding register;1207;Analog output;23;0;255;0;1;;;;;;;;;Público;Parâmetro de máscara de rede - byte 3;Parameter of network mask - byte 3;;;;;;;Communication;;;Ethernet Network;;Parâmetro;;;;;
84ed4bd585874fdf9b24c829995e987f;1;RW;16;TabNetworkConfig;Holding register;1208;Analog output;24;0;255;192;1;;;;;;;;;Público;Parâmetro de endereço do gateway padrão - byte 0;Parameter of default gateway address - byte 0;;;;;;;Communication;;;Ethernet Network;;Parâmetro;;;;;
eea1e091cb084ae99b1963bdbd691b42;1;RW;16;TabNetworkConfig;Holding register;1209;Analog output;25;0;255;168;1;;;;;;;;;Público;Parâmetro de endereço do gateway padrão - byte 1;Parameter of default gateway address - byte 1;;;;;;;Communication;;;Ethernet Network;;Parâmetro;;;;;
fdbe1f4848044703968ad1c8ef5f9eae;1;RW;16;TabNetworkConfig;Holding register;1210;Analog output;26;0;255;87;1;;;;;;;;;Público;Parâmetro de endereço do gateway padrão - byte 2;Parameter of default gateway address - byte 2;;;;;;;Communication;;;Ethernet Network;;Parâmetro;;;;;
26394237ec2843919c529b3388740672;1;RW;16;TabNetworkConfig;Holding register;1211;Analog output;27;0;255;1;1;;;;;;;;;Público;Parâmetro de endereço do gateway padrão - byte 3;Parameter of default gateway address - byte 3;;;;;;;Communication;;;Ethernet Network;;Parâmetro;;;;;
7a67b0e653a14fc4b7681c086024009f;1;RW;16;TabNetworkConfig;Holding register;1212;Analog output;28;0;255;8;1;;;;;;;;;Público;Parâmetro de endereço do servidor DNS - byte 0;Parameter of DNS server address - byte 0;;;;;;;Communication;;;Ethernet Network;;Parâmetro;;;;;
99cc44a7cb034034aed920935908388d;1;RW;16;TabNetworkConfig;Holding register;1213;Analog output;29;0;255;8;1;;;;;;;;;Público;Parâmetro de endereço do servidor DNS - byte 1;Parameter of DNS server address - byte 1;;;;;;;Communication;;;Ethernet Network;;Parâmetro;;;;;
a66606452cb44f60a05923b517107304;1;RW;16;TabNetworkConfig;Holding register;1214;Analog output;30;0;255;8;1;;;;;;;;;Público;Parâmetro de endereço do servidor DNS - byte 2;Parameter of DNS server address - byte 2;;;;;;;Communication;;;Ethernet Network;;Parâmetro;;;;;
1aef890c6494477ea46198d65b3e8b0d;1;RW;16;TabNetworkConfig;Holding register;1215;Analog output;31;0;255;8;1;;;;;;;;;Público;Parâmetro de endereço do servidor DNS - byte 3;Parameter of DNS server address - byte 3;;;;;;;Communication;;;Ethernet Network;;Parâmetro;;;;;
4d4ae25d3aa34dec8f8324a101c4c3bf;1;RW;16;TabNetworkConfig;Holding register;1216;Analog output;32;0;65535;0;1;;;;;;;;;Público;Parâmetro de chave de confirmação para aplicar a parametrização da rede;Parameter of confirmation key to apply the network parameterization;;;;;;;;;;;;;;;;;
;;;;;;;;;;;;;;;;;;;;;;;;;;;;;;;;;;;;;;;;
c8ff3a7d1256409ab4150a683a88ef22;1;RW;Bit;TabNetworkCommands;Coil;1200;;;0;1;0;1;;;;0=Não\1=Sim;0=Off\1=On;;;;Público;Comando de reset da parametrização de rede para valores padrão;Command of reset of network parameters to default value;;;;;;;Commands;;;Communications Resets;;Comando;;;;;
;;;;;;;;;;;;;;;;;;;;;;;;;;;;;;;;;;;;;;;;
8aced2651bbf4252a3c01079baf35783;1;R;16;TabNetworkStatus;Input register;1200;Analog input;69;0;255;192;1;;;;;;;;;Público;Indicação de valor efetivo de endereço de IP - byte 0;Indication of IP address effective value - byte 0;;;;;;;;;;;;;;;;;
9aae8bb2083d48d6990877fae926fc24;1;R;16;TabNetworkStatus;Input register;1201;Analog input;70;0;255;168;1;;;;;;;;;Público;Indicação de valor efetivo de endereço de IP - byte 1;Indication of IP address effective value - byte 1;;;;;;;;;;;;;;;;;
523d01b020eb4777a87d38339c295f96;1;R;16;TabNetworkStatus;Input register;1202;Analog input;71;0;255;87;1;;;;;;;;;Público;Indicação de valor efetivo de endereço de IP - byte 2;Indication of IP address effective value - byte 2;;;;;;;;;;;;;;;;;
e00ce5d393cb4e0a9e106e507074b974;1;R;16;TabNetworkStatus;Input register;1203;Analog input;72;0;255;87;1;;;;;;;;;Público;Indicação de valor efetivo de endereço de IP - byte 3;Indication of IP address effective value - byte 3;;;;;;;;;;;;;;;;;
95440c3a97cd42b481e5d9f2f658a3cc;1;R;16;TabNetworkStatus;Input register;1204;Analog input;73;0;255;255;1;;;;;;;;;Público;Indicação de valor efetivo de máscara de rede - byte 0;Indication of effective network mask value - byte 0;;;;;;;;;;;;;;;;;
a0e1e9404c354ef882c5a24ae97c8f9f;1;R;16;TabNetworkStatus;Input register;1205;Analog input;74;0;255;255;1;;;;;;;;;Público;Indicação de valor efetivo de máscara de rede - byte 1;Indication of effective network mask value - byte 1;;;;;;;;;;;;;;;;;
edb5baa0ba5042599d3c419ea902b620;1;R;16;TabNetworkStatus;Input register;1206;Analog input;75;0;255;255;1;;;;;;;;;Público;Indicação de valor efetivo de máscara de rede - byte 2;Indication of effective network mask value - byte 2;;;;;;;;;;;;;;;;;
867552e53b734c8ca3be6ae9b08f8787;1;R;16;TabNetworkStatus;Input register;1207;Analog input;76;0;255;0;1;;;;;;;;;Público;Indicação de valor efetivo de máscara de rede - byte 3;Indication of effective network mask value - byte 3;;;;;;;;;;;;;;;;;
83f42cb8260844cc8c499f06ce9001d2;1;R;16;TabNetworkStatus;Input register;1208;Analog input;77;0;255;192;1;;;;;;;;;Público;Indicação de valor efetivo de endereço do gateway padrão - byte 0;Indication of the effective address value of the default gateway - byte 0;;;;;;;;;;;;;;;;;
7bad5117a0af4199922b9ad741faa4b7;1;R;16;TabNetworkStatus;Input register;1209;Analog input;78;0;255;168;1;;;;;;;;;Público;Indicação de valor efetivo de endereço do gateway padrão - byte 1;Indication of the effective address value of the default gateway - byte 1;;;;;;;;;;;;;;;;;
61580b1875694791b77b4bad5b1c3415;1;R;16;TabNetworkStatus;Input register;1210;Analog input;79;0;255;87;1;;;;;;;;;Público;Indicação de valor efetivo de endereço do gateway padrão - byte 2;Indication of the effective address value of the default gateway - byte 2;;;;;;;;;;;;;;;;;
bd1fe6661df54740be929961580702e3;1;R;16;TabNetworkStatus;Input register;1211;Analog input;80;0;255;1;1;;;;;;;;;Público;Indicação de valor efetivo do endereço do gateway padrão - byte 3;Indication of the effective address value of the default gateway - byte 3;;;;;;;;;;;;;;;;;
1a2554232cee45e8a07808e1e4bdd547;1;R;16;TabNetworkStatus;Input register;1212;Analog input;81;0;255;8;1;;;;;;;;;Público;Indicação de valor efetivo de endereço do servidor de DNS - byte 0;Indication of the effective value of the DNS server address - byte 0;;;;;;;;;;;;;;;;;
1a6196eef69e41959468389417cced2f;1;R;16;TabNetworkStatus;Input register;1213;Analog input;82;0;255;8;1;;;;;;;;;Público;Indicação de valor efetivo de endereço do servidor de DNS - byte 1;Indication of the effective value of the DNS server address - byte 1;;;;;;;;;;;;;;;;;
ff4c11b13d5d4e67a9cc832875cfa774;1;R;16;TabNetworkStatus;Input register;1214;Analog input;83;0;255;8;1;;;;;;;;;Público;Indicação de valor efetivo do endereço do servidor de DNS - byte 2;Indication of the effective value of the DNS server address - byte 2;;;;;;;;;;;;;;;;;
8bb8f210780143cfb3f2ce7adf10a7b5;1;R;16;TabNetworkStatus;Input register;1215;Analog input;84;0;255;8;1;;;;;;;;;Público;Indicação de valor efetivo de endereço do servidor de DNS - byte 3;Indication of the effective value of the DNS server address - byte 3;;;;;;;;;;;;;;;;;
924dce05bf1e42cebda0df987c5a5784;1;R;16;TabNetworkStatus;Input register;1216;Analog input;85;0;255;20;1;;;;;;;;;Público;Indicação de valor efetivo de endereço físico (MAC) - byte 0;Indication of effective value of physical address (MAC) - byte 0;;;;;;;;;;;;;;;;;
a4a68a4f0974431c9fc3b0099870684a;1;R;16;TabNetworkStatus;Input register;1217;Analog input;86;0;255;26;1;;;;;;;;;Público;Indicação de valor efetivo de endereço físico (MAC) - byte 1;Indication of effective value of physical address (MAC) - byte 1;;;;;;;;;;;;;;;;;
6833492e541d4b41a49c81bf07666eb6;1;R;16;TabNetworkStatus;Input register;1218;Analog input;87;0;255;81;1;;;;;;;;;Público;Indicação de valor efetivo de endereço físico (MAC) - byte 2;Indication of effective value of physical address (MAC) - byte 2;;;;;;;;;;;;;;;;;
0f09e84488184f9ebafc4687f342aff7;1;R;16;TabNetworkStatus;Input register;1219;Analog input;88;0;255;0;1;;;;;;;;;Público;Indicação de valor efetivo de endereço físico (MAC) - byte 3;Indication of effective value of physical address (MAC) - byte 3;;;;;;;;;;;;;;;;;
70aecb74381940cc8b1a42dd0729fd33;1;R;16;TabNetworkStatus;Input register;1220;Analog input;89;0;255;0;1;;;;;;;;;Público;Indicação de valor efetivo de endereço físico (MAC) - byte 4;Indication of effective value of physical address (MAC) - byte 4;;;;;;;;;;;;;;;;;
c5638633fbd147a18a68e264b49fd7c5;1;R;16;TabNetworkStatus;Input register;1221;Analog input;90;0;255;0;1;;;;;;;;;Público;Indicação de valor efetivo de endereço físico (MAC) - byte 5;Indication of effective value of physical address (MAC) - byte 5;;;;;;;;;;;;;;;;;
;;;;;;;;;;;;;;;;;;;;;;;;;;;;;;;;;;;;;;;;
890db284be1f4ccf86f24833e3f82913;1;R;Bit;TabPt100Temp;Discrete input;1300;Binary input;214;0;1;0;1;;;;0=Ruim\1=Boa;0=Bad\1=Good;;;;Público;Indicação de qualidade da temperatura medida pelo PT100;Indication of temperature quality measured by PT100;;;;;;;;;;;;;;;;;
6fe19a6e0e4244c9ab5cf10dd7e7a49a;1;R;Bit;TabPt100Temp;Discrete input;1301;Binary input;215;0;1;0;1;;;;0=Não\1=Sim;0=Off\1=On;;;;Público;Indicação de erro do circuito de calibração;Indication of calibration circuit error;;;;;;;;;;;;;;;;;
fb73373b8d8e4ab4a63c24d0c26c54a7;1;R;Bit;TabPt100Temp;Discrete input;1302;Binary input;216;0;1;0;1;;;;0=Não\1=Sim;0=Off\1=On;;;;Público;Indicação de erro de calibração do canal de RTD do PT100;Indication of PT100 RTD channel calibration error;;;;;;;;;;;;;;;;;
16b799a4030141e5b89bfdfd8c8b531c;1;R;Bit;TabPt100Temp;Discrete input;1303;Binary input;217;0;1;0;1;;;;0=Não\1=Sim;0=Off\1=On;;;;Público;Indicação de erro genérico de leitura do RTD do PT100;Indication of PT100 RTD generic reading error;;;;;;;;;;;;;;;;;
663462cd370542ac85b9c13b262ce1f7;1;R;Bit;TabPt100Temp;Discrete input;1304;Binary input;218;0;1;0;1;;;;0=Não\1=Sim;0=Off\1=On;;;;Público;Indicação de erro de overflow na temperatura do PT100;Indication of PT100 temperature overflow error;;;;;;;;;;;;;;;;;
7cbf034796f447f9b3a131b100b05374;1;R;Bit;TabPt100Temp;Discrete input;1305;Binary input;219;0;1;0;1;;;;0=Não\1=Sim;0=Off\1=On;;;;Público;Indicação de erro de salto de temperatura no PT100;Indication of PT100 temperature jump error;;;;;;;;;;;;;;;;;
;;;;;;;;;;;;;;;;;;;;;;;;;;;;;;;;;;;;;;;;
773bb56136d948de98cdf9e2630c6a77;1;R;16;TabPt100Temp;Input register;1300;Analog input;121;-32768;32767;0;10;°C;°C;°C;;;;;;Público;Indicação de temperatura do PT100;Indication of PT100 temperature ;;;;;;;;;;;;;;;SDp_BMC_$STMP1$MX$Tmp$mag$f \ SDp_BMC_$STMP1$MX$Tmp$mag$i \ SDp_BMC_$STMP1$MX$Tmp$instMag$f \ SDp_BMC_$STMP1$MX$Tmp$instMag$i;;
502326c687c043d9a13e816df887ad91;1;R;16;TabPt100Temp;Input register;1301;Analog input;122;-32768;32767;0;10;°C;°C;°C;;;;;;Público;Indicação de temperatura máxima do PT100;Indication of PT100 maximum temperature;;;;;;;;;;;;;;;SDp_BMC_$STMP1$MX$MaxTmp$mag$f \ SDp_BMC_$STMP1$MX$MaxTmp$mag$i \ SDp_BMC_$STMP1$MX$MaxTmp$instMag$f \ SDp_BMC_$STMP1$MX$MaxTmp$instMag$i;;
e1186a2e3bc6494289a44b293f10f3e1;1;R;32_ABCD\32;TabPt100Temp;Input register;1302;Analog input;123;0;4294967295;0;1;s;s;s;;;;;;Público;Indicação de timestamp da temperatura máxima registrada;Indication of maximum recorded temperature timestamp;;;;;;;;;;;;;;;;;
05597092ef6742e09843f315ec1c4d94;1;R;16;TabPt100Temp;Input register;1304;Analog input;124;-32768;32767;0;10;°C;°C;°C;;;;;;Público;Indicação de temperatura de overflow;Indication of overflow temperature;;;;;;;;;;;;;;;;;
a22dbef8a57f41b6b77f733561e3db94;1;R;16;TabPt100Temp;Input register;1305;Analog input;125;0;65535;0;10;ohm;ohm;ohm;;;;;;Público;Indicação de resistência do cabo do PT100;Indication of PT100 cable resistance;;;;;;;;;;;;;;;;;
4ec8f2e95d4d4f359ef208798f31ce67;1;R;16;TabPt100Temp;Input register;1306;Analog input;126;0;65535;0;10;ohm;ohm;ohm;;;;;;Público;Indicação de resistência do PT100;Indication of PT100 resistance;;;;;;;;;;;;;;;;;
e03003ba137144ccb8345df7b048cf37;1;R;16;TabPt100Temp;Input register;1307;Analog input;127;0;65535;0;10;ohm;ohm;ohm;;;;;;Público;Indicação de resistência de calibração alta;Indication of high calibration resistance;;;;;;;;;;;;;;;;;
4625916c6af440539121906c14b819fa;1;R;16;TabPt100Temp;Input register;1308;Analog input;128;0;65535;0;10;ohm;ohm;ohm;;;;;;Público;Indicação de resistência de calibração baixa;Indication of low calibration resistance;;;;;;;;;;;;;;;;;
;;;;;;;;;;;;;;;;;;;;;;;;;;;;;;;;;;;;;;;;
95487210081c4a8a9d807740ce3a9c34;1;RW;Bit;TabPt100Temp;Coil;1300;Binary output;18;0;1;0;1;;;;0=Não\1=Sim;0=Off\1=On;;;;Público;Parâmetro de habilitação do PT100;Parameter of PT100 enable;;;;;;;Acquisition and Analysis;;;PT100 Sensor Configuration;;Parâmetro;;;;;
945a5c5e16114f818ed61505d6b616df;1;RW;Bit;TabPt100Temp;Coil;1301;Binary output;19;0;1;0;1;;;;0=Não\1=Sim;0=Off\1=On;;;;Público;Comando de reset da temperatura máxima;Command of maximum temperature reset;;;;;;;Commands;;;Cleaning and Maintenance;;Comando;;;;;
6231967625c748b998a5fa53ce2324d9;1;RW;Bit;TabPt100Temp;Coil;1302;Binary output;20;0;1;0;1;;;;0=Não\1=Sim;0=Off\1=On;;;;Público;Comando de limpeza de salto de temperatura;Command of temperature jump clear;;;;;;;Commands;;;Cleaning and Maintenance;;Comando;;;;;
;;;;;;;;;;;;;;;;;;;;;;;;;;;;;;;;;;;;;;;;
f76f541483c4446892b944889be7df8d;0;RW;Bit;TabLogSanity;Coil;30000;;;0;1;0;1;;;;0=Não\1=Sim;0=Off\1=On;;;;Log de sanidade/Privado;Parâmetro de habilitar o autoincremento do log de sanidade;Parameter of enabling the auto-increment of the system health log;;;;;LOG_DADO!!!;;Commands;;;Advanced;;Parâmetro;;;;;
26d0b72b0d774004b8563635230b4589;0;RW;Bit;TabLogSanity;Coil;30001;;;0;1;0;1;;;;0=Não\1=Sim;0=Off\1=On;;;;Log de sanidade/Privado;Comando de resetar o log de sanidade;Command of resetting the sanity log;;;;;LOG_DADO!!!;;Commands;;;Advanced;;Comando;;;;;
;;;;;;;;;;;;;;;;;;;;;;;;;;;;;;;;;;;;;;;;
c08bd9870e4b490ba8d9f1499453d690;1;R;Bit;TabLogSanity;Discrete input;30000;;;0;1;0;1;;;;0=Não\1=Sim;0=Off\1=On;;;;Log de sanidade/Privado;Indicação de log de sanidade cheio;Indication of sanity log full;;;;;LOG_DADO!!!;;;;;;;;;;;;
;;;;;;;;;;;;;;;;;;;;;;;;;;;;;;;;;;;;;;;;
3c39a6439d8e4d6ca32a737d8ed57c47;1;RW;32_ABCD;TabLogSanity;Holding register;30000;;;0;18724;0;1;;;;;;;;;Log de sanidade/Privado;Parâmetro de índice de download do log de sanidade;Parameter of download index of the health log;;;;;LOG_DADO!!!;;;;;;;;;;;;
;;;;;;;;;;;;;;;;;;;;;;;;;;;;;;;;;;;;;;;;
a1b68db503214bf2a38600b0ab4b1ca3;1;R;16;TabLogSanity;Input register;30000;;;0;65535;0;1;;;;;;;;;Log de sanidade/Privado;Indicação de tamanho da página do log de sanidade;Indication of page size of the sanity log;;;;;LOG_DADO!!!;;;;;;;;;;;;
42d1fa4502df4d58bfcf055d1fecd014;1;R;32_ABCD;TabLogSanity;Input register;30001;;;0;4294967295;0;1;;;;;;;;;Log de sanidade/Privado;Indicação de número máximo de páginas do log de sanidade;Indication of the maximum number of pages of the sanity log;;;;;LOG_DADO!!!;;;;;;;;;;;;
a00812ec18fc43048432058cd8a0d28b;1;R;32_ABCD;TabLogSanity;Input register;30003;;;0;4294967295;0;1;;;;;;;;;Log de sanidade/Privado;Indicação de próximo índice a ser salvo no log de sanidade;Indication of next index to be saved in the health log;;;;;LOG_DADO!!!;;;;;;;;;;;;
;;;;;;;;;;;;;;;;;;;;;;;;;;;;;;;;;;;;;;;;
b428e47286fd4ac8b42858cd46e6a29e;0;RW;Bit;TabLogMassMemoryFactory;Coil;30100;;;0;1;0;1;;;;0=Não\1=Sim;0=Off\1=On;;;;Log de massa/Privado;Parâmetro de habilitação do autoincremento do log de massa;Parameter of enablement of the mass log autoincrement;;;;;LOG_DADO!!!;;;;;;;;;;;;
;;;;;;;;;;;;;;;;;;;;;;;;;;;;;;;;;;;;;;;;
3c61afaaa29c414b921c3ac1e083a659;1;R;Bit;TabLogMassMemoryFactory;Discrete input;30100;;;0;1;0;1;;;;0=Não\1=Sim;0=Off\1=On;;;;Log de massa/Privado;Indicação de log de massa cheio;Indication of full mass log;;;;;LOG_DADO!!!;;;;;;;;;;;;
;;;;;;;;;;;;;;;;;;;;;;;;;;;;;;;;;;;;;;;;
bfcc553526914ce7998a35be080db72b;1;RW;32_ABCD;TabLogMassMemoryFactory;Holding register;30100;;;0;13919;0;1;;;;;;;;;Log de massa/Privado;Parâmetro de índice de download do log de massa;Parameter of mass log download index;;;;;LOG_DADO!!!;;;;;;;;;;;;
;;;;;;;;;;;;;;;;;;;;;;;;;;;;;;;;;;;;;;;;
66a7341f1aeb4054b90f9c05e8112a49;1;R;16;TabLogMassMemoryFactory;Input register;30100;;;0;65535;0;1;;;;;;;;;Log de massa/Privado;Indicação de tamanho da página do log de massa;Indication of mass log page size;;;;;LOG_DADO!!!;;;;;;;;;;;;
a0440db2e6e449fabd26a1d20faa120c;1;R;32_ABCD;TabLogMassMemoryFactory;Input register;30101;;;0;4294967295;0;1;;;;;;;;;Log de massa/Privado;Indicação de número máximo de páginas do log de massa;Indication of the maximum number of pages of the mass log;;;;;LOG_DADO!!!;;;;;;;;;;;;
a8c0d1a624214de2a06b51c54a44200c;1;R;32_ABCD;TabLogMassMemoryFactory;Input register;30103;;;0;4294967295;0;1;;;;;;;;;Log de massa/Privado;Indicação de próximo índice a ser salvo no log de massa;Indication of the next index to be saved in the mass log.;;;;;LOG_DADO!!!;;;;;;;;;;;;
;;;;;;;;;;;;;;;;;;;;;;;;;;;;;;;;;;;;;;;;
f80f9acdd8e049e18ced0b2c32b9b9ce;0;RW;Bit;TabBankDownloadCtrl;Coil;30200;;;0;1;0;1;;;;0=Não\1=Sim;0=Off\1=On;;;;Privado;Parâmetro para habilitar o autoincremento do download dos bancos;Parameter of bank download auto-increment enable;;;;;;;;;;;;;;;;;
;;;;;;;;;;;;;;;;;;;;;;;;;;;;;;;;;;;;;;;;
888c75d115a7424c8a34d1ec3dad0311;1;R;Bit;TabBankDownloadCtrl;Discrete input;30200;;;0;1;0;1;;;;0=Não\1=Sim;0=Off\1=On;;;;Privado;Valor constante usado apenas para operar com o algoritmo de download dos bancos;Parameter of constant value used only to operate with bank download algorithm;;;;;;;;;;;;;;;;;
;;;;;;;;;;;;;;;;;;;;;;;;;;;;;;;;;;;;;;;;
9c3692f0634d444ea6ec6bceaef3fbdb;1;RW;16;TabBankDownloadCtrl;Holding register;30200;;;0;1;0;1;;;;0=Banco de referência\1=Banco de monitoramento;0=Reference bank\1=Monitoring bank;;;;Privado;Parâmetro de seleção do banco;Parameter of bank selection;;;;;;;;;;;;;;;;;
3ce2310527334f01b46e0df2bdadea0a;1;RW;16;TabBankDownloadCtrl;Holding register;30201;;;0;4999;0;1;;;;;;;;;Privado;Parâmetro de índice da amostra do banco;Parameter of bank sample index;;;;;;;;;;;;;;;;;
;;;;;;;;;;;;;;;;;;;;;;;;;;;;;;;;;;;;;;;;
b51f5e6918e44013be1065a09d71aae4;1;R;16;TabBankDownloadCtrl;Input register;30200;;;0;98;98;1;;;;;;;;;Privado;Indicação de tamanho de uma amostra do banco;Indication of bank sample size;;;;;;;;;;;;;;;;;
2de49ce0621e4095a105f57edd482f7f;1;R;16;TabBankDownloadCtrl;Input register;30201;;;10;5000;2600;1;;;;;;;;;Privado;Número de amostras considerados;Indication of number of samples considered;;;;;;;;;;;;;;;;;
565fee6e4314482f9881c9ec0dd84a25;1;R;16;TabBankDownloadCtrl;Input register;30202;;;0;4999;0;1;;;;;;;;;Privado;Indicação de próximo índice da amostra a ser salva;Indication of next sample index to be saved;;;;;;;;;;;;;;;;;
45ce8a6836d448788d874f2872373b43;1;R;16;TabBankDownloadCtrl;Input register;30203;;;0;1;0;1;;;;0=Não\1=Sim;0=Off\1=On;;;;Privado;Indicação de que o banco de monitoramento está completo;Indication of monitoring bank full;;;;;;;;;;;;;;;;;
91f0d086397d48b0bfdf2486c42718d9;1;R;16;TabBankDownloadCtrl;Input register;30204;;;0;1;0;1;;;;0=Banco de referência\1=Banco de monitoramento;0=Reference database\1=Monitoring database;;;;Privado;Seção atual do banco;Indication of current bank section;;;;;;;;;;;;;;;;;
;;;;;;;;;;;;;;;;;;;;;;;;;;;;;;;;;;;;;;;;
1db09fcb2a634b45a66839d83f4d991f;0;RW;16;TabSerialProtocolsFactory;Holding register;30300;;;0;5;1;1;bps;bps;bps;0=4800\1=9600\2=19200\3=38400\4=57600\5=115200;0=4800\1=9600\2=19200\3=38400\4=57600\5=115200;;;;Fábrica;Parâmetro de baudrate - serial de usuário 1;Parameter of baud rate - user serial 1;;;;;;;;;;;;;;;;;
0a91bbaba3024dc7a301ed5ccb2bd333;0;RW;16;TabSerialProtocolsFactory;Holding register;30301;;;0;1;0;1;;;;0=Modbus\1=DNP3;0=Modbus\1=DNP3;;;;Fábrica;Parâmetro de protocolo ativo - serial de usuário 1;Parameter of active protocol - user 1 serial;;;;;;;;;;;;;;;;;
7018c80348ab45c3af0c951f8140ce51;0;RW;16;TabSerialProtocolsFactory;Holding register;30302;;;1;65519;247;1;;;;;;;;;Fábrica;Parâmetro de endereço na rede RS-485 - serial de usuário 1;Parameter of address on RS-485 network - user serial 1;;;;;;;;;;;;;;;;;
15bb14ce519f4e5cbbd05b4ea24f2fee;0;RW;16;TabSerialProtocolsFactory;Holding register;30303;;;5;500;5;1;ms;ms;ms;;;;;;Fábrica;Parâmetro de atraso na recepção - serial de usuário 1;Parameter of delay in reception - serial of user 1;;;;;;;;;;;;;;;;;
165b1eba91a449869228b271a250b52c;0;RW;16;TabSerialProtocolsFactory;Holding register;30304;;;5;500;25;1;ms;ms;ms;;;;;;Fábrica;Parâmetro de atraso na transmissão - serial de usuário 1;Parameter of delay in transmission - user serial 1;;;;;;;;;;;;;;;;;
502293e64f41441fbf7ec43578fa3fb8;0;RW;16;TabSerialProtocolsFactory;Holding register;30305;;;0;5;1;1;bps;bps;bps;0=4800\1=9600\2=19200\3=38400\4=57600\5=115200;0=4800\1=9600\2=19200\3=38400\4=57600\5=115200;;;;Fábrica;Parâmetro de baudrate - serial de usuário 2;Parameter of baudrate - user serial 2;;;;;;;;;;;;;;;;;
d76be322a0954505b5edd4bc773f245f;0;RW;16;TabSerialProtocolsFactory;Holding register;30306;;;0;1;0;1;;;;0=Modbus\1=DNP3;0=Modbus\1=DNP3;;;;Fábrica;Parâmetro de protocolo ativo - serial de usuário 2;Parameter of active protocol - user serial 2;;;;;;;;;;;;;;;;;
14070048b9bd456cbaa22add6db73954;0;RW;16;TabSerialProtocolsFactory;Holding register;30307;;;1;65519;247;1;;;;;;;;;Fábrica;Parâmetro de endereço na rede RS-485 - serial de usuário 2;Parameter of address on the RS-485 network - user serial 2;;;;;;;;;;;;;;;;;
a735fd8c9f1e4d5c90f851e87196a9c9;0;RW;16;TabSerialProtocolsFactory;Holding register;30308;;;5;500;5;1;ms;ms;ms;;;;;;Fábrica;Parâmetro de atraso na recepção - serial de usuário 2;Parameter of delay in reception - user serial 2;;;;;;;;;;;;;;;;;
9072db758c87487b981f1e5c45cba2d0;0;RW;16;TabSerialProtocolsFactory;Holding register;30309;;;5;500;25;1;ms;ms;ms;;;;;;Fábrica;Parâmetro de atraso na transmissão - serial de usuário 2;Parameter of delay in transmission - user serial 2;;;;;;;;;;;;;;;;;
;;;;;;;;;;;;;;;;;;;;;;;;;;;;;;;;;;;;;;;;
0d9e18a31b7748d7bf8c1b60bb908262;0;RW;32_ABCD;TabFactoryParameters;Holding register;30400;;;0;9999999;0;1;;;;;;;;;Fábrica;Parâmetro de número de série;Parameter of serial number;;;;;;;;;;;;;;;;;
55f013ade618423bb9b1699adf1390bd;0;RW;16;TabFactoryParameters;Holding register;30402;;;0;5299;0;1;;;;;;;;;Fábrica;Parâmetro de revisão da placa;Parameter of board revision;;;;;;;;;;;;;;;;;
;;;;;;;;;;;;;;;;;;;;;;;;;;;;;;;;;;;;;;;;
8fe0c605325944cd91928c07e0298af9;0;RW;Bit;TabFactoryLoadDefault;Coil;30500;;;0;1;0;1;;;;0=Não\1=Sim;0=Off\1=On;;;;Fábrica;Comando de restaurar o padrão dos parâmetros de fábrica;Command of restoring the factory default parameters;;;;;;;Commands;;;Advanced;;Comando;;;;;
;;;;;;;;;;;;;;;;;;;;;;;;;;;;;;;;;;;;;;;;
9d7be2d6760b4ae995d42b32681bea6b;0;RW;Bit;TabFactoryAccessCmd;Coil;30600;;;0;1;0;1;;;;0=Não\1=Sim;0=Off\1=On;;;;Fábrica;Comando de requisitar ou revogar acesso de fábrica;Command of requesting or revoking factory access;;;;;;;;;;;;;;;;;
06be47a661004128b93f2cacc25f62c3;0;RW;Bit;TabFactoryAccessCmd;Coil;30601;;;0;1;0;1;;;;0=Não\1=Sim;0=Off\1=On;;;;Fábrica;Comando de restaurar o tempo de acesso de fábrica;Command of refreshing the factory access time;;;;;;;;;;;;;;;;;
;;;;;;;;;;;;;;;;;;;;;;;;;;;;;;;;;;;;;;;;
123126140a5c49608123e8ba82446147;1;R;16;TabFactoryAccess;Input register;30600;;;0;65535;0;1;s;s;s;;;;;;Fábrica;Indicação de tempo restante de acesso privilegiado a nível de fábrica;Indication of time remaining for privileged access at factory level;;;;;;;;;;;;;;;;;
b58606a7ab5a459db9749bdc81c12876;1;R;16;TabFactoryAccess;Input register;30601;;;0;4;0;1;;;;0=Inicializando\1=Ocioso\2=Esperando senha\3=Autenticado\4=Esperando para nova tentativa;0=Initializing\1=Idle\2=Waiting for password\3=Authenticated\4=Waiting for new attempt;;;;Fábrica;Indicação de estado do controle de acesso para nível de fábrica;Indication of the access control status for the factory level.;;;;;;;;;;;;;;;;;
eb30efb98bbd4c788df3cb4e21762e40;1;R;16;TabFactoryAccess;Input register;30602;;;0;6;6;1;;;;;;;;;Fábrica;Indicação de qunatidade de tentativas restantes para acesso a nível de fábrica;Indication of remaining attempts for factory-level access;;;;;;;;;;;;;;;;;
e6d31e7af78e4dab8ebcf9b315ef3a30;1;R;16;TabFactoryAccess;Input register;30603;;;0;9999;0;1;;;;;;;;;Fábrica;Indicação de contrassenha para acesso a nível fábrica;Indication of challenge for factory level access level;;;;;;;;;;;;;;;;;
;;;;;;;;;;;;;;;;;;;;;;;;;;;;;;;;;;;;;;;;
c91c6de2abaa45cb89fb887613518e93;1;RW;16;TabFactoryAccessPswd;Holding register;30600;;;0;32767;0;1;;;;;;;;;Fábrica;Parâmetro de entrada de senha para nível fábrica;Parameter of password input for factory level;;;;;;;;;;;;;;;;;
;;;;;;;;;;;;;;;;;;;;;;;;;;;;;;;;;;;;;;;;
5ad56c13fe994aeb89b149634f355223;0;RW;16;TabNetworkConfigFact;Holding register;30700;;;0;255;20;1;;;;;;;;;Fábrica;Parâmetro de endereço físico (MAC) - byte 0;Parameter of physical address (MAC) - byte 0;;;;;;;Communication;;;Ethernet Network;;Parâmetro;;;;;
3b9463235e2840cf81d7ff0ec4f6e745;0;RW;16;TabNetworkConfigFact;Holding register;30701;;;0;255;26;1;;;;;;;;;Fábrica;Parâmetro de endereço físico (MAC) - byte 1;Parameter of physical address (MAC) - byte 1;;;;;;;Communication;;;Ethernet Network;;Parâmetro;;;;;
cf46279257ab415cb5ea974f001ea6d8;0;RW;16;TabNetworkConfigFact;Holding register;30702;;;0;255;81;1;;;;;;;;;Fábrica;Parâmetro de endereço físico (MAC) - byte 2;Parameter of physical address (MAC) - byte 2;;;;;;;Communication;;;Ethernet Network;;Parâmetro;;;;;
0f4515c7c2dc4eecad1f845a518f8038;0;RW;16;TabNetworkConfigFact;Holding register;30703;;;0;255;0;1;;;;;;;;;Fábrica;Parâmetro de endereço físico (MAC) - byte 3;Parameter of physical address (MAC) - byte 3;;;;;;;Communication;;;Ethernet Network;;Parâmetro;;;;;
e1caf870012f40c5a8a7615cb20060b6;0;RW;16;TabNetworkConfigFact;Holding register;30704;;;0;255;0;1;;;;;;;;;Fábrica;Parâmetro de endereço físico (MAC) - byte 4;Parameter of physical address (MAC) - byte 4;;;;;;;Communication;;;Ethernet Network;;Parâmetro;;;;;
33b38faa120d407bb52abbcded46d968;0;RW;16;TabNetworkConfigFact;Holding register;30705;;;0;255;0;1;;;;;;;;;Fábrica;Parâmetro de endereço físico (MAC) - byte 5;Parameter of physical address (MAC) - byte 5;;;;;;;Communication;;;Ethernet Network;;Parâmetro;;;;;
;;;;;;;;;;;;;;;;;;;;;;;;;;;;;;;;;;;;;;;;
ddb6eca0df3940f7ac85b7f7ec4a5fdf;1;RW;16;TabPt100TempFact;Holding register;30800;;;1;50;10;1;°C;°C;°C;;;;;;Fábrica;Parâmetro de variação máxima de temperatura para considerar salto;Parameter of maximum temperature variation to consider jump;;;;;;;Acquisition and Analysis;;;PT100 Sensor Configuration;;Parâmetro;;;;;
;;;;;;;;;;;;;;;;;;;;;;;;;;;;;;;;;;;;;;;;
81832aa9558d464584db6ae66a1c0eb7;1;RW;Bit;TabPt100TempFact;Coil;30800;;;0;1;0;1;;;;0=Não\1=Sim;0=Off\1=On;;;;Fábrica;Parâmetro de habilitação de simulação do PT100;Parameter of PT100 simulation enable;;;;;;;Acquisition and Analysis;;;PT100 Sensor Configuration;;Parâmetro;;;;;
;;;;;;;;;;;;;;;;;;;;;;;;;;;;;;;;;;;;;;;;
b0498a9fdbeb4d2bb1b3c4889c4405f4;1;RW;16;TabMeasurementsDiagThresholds;Holding register;30900;;;0;1000;300;1000;Hz;Hz;Hz;;;;;;Fábrica;Parâmetro de desvio máximo da frequência nominal;Parameter of maximum deviation of nominal frequency;;;;;;;Acquisition and Analysis;;;Self-Diagnostics\Frequency and Signals;;Parâmetro;;;;;
54c2701219e84345aca9cc63da0842de;1;RW;16;TabMeasurementsDiagThresholds;Holding register;30901;;;0;1000;100;1000;Hz;Hz;Hz;;;;;;Fábrica;Parâmetro de máxima diferença entre frequências em um mesmo grupo de sinais;Parameter of maximum difference between frequencies in the same group of signals;;;;;;;Acquisition and Analysis;;;Self-Diagnostics\Frequency and Signals;;Parâmetro;;;;;
75d28b55aa88476c85de4ee582efa1ee;1;RW;16;TabMeasurementsDiagThresholds;Holding register;30902;;;100;65000;100;1;uA;uA;uA;;;;;;Fábrica;Parâmetro de amplitude mínima de corrente na fundamental;Parameter of minimum current amplitude at the fundamental;;;;;;;Acquisition and Analysis;;;Self-Diagnostics\Frequency and Signals;;Parâmetro;;;;;
de68e5c5af4045858143874429197624;1;RW;16;TabMeasurementsDiagThresholds;Holding register;30903;;;1;65000;1;1;V;V;V;;;;;;Fábrica;Parâmetro de amplitude mínima de tensão na fundamental;Parameter of minimum voltage amplitude at the fundamental;;;;;;;Acquisition and Analysis;;;Self-Diagnostics\Frequency and Signals;;Parâmetro;;;;;
e8596f3164414e7eb8acd17ae3cb0122;1;RW;16;TabMeasurementsDiagThresholds;Holding register;30904;;;0;65000;100;1;uA;uA;uA;;;;;;Fábrica;Parâmetro de valor máximo das correntes DC;Parameter of the maximum value of DC currents;;;;;;;Acquisition and Analysis;;;Self-Diagnostics\Frequency and Signals;;Parâmetro;;;;;
8b343623129e4750af126df24cc47206;1;RW;16;TabMeasurementsDiagThresholds;Holding register;30905;;;0;65000;1;1;V;V;V;;;;;;Fábrica;Parâmetro de valor máximo DC nas tensões;Parameter of maximum DC value of voltages;;;;;;;Acquisition and Analysis;;;Self-Diagnostics\Frequency and Signals;;Parâmetro;;;;;
b987da70d10643f0bb13afa5f8459a6b;1;RW;16;TabMeasurementsDiagThresholds;Holding register;30906;;;0;1000;200;10;%;%;%;;;;;;Fábrica;Parâmetro de máxima distorção harmônica em relação ao valor True RMS;Parameter of maximum harmonic distortion with respect to the True RMS value;;;;;;;Acquisition and Analysis;;;Self-Diagnostics\Frequency and Signals;;Parâmetro;;;;;
780fff41704249efae37ba079ee0106e;1;RW;16;TabMeasurementsDiagThresholds;Holding register;30907;;;0;2000;10;1;uA;uA;uA;;;;;;Fábrica;Parâmetro de corrente da zona morta do autodiagnóstico de somatórias inconsistentes;Parameter of current in the dead zone of the self-diagnosis of inconsistent summations;;;;;;;Acquisition and Analysis;;;Self-Diagnostics\Sum Relation;;Parâmetro;;;SDp_BMC_$ZBSH4$SP$dbSumA$setMag$i \ SDp_BMC_$ZBSH4$SP$dbSumA$setMag$f;;
e3eb0512be95437a8c76d3c6c8d17d00;1;RW;16;TabMeasurementsDiagThresholds;Holding register;30908;;;0;200;50;1;%;%;%;;;;;;Fábrica;Parâmetro de máxima relação para a consistência das somatórias;Parameter of maximum ratio for the consistency of the sums;;;;;;;Acquisition and Analysis;;;Self-Diagnostics\Sum Relation;;Parâmetro;;;SDp_BMC_$ZBSH4$SP$MaxSumRat$setMag$i \ SDp_BMC_$ZBSH4$SP$MaxSumRat$setMag$f;;
;;;;;;;;;;;;;;;;;;;;;;;;;;;;;;;;;;;;;;;;
27a11a26d02a4aeabb11750b0044a85f;1;RW;Bit;TabBanksControlFact;Coil;31000;;;0;1;0;1;;;;0=Não\1=Sim;0=Off\1=On;;;;Fábrica;Parâmetro de ativação da compensação;Parameter of activation of the compensation;;;;;;;Acquisition and Analysis;;;Relevance Curve Fitting;;Parâmetro;;;;;
;;;;;;;;;;;;;;;;;;;;;;;;;;;;;;;;;;;;;;;;
f8c71f1dea9640a78ecdab5b89972eae;1;RW;16;TabBanksConfigFact;Holding register;31000;;;5;2700;233;1;;;;;;;;;Fábrica;Parâmetro de intervalo entre amostras de bancos;Parameter of the interval between bank samples;;;;;;;Acquisition and Analysis;;;Sampling Settings;;Parâmetro;;;SDp_BMC_$LPHD1$SP$SmpPd$setMag$i \ SDp_BMC_$LPHD1$SP$SmpPd$setMag$f;;
6fdefae13efd4ec49228d84133630e35;1;RW;16;TabBanksConfigFact;Holding register;31001;;;10;5000;2600;1;;;;;;;;;Fábrica;Parâmetro de número de amostras consideradas para capacitância;Parameter of number of samples considered for capacitance;;;;;;;Acquisition and Analysis;;;Sampling Settings;;Parâmetro;;;SDp_BMC_$LPHD1$SP$ReactSmp$setMag$i \ SDp_BMC_$LPHD1$SP$ReactSmp$setMag$f;;
21a00ed6895d4ee6854800cb248a8397;1;RW;16;TabBanksConfigFact;Holding register;31002;;;10;5000;2600;1;;;;;;;;;Fábrica;Parâmetro de número de amostras consideradas para a tangente de delta;Parameter of number of samples considered for the tangent of delta;;;;;;;Acquisition and Analysis;;;Sampling Settings;;Parâmetro;;;SDp_BMC_$LPHD1$SP$LosFactSmp$setMag$i \ SDp_BMC_$LPHD1$SP$LosFactSmp$setMag$f;;
3b5135f695fe4a35b2d9cfe4ff72122a;1;RW;16;TabBanksConfigFact;Holding register;31003;;;0;5000;450;1000;%;%;%;;;;;;Fábrica;Parâmetro de ajuste da curva de relevância XA;Parameter of adjustment of the relevance curve XA;;;;;;;Acquisition and Analysis;;;Relevance Curve Fitting;;Parâmetro;;;;;
19d768465ab241e7a9b922b0ae9eb686;1;RW;16;TabBanksConfigFact;Holding register;31004;;;0;5000;750;1000;%;%;%;;;;;;Fábrica;Parâmetro de ajuste da curva de relevância XB;Parameter of adjustment of the relevance curve XB;;;;;;;Acquisition and Analysis;;;Relevance Curve Fitting;;Parâmetro;;;;;
4dcd8ef171ca4be29d4f2d282313c1ee;1;RW;16;TabBanksConfigFact;Holding register;31005;;;0;5000;150;1000;%;%;%;;;;;;Fábrica;Parâmetro de ajuste da curva de relevância YA;Parameter of adjustment of the relevance curve YA;;;;;;;Acquisition and Analysis;;;Relevance Curve Fitting;;Parâmetro;;;;;
c0baa4566e6b4a29a4061798731104b1;1;RW;16;TabBanksConfigFact;Holding register;31006;;;0;100;10;1;%;%;%;;;;;;Fábrica;Parâmetro de máxima diferença percentual entre os cálculos redundantes;Parameter of maximum percentage difference between redundant calculations;;;;;;;Acquisition and Analysis;;;Relevance Curve Fitting;;Parâmetro;;;;;
784b349b56c44841831c4f8a8f0ef978;1;RW;16;TabBanksConfigFact;Holding register;31007;;;0;100;5;1;%;%;%;;;;;;Fábrica;Parâmetro de porcentagem máxima de amostras corrompidas nos bancos;Parameter of maximum percentage of corrupted samples in the banks;;;;;;;Acquisition and Analysis;;;Self-Diagnostics\Validation and Quality;;Parâmetro;;;;;
2007a74853fc4b2d96b963e018d23e64;1;RW;16;TabBanksConfigFact;Holding register;31008;;;0;65000;50;1;uA;uA;uA;;;;;;Fábrica;Parâmetro de offset persistente máximo na amostra a ser salva nos bancos;Parameter of maximum persistent offset in the sample to be saved in the banks;;;;;;;Acquisition and Analysis;;;Self-Diagnostics\Validation and Quality;;Parâmetro;;;;;
80f9f561841f4b9987c52eaa9bbfd2e2;1;RW;16;TabBanksConfigFact;Holding register;31009;;;0;360;5;1;º;º;º;;;;;;Fábrica;Parâmetro de distorção angular máxima perante a sequência de fases da primeira amostra;Parameter of maximum angular distortion with respect to the phase sequence of the first sample;;;;;;;Acquisition and Analysis;;;Self-Diagnostics\Validation and Quality;;Parâmetro;;;;;
;;;;;;;;;;;;;;;;;;;;;;;;;;;;;;;;;;;;;;;;
b781bd8c1d1b47acb3c711bc79e1251b;0;RW;Bit;TabChangeBits;Coil;50000;;;0;1;0;1;;;;0=Tabela correspondente não mudou\1=Tabela correspondente mudou;0 = Corresponding table has not changed / 1 = Corresponding table has changed;;;;Uso interno;Comando de change bits referentes aos discrete inputs;Command of discrete inputs - change bits related to the discrete inputs;;;;;MASSA(500)!!!;;;;;;;;;;;;
c4b957b4237e4356838e0a637f01d779;0;RW;Bit;TabChangeBits;Coil;50500;;;0;1;0;1;;;;0=Tabela correspondente não mudou\1=Tabela correspondente mudou;0 = Corresponding table has not changed / 1 = Corresponding table has changed;;;;Uso interno;Comando de change bits referentes aos coils;Command of bits related to the coils;;;;;MASSA(500)!!!;;;;;;;;;;;;
35e23f122b564a7db4528f60d300b3d5;0;RW;Bit;TabChangeBits;Coil;51000;;;0;1;0;1;;;;0=Tabela correspondente não mudou\1=Tabela correspondente mudou;0 = Corresponding table has not changed / 1 = Corresponding table has changed;;;;Uso interno;Comando de change bits referentes aos input resgister;Command of altering bits related to input registers;;;;;MASSA(500)!!!;;;;;;;;;;;;
483e8262267f435c94a7bc1634c63c89;0;RW;Bit;TabChangeBits;Coil;51500;;;0;1;0;1;;;;0=Tabela correspondente não mudou\1=Tabela correspondente mudou;0 = Corresponding table has not changed / 1 = Corresponding table has changed;;;;Uso interno;Comando de change bits referentes aos holding registers;Command of changing bits related to the holding registers;;;;;MASSA(500)!!!;;;;;;;;;;;;
;;;;;;;;;;;;;;;;;;;;;;;;;;;;;;;;;;;;;;;;
c45cc1635f1f48d98a26c84dbd456427;0;R;32_ABCD;TabBankDownload;Input register;52000;;;0;4294967295;0;1;;;;;;;;;Uso interno;Indicação de versão da estrutura de amostra no banco;;;;;;;;;;;;;;;;;;
fa828f1910f44178aee6522fa527d106;0;R;32_ABCD;TabBankDownload;Input register;52002;;;0;4294967295;0;1;;;;;;;;;Uso interno;Indicação de tamanho da amostra em banco;;;;;;;;;;;;;;;;;;
5366c039762f4723a51bd0880c2cd71f;0;R;32_ABCD;TabBankDownload;Input register;52004;;;0;4294967295;0;1;;;;;;;;;Uso interno;Indicação do unix timestamp da amostra;;;;;;;;;;;;;;;;;;
747d6c047dd4446e918eb67da40b6e9c;0;R;0x0001;TabBankDownload;Input register;52007;;;0;1;0;1;;;;;;;;;Uso interno;Indicação de orientação para identificar última amostra;;;;;;;;;;;;;;;;;;
a37c5edd3445414995154372905dd28b;0;R;0x0002;TabBankDownload;Input register;52007;;;0;1;0;1;;;;0=Não\1=Sim;0=No\1=Yes;;;;Uso interno;Indicação de amostra filtrada para cálculo de capacitância;;;;;;;;;;;;;;;;;;
ef6984d09f45403c948bcf5702852c50;0;R;0x0004;TabBankDownload;Input register;52007;;;0;1;0;1;;;;0=Não\1=Sim;0=No\1=Yes;;;;Uso interno;Indicação de amostra filtrada para cálculo de tangente delta;;;;;;;;;;;;;;;;;;
ebb23576252a47cc97b472433cc92361;0;R;32_ABCD;TabBankDownload;Input register;52008;;;0;4294967295;0;1;;;;;;;;;Uso interno;Indicação da quantidade de amostras de corrente em primeira média;;;;;;;;;;;;;;;;;;
d4679fef2cd24d80b0c6683860c0284e;0;R;32_ABCD;TabBankDownload;Input register;52010;;;0;4294967295;0;1;;;;;;;;;Uso interno;Indicação da quantidade de amostras de corrente em segunda média;;;;;;;;;;;;;;;;;;
4a49b278795b4ddd8700a042b2c858ef;0;R;FLOAT_ABCD;TabBankDownload;Input register;52012;;;4700;6300;0;100;Hz;Hz;Hz;;;;;;Uso interno;Indicação de frequência da componente fundamental - IA;Indication of frequency of the fundamental component - IA;;;;;;;;;;;;;;;;;
1116243b88294b4fb3190cb5bcbc760d;0;R;FLOAT_ABCD;TabBankDownload;Input register;52014;;;0;240000;0;1000;mA;mA;mA;;;;;;Uso interno;Indicação de amplitude RMS da componente fundamental - IA;Indication of RMS amplitude of the fundamental component - IA;;;;;;;;;;;;;;;;;
d215c1ae46d2436b81803babe3921ba5;0;R;FLOAT_ABCD;TabBankDownload;Input register;52016;;;0;360;0;100;º;º;º;;;;;;Uso interno;Indicação de ângulo de fase da fundamental - IA;Indication of phase angle of the fundamental - IA;;;;;;;;;;;;;;;;;
b762dfcc61564e53ac8ce8242679ee3b;0;R;FLOAT_ABCD;TabBankDownload;Input register;52018;;;0;240000;0;1000;mA;mA;mA;;;;;;Uso interno;Indicação de valor True RMS - IA;Indication of value True RMS - IA;;;;;;;;;;;;;;;;;
4ee187b267c546608fc0d1103376c48c;0;R;FLOAT_ABCD;TabBankDownload;Input register;52020;;;-240000;240000;0;1000;mA;mA;mA;;;;;;Uso interno;Indicação de valor DC - IA;Indication of value DC - IA;;;;;;;;;;;;;;;;;
7d06397dd3564b5dbd0bb96bcc75806c;0;R;FLOAT_ABCD;TabBankDownload;Input register;52022;;;4700;6300;0;100;Hz;Hz;Hz;;;;;;Uso interno;Indicação de frequência da componente fundamental - IB;Indication of frequency of the fundamental component - IB;;;;;;;;;;;;;;;;;
fdb612804b844ec9b0c96023390acb14;0;R;FLOAT_ABCD;TabBankDownload;Input register;52024;;;0;240000;0;1000;mA;mA;mA;;;;;;Uso interno;Indicação de amplitude RMS da componente fundamental - IB;Indication of RMS amplitude of the fundamental component - IB;;;;;;;;;;;;;;;;;
df39d55828224314b68452c7234ba110;0;R;FLOAT_ABCD;TabBankDownload;Input register;52026;;;0;360;0;100;°;°;°;;;;;;Uso interno;Indicação de ângulo de fase da fundamental - IB;Indication of phase angle of the fundamental - IB;;;;;;;;;;;;;;;;;
bb97ad552be1498dafa4785895043354;0;R;FLOAT_ABCD;TabBankDownload;Input register;52028;;;0;240000;0;1000;mA;mA;mA;;;;;;Uso interno;Indicação de valor True RMS - IB;Indication of value True RMS - IB;;;;;;;;;;;;;;;;;
02b95fef53b2498cb48c12e80ca5a97e;0;R;FLOAT_ABCD;TabBankDownload;Input register;52030;;;-240000;240000;0;1000;mA;mA;mA;;;;;;Uso interno;Indicação de valor DC - IB;Indication of value DC - IB;;;;;;;;;;;;;;;;;
0761c0c289814076853433c80755f3cc;0;R;FLOAT_ABCD;TabBankDownload;Input register;52032;;;4700;6300;0;100;Hz;Hz;Hz;;;;;;Uso interno;Indicação de frequência da componente fundamental - IC;Indication of the frequency of the fundamental component - IC;;;;;;;;;;;;;;;;;
c0bd5d3c11634557aa6463bb8da1d2c4;0;R;FLOAT_ABCD;TabBankDownload;Input register;52034;;;0;240000;0;1000;mA;mA;mA;;;;;;Uso interno;Indicação de amplitude RMS da componente fundamental - IC;Indication of RMS amplitude of the fundamental component - IC;;;;;;;;;;;;;;;;;
e01c0f10c5684b83ada02f26d4acd7aa;0;R;FLOAT_ABCD;TabBankDownload;Input register;52036;;;0;360;0;100;°;°;°;;;;;;Uso interno;Indicação de ângulo de fase fundamental - IC;Indication of phase angle of the fundamental - IC;;;;;;;;;;;;;;;;;
116b086f92dd44e28469b3d6ad32d7bb;0;R;FLOAT_ABCD;TabBankDownload;Input register;52038;;;0;240000;0;1000;mA;mA;mA;;;;;;Uso interno;Indicação de valor True RMS - IC;Indication of value True RMS - IC;;;;;;;;;;;;;;;;;
2cb381084d034396a49e8cff84690952;0;R;FLOAT_ABCD;TabBankDownload;Input register;52040;;;-240000;240000;0;1000;mA;mA;mA;;;;;;Uso interno;Indicação de valor DC - IC;Indication of value DC - IC;;;;;;;;;;;;;;;;;
f27ee0a31dea49f68e9636defa4ce99a;0;R;FLOAT_ABCD;TabBankDownload;Input register;52042;;;4700;6300;0;100;Hz;Hz;Hz;;;;;;Uso interno;Indicação de frequência da componente fundamental - ISM;Indication of frequency of the fundamental component - ISM;;;;;;;;;;;;;;;;;
e8063d0c3c1f4e399d17f39887889a00;0;R;FLOAT_ABCD;TabBankDownload;Input register;52044;;;0;240000;0;1000;mA;mA;mA;;;;;;Uso interno;Indicação de amplitude RMS da componente fundamental - ISM;Indication of RMS amplitude of the fundamental component - ISM;;;;;;;;;;;;;;;;;
0c694d9cce004569a36d50e2e0dea071;0;R;FLOAT_ABCD;TabBankDownload;Input register;52046;;;0;360;0;100;°;°;°;;;;;;Uso interno;Indicação de ângulo de fase da fundamental - ISM;Indication of fundamental phase angle - ISM;;;;;;;;;;;;;;;;;
8ab198651a2a4994ad138bfcf04db562;0;R;FLOAT_ABCD;TabBankDownload;Input register;52048;;;0;240000;0;1000;mA;mA;mA;;;;;;Uso interno;Indicação de valor True RMS - ISM;Indication of True RMS value - ISM;;;;;;;;;;;;;;;;;
08ad30dc0d7f4e7d8a6ed55b35365d9b;0;R;FLOAT_ABCD;TabBankDownload;Input register;52050;;;-240000;240000;0;1000;mA;mA;mA;;;;;;Uso interno;Indicação de valor DC - ISM;Indication of value DC - ISM;;;;;;;;;;;;;;;;;
96eb806c6f4347a0855f2f267958c7c6;0;R;FLOAT_ABCD;TabBankDownload;Input register;52052;;;4700;6300;0;100;Hz;Hz;Hz;;;;;;Uso interno;Indicação de frequência da componente fundamental - ISC;Indication of frequency of the fundamental component - ISC;;;;;;;;;;;;;;;;;
52d5f99f545c45a580aa3cd058cb8c0e;0;R;FLOAT_ABCD;TabBankDownload;Input register;52054;;;0;240000;0;1000;mA;mA;mA;;;;;;Uso interno;Indicação de amplitude RMS da componente fundamental - ISC;Indication of RMS amplitude of the fundamental component - ISC;;;;;;;;;;;;;;;;;
8b452edf2a824c3c9e8e2491ae7d6e17;0;R;FLOAT_ABCD;TabBankDownload;Input register;52056;;;0;360;0;100;°;°;°;;;;;;Uso interno;Indicação de ângulo de fase da fundamental - ISC;Indication of phase angle of the fundamental - ISC;;;;;;;;;;;;;;;;;
c02f516d44ee4382b8e4bc7aa4e7ce5a;0;R;FLOAT_ABCD;TabBankDownload;Input register;52058;;;0;240000;0;1000;mA;mA;mA;;;;;;Uso interno;Indicação de valor True RMS - ISC;Indication of value True RMS - ISC;;;;;;;;;;;;;;;;;
ec501a1ad75b41068f4b145429f2b026;0;R;FLOAT_ABCD;TabBankDownload;Input register;52060;;;-240000;240000;0;1000;mA;mA;mA;;;;;;Uso interno;Indicação de valor DC - ISC;Indication of value DC - ISC;;;;;;;;;;;;;;;;;
8491651015804d4a8659ad1543a553c1;0;R;32_ABCD;TabBankDownload;Input register;52062;;;0;4294967295;0;1;;;;;;;;;Uso interno;Indicação da quantidade de amostras de tensão em primeira média;;;;;;;;;;;;;;;;;;
e0e7b6cfdff141b6bacad66eedbed557;0;R;32_ABCD;TabBankDownload;Input register;52064;;;0;4294967295;0;1;;;;;;;;;Uso interno;Indicação da quantidade de amostras de tensão em segunda média;;;;;;;;;;;;;;;;;;
0cf1728ee5de416d9544dad0757ff2f8;0;R;FLOAT_ABCD;TabBankDownload;Input register;52066;;;4700;6300;0;100;Hz;Hz;Hz;;;;;;Uso interno;Indicação de frequência da componente fundamental - VA;Indication of frequency of the fundamental component - VA;;;;;;;;;;;;;;;;;
684ef860593d4e8eb6c91b153ad29803;0;R;FLOAT_ABCD;TabBankDownload;Input register;52068;;;0;546000;0;1000;V;V;V;;;;;;Uso interno;Indicação de amplitude RMS da componente fundamental - VA;Indication of RMS amplitude of the fundamental component - VA;;;;;;;;;;;;;;;;;
b78d9cf41fbc46fb9bde46b63cb8bdd2;0;R;FLOAT_ABCD;TabBankDownload;Input register;52070;;;0;36000;0;100;º;º;º;;;;;;Uso interno;Indicação de ângulo de fase da fundamental - VA;Indication of the phase angle of the fundamental - VA;;;;;;;;;;;;;;;;;
c0d342d7cc7b407dabcad4bc8d77cce5;0;R;FLOAT_ABCD;TabBankDownload;Input register;52072;;;0;546000;0;1000;V;V;V;;;;;;Uso interno;Indicação de valor True RMS - VA;Indication of value True RMS - VA;;;;;;;;;;;;;;;;;
85ace9256d384f55ae43997bc992f941;0;R;FLOAT_ABCD;TabBankDownload;Input register;52074;;;-546000;546000;0;1000;V;V;V;;;;;;Uso interno;Indicação de valor DC - VA;Indication of DC value - VA;;;;;;;;;;;;;;;;;
f8045b35e2af42eb997288f48eb3b6a1;0;R;FLOAT_ABCD;TabBankDownload;Input register;52076;;;4700;6300;0;100;Hz;Hz;Hz;;;;;;Uso interno;Indicação de frequência da componente fundamental - VB;Indication of frequency of the fundamental component - VB;;;;;;;;;;;;;;;;;
794b3e328a1c44a6bd714bd005900d7b;0;R;FLOAT_ABCD;TabBankDownload;Input register;52078;;;0;546000;0;1000;V;V;V;;;;;;Uso interno;Indicação de amplitude RMS da componente fundamental - VB;Indication of RMS amplitude of the fundamental component - VB;;;;;;;;;;;;;;;;;
a0e7ce2762064b9d84bac3e6d6298ffa;0;R;FLOAT_ABCD;TabBankDownload;Input register;52080;;;0;36000;0;100;º;º;º;;;;;;Uso interno;Indicação de ângulo de fase da fundamental - VB;Indication of phase angle of the fundamental - VB;;;;;;;;;;;;;;;;;
53c9b2231e33423b864c0a4070e62449;0;R;FLOAT_ABCD;TabBankDownload;Input register;52082;;;0;546000;0;1000;V;V;V;;;;;;Uso interno;Indicação de valor True RMS - VB;Indication of value True RMS - VB;;;;;;;;;;;;;;;;;
235c5ebed5ef4209bd9d2e45fe8faa4f;0;R;FLOAT_ABCD;TabBankDownload;Input register;52084;;;-546000;546000;0;1000;V;V;V;;;;;;Uso interno;Indicação de valor DC - VB;Indication of value DC - VB;;;;;;;;;;;;;;;;;
0475beeb7dcc47e88d2a1feda63d5a25;0;R;FLOAT_ABCD;TabBankDownload;Input register;52086;;;4700;6300;0;100;Hz;Hz;Hz;;;;;;Uso interno;Indicação de frequência da componente fundamental - VC;Indication of frequency of the fundamental component - VC;;;;;;;;;;;;;;;;;
9685646e8dd34a7c880b8dd50eca6486;0;R;FLOAT_ABCD;TabBankDownload;Input register;52088;;;0;546000;0;1000;V;V;V;;;;;;Uso interno;Indicação de amplitude RMS da componente fundamental - VC;Indication of RMS amplitude of the fundamental component - VC;;;;;;;;;;;;;;;;;
c3a1880962ff435da418a2962e3d9c0e;0;R;FLOAT_ABCD;TabBankDownload;Input register;52090;;;0;36000;0;100;º;º;º;;;;;;Uso interno;Indicação de ângulo de fase da fundamental - VC;Indication of phase angle of the fundamental - VC;;;;;;;;;;;;;;;;;
7732a1956db54db78cab83e04844a4c7;0;R;FLOAT_ABCD;TabBankDownload;Input register;52092;;;0;546000;0;1000;V;V;V;;;;;;Uso interno;Indicação de valor True RMS - VC;Indication of value True RMS - VC;;;;;;;;;;;;;;;;;
1610a01a1137402facae35cc1794ba62;0;R;FLOAT_ABCD;TabBankDownload;Input register;52094;;;-546000;546000;0;1000;V;V;V;;;;;;Uso interno;Indicação de valor DC - VC;Indication of value DC - VC;;;;;;;;;;;;;;;;;
98510058bfb640119a694e3cb03508c7;0;R;32_ABCD;TabBankDownload;Input register;52096;;;0;4294967295;0;1;;;;;;;;;Uso interno;Indicação de CRC calculado para amostra no banco - algoritmo ISO-HDLC;;;;;;;;;;;;;;;;;;
;;;;;;;;;;;;;;;;;;;;;;;;;;;;;;;;;;;;;;;;
46d8642bbb564654903555d0c02452c7;0;R;16;TabLogSanityDownload;Input register;52200;;;0;65535;0;1;;;;;;;;;Uso interno;Indicação de registradores para download do log de sanidade;Indication of loggers for downloading the health log;;;;;MASSA(125)!!!;;;;;;;;;;;;
;;;;;;;;;;;;;;;;;;;;;;;;;;;;;;;;;;;;;;;;
7eb0b32a98f84ecd81ba25064cd681cc;0;R;16;TabLogMassMemoryDownload;Input register;52400;;;0;65535;2026;1;;;;;;;;;Uso interno;Indicação de ano;Indication of recorders for download of the mass log;;;;;;;;;;;;;;;;;
f2e1204599b44248a098b713d3a6cb5e;0;R;16;TabLogMassMemoryDownload;Input register;52401;;;1;12;1;1;;;;;;;;;Uso interno;Indicação de mês;;;;;;;;;;;;;;;;;;
9e2e859811a84835a7ffbe4ab64f1b97;0;R;16;TabLogMassMemoryDownload;Input register;52402;;;1;31;1;1;;;;;;;;;Uso interno;Indicação de dia;;;;;;;;;;;;;;;;;;
a1c8415bc2274a6894310e082d09cdc5;0;R;16;TabLogMassMemoryDownload;Input register;52403;;;0;23;0;1;h;h;h;;;;;;Uso interno;Indicação de hora;;;;;;;;;;;;;;;;;;
ccd5989616f34824b5affc054adf3b62;0;R;16;TabLogMassMemoryDownload;Input register;52404;;;0;59;0;1;m;m;m;;;;;;Uso interno;Indicação de minuto;;;;;;;;;;;;;;;;;;
35ff92b58192420dbfd507ac9c1c0799;0;R;16;TabLogMassMemoryDownload;Input register;52405;;;0;59;0;1;s;s;s;;;;;;Uso interno;Indicação de segundo;;;;;;;;;;;;;;;;;;
ada973ce74bd431da5d4f73439b14d44;0;R;16;TabLogMassMemoryDownload;Input register;52406;;;-23;23;0;1;;;;;;;;;Uso interno;Indicação de fuso horário (horas);;;;;;;;;;;;;;;;;;
1a7fdb17ccbc412cac292cc3f19307eb;0;R;16;TabLogMassMemoryDownload;Input register;52407;;;0;59;0;1;;;;;;;;;Uso interno;Indicação de fuso horário (minutos);;;;;;;;;;;;;;;;;;
038a3fc72e084095ad06b6c41c66ab5f;0;R;16;TabLogMassMemoryDownload;Input register;52408;;;0;65535;0;1;;;;;;;;;Uso interno;Indicação de número de versão (major em semantic);;;;;;;;;;;;;;;;;;
b442907545bc4d9dbd39771ff327b44a;0;R;16;TabLogMassMemoryDownload;Input register;52409;;;0;65535;0;1;;;;;;;;;Uso interno;Indicação de número de versão (minor em semantic ou versão na notação simplificada);;;;;;;;;;;;;;;;;;
0d18f1dbba934939a1f8477f9b25aabf;0;R;16;TabLogMassMemoryDownload;Input register;52410;;;0;65535;0;1;;;;;;;;;Uso interno;Indicação de número de versão (patch em semantic ou release na notação simplificada);;;;;;;;;;;;;;;;;;
f9d808a4bd9b4669ba2671a6333ba79b;0;R;16;TabLogMassMemoryDownload;Input register;52411;;;0;1;0;1;;;;;;;;;Uso interno;Indicação de bit de referência para orientação da última página;;;;;;;;;;;;;;;;;;
a310f74d44584ebd8bc4dfe2c2d95654;0;R;0x0001;TabLogMassMemoryDownload;Input register;52412;;;0;1;0;1;;;;;;;;;Uso interno;Indicação de evento de reset;;;;;;;;;;;;;;;;;;
9bcef3d33d144ef6b1ff60e4c7a0b7a7;0;R;0x0002;TabLogMassMemoryDownload;Input register;52412;;;0;1;0;1;;;;;;;;;Uso interno;Indicação de evento de salvamento periódico;;;;;;;;;;;;;;;;;;
9ea8539d32964640af65024dc57292c0;0;R;0x0004;TabLogMassMemoryDownload;Input register;52412;;;0;1;0;1;;;;;;;;;Uso interno;Indicação de evento de alarme;;;;;;;;;;;;;;;;;;
0e968699fa0e4f599fd4df2fbf7a08ba;0;R;0x0008;TabLogMassMemoryDownload;Input register;52412;;;0;1;0;1;;;;;;;;;Uso interno;Indicação de evento de autodiagnóstico;;;;;;;;;;;;;;;;;;
420ff0e215234f0abf22d9426b52e297;0;R;16;TabLogMassMemoryDownload;Input register;52413;;;0;65535;0;1;;;;;;;;;Uso interno;Indicação do número de medições instantâneas;;;;;;;;;;;;;;;;;;
bc928d299e9e49378ba3dbf8bbc21693;0;R;FLOAT_ABCD;TabLogMassMemoryDownload;Input register;52414;;;4700;6300;0;100;Hz;Hz;Hz;;;;;;Uso interno;Indicação de frequência da componente fundamental - IA;Indication of frequency of the fundamental component - IA;;;;;;;;;;;;;;;;;
b9843cf713704cfdac455dacc11c6cb9;0;R;FLOAT_ABCD;TabLogMassMemoryDownload;Input register;52416;;;0;240000;0;1000;mA;mA;mA;;;;;;Uso interno;Indicação de amplitude RMS da componente fundamental - IA;Indication of RMS amplitude of the fundamental component - IA;;;;;;;;;;;;;;;;;
eca215ea331f4ca88899a00ca87ce405;0;R;FLOAT_ABCD;TabLogMassMemoryDownload;Input register;52418;;;0;36000;0;100;º;º;º;;;;;;Uso interno;Indicação de ângulo de fase da fundamental - IA;Indication of phase angle of the fundamental - IA;;;;;;;;;;;;;;;;;
4d31d857c05f498cb2fd35fbc4490552;0;R;FLOAT_ABCD;TabLogMassMemoryDownload;Input register;52420;;;0;240000;0;1000;mA;mA;mA;;;;;;Uso interno;Indicação de valor True RMS - IA;Indication of value True RMS - IA;;;;;;;;;;;;;;;;;
bf71f9b3c53e4b2aa4754563bac88565;0;R;FLOAT_ABCD;TabLogMassMemoryDownload;Input register;52422;;;-240000;240000;0;1000;mA;mA;mA;;;;;;Uso interno;Indicação de valor DC - IA;Indication of value DC - IA;;;;;;;;;;;;;;;;;
e619d230ae504e6685f3f4525bb1ab24;0;R;FLOAT_ABCD;TabLogMassMemoryDownload;Input register;52424;;;4700;6300;0;100;Hz;Hz;Hz;;;;;;Uso interno;Indicação de frequência da componente fundamental - IB;Indication of frequency of the fundamental component - IB;;;;;;;;;;;;;;;;;
ff769c996eb3410c9e4f7fbf56d41b15;0;R;FLOAT_ABCD;TabLogMassMemoryDownload;Input register;52426;;;0;240000;0;1000;mA;mA;mA;;;;;;Uso interno;Indicação de amplitude RMS da componente fundamental - IB;Indication of RMS amplitude of the fundamental component - IB;;;;;;;;;;;;;;;;;
9adccb52c1514468a59e55ee386862f2;0;R;FLOAT_ABCD;TabLogMassMemoryDownload;Input register;52428;;;0;36000;0;100;º;º;º;;;;;;Uso interno;Indicação de ângulo de fase da fundamental - IB;Indication of phase angle of the fundamental - IB;;;;;;;;;;;;;;;;;
aa9da20d9c1a4a478590f46bbc373b0c;0;R;FLOAT_ABCD;TabLogMassMemoryDownload;Input register;52430;;;0;240000;0;1000;mA;mA;mA;;;;;;Uso interno;Indicação de valor True RMS - IB;Indication of value True RMS - IB;;;;;;;;;;;;;;;;;
f157e4315742427d84ac7954a34a902f;0;R;FLOAT_ABCD;TabLogMassMemoryDownload;Input register;52432;;;-240000;240000;0;1000;mA;mA;mA;;;;;;Uso interno;Indicação de valor DC - IB;Indication of value DC - IB;;;;;;;;;;;;;;;;;
d7879fa3b506408e9d2ac76f2e32c995;0;R;FLOAT_ABCD;TabLogMassMemoryDownload;Input register;52434;;;4700;6300;0;100;Hz;Hz;Hz;;;;;;Uso interno;Indicação de frequência da componente fundamental - IC;Indication of the frequency of the fundamental component - IC;;;;;;;;;;;;;;;;;
54753aee1ae34e63a70c22d6d58aea5e;0;R;FLOAT_ABCD;TabLogMassMemoryDownload;Input register;52436;;;0;240000;0;1000;mA;mA;mA;;;;;;Uso interno;Indicação de amplitude RMS da componente fundamental - IC;Indication of RMS amplitude of the fundamental component - IC;;;;;;;;;;;;;;;;;
8301b3737b5745cb8e913df9fbfc9708;0;R;FLOAT_ABCD;TabLogMassMemoryDownload;Input register;52438;;;0;36000;0;100;º;º;º;;;;;;Uso interno;Indicação de ângulo de fase fundamental - IC;Indication of phase angle of the fundamental - IC;;;;;;;;;;;;;;;;;
05cf497d1ea5468487c6b96fe91e4f91;0;R;FLOAT_ABCD;TabLogMassMemoryDownload;Input register;52440;;;0;240000;0;1000;mA;mA;mA;;;;;;Uso interno;Indicação de valor True RMS - IC;Indication of value True RMS - IC;;;;;;;;;;;;;;;;;
03a94ab4836343ca9360abb9c22b48a7;0;R;FLOAT_ABCD;TabLogMassMemoryDownload;Input register;52442;;;-240000;240000;0;1000;mA;mA;mA;;;;;;Uso interno;Indicação de valor DC - IC;Indication of value DC - IC;;;;;;;;;;;;;;;;;
f864fd12f88243efb3bcd17fe4ae071d;0;R;FLOAT_ABCD;TabLogMassMemoryDownload;Input register;52444;;;4700;6300;0;100;Hz;Hz;Hz;;;;;;Uso interno;Indicação de frequência da componente fundamental - ISM;Indication of frequency of the fundamental component - ISM;;;;;;;;;;;;;;;;;
afd8492c53334b7ba92362e71e1f8d14;0;R;FLOAT_ABCD;TabLogMassMemoryDownload;Input register;52446;;;0;240000;0;1000;mA;mA;mA;;;;;;Uso interno;Indicação de amplitude RMS da componente fundamental - ISM;Indication of RMS amplitude of the fundamental component - ISM;;;;;;;;;;;;;;;;;
2d5bd9c21b4945c7bb589212110ba254;0;R;FLOAT_ABCD;TabLogMassMemoryDownload;Input register;52448;;;0;36000;0;100;º;º;º;;;;;;Uso interno;Indicação de ângulo de fase da fundamental - ISM;Indication of fundamental phase angle - ISM;;;;;;;;;;;;;;;;;
37d90bbc2a1c4a51818a2ebfbd54c11f;0;R;FLOAT_ABCD;TabLogMassMemoryDownload;Input register;52450;;;0;240000;0;1000;mA;mA;mA;;;;;;Uso interno;Indicação de valor True RMS - ISM;Indication of True RMS value - ISM;;;;;;;;;;;;;;;;;
fba34bc9730d43db9a06860abeec7daf;0;R;FLOAT_ABCD;TabLogMassMemoryDownload;Input register;52452;;;-240000;240000;0;1000;mA;mA;mA;;;;;;Uso interno;Indicação de valor DC - ISM;Indication of value DC - ISM;;;;;;;;;;;;;;;;;
8bb51ecdf6ec4bfeace2f41180101d9a;0;R;FLOAT_ABCD;TabLogMassMemoryDownload;Input register;52454;;;4700;6300;0;100;Hz;Hz;Hz;;;;;;Uso interno;Indicação de frequência da componente fundamental - ISC;Indication of frequency of the fundamental component - ISC;;;;;;;;;;;;;;;;;
a62dc2bf239540e98d923e888d70c1cf;0;R;FLOAT_ABCD;TabLogMassMemoryDownload;Input register;52456;;;0;240000;0;1000;mA;mA;mA;;;;;;Uso interno;Indicação de amplitude RMS da componente fundamental - ISC;Indication of RMS amplitude of the fundamental component - ISC;;;;;;;;;;;;;;;;;
d7c6549dc9374aaf9cf018499504c4bc;0;R;FLOAT_ABCD;TabLogMassMemoryDownload;Input register;52458;;;0;36000;0;100;º;º;º;;;;;;Uso interno;Indicação de ângulo de fase da fundamental - ISC;Indication of phase angle of the fundamental - ISC;;;;;;;;;;;;;;;;;
a30f801b3a8640ac869ac18f3048efaa;0;R;FLOAT_ABCD;TabLogMassMemoryDownload;Input register;52460;;;0;240000;0;1000;mA;mA;mA;;;;;;Uso interno;Indicação de valor True RMS - ISC;Indication of value True RMS - ISC;;;;;;;;;;;;;;;;;
9f75ffd39af14b36b036ef2c64fc9ba4;0;R;FLOAT_ABCD;TabLogMassMemoryDownload;Input register;52462;;;-240000;240000;0;1000;mA;mA;mA;;;;;;Uso interno;Indicação de valor DC - ISC;Indication of value DC - ISC;;;;;;;;;;;;;;;;;
7086591df8684210a593bdf8d2b86c26;0;R;FLOAT_ABCD;TabLogMassMemoryDownload;Input register;52464;;;4700;6300;0;100;Hz;Hz;Hz;;;;;;Uso interno;Indicação de frequência da componente fundamental - VA;Indication of frequency of the fundamental component - VA;;;;;;;;;;;;;;;;;
2441abcf61fb439dbf29b36528484085;0;R;FLOAT_ABCD;TabLogMassMemoryDownload;Input register;52466;;;0;54600;0;100;V;V;V;;;;;;Uso interno;Indicação de amplitude RMS da componente fundamental - VA;Indication of RMS amplitude of the fundamental component - VA;;;;;;;;;;;;;;;;;
df92089929334627bd1f00444fceeb84;0;R;FLOAT_ABCD;TabLogMassMemoryDownload;Input register;52468;;;0;36000;0;100;º;º;º;;;;;;Uso interno;Indicação de ângulo de fase da fundamental - VA;Indication of the phase angle of the fundamental - VA;;;;;;;;;;;;;;;;;
037396c95cae4c29b1506b9126ac4f6a;0;R;FLOAT_ABCD;TabLogMassMemoryDownload;Input register;52470;;;0;54600;0;100;V;V;V;;;;;;Uso interno;Indicação de valor True RMS - VA;Indication of value True RMS - VA;;;;;;;;;;;;;;;;;
ae07447b6603403aacba0e0b17f05b54;0;R;FLOAT_ABCD;TabLogMassMemoryDownload;Input register;52472;;;-54600;54600;0;100;V;V;V;;;;;;Uso interno;Indicação de valor DC - VA;Indication of DC value - VA;;;;;;;;;;;;;;;;;
ddc6d83c6fe84d1d902b8afb5dc700bd;0;R;FLOAT_ABCD;TabLogMassMemoryDownload;Input register;52474;;;4700;6300;0;100;Hz;Hz;Hz;;;;;;Uso interno;Indicação de frequência da componente fundamental - VB;Indication of frequency of the fundamental component - VB;;;;;;;;;;;;;;;;;
98ab0bf77298429fb3c92533b01884cf;0;R;FLOAT_ABCD;TabLogMassMemoryDownload;Input register;52476;;;0;54600;0;100;V;V;V;;;;;;Uso interno;Indicação de amplitude RMS da componente fundamental - VB;Indication of RMS amplitude of the fundamental component - VB;;;;;;;;;;;;;;;;;
6c65c6d1cc0840a5bfa71bcb169c18c7;0;R;FLOAT_ABCD;TabLogMassMemoryDownload;Input register;52478;;;0;36000;0;100;º;º;º;;;;;;Uso interno;Indicação de ângulo de fase da fundamental - VB;Indication of phase angle of the fundamental - VB;;;;;;;;;;;;;;;;;
f3ab0aed5b5c4f9e8107b726d46c865c;0;R;FLOAT_ABCD;TabLogMassMemoryDownload;Input register;52480;;;0;54600;0;100;V;V;V;;;;;;Uso interno;Indicação de valor True RMS - VB;Indication of value True RMS - VB;;;;;;;;;;;;;;;;;
60f867ad88ec47f9a170fb3cbfe797c7;0;R;FLOAT_ABCD;TabLogMassMemoryDownload;Input register;52482;;;-54600;54600;0;100;V;V;V;;;;;;Uso interno;Indicação de valor DC - VB;Indication of value DC - VB;;;;;;;;;;;;;;;;;
45dfc60e649b46af93c36833ecefb5b6;0;R;FLOAT_ABCD;TabLogMassMemoryDownload;Input register;52484;;;4700;6300;0;100;Hz;Hz;Hz;;;;;;Uso interno;Indicação de frequência da componente fundamental - VC;Indication of frequency of the fundamental component - VC;;;;;;;;;;;;;;;;;
0651f51c836f4d3b8cbe5bc77aaf7b22;0;R;FLOAT_ABCD;TabLogMassMemoryDownload;Input register;52486;;;0;54600;0;100;V;V;V;;;;;;Uso interno;Indicação de amplitude RMS da componente fundamental - VC;Indication of RMS amplitude of the fundamental component - VC;;;;;;;;;;;;;;;;;
d4d30901a85a43f193c8a15fb8af5ed2;0;R;FLOAT_ABCD;TabLogMassMemoryDownload;Input register;52488;;;0;36000;0;100;º;º;º;;;;;;Uso interno;Indicação de ângulo de fase da fundamental - VC;Indication of phase angle of the fundamental - VC;;;;;;;;;;;;;;;;;
ab653bdd03964f5c9fca17f940eca105;0;R;FLOAT_ABCD;TabLogMassMemoryDownload;Input register;52490;;;0;54600;0;100;V;V;V;;;;;;Uso interno;Indicação de valor True RMS - VC;Indication of value True RMS - VC;;;;;;;;;;;;;;;;;
c07d6a6d979640c48ffcdcabd9b6ad01;0;R;FLOAT_ABCD;TabLogMassMemoryDownload;Input register;52492;;;-54600;54600;0;100;V;V;V;;;;;;Uso interno;Indicação de valor DC - VC;Indication of value DC - VC;;;;;;;;;;;;;;;;;
548347ce995943468a842596637094f1;0;R;16;TabLogMassMemoryDownload;Input register;52494;;;0;65535;0;10;pF;pF;pF;;;;;;Uso interno;Indicação de capacitância da fase A;Indication of capacitance of phase A;;;;;;;;;;;;;;;;;
b3bfd39ab6874db7898aeb4efdaef132;0;R;16;TabLogMassMemoryDownload;Input register;52495;;;0;65535;0;10;pF;pF;pF;;;;;;Uso interno;Indicação de capacitância da fase B;Indication of capacitance of phase B;;;;;;;;;;;;;;;;;
bd6c227d4e30436599525a2710a1208b;0;R;16;TabLogMassMemoryDownload;Input register;52496;;;0;65535;0;10;pF;pF;pF;;;;;;Uso interno;Indicação de capacitância da fase C;Indication of capacitance of phase C;;;;;;;;;;;;;;;;;
ef3be74a5c274c6f96ee98f47d5d54f1;0;R;16;TabLogMassMemoryDownload;Input register;52497;;;0;65535;0;1000;%;%;%;;;;;;Uso interno;Indicação de tangente de delta da fase A;Indication of tangent delta of phase A;;;;;;;;;;;;;;;;;
20bedbe2e759421c9b0605612a2122d7;0;R;16;TabLogMassMemoryDownload;Input register;52498;;;0;65535;0;1000;%;%;%;;;;;;Uso interno;Indicação de tangente de delta da fase B;Indication of tangent delta of phase B;;;;;;;;;;;;;;;;;
7b7aa79cfdbd49109a1ed7e2da80b1b3;0;R;16;TabLogMassMemoryDownload;Input register;52499;;;0;65535;0;1000;%;%;%;;;;;;Uso interno;Indicação de tangente de delta da fase C;Indication of tangent delta of phase C;;;;;;;;;;;;;;;;;
c4ff18dd5bfb4559a8616760fe787835;0;R;16;TabLogMassMemoryDownload;Input register;52500;;;0;1;0;1;;;;0=Referência\1=Cálculo;;;;;Uso interno;Indicação de seção de banco atual sendo preenchida;;;;;;;;;;;;;;;;;;
4ac64cc6064b49058d8a028673571e7d;0;R;16;TabLogMassMemoryDownload;Input register;52501;;;0;65535;0;1;;;;;;;;;Uso interno;Indicação do índice da próxima amostra a ser preenchida em banco;;;;;;;;;;;;;;;;;;
0354603be6e6458a8a99268e4829eaa4;0;R;0x0001;TabLogMassMemoryDownload;Input register;52502;;;0;1;0;1;;;;0=Desligado\1=Ligado;0=Off\1=On;;;;Uso interno;Indicação de autodiagnóstico persistente de flash externo;;;;;;;;;;;;;;;;;;
fac8232a307445e494d3819ad510ccff;0;R;0x0002;TabLogMassMemoryDownload;Input register;52502;;;0;1;0;1;;;;0=Desligado\1=Ligado;0=Off\1=On;;;;Uso interno;Indicação de autodiagnóstico persistente de flash interno;;;;;;;;;;;;;;;;;;
ffefee8f99af418ca33a0eadca2914eb;0;R;0x0004;TabLogMassMemoryDownload;Input register;52502;;;0;1;0;1;;;;0=Desligado\1=Ligado;0=Off\1=On;;;;Uso interno;Indicação de autodiagnóstico persistente de sensor de temperatura;;;;;;;;;;;;;;;;;;
a93444feff894aef8e434d8f8e61ae79;0;R;0x0008;TabLogMassMemoryDownload;Input register;52502;;;0;1;0;1;;;;0=Desligado\1=Ligado;0=Off\1=On;;;;Uso interno;Indicação de autodiagnóstico persistente de RTC;;;;;;;;;;;;;;;;;;
e70d11bc540f4b588fb06c2699df99cf;0;R;0x0010;TabLogMassMemoryDownload;Input register;52502;;;0;1;0;1;;;;0=Desligado\1=Ligado;0=Off\1=On;;;;Uso interno;Indicação de autodiagnóstico persistente de relé de segurança;;;;;;;;;;;;;;;;;;
d3fbd2080eba40068ee6965525037acc;0;R;0x0020;TabLogMassMemoryDownload;Input register;52502;;;0;1;0;1;;;;0=Desligado\1=Ligado;0=Off\1=On;;;;Uso interno;Indicação de autodiagnóstico persistente de baixo aproveitamento estatístico;;;;;;;;;;;;;;;;;;
ccc42791f86248feaaeeb511416d43fb;0;R;0x0040;TabLogMassMemoryDownload;Input register;52502;;;0;1;0;1;;;;0=Desligado\1=Ligado;0=Off\1=On;;;;Uso interno;Indicação de autodiagnóstico persistente de tolerância angular na amostra de banco;;;;;;;;;;;;;;;;;;
e497a10ce5b74e8fae506b3894605450;0;R;0x0080;TabLogMassMemoryDownload;Input register;52502;;;0;1;0;1;;;;0=Desligado\1=Ligado;0=Off\1=On;;;;Uso interno;Indicação de autodiagnóstico persistente de offset persistente na amostra de banco;;;;;;;;;;;;;;;;;;
1d7027b449b14d5799e06912e6715eb4;0;R;0x0100;TabLogMassMemoryDownload;Input register;52502;;;0;1;0;1;;;;0=Desligado\1=Ligado;0=Off\1=On;;;;Uso interno;Indicação de autodiagnóstico persistente de muitas amostras corrompidas em banco;;;;;;;;;;;;;;;;;;
36a42a6aa0e64c21a3bba4a63df07ee9;0;R;0x0200;TabLogMassMemoryDownload;Input register;52502;;;0;1;0;1;;;;0=Desligado\1=Ligado;0=Off\1=On;;;;Uso interno;Indicação de autodiagnóstico persistente de ângulos imprecisos (geral);;;;;;;;;;;;;;;;;;
7058238d3fd14e898774d205fea1129b;0;R;0x0400;TabLogMassMemoryDownload;Input register;52502;;;0;1;0;1;;;;0=Desligado\1=Ligado;0=Off\1=On;;;;Uso interno;Indicação de autodiagnóstico persistente de discrepância entre frequências no conjunto de correntes;;;;;;;;;;;;;;;;;;
a3fc9f059d1041a0b1ff1bbbbeec895d;0;R;0x0800;TabLogMassMemoryDownload;Input register;52502;;;0;1;0;1;;;;0=Desligado\1=Ligado;0=Off\1=On;;;;Uso interno;Indicação de autodiagnóstico persistente de discrepância entre frequências no conjunto de tensões;;;;;;;;;;;;;;;;;;
defbdfd4582b42fdb98e1a3f34c946f5;0;R;0x1000;TabLogMassMemoryDownload;Input register;52502;;;0;1;0;1;;;;0=Desligado\1=Ligado;0=Off\1=On;;;;Uso interno;Indicação de autodiagnóstico persistente de somatória inconsistente no conjunto de correntes;;;;;;;;;;;;;;;;;;
1d380fde919f4b0aba2308d336934e9e;0;R;0x2000;TabLogMassMemoryDownload;Input register;52502;;;0;1;0;1;;;;0=Desligado\1=Ligado;0=Off\1=On;;;;Uso interno;Indicação de autodiagnóstico persistente de somatória inconsistente no conjunto de tensões;;;;;;;;;;;;;;;;;;
40805f6e6b574c3f8f00811cbe0db176;0;R;0x4000;TabLogMassMemoryDownload;Input register;52502;;;0;1;0;1;;;;0=Desligado\1=Ligado;0=Off\1=On;;;;Uso interno;Indicação de autodiagnóstico persistente de problema de aquisição no conjunto de correntes;;;;;;;;;;;;;;;;;;
8705c8ac23294684974323b85e892a84;0;R;0x8000;TabLogMassMemoryDownload;Input register;52502;;;0;1;0;1;;;;0=Desligado\1=Ligado;0=Off\1=On;;;;Uso interno;Indicação de autodiagnóstico persistente de problema de aquisição no conjunto de tensões;;;;;;;;;;;;;;;;;;
3a3e90344ebd4db090244808dfc93b8b;0;R;0x0001;TabLogMassMemoryDownload;Input register;52503;;;0;1;0;1;;;;0=Desligado\1=Ligado;0=Off\1=On;;;;Uso interno;Indicação de autodiagnóstico persistente de alta distorção harmônica - IA;;;;;;;;;;;;;;;;;;
bb047dbe5d6b468a97c9b1c51b4798c3;0;R;0x0002;TabLogMassMemoryDownload;Input register;52503;;;0;1;0;1;;;;0=Desligado\1=Ligado;0=Off\1=On;;;;Uso interno;Indicação de autodiagnóstico persistente de alta distorção harmônica - IB;;;;;;;;;;;;;;;;;;
10147a776d1e4033aaa956d31d20fc3f;0;R;0x0004;TabLogMassMemoryDownload;Input register;52503;;;0;1;0;1;;;;0=Desligado\1=Ligado;0=Off\1=On;;;;Uso interno;Indicação de autodiagnóstico persistente de alta distorção harmônica - IC;;;;;;;;;;;;;;;;;;
9f7217a095ca471bbec8e8b67b49429f;0;R;0x0008;TabLogMassMemoryDownload;Input register;52503;;;0;1;0;1;;;;0=Desligado\1=Ligado;0=Off\1=On;;;;Uso interno;Indicação de autodiagnóstico persistente de alta distorção harmônica - ISM;;;;;;;;;;;;;;;;;;
4d98e8c9a2294803bd81391beeefa16f;0;R;0x0010;TabLogMassMemoryDownload;Input register;52503;;;0;1;0;1;;;;0=Desligado\1=Ligado;0=Off\1=On;;;;Uso interno;Indicação de autodiagnóstico persistente de alta distorção harmônica - ISC;;;;;;;;;;;;;;;;;;
c93e72bc42e8417188d799fc1336590a;0;R;0x0020;TabLogMassMemoryDownload;Input register;52503;;;0;1;0;1;;;;0=Desligado\1=Ligado;0=Off\1=On;;;;Uso interno;Indicação de autodiagnóstico persistente de alta distorção harmônica - VA;;;;;;;;;;;;;;;;;;
fdfb114d9079418ea2c0cc9511ddca3f;0;R;0x0040;TabLogMassMemoryDownload;Input register;52503;;;0;1;0;1;;;;0=Desligado\1=Ligado;0=Off\1=On;;;;Uso interno;Indicação de autodiagnóstico persistente de alta distorção harmônica - VB;;;;;;;;;;;;;;;;;;
bcfb83cf4dd54ff1a648c74838919d88;0;R;0x0080;TabLogMassMemoryDownload;Input register;52503;;;0;1;0;1;;;;0=Desligado\1=Ligado;0=Off\1=On;;;;Uso interno;Indicação de autodiagnóstico persistente de alta distorção harmônica - VC;;;;;;;;;;;;;;;;;;
ac85c337d3fc475fa8c5f8a0c45144f5;0;R;0x0100;TabLogMassMemoryDownload;Input register;52503;;;0;1;0;1;;;;0=Desligado\1=Ligado;0=Off\1=On;;;;Uso interno;Indicação de autodiagnóstico persistente de alto offset DC - IA;;;;;;;;;;;;;;;;;;
c4c214a095c34b4f9ca8e713a8e5684e;0;R;0x0200;TabLogMassMemoryDownload;Input register;52503;;;0;1;0;1;;;;0=Desligado\1=Ligado;0=Off\1=On;;;;Uso interno;Indicação de autodiagnóstico persistente de alto offset DC - IB;;;;;;;;;;;;;;;;;;
d1b3c8bf9f93483b93873702c964f495;0;R;0x0400;TabLogMassMemoryDownload;Input register;52503;;;0;1;0;1;;;;0=Desligado\1=Ligado;0=Off\1=On;;;;Uso interno;Indicação de autodiagnóstico persistente de alto offset DC - IC;;;;;;;;;;;;;;;;;;
ebfc89b3be7d4e8294fafd53a24cca0f;0;R;0x0800;TabLogMassMemoryDownload;Input register;52503;;;0;1;0;1;;;;0=Desligado\1=Ligado;0=Off\1=On;;;;Uso interno;Indicação de autodiagnóstico persistente de alto offset DC - ISM;;;;;;;;;;;;;;;;;;
451ad98c2a88467ea230355c8340c1c6;0;R;0x1000;TabLogMassMemoryDownload;Input register;52503;;;0;1;0;1;;;;0=Desligado\1=Ligado;0=Off\1=On;;;;Uso interno;Indicação de autodiagnóstico persistente de alto offset DC - ISC;;;;;;;;;;;;;;;;;;
78ebd0cd9e17426c9c345b4ae2e6f67a;0;R;0x2000;TabLogMassMemoryDownload;Input register;52503;;;0;1;0;1;;;;0=Desligado\1=Ligado;0=Off\1=On;;;;Uso interno;Indicação de autodiagnóstico persistente de alto offset DC - VA;;;;;;;;;;;;;;;;;;
fd2793e9192249d89ddeeb130bbb9ac2;0;R;0x4000;TabLogMassMemoryDownload;Input register;52503;;;0;1;0;1;;;;0=Desligado\1=Ligado;0=Off\1=On;;;;Uso interno;Indicação de autodiagnóstico persistente de alto offset DC - VB;;;;;;;;;;;;;;;;;;
74c44dcc62944d65b71b1f160ba4f111;0;R;0x8000;TabLogMassMemoryDownload;Input register;52503;;;0;1;0;1;;;;0=Desligado\1=Ligado;0=Off\1=On;;;;Uso interno;Indicação de autodiagnóstico persistente de alto offset DC - VC;;;;;;;;;;;;;;;;;;
ce388a2756fe477c862e25bbb7cd8fb1;0;R;0x0001;TabLogMassMemoryDownload;Input register;52504;;;0;1;0;1;;;;0=Desligado\1=Ligado;0=Off\1=On;;;;Uso interno;Indicação de autodiagnóstico persistente de baixa amplitude - IA;;;;;;;;;;;;;;;;;;
42c6228b9eae44fbb706abd2e7887a49;0;R;0x0002;TabLogMassMemoryDownload;Input register;52504;;;0;1;0;1;;;;0=Desligado\1=Ligado;0=Off\1=On;;;;Uso interno;Indicação de autodiagnóstico persistente de baixa amplitude - IB;;;;;;;;;;;;;;;;;;
1239644f4b254bbe8c7d59ab51454a29;0;R;0x0004;TabLogMassMemoryDownload;Input register;52504;;;0;1;0;1;;;;0=Desligado\1=Ligado;0=Off\1=On;;;;Uso interno;Indicação de autodiagnóstico persistente de baixa amplitude - IC;;;;;;;;;;;;;;;;;;
54ee392b81f8408a9502e54120db6457;0;R;0x0008;TabLogMassMemoryDownload;Input register;52504;;;0;1;0;1;;;;0=Desligado\1=Ligado;0=Off\1=On;;;;Uso interno;Indicação de autodiagnóstico persistente de baixa amplitude - ISM;;;;;;;;;;;;;;;;;;
d97e69488c0f42d9ac2b79130f1ac684;0;R;0x0010;TabLogMassMemoryDownload;Input register;52504;;;0;1;0;1;;;;0=Desligado\1=Ligado;0=Off\1=On;;;;Uso interno;Indicação de autodiagnóstico persistente de baixa amplitude - ISC;;;;;;;;;;;;;;;;;;
4442701b32e84a51af32af3d2e54c3ce;0;R;0x0020;TabLogMassMemoryDownload;Input register;52504;;;0;1;0;1;;;;0=Desligado\1=Ligado;0=Off\1=On;;;;Uso interno;Indicação de autodiagnóstico persistente de baixa amplitude - VA;;;;;;;;;;;;;;;;;;
312bb46a85364db9a0f88fdca9da9eab;0;R;0x0040;TabLogMassMemoryDownload;Input register;52504;;;0;1;0;1;;;;0=Desligado\1=Ligado;0=Off\1=On;;;;Uso interno;Indicação de autodiagnóstico persistente de baixa amplitude - VB;;;;;;;;;;;;;;;;;;
c0e64883ad38477b97c31d37e0ebf4aa;0;R;0x0080;TabLogMassMemoryDownload;Input register;52504;;;0;1;0;1;;;;0=Desligado\1=Ligado;0=Off\1=On;;;;Uso interno;Indicação de autodiagnóstico persistente de baixa amplitude - VC;;;;;;;;;;;;;;;;;;
4a0e3de2d16a4784b5c14be469086e7c;0;R;0x0100;TabLogMassMemoryDownload;Input register;52504;;;0;1;0;1;;;;0=Desligado\1=Ligado;0=Off\1=On;;;;Uso interno;Indicação de autodiagnóstico persistente de alto desvio da frequência nominal - IA;;;;;;;;;;;;;;;;;;
ecf1cee41bfa458e80b0efdadb2cd591;0;R;0x0200;TabLogMassMemoryDownload;Input register;52504;;;0;1;0;1;;;;0=Desligado\1=Ligado;0=Off\1=On;;;;Uso interno;Indicação de autodiagnóstico persistente de alto desvio da frequência nominal - IB;;;;;;;;;;;;;;;;;;
b7717b33918b46f2a1e00ca068ced156;0;R;0x0400;TabLogMassMemoryDownload;Input register;52504;;;0;1;0;1;;;;0=Desligado\1=Ligado;0=Off\1=On;;;;Uso interno;Indicação de autodiagnóstico persistente de alto desvio da frequência nominal - IC;;;;;;;;;;;;;;;;;;
71350f989eb54ad48898602bd94b27de;0;R;0x0800;TabLogMassMemoryDownload;Input register;52504;;;0;1;0;1;;;;0=Desligado\1=Ligado;0=Off\1=On;;;;Uso interno;Indicação de autodiagnóstico persistente de alto desvio da frequência nominal - ISM;;;;;;;;;;;;;;;;;;
03e313d5fec04981bb5fbb53c3b467df;0;R;0x1000;TabLogMassMemoryDownload;Input register;52504;;;0;1;0;1;;;;0=Desligado\1=Ligado;0=Off\1=On;;;;Uso interno;Indicação de autodiagnóstico persistente de alto desvio da frequência nominal - ISC;;;;;;;;;;;;;;;;;;
8068965775034872ac7f4e7ca86b6e0c;0;R;0x2000;TabLogMassMemoryDownload;Input register;52504;;;0;1;0;1;;;;0=Desligado\1=Ligado;0=Off\1=On;;;;Uso interno;Indicação de autodiagnóstico persistente de alto desvio da frequência nominal - VA;;;;;;;;;;;;;;;;;;
7712295fb16a49789ebf2bfdbd95874c;0;R;0x4000;TabLogMassMemoryDownload;Input register;52504;;;0;1;0;1;;;;0=Desligado\1=Ligado;0=Off\1=On;;;;Uso interno;Indicação de autodiagnóstico persistente de alto desvio da frequência nominal - VB;;;;;;;;;;;;;;;;;;
0abd78bb7cb44ad68aa799c0a2483848;0;R;0x8000;TabLogMassMemoryDownload;Input register;52504;;;0;1;0;1;;;;0=Desligado\1=Ligado;0=Off\1=On;;;;Uso interno;Indicação de autodiagnóstico persistente de alto desvio da frequência nominal - VC;;;;;;;;;;;;;;;;;;
096596eeb6de4f7f92ec4b4c1989c919;0;R;0x0001;TabLogMassMemoryDownload;Input register;52505;;;0;1;0;1;;;;0=Desligado\1=Ligado;0=Off\1=On;;;;Uso interno;Indicação de autodiagnóstico persistente de ângulo impreciso - IA;;;;;;;;;;;;;;;;;;
7b879cd5976a480bb1256c0477bc5c91;0;R;0x0002;TabLogMassMemoryDownload;Input register;52505;;;0;1;0;1;;;;0=Desligado\1=Ligado;0=Off\1=On;;;;Uso interno;Indicação de autodiagnóstico persistente de ângulo impreciso - IB;;;;;;;;;;;;;;;;;;
8488181e775a46f7b47acb363222198b;0;R;0x0004;TabLogMassMemoryDownload;Input register;52505;;;0;1;0;1;;;;0=Desligado\1=Ligado;0=Off\1=On;;;;Uso interno;Indicação de autodiagnóstico persistente de ângulo impreciso - IC;;;;;;;;;;;;;;;;;;
8ccdcac42e674455b842a741c7ca7e15;0;R;0x0008;TabLogMassMemoryDownload;Input register;52505;;;0;1;0;1;;;;0=Desligado\1=Ligado;0=Off\1=On;;;;Uso interno;Indicação de autodiagnóstico persistente de ângulo impreciso - ISM;;;;;;;;;;;;;;;;;;
d40cebd751c14eeda809883cb7fea63f;0;R;0x0010;TabLogMassMemoryDownload;Input register;52505;;;0;1;0;1;;;;0=Desligado\1=Ligado;0=Off\1=On;;;;Uso interno;Indicação de autodiagnóstico persistente de ângulo impreciso - ISC;;;;;;;;;;;;;;;;;;
7bda09b464a64424a3bdca4aa58b62fe;0;R;0x0020;TabLogMassMemoryDownload;Input register;52505;;;0;1;0;1;;;;0=Desligado\1=Ligado;0=Off\1=On;;;;Uso interno;Indicação de autodiagnóstico persistente de ângulo impreciso - VA;;;;;;;;;;;;;;;;;;
bba98b99825a469485ea991272b8dc3e;0;R;0x0040;TabLogMassMemoryDownload;Input register;52505;;;0;1;0;1;;;;0=Desligado\1=Ligado;0=Off\1=On;;;;Uso interno;Indicação de autodiagnóstico persistente de ângulo impreciso - VB;;;;;;;;;;;;;;;;;;
5bdd6fdb8cb147fca68a29281aa598c2;0;R;0x0080;TabLogMassMemoryDownload;Input register;52505;;;0;1;0;1;;;;0=Desligado\1=Ligado;0=Off\1=On;;;;Uso interno;Indicação de autodiagnóstico persistente de ângulo impreciso - VC;;;;;;;;;;;;;;;;;;
2b41d7ba47aa4aeebbe335b97861207c;0;R;0x0100;TabLogMassMemoryDownload;Input register;52505;;;0;1;0;1;;;;0=Desligado\1=Ligado;0=Off\1=On;;;;Uso interno;Indicação de autodiagnóstico persistente de fundamental indeterminada - IA;;;;;;;;;;;;;;;;;;
34f47c0e068f454b9bdba408beb2a6f3;0;R;0x0200;TabLogMassMemoryDownload;Input register;52505;;;0;1;0;1;;;;0=Desligado\1=Ligado;0=Off\1=On;;;;Uso interno;Indicação de autodiagnóstico persistente de fundamental indeterminada - IB;;;;;;;;;;;;;;;;;;
aab4fc868e0c4f2bb30523d7f8c7883e;0;R;0x0400;TabLogMassMemoryDownload;Input register;52505;;;0;1;0;1;;;;0=Desligado\1=Ligado;0=Off\1=On;;;;Uso interno;Indicação de autodiagnóstico persistente de fundamental indeterminada - IC;;;;;;;;;;;;;;;;;;
65dcf261a46d4249a255ece06299ccc0;0;R;0x0800;TabLogMassMemoryDownload;Input register;52505;;;0;1;0;1;;;;0=Desligado\1=Ligado;0=Off\1=On;;;;Uso interno;Indicação de autodiagnóstico persistente de fundamental indeterminada - ISM;;;;;;;;;;;;;;;;;;
50071575cd2b4e5681bd1ee86d3737f8;0;R;0x1000;TabLogMassMemoryDownload;Input register;52505;;;0;1;0;1;;;;0=Desligado\1=Ligado;0=Off\1=On;;;;Uso interno;Indicação de autodiagnóstico persistente de fundamental indeterminada - ISC;;;;;;;;;;;;;;;;;;
be47014682884361a31b85bb057eaae4;0;R;0x2000;TabLogMassMemoryDownload;Input register;52505;;;0;1;0;1;;;;0=Desligado\1=Ligado;0=Off\1=On;;;;Uso interno;Indicação de autodiagnóstico persistente de fundamental indeterminada - VA;;;;;;;;;;;;;;;;;;
10c38148bd8047a6b5d89d7c3f76924b;0;R;0x4000;TabLogMassMemoryDownload;Input register;52505;;;0;1;0;1;;;;0=Desligado\1=Ligado;0=Off\1=On;;;;Uso interno;Indicação de autodiagnóstico persistente de fundamental indeterminada - VB;;;;;;;;;;;;;;;;;;
eca503040cf8480c919a3a0f34899335;0;R;0x8000;TabLogMassMemoryDownload;Input register;52505;;;0;1;0;1;;;;0=Desligado\1=Ligado;0=Off\1=On;;;;Uso interno;Indicação de autodiagnóstico persistente de fundamental indeterminada - VC;;;;;;;;;;;;;;;;;;
131bbfb7c9f6441c815cca90e6a84b32;0;R;0x0001;TabLogMassMemoryDownload;Input register;52506;;;0;1;0;1;;;;0=Desligado\1=Ligado;0=Off\1=On;;;;Uso interno;Indicação de autodiagnóstico persistente de proximidade da saturação - IA;;;;;;;;;;;;;;;;;;
d149338478294059aadffac5c64c95cd;0;R;0x0002;TabLogMassMemoryDownload;Input register;52506;;;0;1;0;1;;;;0=Desligado\1=Ligado;0=Off\1=On;;;;Uso interno;Indicação de autodiagnóstico persistente de proximidade da saturação - IB;;;;;;;;;;;;;;;;;;
a4436acc9a7f4d32bd40565b338aaf86;0;R;0x0004;TabLogMassMemoryDownload;Input register;52506;;;0;1;0;1;;;;0=Desligado\1=Ligado;0=Off\1=On;;;;Uso interno;Indicação de autodiagnóstico persistente de proximidade da saturação - IC;;;;;;;;;;;;;;;;;;
df9255ffd8b44486ad83a37f7d3f768e;0;R;0x0008;TabLogMassMemoryDownload;Input register;52506;;;0;1;0;1;;;;0=Desligado\1=Ligado;0=Off\1=On;;;;Uso interno;Indicação de autodiagnóstico persistente de proximidade da saturação - ISM;;;;;;;;;;;;;;;;;;
16aaa69895fd408d86a2114d128609e9;0;R;0x0010;TabLogMassMemoryDownload;Input register;52506;;;0;1;0;1;;;;0=Desligado\1=Ligado;0=Off\1=On;;;;Uso interno;Indicação de autodiagnóstico persistente de proximidade da saturação - ISC;;;;;;;;;;;;;;;;;;
510e2d9d72254bc183974ac21cf2ba22;0;R;0x0020;TabLogMassMemoryDownload;Input register;52506;;;0;1;0;1;;;;0=Desligado\1=Ligado;0=Off\1=On;;;;Uso interno;Indicação de autodiagnóstico persistente de proximidade da saturação - VA;;;;;;;;;;;;;;;;;;
ede99d4c60574a6ba26d69648ed87bd4;0;R;0x0040;TabLogMassMemoryDownload;Input register;52506;;;0;1;0;1;;;;0=Desligado\1=Ligado;0=Off\1=On;;;;Uso interno;Indicação de autodiagnóstico persistente de proximidade da saturação - VB;;;;;;;;;;;;;;;;;;
4c209a08bcc64bed8c9925ba4f2ec5ec;0;R;0x0080;TabLogMassMemoryDownload;Input register;52506;;;0;1;0;1;;;;0=Desligado\1=Ligado;0=Off\1=On;;;;Uso interno;Indicação de autodiagnóstico persistente de proximidade da saturação - VC;;;;;;;;;;;;;;;;;;
211123d663d24359aafebc65da974a3e;0;R;0x0100;TabLogMassMemoryDownload;Input register;52506;;;0;1;0;1;;;;0=Desligado\1=Ligado;0=Off\1=On;;;;Uso interno;Indicação de autodiagnóstico persistente de erro no circuito de calibração do PT100;;;;;;;;;;;;;;;;;;
71a4fe592dba4db9baae9e1f34d188ce;0;R;0x0200;TabLogMassMemoryDownload;Input register;52506;;;0;1;0;1;;;;0=Desligado\1=Ligado;0=Off\1=On;;;;Uso interno;Indicação de autodiagnóstico persistente de erro de calibração do PT100;;;;;;;;;;;;;;;;;;
a5efe083b64243779df2018f901ac4ee;0;R;0x0400;TabLogMassMemoryDownload;Input register;52506;;;0;1;0;1;;;;0=Desligado\1=Ligado;0=Off\1=On;;;;Uso interno;Indicação de autodiagnóstico persistente de falha genérica de leitura do PT100;;;;;;;;;;;;;;;;;;
3957423815b1460f89f82830cf98a333;0;R;0x0800;TabLogMassMemoryDownload;Input register;52506;;;0;1;0;1;;;;0=Desligado\1=Ligado;0=Off\1=On;;;;Uso interno;Indicação de autodiagnóstico persistente de salto no PT100;;;;;;;;;;;;;;;;;;
c1fbbccc00c14ba3b3baf7796711c0b9;0;R;0x1000;TabLogMassMemoryDownload;Input register;52506;;;0;1;0;1;;;;0=Desligado\1=Ligado;0=Off\1=On;;;;Uso interno;Indicação de autodiagnóstico persistente de overflow no PT100;;;;;;;;;;;;;;;;;;
e3fbfbffe67f4c8bb36de3228f843350;0;R;0x0001;TabLogMassMemoryDownload;Input register;52508;;;0;1;0;1;;;;0=Desligado\1=Ligado;0=Off\1=On;;;;Uso interno;Indicação de alarme persistente de corrente de fuga alta na fase A;;;;;;;;;;;;;;;;;;
d24b9563f1d642cd9b9a0ec15f4eba14;0;R;0x0002;TabLogMassMemoryDownload;Input register;52508;;;0;1;0;1;;;;0=Desligado\1=Ligado;0=Off\1=On;;;;Uso interno;Indicação de alarme persistente de corrente de fuga alta na fase B;;;;;;;;;;;;;;;;;;
2b19337cdebe4dbd986d2b56b0c2ee3d;0;R;0x0004;TabLogMassMemoryDownload;Input register;52508;;;0;1;0;1;;;;0=Desligado\1=Ligado;0=Off\1=On;;;;Uso interno;Indicação de alarme persistente de corrente de fuga alta na fase C;;;;;;;;;;;;;;;;;;
82c9701bfd6248818ad7faa1428a1feb;0;R;0x0008;TabLogMassMemoryDownload;Input register;52508;;;0;1;0;1;;;;0=Desligado\1=Ligado;0=Off\1=On;;;;Uso interno;Indicação de alarme persistente de corrente de fuga muito alta na fase A;;;;;;;;;;;;;;;;;;
1c73579e93734ef08c151e5b94bd10da;0;R;0x0010;TabLogMassMemoryDownload;Input register;52508;;;0;1;0;1;;;;0=Desligado\1=Ligado;0=Off\1=On;;;;Uso interno;Indicação de alarme persistente de corrente de fuga muito alta na fase B;;;;;;;;;;;;;;;;;;
7f92d6f65f61489aaa9648dfbe7a9192;0;R;0x0020;TabLogMassMemoryDownload;Input register;52508;;;0;1;0;1;;;;0=Desligado\1=Ligado;0=Off\1=On;;;;Uso interno;Indicação de alarme persistente de corrente de fuga muito alta na fase C;;;;;;;;;;;;;;;;;;
683409aab48f43d987c2db974c1b7748;0;R;0x0040;TabLogMassMemoryDownload;Input register;52508;;;0;1;0;1;;;;0=Desligado\1=Ligado;0=Off\1=On;;;;Uso interno;Indicação de alarme persistente de capacitância alta na fase A;;;;;;;;;;;;;;;;;;
b1dccd90bac042bdb84e85e0d4d04074;0;R;0x0080;TabLogMassMemoryDownload;Input register;52508;;;0;1;0;1;;;;0=Desligado\1=Ligado;0=Off\1=On;;;;Uso interno;Indicação de alarme persistente de capacitância alta na fase B;;;;;;;;;;;;;;;;;;
4de40d509a6041ed92bf8f92e8806443;0;R;0x0100;TabLogMassMemoryDownload;Input register;52508;;;0;1;0;1;;;;0=Desligado\1=Ligado;0=Off\1=On;;;;Uso interno;Indicação de alarme persistente de capacitância alta na fase C;;;;;;;;;;;;;;;;;;
1e5e42a2c4d74d5995c37a67d943c9fb;0;R;0x0200;TabLogMassMemoryDownload;Input register;52508;;;0;1;0;1;;;;0=Desligado\1=Ligado;0=Off\1=On;;;;Uso interno;Indicação de alarme persistente de capacitância muito alta na fase A;;;;;;;;;;;;;;;;;;
df2e12f2bc73484e9d0d8da40cf345e3;0;R;0x0400;TabLogMassMemoryDownload;Input register;52508;;;0;1;0;1;;;;0=Desligado\1=Ligado;0=Off\1=On;;;;Uso interno;Indicação de alarme persistente de capacitância muito alta na fase B;;;;;;;;;;;;;;;;;;
dafe1e9744934763b18ff42bbe147710;0;R;0x0800;TabLogMassMemoryDownload;Input register;52508;;;0;1;0;1;;;;0=Desligado\1=Ligado;0=Off\1=On;;;;Uso interno;Indicação de alarme persistente de capacitância muito alta na fase C;;;;;;;;;;;;;;;;;;
a58607fd33ff43be9c7ba0999c484e1e;0;R;0x1000;TabLogMassMemoryDownload;Input register;52508;;;0;1;0;1;;;;0=Desligado\1=Ligado;0=Off\1=On;;;;Uso interno;Indicação de alarme persistente de tangente de delta alto na fase A;;;;;;;;;;;;;;;;;;
4670a0caba494e8683d94844e126d048;0;R;0x2000;TabLogMassMemoryDownload;Input register;52508;;;0;1;0;1;;;;0=Desligado\1=Ligado;0=Off\1=On;;;;Uso interno;Indicação de alarme persistente de tangente de delta alto na fase B;;;;;;;;;;;;;;;;;;
f1fef44249d4458f803f64dc81751a4d;0;R;0x4000;TabLogMassMemoryDownload;Input register;52508;;;0;1;0;1;;;;0=Desligado\1=Ligado;0=Off\1=On;;;;Uso interno;Indicação de alarme persistente de tangente de delta alta na fase C;;;;;;;;;;;;;;;;;;
12a7f0d6fb2b4d798dc5a5eb85ed5e23;0;R;0x8000;TabLogMassMemoryDownload;Input register;52508;;;0;1;0;1;;;;0=Desligado\1=Ligado;0=Off\1=On;;;;Uso interno;Indicação de alarme persistente de tangente de delta muito alta na fase A;;;;;;;;;;;;;;;;;;
0eea8a7e857d4ba7aba5805789eaee37;0;R;0x0001;TabLogMassMemoryDownload;Input register;52509;;;0;1;0;1;;;;0=Desligado\1=Ligado;0=Off\1=On;;;;Uso interno;Indicação de alarme persistente de tangente de delta muito alta na fase B;;;;;;;;;;;;;;;;;;
842c210123554fba80d6b60a73b3a3c6;0;R;0x0002;TabLogMassMemoryDownload;Input register;52509;;;0;1;0;1;;;;0=Desligado\1=Ligado;0=Off\1=On;;;;Uso interno;Indicação de alarme persistente de tangente de delta muito alta na fase C;;;;;;;;;;;;;;;;;;
93704886ca1445478d2bb78c27ac6379;0;R;0x0004;TabLogMassMemoryDownload;Input register;52509;;;0;1;0;1;;;;0=Desligado\1=Ligado;0=Off\1=On;;;;Uso interno;Indicação de trip por corrente de fuga alta na fase A;;;;;;;;;;;;;;;;;;
0998f79745b5470a8059a821a88ac2c8;0;R;0x0008;TabLogMassMemoryDownload;Input register;52509;;;0;1;0;1;;;;0=Desligado\1=Ligado;0=Off\1=On;;;;Uso interno;Indicação de trip por corrente de fuga alta na fase B;;;;;;;;;;;;;;;;;;
9a79e2f32b8f4dbcb1958fa32e59fe1a;0;R;0x0010;TabLogMassMemoryDownload;Input register;52509;;;0;1;0;1;;;;0=Desligado\1=Ligado;0=Off\1=On;;;;Uso interno;Indicação de trip por corrente de fuga alta na fase C;;;;;;;;;;;;;;;;;;
4392a7437e7a431bb3cdf05d242a5823;0;R;0x0020;TabLogMassMemoryDownload;Input register;52509;;;0;1;0;1;;;;0=Desligado\1=Ligado;0=Off\1=On;;;;Uso interno;Indicação de trip por corrente de fuga muito alta na fase A;;;;;;;;;;;;;;;;;;
372694b637a048a38338206caacdda9a;0;R;0x0040;TabLogMassMemoryDownload;Input register;52509;;;0;1;0;1;;;;0=Desligado\1=Ligado;0=Off\1=On;;;;Uso interno;Indicação de trip por corrente de fuga muito alta na fase B;;;;;;;;;;;;;;;;;;
4d047c656a944a2ba0a67a4afa3fb5b9;0;R;0x0080;TabLogMassMemoryDownload;Input register;52509;;;0;1;0;1;;;;0=Desligado\1=Ligado;0=Off\1=On;;;;Uso interno;Indicação de trip por corrente de fuga muito alta na fase C;;;;;;;;;;;;;;;;;;
444d577c27a2467698022e4557b4cee2;0;R;0x0100;TabLogMassMemoryDownload;Input register;52509;;;0;1;0;1;;;;0=Desligado\1=Ligado;0=Off\1=On;;;;Uso interno;Indicação de alarme persistente de tendência de capacitância alta na fase A;;;;;;;;;;;;;;;;;;
7a5e97bf4c03480cb361f9db939252ad;0;R;0x0200;TabLogMassMemoryDownload;Input register;52509;;;0;1;0;1;;;;0=Desligado\1=Ligado;0=Off\1=On;;;;Uso interno;Indicação de alarme persistente de tendência de capacitância alta na fase B;;;;;;;;;;;;;;;;;;
eed44dff17a745acbfbe4b29e4247778;0;R;0x0400;TabLogMassMemoryDownload;Input register;52509;;;0;1;0;1;;;;0=Desligado\1=Ligado;0=Off\1=On;;;;Uso interno;Indicação de alarme persistente de tendência de capacitância alta na fase C;;;;;;;;;;;;;;;;;;
39e83f74ed58468a838ab924a152863f;0;R;0x0800;TabLogMassMemoryDownload;Input register;52509;;;0;1;0;1;;;;0=Desligado\1=Ligado;0=Off\1=On;;;;Uso interno;Indicação de alarme persistente de tendência de capacitância muito alta na fase A;;;;;;;;;;;;;;;;;;
7e3fa325741f4ad29fab277d245cdc64;0;R;0x1000;TabLogMassMemoryDownload;Input register;52509;;;0;1;0;1;;;;0=Desligado\1=Ligado;0=Off\1=On;;;;Uso interno;Indicação de alarme persistente de tendência de capacitância muito alta na fase B;;;;;;;;;;;;;;;;;;
714dbf594a954fe6b638cecf11521839;0;R;0x2000;TabLogMassMemoryDownload;Input register;52509;;;0;1;0;1;;;;0=Desligado\1=Ligado;0=Off\1=On;;;;Uso interno;Indicação de alarme persistente de tendência de capacitância muito alta na fase C;;;;;;;;;;;;;;;;;;
6678916d9bee4abd850dba13fe9e5904;0;R;0x4000;TabLogMassMemoryDownload;Input register;52509;;;0;1;0;1;;;;0=Desligado\1=Ligado;0=Off\1=On;;;;Uso interno;Indicação de alarme persistente de tendência de tangente de delta alta na fase A;;;;;;;;;;;;;;;;;;
6aeef431863349a2bab3e89e53309753;0;R;0x8000;TabLogMassMemoryDownload;Input register;52509;;;0;1;0;1;;;;0=Desligado\1=Ligado;0=Off\1=On;;;;Uso interno;Indicação de alarme persistente de tendência de tangente de delta alta na fase B;;;;;;;;;;;;;;;;;;
bca548bed35140ae8eff5538d336b901;0;R;0x0001;TabLogMassMemoryDownload;Input register;52510;;;0;1;0;1;;;;0=Desligado\1=Ligado;0=Off\1=On;;;;Uso interno;Indicação de alarme persistente de tendência de tangente de delta alta na fase C;;;;;;;;;;;;;;;;;;
821173b4b8d048b084ab26b416cb1653;0;R;0x0002;TabLogMassMemoryDownload;Input register;52510;;;0;1;0;1;;;;0=Desligado\1=Ligado;0=Off\1=On;;;;Uso interno;Indicação de alarme persistente de tendência de tangente de delta muito alta na fase A;;;;;;;;;;;;;;;;;;
6cc33bb2d249424b8a0290ccf916ea90;0;R;0x0004;TabLogMassMemoryDownload;Input register;52510;;;0;1;0;1;;;;0=Desligado\1=Ligado;0=Off\1=On;;;;Uso interno;Indicação de alarme persistente de tendência de tangente de delta muito alta na fase B;;;;;;;;;;;;;;;;;;
856d7831523a40c1a657ba0fc99f96e0;0;R;0x0008;TabLogMassMemoryDownload;Input register;52510;;;0;1;0;1;;;;0=Desligado\1=Ligado;0=Off\1=On;;;;Uso interno;Indicação de alarme persistente de tendência de tangente de delta muito alta na fase C;;;;;;;;;;;;;;;;;;
38c8e0863cd941d3affb171c986b1877;0;R;32_ABCD;TabLogMassMemoryDownload;Input register;52511;;;0;4294967295;0;1;;;;;;;;;Uso interno;Indicação de CRC calculado para amostra no banco - algoritmo ISO-HDLC;;;;;;;;;;;;;;;;;;
;;;;;;;;;;;;;;;;;;;;;;;;;;;;;;;;;;;;;;;;
55ed6e49de1441c69be7fb68f65c7fe4;0;RW;Bit;TabRelaysFact;Coil;53000;;;0;1;0;1;;;;0=Desligado\1=Ligado;0=Off\1=On;;;;Uso interno;Parâmetro de chave geral de acionamentos manuais;Parameter of main switch for manual actuation;;;;;;;;;;;;;;;;;
d1d3866ccfc449a2808fae3220c62790;0;RW;Bit;TabRelaysFact;Coil;53001;;;0;1;0;1;;;;0=Desligado\1=Ligado;0=Off\1=On;;;;Uso interno;Parâmetro de configuração de acionamento manual do relé de alarme de capacitância;Parameter of manual triggering configuration of the capacitance alarm relay;;;;;;;;;;;;;;;;;
020ab6df933e441eae3ee044fee66905;0;RW;Bit;TabRelaysFact;Coil;53002;;;0;1;0;1;;;;0=Desligado\1=Ligado;0=Off\1=On;;;;Uso interno;Parâmetro de Configuração de acionamento manual do relé de alarme de tangente de delta;Parameter of manual actuation configuration of the tan delta alarm relay;;;;;;;;;;;;;;;;;
d06bce019c544e3f9444c19246d58dcb;0;RW;Bit;TabRelaysFact;Coil;53003;;;0;1;0;1;;;;0=Desligado\1=Ligado;0=Off\1=On;;;;Uso interno;Parâmetro de Configuração de acionamento manual do relé de acionamento seguro;Parameter of manual actuation configuration of the safety actuation relay;;;;;;;;;;;;;;;;;
d245b2c529c14b66ba2aee71411ba02d;0;RW;Bit;TabRelaysFact;Coil;53004;;;0;1;0;1;;;;0=Desligado\1=Ligado;0=Off\1=On;;;;Uso interno;Parâmetro de acionamento manual do relé de autodiagnósticos;Parameter of manual actuation of the self-diagnosis relay;;;;;;;;;;;;;;;;;
;;;;;;;;;;;;;;;;;;;;;;;;;;;;;;;;;;;;;;;;
7753b27b43294f8a93626679b1a2ac7b;0;R;Bit;TabRelaysCfgDataFact;Discrete input;53000;;;0;1;0;1;;;;0=Solto\1=Pressionado;0=Released\1=Pressed;;;;Uso interno;Indicação de estado do botão de usuário;Indication of the user button state;;;;;;;;;;;;;;;;;
81e439bef38d4a16b349662b6758e181;0;R;Bit;TabRelaysCfgDataFact;Discrete input;53001;;;0;1;0;1;;;;0=Desligado\1=Ligado;0=Off\1=On;;;;Uso interno;Indicação de configuração de acionamento via sistema do relé de alarme de capacitância;Indication of actuation configuration via system of capacitance alarm relay;;;;;;;;;;;;;;;;;
31cabe8f2277469e9b34248eff9ccf13;0;R;Bit;TabRelaysCfgDataFact;Discrete input;53002;;;0;1;0;1;;;;0=Desligado\1=Ligado;0=Off\1=On;;;;Uso interno;Indicação de configuração de acionamento via sistema do relé de alarme de tangente de delta;Indication of actuation configuration via system of tangent delta alarm relay;;;;;;;;;;;;;;;;;
15f0cc12113f4004b93d1929c5101182;0;R;Bit;TabRelaysCfgDataFact;Discrete input;53003;;;0;1;0;1;;;;0=Desligado\1=Ligado;0=Off\1=On;;;;Uso interno;Indicação de configuração de acionamento via sistema do relé de acionamento seguro;Indication of actuation configuration via system of safety relay;;;;;;;;;;;;;;;;;
60a763fab6e643f7aabf72c7d78227aa;0;R;Bit;TabRelaysCfgDataFact;Discrete input;53004;;;0;1;0;1;;;;0=Desligado\1=Ligado;0=Off\1=On;;;;Uso interno;Indicação de configuração de acionamento via sistema do relé de autodiagnósticos;Indication of actuation configuration via system of self-diagnosis relay;;;;;;;;;;;;;;;;;
;;;;;;;;;;;;;;;;;;;;;;;;;;;;;;;;;;;;;;;;
304cf9b2e78040c6874a6d461d75ce51;0;R;16;TabRelaysFeedbackFact;Input register;53000;;;0;3300;0;1;mV;mV;mV;;;;;;Uso interno;Indicação de tensão analógica de feedback do relé de segurança;Indication of analog feedback voltage of the safety relay;;;;;;;;;;;;;;;;;
;;;;;;;;;;;;;;;;;;;;;;;;;;;;;;;;;;;;;;;;
ca57b852156340ab956c0e83e7b8acd6;0;RW;16;TabLedsManual;Holding register;53100;;;0;3;0;1;;;;0=Desligado\1=Ligado\2=Piscada lenta (500 ms)\3=Piscada rápida (200 ms);0=Off\1=On\2=Slow blink (500 ms)\3=Fast blink (200 ms);;;;Uso interno;Parâmetro de configuração de acionamento manual do LED de diagnóstico;Parameter of manual activation configuration of the diagnostic LED;;;;;;;;;;;;;;;;;
265d1d6b35944f7eb9bdebd5207e8dba;0;RW;16;TabLedsManual;Holding register;53101;;;0;3;0;1;;;;0=Desligado\1=Ligado\2=Piscada lenta (500 ms)\3=Piscada rápida (200 ms);0=Off\1=On\2=Slow blink (500 ms)\3=Fast blink (200 ms);;;;Uso interno;Parâmetro de configuração de acionamento manual do LED de corrente de fuga alta;Parameter of manual actuation configuration of the LED with high leakage current;;;;;;;;;;;;;;;;;
d9e0e64284ee49a594cd9365a6fce799;0;RW;16;TabLedsManual;Holding register;53102;;;0;3;0;1;;;;0=Desligado\1=Ligado\2=Piscada lenta (500 ms)\3=Piscada rápida (200 ms);0=Off\1=On\2=Slow blink (500 ms)\3=Fast blink (200 ms);;;;Uso interno;Parâmetro de configuração de acionamento manual do LED de capacitância;Parameter of manual activation configuration of the capacitance LED;;;;;;;;;;;;;;;;;
31d2db9032e943878ecca5e0c24491c9;0;RW;16;TabLedsManual;Holding register;53103;;;0;3;0;1;;;;0=Desligado\1=Ligado\2=Piscada lenta (500 ms)\3=Piscada rápida (200 ms);0=Off\1=On\2=Slow blink (500 ms)\3=Fast blink (200 ms);;;;Uso interno;Parâmetro de configuração de acionamento manual do LED de tangente de delta;Parameter of manual activation configuration of the LED of tangent delta;;;;;;;;;;;;;;;;;
9f4fe35f53a2482bbdfcb0e94a24da89;0;RW;16;TabLedsManual;Holding register;53104;;;0;3;0;1;;;;0=Desligado\1=Ligado\2=Piscada lenta (500 ms)\3=Piscada rápida (200 ms);0=Off\1=On\2=Slow blink (500 ms)\3=Fast blink (200 ms);;;;Uso interno;Parâmetro de configuração de acionamento manual do LED indicativo de execução;Parameter of manual actuation configuration of the execution indicator LED;;;;;;;;;;;;;;;;;
b1073721c7924ffbb20c174effae1060;0;RW;16;TabLedsManual;Holding register;53105;;;0;3;0;1;;;;0=Desligado\1=Ligado\2=Piscada lenta (500 ms)\3=Piscada rápida (200 ms);0=Off\1=On\2=Slow blink (500 ms)\3=Fast blink (200 ms);;;;Uso interno;Parâmetro de configuração de acionamento manual do LED RGB, componente vermelho;Parameter of manual activation configuration of the LED RGB red component;;;;;;;;;;;;;;;;;
9114f45353c34b2cb4bea7612ec4e920;0;RW;16;TabLedsManual;Holding register;53106;;;0;3;0;1;;;;0=Desligado\1=Ligado\2=Piscada lenta (500 ms)\3=Piscada rápida (200 ms);0=Off\1=On\2=Slow blink (500 ms)\3=Fast blink (200 ms);;;;Uso interno;Parâmetro de configuração de acionamento manual do LED RGB, componente verde;Parameter of manual activation configuration of the RGB LED, green component;;;;;;;;;;;;;;;;;
68a929bf4d59409f8412b356e27ee58b;0;RW;16;TabLedsManual;Holding register;53107;;;0;3;0;1;;;;0=Desligado\1=Ligado\2=Piscada lenta (500 ms)\3=Piscada rápida (200 ms);0=Off\1=On\2=Slow blink (500 ms)\3=Fast blink (200 ms);;;;Uso interno;Parâmetro de configuração de acionamento manual do LED RGB, componente azul;Parameter of manual activation configuration of the RGB LED, blue component;;;;;;;;;;;;;;;;;
;;;;;;;;;;;;;;;;;;;;;;;;;;;;;;;;;;;;;;;;
17e51214ced64c9da67145cbd71a6b4f;0;R;16;TabLedsSystem;Input register;53100;;;0;3;0;1;;;;0=Desligado\1=Ligado\2=Piscada lenta (500 ms)\3=Piscada rápida (200 ms);0=Off\1=On\2=Slow blink (500 ms)\3=Fast blink (200 ms);;;;Uso interno;Indicação de configuração de acionamento via sistema do LED de diagnósticos;Indication of actuation configuration via the diagnostic LED system;;;;;;;;;;;;;;;;;
8256a419f4d84947a900b4c4ec38bd9c;0;R;16;TabLedsSystem;Input register;53101;;;0;3;0;1;;;;0=Desligado\1=Ligado\2=Piscada lenta (500 ms)\3=Piscada rápida (200 ms);0=Off\1=On\2=Slow blink (500 ms)\3=Fast blink (200 ms);;;;Uso interno;Indicação de configuração de acionamento via sistema do LED de corrente de fuga alta;Indication of actuation configuration via the high-leakage-current LED system;;;;;;;;;;;;;;;;;
3bac6e9ff69c4ccdb8ae151b1beafc22;0;R;16;TabLedsSystem;Input register;53102;;;0;3;0;1;;;;0=Desligado\1=Ligado\2=Piscada lenta (500 ms)\3=Piscada rápida (200 ms);0=Off\1=On\2=Slow blink (500 ms)\3=Fast blink (200 ms);;;;Uso interno;Indicação de configuração de acionamento via sistema do LED de capacitância;Indication of actuation configuration via the capacitive LED system;;;;;;;;;;;;;;;;;
1a57c67317cd43c7b6ed98e04192338b;0;R;16;TabLedsSystem;Input register;53103;;;0;3;0;1;;;;0=Desligado\1=Ligado\2=Piscada lenta (500 ms)\3=Piscada rápida (200 ms);0=Off\1=On\2=Slow blink (500 ms)\3=Fast blink (200 ms);;;;Uso interno;Indicação de configuração de acionamento via sistema do LED de tangente de delta;Indication of actuation configuration via the delta-tangent LED system;;;;;;;;;;;;;;;;;
b786d39c1fa84cb8849d25aba6000b56;0;R;16;TabLedsSystem;Input register;53104;;;0;3;0;1;;;;0=Desligado\1=Ligado\2=Piscada lenta (500 ms)\3=Piscada rápida (200 ms);0=Off\1=On\2=Slow blink (500 ms)\3=Fast blink (200 ms);;;;Uso interno;Indicação de configuração de acionamento via sistema do LED indicativo de execução;Indication of actuation configuration via the execution indicator LED system;;;;;;;;;;;;;;;;;
047767d353c3442a85e4482861002d07;0;R;16;TabLedsSystem;Input register;53105;;;0;3;0;1;;;;0=Desligado\1=Ligado\2=Piscada lenta (500 ms)\3=Piscada rápida (200 ms);0=Off\1=On\2=Slow blink (500 ms)\3=Fast blink (200 ms);;;;Uso interno;Indicação de configuração de acionamento via sistema do LED RGB - componente vermelho;Indication of actuation configuration via the LED RGB system - red component;;;;;;;;;;;;;;;;;
49eff4f1cf7b4a6e8677d5998d35d42d;0;R;16;TabLedsSystem;Input register;53106;;;0;3;0;1;;;;0=Desligado\1=Ligado\2=Piscada lenta (500 ms)\3=Piscada rápida (200 ms);0=Off\1=On\2=Slow blink (500 ms)\3=Fast blink (200 ms);;;;Uso interno;Indicação de configuração de acionamento via sistema do LED RGB - componente verde;Indication of actuation configuration via the LED RGB system - green component;;;;;;;;;;;;;;;;;
9712a9aceb59459d9d73d73f1580b579;0;R;16;TabLedsSystem;Input register;53107;;;0;3;0;1;;;;0=Desligado\1=Ligado\2=Piscada lenta (500 ms)\3=Piscada rápida (200 ms);0=Off\1=On\2=Slow blink (500 ms)\3=Fast blink (200 ms);;;;Uso interno;Indicação de configuração de acionamento via sistema do LED RGB - componente azul;Indication of actuation configuration via the LED RGB system - blue component;;;;;;;;;;;;;;;;;
;;;;;;;;;;;;;;;;;;;;;;;;;;;;;;;;;;;;;;;;
1b54809a9f594c6194b96be0c26d6a32;0;R;FLOAT_ABCD;TabMcuTemp;Input register;53200;;;-4000;20000;0;100;°C;°C;°C;;;;;;Uso interno;Indicação de temperatura interna do microcontrolador;Indication of internal temperature of the microcontroller;;;;;;;;;;;;;;;;;
6dda452e8d0b4be8bf88bd56076c1ec3;0;R;FLOAT_ABCD;TabMcuTemp;Input register;53202;;;-4000;20000;0;100;°C;°C;°C;;;;;;Uso interno;Indicação de temperatura máxima do microcontrolador;Indication of maximum temperature of the microcontroller;;;;;;;;;;;;;;;;;
;;;;;;;;;;;;;;;;;;;;;;;;;;;;;;;;;;;;;;;;
bdb7c831d2144252992ca1e730a512f6;0;R;32_ABCD;TabSanity;Input register;53300;;;0;4294967295;0;1;s;s;s;;;;;;Uso interno;Indicação de tempo de power up do equipamento;Indication of equipment power-up time;;;;;;;;;;;;;;;;;
000979febdcf40449e5f4f78d4142ecf;0;R;16;TabSanity;Input register;53302;;;0;65535;0;1;;;;0=Sem comando\1=Modbus\2=DNP3\3=Bootloader\4=Carrega Default\5=Stack Overflow\6=Malloc Failed\7=Trap NMI\8=Trap HardFault\9=Trap MemManage\10=Trap Bus Fault\11=Trap Usage Fault\12=Trap DebugMonitor\13=Atraso DMA ADC 1\14=Atraso DMA ADC 3\15=Atraso Setup inicial\16=Comando de usuário autenticado\255=Fim de atualização do bootloader;0=No command\1=Modbus\2=DNP3\3=Bootloader\4=Loads Defaults\5=Stack Overflow\6=Malloc Failed\7=Trap NMI\8=Trap HardFault\9=Trap MemManage\10=Trap Bus Fault\11=Trap Usage Fault\12=Trap DebugMonitor\13=DMA ADC Delay 1\14=DMA ADC Delay 3\15=Initial Setup Delay\16=Command of authenticated user\255=End of bootloader update;;;;Uso interno;Indicação de motivo do último reset por software;Indication of the last software reset reason;;;;;;;;;;;;;;;;;
97d4c43dbb704ba1930ef507904924cc;0;R;32_ABCD;TabSanity;Input register;53303;;;0;4294967295;0;1;s;s;s;;;;;;Uso interno;Indicação de tempo ativo antes do último reset por software;Indication of active time before the last software reset;;;;;;;;;;;;;;;;;
1e160bcae79f4bb79e3aff57972a73b2;0;R;32_ABCD;TabSanity;Input register;53305;;;0;4294967295;0;1;;;;;;;;;Uso interno;Indicação de máscara de bits do watchdog antes do reset;Indication of the bit mask of the watchdog before the reset;;;;;;;;;;;;;;;;;
5c1912d124fe4842aede5abf3fed0589;0;R;32_ABCD;TabSanity;Input register;53307;;;0;4294967295;0;1;;;;;;;;;Uso interno;Indicação de endereço do ponteiro da pilha;Indication of the stack pointer address;;;;;;;;;;;;;;;;;
2c55f63b34c1495998ef0907a16a8101;0;R;32_ABCD;TabSanity;Input register;53309;;;0;4294967295;0;1;;;;;;;;;Uso interno;Indicação de registrador RSR (Reset Status Register);Indication of RSR register (Reset Status Register);;;;;;;;;;;;;;;;;
b3d720fc41d34aa29b9b85dcf9c854a7;0;R;32_ABCD;TabSanity;Input register;53311;;;0;4294967295;0;1;;;;;;;;;Uso interno;Indicação de valor atual do PC (Program Counter);Indication of current value of the PC (Program Counter);;;;;;;;;;;;;;;;;
24052eba7b2b456e84bd85225e94901d;0;R;32_ABCD;TabSanity;Input register;53313;;;0;4294967295;0;1;;;;;;;;;Uso interno;Indicação de valor do PC de retorno;Indication of PC return value;;;;;;;;;;;;;;;;;
55d9a10e90e84ce3a48da173d8ec072a;0;R;16;TabSanity;Input register;53315;;;0;65535;0;1;;;;;;;;;Uso interno;Indicação de contador de execução do DMA do ADC 1;Indication of execution counter of the DMA of the ADC 1;;;;;;;;;;;;;;;;;
b2bb8967ac5d4bfd911dfde1fbb848d8;0;R;16;TabSanity;Input register;53316;;;0;65535;0;1;;;;;;;;;Uso interno;Indicação de contador de execução do processo do DMA do ADC 3;Indication of execution counter of the DMA process of the ADC 3;;;;;;;;;;;;;;;;;
47998b2982a646b19199362f80f45f69;0;R;16;TabSanity;Input register;53317;;;0;65535;0;1;;;;;;;;;Uso interno;Indicação de registro descontinuado;Indication of discontinued record;;;;;;;;;;;;;;;;;
17f891aa1af74412a5e723699d02a836;0;R;16;TabSanity;Input register;53318;;;0;65535;0;1;;;;;;;;;Uso interno;Indicação de registro descontinuado;Indication of discontinued register;;;;;;;;;;;;;;;;;
;;;;;;;;;;;;;;;;;;;;;;;;;;;;;;;;;;;;;;;;
e50362d70a474b248047cd7ff5b82475;0;RW;Bit;TabSanityCmd;Coil;53300;;;0;1;0;1;;;;0=Não\1=Sim;0=Off\1=On;;;;Uso interno;Comando de reset direto;Command of direct reset;;;;;;;;;;;;;;;;;
;;;;;;;;;;;;;;;;;;;;;;;;;;;;;;;;;;;;;;;;
70f1bf3f79c74d9fa336b679ddf61586;0;R;Bit;TabExternalTempQuality;Discrete input;53400;;;0;1;1;1;;;;0=Sem qualidade\1=Com qualidade;0=No quality\1=Quality;;;;Uso interno;Indicação de qualidade da temperatura medida externamente ao microcontrolador;Indication of quality of the temperature measured externally to the microcontroller;;;;;;;;;;;;;;;;;
;;;;;;;;;;;;;;;;;;;;;;;;;;;;;;;;;;;;;;;;
649943dfd09a499290e01dbd8b86271b;0;R;16;TabExternalTempValue;Input register;53400;;;-32768;32767;0;10;ºC;ºC;ºC;;;;;;Uso interno;Indicação de valor da temperatura medida externamente ao microcontrolador;Indication of temperature value measured externally to the microcontroller;;;;;;;;;;;;;;;;;
;;;;;;;;;;;;;;;;;;;;;;;;;;;;;;;;;;;;;;;;
c0b26af5b57a4cc4ab02dc55bd011441;0;RW;16;TabPassword;Holding register;53500;;;0;65535;0;1;;;;;;;;;Uso interno;Parâmetro de senha para comandos - parte 1;Parameter of password for commands - part 1;;;;;;;;;;;;;;;;;
27328729f30a4bb2a64b992e6bf7f7d3;0;RW;16;TabPassword;Holding register;53501;;;0;65535;0;1;;;;;;;;;Uso interno;Parâmetro de senha para comandos - parte 2;Parameter of password for commands - part 2;;;;;;;;;;;;;;;;;
;;;;;;;;;;;;;;;;;;;;;;;;;;;;;;;;;;;;;;;;
7e6fa9652e2f493186ff5f9fe0362a70;0;R;16;TabStatusBlockNVMNow;Input register;53600;;;0;9;0;1;;;;0=Sem erros\1=Aviso de memória cheia\2=ID não encontrado\3=Buffer cheio\4=Argumentos inválidos\5=Erro de escrita\6=Primeiro carregamento com sucesso\7=Primeiro carregamento com falha\8=Primeiro carregamento com sobrescrita\9=Não carregado;0=No errors\1=Memory full warning\2=ID not found\3=Buffer full\4=Invalid arguments\5=Write error\6=First load successful\7=First load failed\8=First load overwritten\9=Not loaded;;;;Uso interno;Indicação de estado atual do bloco de dados referente a bootloader geral;Indication of the current state of the data block related to the general bootloader;;;;;;;;;;;;;;;;;
a82169da3f284a3a9be0733ae731274c;0;R;16;TabStatusBlockNVMNow;Input register;53601;;;0;9;0;1;;;;0=Sem erros\1=Aviso de memória cheia\2=ID não encontrado\3=Buffer cheio\4=Argumentos inválidos\5=Erro de escrita\6=Primeiro carregamento com sucesso\7=Primeiro carregamento com falha\8=Primeiro carregamento com sobrescrita\9=Não carregado;0=No errors\1=Memory full warning\2=ID not found\3=Buffer full\4=Invalid arguments\5=Write error\6=First load successful\7=First load failed\8=First load overwritten\9=Not loaded;;;;Uso interno;Indicação de estado atual do bloco de dados referente a comunicação no bootloader;Indication of the current state of the data block related to bootloader communication;;;;;;;;;;;;;;;;;
81dadc7e87fb4114b873cd8bc4aec1df;0;R;16;TabStatusBlockNVMNow;Input register;53602;;;0;9;0;1;;;;0=Sem erros\1=Aviso de memória cheia\2=ID não encontrado\3=Buffer cheio\4=Argumentos inválidos\5=Erro de escrita\6=Primeiro carregamento com sucesso\7=Primeiro carregamento com falha\8=Primeiro carregamento com sobrescrita\9=Não carregado;0=No errors\1=Memory full warning\2=ID not found\3=Buffer full\4=Invalid arguments\5=Write error\6=First load successful\7=First load failed\8=First load overwritten\9=Not loaded;;;;Uso interno;Indicação de estado atual do bloco de dados referente a serial do usuário 1;Indication of the current state of the data block related to the serial user 1;;;;;;;;;;;;;;;;;
bf83e6165a8d4bdaa8ba98e61a3fdc1a;0;R;16;TabStatusBlockNVMNow;Input register;53603;;;0;9;0;1;;;;0=Sem erros\1=Aviso de memória cheia\2=ID não encontrado\3=Buffer cheio\4=Argumentos inválidos\5=Erro de escrita\6=Primeiro carregamento com sucesso\7=Primeiro carregamento com falha\8=Primeiro carregamento com sobrescrita\9=Não carregado;0=No errors\1=Memory full warning\2=ID not found\3=Buffer full\4=Invalid arguments\5=Write error\6=First load successful\7=First load failed\8=First load overwritten\9=Not loaded;;;;Uso interno;Indicação de estado atual do bloco de dados referente a serial do usuário 2;Indication of the current state of the data block related to the serial number of user 2;;;;;;;;;;;;;;;;;
b1c04310fd9c42bbb6132fd0ba939e68;0;R;16;TabStatusBlockNVMNow;Input register;53604;;;0;9;0;1;;;;0=Sem erros\1=Aviso de memória cheia\2=ID não encontrado\3=Buffer cheio\4=Argumentos inválidos\5=Erro de escrita\6=Primeiro carregamento com sucesso\7=Primeiro carregamento com falha\8=Primeiro carregamento com sobrescrita\9=Não carregado;0=No errors\1=Memory full warning\2=ID not found\3=Buffer full\4=Invalid arguments\5=Write error\6=First load successful\7=First load failed\8=First load overwritten\9=Not loaded;;;;Uso interno;Indicação de estado atual do bloco de dados referente a parâmetros de fábrica;Indication of the current state of the data block related to factory parameters;;;;;;;;;;;;;;;;;
d18007f08b0046238c97a293e5a79334;0;R;16;TabStatusBlockNVMNow;Input register;53605;;;0;9;0;1;;;;0=Sem erros\1=Aviso de memória cheia\2=ID não encontrado\3=Buffer cheio\4=Argumentos inválidos\5=Erro de escrita\6=Primeiro carregamento com sucesso\7=Primeiro carregamento com falha\8=Primeiro carregamento com sobrescrita\9=Não carregado;0=No errors\1=Memory full warning\2=ID not found\3=Buffer full\4=Invalid arguments\5=Write error\6=First load successful\7=First load failed\8=First load overwritten\9=Not loaded;;;;Uso interno;Indicação de estado atual do bloco de dados referente a controle de acesso (obsoleto);Indication of the current state of the data block related to access control (deprecated);;;;;;;;;;;;;;;;;
78fe8615168f4707ba8325e9817cd485;0;R;16;TabStatusBlockNVMNow;Input register;53606;;;0;9;0;1;;;;0=Sem erros\1=Aviso de memória cheia\2=ID não encontrado\3=Buffer cheio\4=Argumentos inválidos\5=Erro de escrita\6=Primeiro carregamento com sucesso\7=Primeiro carregamento com falha\8=Primeiro carregamento com sobrescrita\9=Não carregado;0=No errors\1=Memory full warning\2=ID not found\3=Buffer full\4=Invalid arguments\5=Write error\6=First load successful\7=First load failed\8=First load overwritten\9=Not loaded;;;;Uso interno;Indicação de estado atual do bloco de dados referente a relógio;Indication of the current state of the data block related to the clock;;;;;;;;;;;;;;;;;
4667789881bf4ed38c3eafa12311269a;0;R;16;TabStatusBlockNVMNow;Input register;53607;;;0;9;0;1;;;;0=Sem erros\1=Aviso de memória cheia\2=ID não encontrado\3=Buffer cheio\4=Argumentos inválidos\5=Erro de escrita\6=Primeiro carregamento com sucesso\7=Primeiro carregamento com falha\8=Primeiro carregamento com sobrescrita\9=Não carregado;0=No errors\1=Memory full warning\2=ID not found\3=Buffer full\4=Invalid arguments\5=Write error\6=First load successful\7=First load failed\8=First load overwritten\9=Not loaded;;;;Uso interno;Indicação de estado atual do bloco de dados referente a controle de bancos;Indication of the current state of the data block related to bank control;;;;;;;;;;;;;;;;;
2e259087e55849b6b76fe11c75234280;0;R;16;TabStatusBlockNVMNow;Input register;53608;;;0;9;0;1;;;;0=Sem erros\1=Aviso de memória cheia\2=ID não encontrado\3=Buffer cheio\4=Argumentos inválidos\5=Erro de escrita\6=Primeiro carregamento com sucesso\7=Primeiro carregamento com falha\8=Primeiro carregamento com sobrescrita\9=Não carregado;0=No errors\1=Memory full warning\2=ID not found\3=Buffer full\4=Invalid arguments\5=Write error\6=First load successful\7=First load failed\8=First load overwritten\9=Not loaded;;;;Uso interno;Indicação de estado atual do bloco de dados referente a cálculos de capacitância e tangente;Indication of the current state of the data block related to capacitance and tangent calculations;;;;;;;;;;;;;;;;;
e6823d08ba334077b93f28fa3481bf2a;0;R;16;TabStatusBlockNVMNow;Input register;53609;;;0;9;0;1;;;;0=Sem erros\1=Aviso de memória cheia\2=ID não encontrado\3=Buffer cheio\4=Argumentos inválidos\5=Erro de escrita\6=Primeiro carregamento com sucesso\7=Primeiro carregamento com falha\8=Primeiro carregamento com sobrescrita\9=Não carregado;0=No errors\1=Memory full warning\2=ID not found\3=Buffer full\4=Invalid arguments\5=Write error\6=First load successful\7=First load failed\8=First load overwritten\9=Not loaded;;;;Uso interno;Indicação de estado atual do bloco de dados referente a limiares de autodiagnósticos das medições;Indication of the current state of the data block related to the self-diagnostic thresholds of the measurements;;;;;;;;;;;;;;;;;
256c894ffeed460ba2499fbc7f681819;0;R;16;TabStatusBlockNVMNow;Input register;53610;;;0;9;0;1;;;;0=Sem erros\1=Aviso de memória cheia\2=ID não encontrado\3=Buffer cheio\4=Argumentos inválidos\5=Erro de escrita\6=Primeiro carregamento com sucesso\7=Primeiro carregamento com falha\8=Primeiro carregamento com sobrescrita\9=Não carregado;0=No errors\1=Memory full warning\2=ID not found\3=Buffer full\4=Invalid arguments\5=Write error\6=First load successful\7=First load failed\8=First load overwritten\9=Not loaded;;;;Uso interno;Indicação de estado atual do bloco de dados referente a limiares manuais de alarmes de correntes;Indication of the current state of the data block related to the manual thresholds of current alarms;;;;;;;;;;;;;;;;;
16a34efd9d254d9c9ddba7b6235352ca;0;R;16;TabStatusBlockNVMNow;Input register;53611;;;0;9;0;1;;;;0=Sem erros\1=Aviso de memória cheia\2=ID não encontrado\3=Buffer cheio\4=Argumentos inválidos\5=Erro de escrita\6=Primeiro carregamento com sucesso\7=Primeiro carregamento com falha\8=Primeiro carregamento com sobrescrita\9=Não carregado;0=No errors\1=Memory full warning\2=ID not found\3=Buffer full\4=Invalid arguments\5=Write error\6=First load successful\7=First load failed\8=First load overwritten\9=Not loaded;;;;Uso interno;Indicação de estado atual do bloco de dados referente a limiares manuais de alarmes de capacitância;Indication of the current state of the data block related to manual thresholds for capacitance alarms;;;;;;;;;;;;;;;;;
03a7e87c0d7f491d8ffbb591a0e948f2;0;R;16;TabStatusBlockNVMNow;Input register;53612;;;0;9;0;1;;;;0=Sem erros\1=Aviso de memória cheia\2=ID não encontrado\3=Buffer cheio\4=Argumentos inválidos\5=Erro de escrita\6=Primeiro carregamento com sucesso\7=Primeiro carregamento com falha\8=Primeiro carregamento com sobrescrita\9=Não carregado;0=No errors\1=Memory full warning\2=ID not found\3=Buffer full\4=Invalid arguments\5=Write error\6=First load successful\7=First load failed\8=First load overwritten\9=Not loaded;;;;Uso interno;Indicação de estado atual do bloco de dados referente a limiares manuais de alarmes de tangente de delta.;Indication of the current state of the data block related to the manual thresholds of delta-tangent alarms.;;;;;;;;;;;;;;;;;
38798f5f17f543fd85df704453bc2af6;0;R;16;TabStatusBlockNVMNow;Input register;53613;;;0;9;0;1;;;;0=Sem erros\1=Aviso de memória cheia\2=ID não encontrado\3=Buffer cheio\4=Argumentos inválidos\5=Erro de escrita\6=Primeiro carregamento com sucesso\7=Primeiro carregamento com falha\8=Primeiro carregamento com sobrescrita\9=Não carregado;0=No errors\1=Memory full warning\2=ID not found\3=Buffer full\4=Invalid arguments\5=Write error\6=First load successful\7=First load failed\8=First load overwritten\9=Not loaded;;;;Uso interno;Indicação de estado atual do bloco de dados referente a percentuais de limiares automáticos de alarmes;Indication of the current state of the data block related to the percentages of automatic alarm thresholds;;;;;;;;;;;;;;;;;
1d7d3e6b8df74f64920673f31bd648c9;0;R;16;TabStatusBlockNVMNow;Input register;53614;;;0;9;0;1;;;;0=Sem erros\1=Aviso de memória cheia\2=ID não encontrado\3=Buffer cheio\4=Argumentos inválidos\5=Erro de escrita\6=Primeiro carregamento com sucesso\7=Primeiro carregamento com falha\8=Primeiro carregamento com sobrescrita\9=Não carregado;0=No errors\1=Memory full warning\2=ID not found\3=Buffer full\4=Invalid arguments\5=Write error\6=First load successful\7=First load failed\8=First load overwritten\9=Not loaded;;;;Uso interno;Indicação de estado atual do bloco de dados referente a habilitações do modo automático nos alarmes;Indication of the current state of the data block related to the enablements of the automatic mode in alarms;;;;;;;;;;;;;;;;;
c4aa1a38c38546b49e8b49b6a6344620;0;R;16;TabStatusBlockNVMNow;Input register;53615;;;0;9;0;1;;;;0=Sem erros\1=Aviso de memória cheia\2=ID não encontrado\3=Buffer cheio\4=Argumentos inválidos\5=Erro de escrita\6=Primeiro carregamento com sucesso\7=Primeiro carregamento com falha\8=Primeiro carregamento com sobrescrita\9=Não carregado;0=No errors\1=Memory full warning\2=ID not found\3=Buffer full\4=Invalid arguments\5=Write error\6=First load successful\7=First load failed\8=First load overwritten\9=Not loaded;;;;Uso interno;Indicação de estado atual do bloco de dados referente a tempo de persistência dos alarmes;Indication of the current state of the data block related to alarm persistence time;;;;;;;;;;;;;;;;;
7e48c2d12b0e4dd58f21f40c490dbb18;0;R;16;TabStatusBlockNVMNow;Input register;53616;;;0;9;0;1;;;;0=Sem erros\1=Aviso de memória cheia\2=ID não encontrado\3=Buffer cheio\4=Argumentos inválidos\5=Erro de escrita\6=Primeiro carregamento com sucesso\7=Primeiro carregamento com falha\8=Primeiro carregamento com sobrescrita\9=Não carregado;0=No errors\1=Memory full warning\2=ID not found\3=Buffer full\4=Invalid arguments\5=Write error\6=First load successful\7=First load failed\8=First load overwritten\9=Not loaded;;;;Uso interno;Indicação de estado atual do bloco de dados referente a parâmetros gerais de alarmes;Indication of the current state of the data block related to general alarm parameters;;;;;;;;;;;;;;;;;
a7c59499ab334ac1b23694a06bdd8337;0;R;16;TabStatusBlockNVMNow;Input register;53617;;;0;9;0;1;;;;0=Sem erros\1=Aviso de memória cheia\2=ID não encontrado\3=Buffer cheio\4=Argumentos inválidos\5=Erro de escrita\6=Primeiro carregamento com sucesso\7=Primeiro carregamento com falha\8=Primeiro carregamento com sobrescrita\9=Não carregado;0=No errors\1=Memory full warning\2=ID not found\3=Buffer full\4=Invalid arguments\5=Write error\6=First load successful\7=First load failed\8=First load overwritten\9=Not loaded;;;;Uso interno;Indicação de estado atual do bloco de dados referente a memória de alarmes;Indication of the current state of the data block related to alarm memory;;;;;;;;;;;;;;;;;
cc163122762940f88434242e78974bad;0;R;16;TabStatusBlockNVMNow;Input register;53618;;;0;9;0;1;;;;0=Sem erros\1=Aviso de memória cheia\2=ID não encontrado\3=Buffer cheio\4=Argumentos inválidos\5=Erro de escrita\6=Primeiro carregamento com sucesso\7=Primeiro carregamento com falha\8=Primeiro carregamento com sobrescrita\9=Não carregado;0=No errors\1=Memory full warning\2=ID not found\3=Buffer full\4=Invalid arguments\5=Write error\6=First load successful\7=First load failed\8=First load overwritten\9=Not loaded;;;;Uso interno;Indicação de estado atual do bloco de dados referente a memória de autodiagnósticos;Indication of the current state of the data block related to self-diagnostic memory;;;;;;;;;;;;;;;;;
9636b362577b4a0caa02f2a793966e96;0;R;16;TabStatusBlockNVMNow;Input register;53619;;;0;9;0;1;;;;0=Sem erros\1=Aviso de memória cheia\2=ID não encontrado\3=Buffer cheio\4=Argumentos inválidos\5=Erro de escrita\6=Primeiro carregamento com sucesso\7=Primeiro carregamento com falha\8=Primeiro carregamento com sobrescrita\9=Não carregado;0=No errors\1=Memory full warning\2=ID not found\3=Buffer full\4=Invalid arguments\5=Write error\6=First load successful\7=First load failed\8=First load overwritten\9=Not loaded;;;;Uso interno;Indicação de estado atual do bloco de dados referente a flag de log de sanidade cheio;Indication of the current state of the data block related to the sanity log flag full;;;;;;;;;;;;;;;;;
7862389a13a74a9087c86cf9489f8c88;0;R;16;TabStatusBlockNVMNow;Input register;53620;;;0;9;0;1;;;;0=Sem erros\1=Aviso de memória cheia\2=ID não encontrado\3=Buffer cheio\4=Argumentos inválidos\5=Erro de escrita\6=Primeiro carregamento com sucesso\7=Primeiro carregamento com falha\8=Primeiro carregamento com sobrescrita\9=Não carregado;0=No errors\1=Memory full warning\2=ID not found\3=Buffer full\4=Invalid arguments\5=Write error\6=First load successful\7=First load failed\8=First load overwritten\9=Not loaded;;;;Uso interno;Indicação de estado atual do bloco de dados referente ao autoincremento do log de sanidade;Indication of the current state of the data block related to the auto-increment of the sanity log;;;;;;;;;;;;;;;;;
383e19fa1416486b8fe0d650dd60dfd9;0;R;16;TabStatusBlockNVMNow;Input register;53621;;;0;9;0;1;;;;0=Sem erros\1=Aviso de memória cheia\2=ID não encontrado\3=Buffer cheio\4=Argumentos inválidos\5=Erro de escrita\6=Primeiro carregamento com sucesso\7=Primeiro carregamento com falha\8=Primeiro carregamento com sobrescrita\9=Não carregado;0=No errors\1=Memory full warning\2=ID not found\3=Buffer full\4=Invalid arguments\5=Write error\6=First load successful\7=First load failed\8=First load overwritten\9=Not loaded;;;;Uso interno;Indicação de estado atual do bloco de dados referente a flag de log de massa cheia;Indication of the current state of the data block related to the full mass data log flag;;;;;;;;;;;;;;;;;
3b90c83e356b43d28d37e24f4f143d10;0;R;16;TabStatusBlockNVMNow;Input register;53622;;;0;9;0;1;;;;0=Sem erros\1=Aviso de memória cheia\2=ID não encontrado\3=Buffer cheio\4=Argumentos inválidos\5=Erro de escrita\6=Primeiro carregamento com sucesso\7=Primeiro carregamento com falha\8=Primeiro carregamento com sobrescrita\9=Não carregado;0=No errors\1=Memory full warning\2=ID not found\3=Buffer full\4=Invalid arguments\5=Write error\6=First load successful\7=First load failed\8=First load overwritten\9=Not loaded;;;;Uso interno;Indicação de estado atual do bloco de dados referente ao autoincremento do log de massa;Indication of the current state of the data block related to the mass log auto-increment;;;;;;;;;;;;;;;;;
a1e7179de894435a9d7afae5047817b7;0;R;16;TabStatusBlockNVMNow;Input register;53623;;;0;9;0;1;;;;0=Sem erros\1=Aviso de memória cheia\2=ID não encontrado\3=Buffer cheio\4=Argumentos inválidos\5=Erro de escrita\6=Primeiro carregamento com sucesso\7=Primeiro carregamento com falha\8=Primeiro carregamento com sobrescrita\9=Não carregado;0=No errors\1=Memory full warning\2=ID not found\3=Buffer full\4=Invalid arguments\5=Write error\6=First load successful\7=First load failed\8=First load overwritten\9=Not loaded;;;;Uso interno;Indicação de estado atual do bloco de dados referente ao intervalo de salvamento do log de massa;Indication of the current state of the data block related to the mass log saving interval;;;;;;;;;;;;;;;;;
fccb73d2442b45ff925608c20a3526b9;0;R;16;TabStatusBlockNVMNow;Input register;53624;;;0;9;0;1;;;;0=Sem erros\1=Aviso de memória cheia\2=ID não encontrado\3=Buffer cheio\4=Argumentos inválidos\5=Erro de escrita\6=Primeiro carregamento com sucesso\7=Primeiro carregamento com falha\8=Primeiro carregamento com sobrescrita\9=Não carregado;0=No errors\1=Memory full warning\2=ID not found\3=Buffer full\4=Invalid arguments\5=Write error\6=First load successful\7=First load failed\8=First load overwritten\9=Not loaded;;;;Uso interno;Indicação de estado atual do bloco de dados referente a limiares de autodiagnósticos de bancos;Indication of the current state of the data block related to the self-diagnostic thresholds of banks;;;;;;;;;;;;;;;;;
794b7ad2334e409da80e1b91a6bbdf17;0;R;16;TabStatusBlockNVMNow;Input register;53625;;;0;9;0;1;;;;0=Sem erros\1=Aviso de memória cheia\2=ID não encontrado\3=Buffer cheio\4=Argumentos inválidos\5=Erro de escrita\6=Primeiro carregamento com sucesso\7=Primeiro carregamento com falha\8=Primeiro carregamento com sobrescrita\9=Não carregado;0=No errors\1=Memory full warning\2=ID not found\3=Buffer full\4=Invalid arguments\5=Write error\6=First load successful\7=First load failed\8=First load overwritten\9=Not loaded;;;;Uso interno;Indicação de estado atual do bloco de dados referente a configurações de disparo;Indication of the current state of the data block related to trip settings;;;;;;;;;;;;;;;;;
4a141ce30cf3487ca1e5700d259db478;0;R;16;TabStatusBlockNVMNow;Input register;53626;;;0;9;0;1;;;;0=Sem erros\1=Aviso de memória cheia\2=ID não encontrado\3=Buffer cheio\4=Argumentos inválidos\5=Erro de escrita\6=Primeiro carregamento com sucesso\7=Primeiro carregamento com falha\8=Primeiro carregamento com sobrescrita\9=Não carregado;0=No errors\1=Memory full warning\2=ID not found\3=Buffer full\4=Invalid arguments\5=Write error\6=First load successful\7=First load failed\8=First load overwritten\9=Not loaded;;;;Uso interno;Indicação de estado atual do bloco de dados referente a configurações de rede (obsoleto);Indication of the current state of the data block related to network configurations (deprecated);;;;;;;;;;;;;;;;;
e1ace5a869904f9981609f79a3c9ffa7;0;R;16;TabStatusBlockNVMNow;Input register;53627;;;0;9;0;1;;;;0=Sem erros\1=Aviso de memória cheia\2=ID não encontrado\3=Buffer cheio\4=Argumentos inválidos\5=Erro de escrita\6=Primeiro carregamento com sucesso\7=Primeiro carregamento com falha\8=Primeiro carregamento com sobrescrita\9=Não carregado;0=No errors\1=Memory full warning\2=ID not found\3=Buffer full\4=Invalid arguments\5=Write error\6=First load successful\7=First load failed\8=First load overwritten\9=Not loaded;;;;Uso interno;Indicação de estado atual do bloco de dados referente aos parâmetros do PT100;Indication of the current state of the data block related to PT100 parameters;;;;;;;;;;;;;;;;;
75beb8620f224961ab62727e98153521;0;R;16;TabStatusBlockNVMNow;Input register;53628;;;0;9;0;1;;;;0=Sem erros\1=Aviso de memória cheia\2=ID não encontrado\3=Buffer cheio\4=Argumentos inválidos\5=Erro de escrita\6=Primeiro carregamento com sucesso\7=Primeiro carregamento com falha\8=Primeiro carregamento com sobrescrita\9=Não carregado;0=No errors\1=Memory full warning\2=ID not found\3=Buffer full\4=Invalid arguments\5=Write error\6=First load successful\7=First load failed\8=First load overwritten\9=Not loaded;;;;Uso interno;Indicação de estado atual do bloco de dados referente à temperatura máxima do PT100;Indication of the current state of the data block related to PT100 maximum temperature;;;;;;;;;;;;;;;;;
89f43917e77249c39309e4526a10fa72;0;R;16;TabStatusBlockNVMNow;Input register;53629;;;0;9;0;1;;;;0=Sem erros\1=Aviso de memória cheia\2=ID não encontrado\3=Buffer cheio\4=Argumentos inválidos\5=Erro de escrita\6=Primeiro carregamento com sucesso\7=Primeiro carregamento com falha\8=Primeiro carregamento com sobrescrita\9=Não carregado;0=No errors\1=Memory full warning\2=ID not found\3=Buffer full\4=Invalid arguments\5=Write error\6=First load successful\7=First load failed\8=First load overwritten\9=Not loaded;;;;Uso interno;Indicação de estado atual do bloco de dados referente à condição de salto do PT100;Indication of the current state of the data block related to PT100 jump condition;;;;;;;;;;;;;;;;;
b8f6e84c84b64aba87b521fcab7d0fbc;0;R;16;TabStatusBlockNVMNow;Input register;53630;;;0;9;0;1;;;;0=Sem erros\1=Aviso de memória cheia\2=ID não encontrado\3=Buffer cheio\4=Argumentos inválidos\5=Erro de escrita\6=Primeiro carregamento com sucesso\7=Primeiro carregamento com falha\8=Primeiro carregamento com sobrescrita\9=Não carregado;0=No errors\1=Memory full warning\2=ID not found\3=Buffer full\4=Invalid arguments\5=Write error\6=First load successful\7=First load failed\8=First load overwritten\9=Not loaded;;;;Uso interno;Indicação de estado atual do bloco de dados referente a limiares manuais da tendência de capacitância;Indication of the current state of the data block related to the manual thresholds for capacitance trend;;;;;;;;;;;;;;;;;
95b224283d9a47f58037a8a942b710b4;0;R;16;TabStatusBlockNVMNow;Input register;53631;;;0;9;0;1;;;;0=Sem erros\1=Aviso de memória cheia\2=ID não encontrado\3=Buffer cheio\4=Argumentos inválidos\5=Erro de escrita\6=Primeiro carregamento com sucesso\7=Primeiro carregamento com falha\8=Primeiro carregamento com sobrescrita\9=Não carregado;0=No errors\1=Memory full warning\2=ID not found\3=Buffer full\4=Invalid arguments\5=Write error\6=First load successful\7=First load failed\8=First load overwritten\9=Not loaded;;;;Uso interno;Indicação de estado atual do bloco de dados referente a limiares manuais da tendência de tangente de delta;Indication of the current state of the data block related to the manual thresholds for tangent delta trend;;;;;;;;;;;;;;;;;
8af0e80e8ce444779d4165d4abbacd64;0;R;16;TabStatusBlockNVMNow;Input register;53632;;;0;9;0;1;;;;0=Sem erros\1=Aviso de memória cheia\2=ID não encontrado\3=Buffer cheio\4=Argumentos inválidos\5=Erro de escrita\6=Primeiro carregamento com sucesso\7=Primeiro carregamento com falha\8=Primeiro carregamento com sobrescrita\9=Não carregado;0=No errors\1=Memory full warning\2=ID not found\3=Buffer full\4=Invalid arguments\5=Write error\6=First load successful\7=First load failed\8=First load overwritten\9=Not loaded;;;;Uso interno;Indicação de estado atual do bloco de dados referente a constante de tempo para tendências;Indication of the current state of the data block related to the time constant o trends;;;;;;;;;;;;;;;;;
ad5f815f79dc4d4fbb32d6a37715e749;0;R;16;TabStatusBlockNVMNow;Input register;53633;;;0;9;0;1;;;;0=Sem erros\1=Aviso de memória cheia\2=ID não encontrado\3=Buffer cheio\4=Argumentos inválidos\5=Erro de escrita\6=Primeiro carregamento com sucesso\7=Primeiro carregamento com falha\8=Primeiro carregamento com sobrescrita\9=Não carregado;0=No errors\1=Memory full warning\2=ID not found\3=Buffer full\4=Invalid arguments\5=Write error\6=First load successful\7=First load failed\8=First load overwritten\9=Not loaded;;;;Uso interno;Indicação de estado atual do bloco de dados referente a controle de acesso do usuário avançado;Indication of the current state of the data block related to access control of advanced user;;;;;;;;;;;;;;;;;
8e58070d9e4742edb40214f65b564db6;0;R;16;TabStatusBlockNVMNow;Input register;53634;;;0;9;0;1;;;;0=Sem erros\1=Aviso de memória cheia\2=ID não encontrado\3=Buffer cheio\4=Argumentos inválidos\5=Erro de escrita\6=Primeiro carregamento com sucesso\7=Primeiro carregamento com falha\8=Primeiro carregamento com sobrescrita\9=Não carregado;0=No errors\1=Memory full warning\2=ID not found\3=Buffer full\4=Invalid arguments\5=Write error\6=First load successful\7=First load failed\8=First load overwritten\9=Not loaded;;;;Uso interno;Indicação de estado atual do bloco de dados referente a controle de acesso do usuário de fábrica;Indication of the current state of the data block related to access control of factory user;;;;;;;;;;;;;;;;;
3bd6a0dba7b34a3da8527d22e434a3c7;0;R;16;TabStatusBlockNVMNow;Input register;53635;;;0;9;0;1;;;;0=Sem erros\1=Aviso de memória cheia\2=ID não encontrado\3=Buffer cheio\4=Argumentos inválidos\5=Erro de escrita\6=Primeiro carregamento com sucesso\7=Primeiro carregamento com falha\8=Primeiro carregamento com sobrescrita\9=Não carregado;0=No errors\1=Memory full warning\2=ID not found\3=Buffer full\4=Invalid arguments\5=Write error\6=First load successful\7=First load failed\8=First load overwritten\9=Not loaded;;;;Uso interno;Indicação de estado atual do bloco de dados referente a endereço de apgamento no banco de referência;Indication of the current state of the data block related to erase address of reference bank;;;;;;;;;;;;;;;;;
2af3cdc203ff47f9b28af5f6f986aa01;0;R;16;TabStatusBlockNVMNow;Input register;53636;;;0;9;0;1;;;;0=Sem erros\1=Aviso de memória cheia\2=ID não encontrado\3=Buffer cheio\4=Argumentos inválidos\5=Erro de escrita\6=Primeiro carregamento com sucesso\7=Primeiro carregamento com falha\8=Primeiro carregamento com sobrescrita\9=Não carregado;0=No errors\1=Memory full warning\2=ID not found\3=Buffer full\4=Invalid arguments\5=Write error\6=First load successful\7=First load failed\8=First load overwritten\9=Not loaded;;;;Uso interno;Indicação de estado atual do bloco de dados referente a endereço de apgamento no banco de monitoramento;Indication of the current state of the data block related to erase address of monitoring bank;;;;;;;;;;;;;;;;;
5d5bf0fb07754a4cbe31fe35b2a901d0;0;R;16;TabStatusBlockNVMNow;Input register;53637;;;0;9;0;1;;;;0=Sem erros\1=Aviso de memória cheia\2=ID não encontrado\3=Buffer cheio\4=Argumentos inválidos\5=Erro de escrita\6=Primeiro carregamento com sucesso\7=Primeiro carregamento com falha\8=Primeiro carregamento com sobrescrita\9=Não carregado;0=No errors\1=Memory full warning\2=ID not found\3=Buffer full\4=Invalid arguments\5=Write error\6=First load successful\7=First load failed\8=First load overwritten\9=Not loaded;;;;Uso interno;Indicação de estado atual do bloco de dados referente a habilitação do conjunto de tensão;Indication of the current state of the data block related to enabling voltage group;;;;;;;;;;;;;;;;;
ea5b67e0948c4a36ad1567b63fd5875a;0;R;16;TabStatusBlockNVMNow;Input register;53638;;;0;9;0;1;;;;0=Sem erros\1=Aviso de memória cheia\2=ID não encontrado\3=Buffer cheio\4=Argumentos inválidos\5=Erro de escrita\6=Primeiro carregamento com sucesso\7=Primeiro carregamento com falha\8=Primeiro carregamento com sobrescrita\9=Não carregado;0=No errors\1=Memory full warning\2=ID not found\3=Buffer full\4=Invalid arguments\5=Write error\6=First load successful\7=First load failed\8=First load overwritten\9=Not loaded;;;;Uso interno;Indicação de estado atual do bloco de dados referente a configurações de rede para usuário;Indication of the current state of the data block related to network configurations for user;;;;;;;;;;;;;;;;;
741493a72d754db89ad34f4e3b1bbe51;0;R;16;TabStatusBlockNVMNow;Input register;53639;;;0;9;0;1;;;;0=Sem erros\1=Aviso de memória cheia\2=ID não encontrado\3=Buffer cheio\4=Argumentos inválidos\5=Erro de escrita\6=Primeiro carregamento com sucesso\7=Primeiro carregamento com falha\8=Primeiro carregamento com sobrescrita\9=Não carregado;0=No errors\1=Memory full warning\2=ID not found\3=Buffer full\4=Invalid arguments\5=Write error\6=First load successful\7=First load failed\8=First load overwritten\9=Not loaded;;;;Uso interno;Indicação de estado atual do bloco de dados referente a configurações de rede para fábrica;Indication of the current state of the data block related to network configurations for factory;;;;;;;;;;;;;;;;;
;;;;;;;;;;;;;;;;;;;;;;;;;;;;;;;;;;;;;;;;
133de375908e4baab37f4712e2d97f5c;0;R;16;TabStatusBlockNVMLoad;Input register;53700;;;0;9;0;1;;;;0=Sem erros\1=Aviso de memória cheia\2=ID não encontrado\3=Buffer cheio\4=Argumentos inválidos\5=Erro de escrita\6=Primeiro carregamento com sucesso\7=Primeiro carregamento com falha\8=Primeiro carregamento com sobrescrita\9=Não carregado;0=No errors\1=Memory full warning\2=ID not found\3=Buffer full\4=Invalid arguments\5=Write error\6=First load successful\7=First load failed\8=First load overwritten\9=Not loaded;;;;Uso interno;Indicação de estado de carregamento do bloco de dados referente ao bootloader geral;Indication of the loading state of the data block related to the general bootloader;;;;;;;;;;;;;;;;;
c48ecf8e27394da5a88695451093f2f6;0;R;16;TabStatusBlockNVMLoad;Input register;53701;;;0;9;0;1;;;;0=Sem erros\1=Aviso de memória cheia\2=ID não encontrado\3=Buffer cheio\4=Argumentos inválidos\5=Erro de escrita\6=Primeiro carregamento com sucesso\7=Primeiro carregamento com falha\8=Primeiro carregamento com sobrescrita\9=Não carregado;0=No errors\1=Memory full warning\2=ID not found\3=Buffer full\4=Invalid arguments\5=Write error\6=First load successful\7=First load failed\8=First load overwritten\9=Not loaded;;;;Uso interno;Indicação de estado de carregamento do bloco de dados referente a comunicação no bootloader;Indication of the loading state of the data block related to bootloader communication;;;;;;;;;;;;;;;;;
ec31542a167543368e59a01a86093182;0;R;16;TabStatusBlockNVMLoad;Input register;53702;;;0;9;0;1;;;;0=Sem erros\1=Aviso de memória cheia\2=ID não encontrado\3=Buffer cheio\4=Argumentos inválidos\5=Erro de escrita\6=Primeiro carregamento com sucesso\7=Primeiro carregamento com falha\8=Primeiro carregamento com sobrescrita\9=Não carregado;0=No errors\1=Memory full warning\2=ID not found\3=Buffer full\4=Invalid arguments\5=Write error\6=First load successful\7=First load failed\8=First load overwritten\9=Not loaded;;;;Uso interno;Indicação de estado de carregamento do bloco de dados referente a serial do usuário 1;Indication of the loading state of the data block related to user 1's serial;;;;;;;;;;;;;;;;;
9c186191aea64771b03cd9afe5932f67;0;R;16;TabStatusBlockNVMLoad;Input register;53703;;;0;9;0;1;;;;0=Sem erros\1=Aviso de memória cheia\2=ID não encontrado\3=Buffer cheio\4=Argumentos inválidos\5=Erro de escrita\6=Primeiro carregamento com sucesso\7=Primeiro carregamento com falha\8=Primeiro carregamento com sobrescrita\9=Não carregado;0=No errors\1=Memory full warning\2=ID not found\3=Buffer full\4=Invalid arguments\5=Write error\6=First load successful\7=First load failed\8=First load overwritten\9=Not loaded;;;;Uso interno;Indicação de estado de carregamento do bloco de dados referente a número de série do usuário 2;Indication of the loading state of the data block related to the serial number of user 2;;;;;;;;;;;;;;;;;
1dc8de4fe4b94f2baa550d5e5f65183d;0;R;16;TabStatusBlockNVMLoad;Input register;53704;;;0;9;0;1;;;;0=Sem erros\1=Aviso de memória cheia\2=ID não encontrado\3=Buffer cheio\4=Argumentos inválidos\5=Erro de escrita\6=Primeiro carregamento com sucesso\7=Primeiro carregamento com falha\8=Primeiro carregamento com sobrescrita\9=Não carregado;0=No errors\1=Memory full warning\2=ID not found\3=Buffer full\4=Invalid arguments\5=Write error\6=First load successful\7=First load failed\8=First load overwritten\9=Not loaded;;;;Uso interno;Indicação de estado de carregamento do bloco de dados referente a parâmetros de fábrica;Indication of the loading state of the data block related to factory parameters;;;;;;;;;;;;;;;;;
d43d8d4b02884224b5b5ebebb0724e86;0;R;16;TabStatusBlockNVMLoad;Input register;53705;;;0;9;0;1;;;;0=Sem erros\1=Aviso de memória cheia\2=ID não encontrado\3=Buffer cheio\4=Argumentos inválidos\5=Erro de escrita\6=Primeiro carregamento com sucesso\7=Primeiro carregamento com falha\8=Primeiro carregamento com sobrescrita\9=Não carregado;0=No errors\1=Memory full warning\2=ID not found\3=Buffer full\4=Invalid arguments\5=Write error\6=First load successful\7=First load failed\8=First load overwritten\9=Not loaded;;;;Uso interno;Indicação de estado de carregamento do bloco de dados referente a controle de acesso (obsoleto);Indication of the loading state of the data block related to access control (deprecated);;;;;;;;;;;;;;;;;
54458bd909c24f38bc4efa7b1a64393d;0;R;16;TabStatusBlockNVMLoad;Input register;53706;;;0;9;0;1;;;;0=Sem erros\1=Aviso de memória cheia\2=ID não encontrado\3=Buffer cheio\4=Argumentos inválidos\5=Erro de escrita\6=Primeiro carregamento com sucesso\7=Primeiro carregamento com falha\8=Primeiro carregamento com sobrescrita\9=Não carregado;0=No errors\1=Memory full warning\2=ID not found\3=Buffer full\4=Invalid arguments\5=Write error\6=First load successful\7=First load failed\8=First load overwritten\9=Not loaded;;;;Uso interno;Indicação de estado de carregamento do bloco de dados referente a relógio;Indication of the loading state of the data block related to the clock;;;;;;;;;;;;;;;;;
80b08e866b7c462ba0e071a6d7fbf4dc;0;R;16;TabStatusBlockNVMLoad;Input register;53707;;;0;9;0;1;;;;0=Sem erros\1=Aviso de memória cheia\2=ID não encontrado\3=Buffer cheio\4=Argumentos inválidos\5=Erro de escrita\6=Primeiro carregamento com sucesso\7=Primeiro carregamento com falha\8=Primeiro carregamento com sobrescrita\9=Não carregado;0=No errors\1=Memory full warning\2=ID not found\3=Buffer full\4=Invalid arguments\5=Write error\6=First load successful\7=First load failed\8=First load overwritten\9=Not loaded;;;;Uso interno;Indicação de estado de carregamento do bloco de dados referente a controle de bancos;Indication of the loading state of the data block related to bank control;;;;;;;;;;;;;;;;;
ac199e74d2ef4f1cb89b3995b7085b6d;0;R;16;TabStatusBlockNVMLoad;Input register;53708;;;0;9;0;1;;;;0=Sem erros\1=Aviso de memória cheia\2=ID não encontrado\3=Buffer cheio\4=Argumentos inválidos\5=Erro de escrita\6=Primeiro carregamento com sucesso\7=Primeiro carregamento com falha\8=Primeiro carregamento com sobrescrita\9=Não carregado;0=No errors\1=Memory full warning\2=ID not found\3=Buffer full\4=Invalid arguments\5=Write error\6=First load successful\7=First load failed\8=First load overwritten\9=Not loaded;;;;Uso interno;Indicação de estado de carregamento do bloco de dados referente a cálculos de capacitância e tangente;Indication of the loading state of the data block related to capacitance calculations and tangent;;;;;;;;;;;;;;;;;
acfd75f2a7ee4df68256cbfadfd839df;0;R;16;TabStatusBlockNVMLoad;Input register;53709;;;0;9;0;1;;;;0=Sem erros\1=Aviso de memória cheia\2=ID não encontrado\3=Buffer cheio\4=Argumentos inválidos\5=Erro de escrita\6=Primeiro carregamento com sucesso\7=Primeiro carregamento com falha\8=Primeiro carregamento com sobrescrita\9=Não carregado;0=No errors\1=Memory full warning\2=ID not found\3=Buffer full\4=Invalid arguments\5=Write error\6=First load successful\7=First load failed\8=First load overwritten\9=Not loaded;;;;Uso interno;Indicação de estado de carregamento do bloco de dados referente a limiares de autodiagnósticos das medições;Indication of the loading state of the data block related to self-diagnostic thresholds of the measurements;;;;;;;;;;;;;;;;;
16d98e01693147359e7f23f936d2e43e;0;R;16;TabStatusBlockNVMLoad;Input register;53710;;;0;9;0;1;;;;0=Sem erros\1=Aviso de memória cheia\2=ID não encontrado\3=Buffer cheio\4=Argumentos inválidos\5=Erro de escrita\6=Primeiro carregamento com sucesso\7=Primeiro carregamento com falha\8=Primeiro carregamento com sobrescrita\9=Não carregado;0=No errors\1=Memory full warning\2=ID not found\3=Buffer full\4=Invalid arguments\5=Write error\6=First load successful\7=First load failed\8=First load overwritten\9=Not loaded;;;;Uso interno;Indicação de estado de carregamento do bloco de dados referente a limiares manuais de alarmes de correntes;Indication of the loading state of the data block related to manual current alarm thresholds;;;;;;;;;;;;;;;;;
03403ab52da242499de60e1184cbfbed;0;R;16;TabStatusBlockNVMLoad;Input register;53711;;;0;9;0;1;;;;0=Sem erros\1=Aviso de memória cheia\2=ID não encontrado\3=Buffer cheio\4=Argumentos inválidos\5=Erro de escrita\6=Primeiro carregamento com sucesso\7=Primeiro carregamento com falha\8=Primeiro carregamento com sobrescrita\9=Não carregado;0=No errors\1=Memory full warning\2=ID not found\3=Buffer full\4=Invalid arguments\5=Write error\6=First load successful\7=First load failed\8=First load overwritten\9=Not loaded;;;;Uso interno;Indicação de estado de carregamento do bloco de dados referente a limiares manuais de alarmes de capacitância;Indication of the loading state of the data block related to the manual thresholds for capacitance alarms;;;;;;;;;;;;;;;;;
9d35c2c6c9ed433d97538dcad6310cbb;0;R;16;TabStatusBlockNVMLoad;Input register;53712;;;0;9;0;1;;;;0=Sem erros\1=Aviso de memória cheia\2=ID não encontrado\3=Buffer cheio\4=Argumentos inválidos\5=Erro de escrita\6=Primeiro carregamento com sucesso\7=Primeiro carregamento com falha\8=Primeiro carregamento com sobrescrita\9=Não carregado;0=No errors\1=Memory full warning\2=ID not found\3=Buffer full\4=Invalid arguments\5=Write error\6=First load successful\7=First load failed\8=First load overwritten\9=Not loaded;;;;Uso interno;Indicação de estado de carregamento do bloco de dados referente a limiares manuais de alarmes de tangente de delta;Indication of the loading state of the data block related to the manual thresholds of tangent delta alarms;;;;;;;;;;;;;;;;;
dd03a59b140f4dd6b703f0bff4af6558;0;R;16;TabStatusBlockNVMLoad;Input register;53713;;;0;9;0;1;;;;0=Sem erros\1=Aviso de memória cheia\2=ID não encontrado\3=Buffer cheio\4=Argumentos inválidos\5=Erro de escrita\6=Primeiro carregamento com sucesso\7=Primeiro carregamento com falha\8=Primeiro carregamento com sobrescrita\9=Não carregado;0=No errors\1=Memory full warning\2=ID not found\3=Buffer full\4=Invalid arguments\5=Write error\6=First load successful\7=First load failed\8=First load overwritten\9=Not loaded;;;;Uso interno;Indicação de estado de carregamento do bloco de dados referente a percentuais de limiares automáticos de alarmes;Indication of the loading state of the data block related to percentages of automatic alarm thresholds;;;;;;;;;;;;;;;;;
24ff2d814b5349b08cb47ccfd02fa30a;0;R;16;TabStatusBlockNVMLoad;Input register;53714;;;0;9;0;1;;;;0=Sem erros\1=Aviso de memória cheia\2=ID não encontrado\3=Buffer cheio\4=Argumentos inválidos\5=Erro de escrita\6=Primeiro carregamento com sucesso\7=Primeiro carregamento com falha\8=Primeiro carregamento com sobrescrita\9=Não carregado;0=No errors\1=Memory full warning\2=ID not found\3=Buffer full\4=Invalid arguments\5=Write error\6=First load successful\7=First load failed\8=First load overwritten\9=Not loaded;;;;Uso interno;Indicação de estado de carregamento do bloco de dados referente a habilitações de modo automático nos alarmes;Indication of the loading state of the data block related to automatic mode enablements in alarms;;;;;;;;;;;;;;;;;
90b28ac1857a4622a6ed15b762fec87d;0;R;16;TabStatusBlockNVMLoad;Input register;53715;;;0;9;0;1;;;;0=Sem erros\1=Aviso de memória cheia\2=ID não encontrado\3=Buffer cheio\4=Argumentos inválidos\5=Erro de escrita\6=Primeiro carregamento com sucesso\7=Primeiro carregamento com falha\8=Primeiro carregamento com sobrescrita\9=Não carregado;0=No errors\1=Memory full warning\2=ID not found\3=Buffer full\4=Invalid arguments\5=Write error\6=First load successful\7=First load failed\8=First load overwritten\9=Not loaded;;;;Uso interno;Indicação de estado de carregamento do bloco de dados referente a tempo de persistência dos alarmes;Indication of the loading state of the data block related to the alarms' persistence time;;;;;;;;;;;;;;;;;
f83687d7d0374782b6d16baa8053ae8e;0;R;16;TabStatusBlockNVMLoad;Input register;53716;;;0;9;0;1;;;;0=Sem erros\1=Aviso de memória cheia\2=ID não encontrado\3=Buffer cheio\4=Argumentos inválidos\5=Erro de escrita\6=Primeiro carregamento com sucesso\7=Primeiro carregamento com falha\8=Primeiro carregamento com sobrescrita\9=Não carregado;0=No errors\1=Memory full warning\2=ID not found\3=Buffer full\4=Invalid arguments\5=Write error\6=First load successful\7=First load failed\8=First load overwritten\9=Not loaded;;;;Uso interno;Indicação de estado de carregamento do bloco de dados referente a parâmetros gerais de alarmes.;Indication of the loading state of the data block related to general alarm parameters.;;;;;;;;;;;;;;;;;
068189f18f2f4e1ba8991a9ec0711daf;0;R;16;TabStatusBlockNVMLoad;Input register;53717;;;0;9;0;1;;;;0=Sem erros\1=Aviso de memória cheia\2=ID não encontrado\3=Buffer cheio\4=Argumentos inválidos\5=Erro de escrita\6=Primeiro carregamento com sucesso\7=Primeiro carregamento com falha\8=Primeiro carregamento com sobrescrita\9=Não carregado;0=No errors\1=Memory full warning\2=ID not found\3=Buffer full\4=Invalid arguments\5=Write error\6=First load successful\7=First load failed\8=First load overwritten\9=Not loaded;;;;Uso interno;Indicação de estado de carregamento do bloco de dados referente a memória de alarmes;Indication of the loading state of the data block related to the alarm memory;;;;;;;;;;;;;;;;;
31ebe8277d2c47ec9298719209992a8f;0;R;16;TabStatusBlockNVMLoad;Input register;53718;;;0;9;0;1;;;;0=Sem erros\1=Aviso de memória cheia\2=ID não encontrado\3=Buffer cheio\4=Argumentos inválidos\5=Erro de escrita\6=Primeiro carregamento com sucesso\7=Primeiro carregamento com falha\8=Primeiro carregamento com sobrescrita\9=Não carregado;0=No errors\1=Memory full warning\2=ID not found\3=Buffer full\4=Invalid arguments\5=Write error\6=First load successful\7=First load failed\8=First load overwritten\9=Not loaded;;;;Uso interno;Indicação de estado de carregamento do bloco de dados referente a memória de autodiagnósticos;Indication of the loading state of the data block related to the self-diagnostic memory;;;;;;;;;;;;;;;;;
311e77f3cefd42d18cfffa99f23d29a9;0;R;16;TabStatusBlockNVMLoad;Input register;53719;;;0;9;0;1;;;;0=Sem erros\1=Aviso de memória cheia\2=ID não encontrado\3=Buffer cheio\4=Argumentos inválidos\5=Erro de escrita\6=Primeiro carregamento com sucesso\7=Primeiro carregamento com falha\8=Primeiro carregamento com sobrescrita\9=Não carregado;0=No errors\1=Memory full warning\2=ID not found\3=Buffer full\4=Invalid arguments\5=Write error\6=First load successful\7=First load failed\8=First load overwritten\9=Not loaded;;;;Uso interno;Indicação de estado de carregamento do bloco de dados referente a flag de log de sanidade cheio;Indication of the loading state of the data block related to the sanity log flag full;;;;;;;;;;;;;;;;;
88ea717c3ccf4c3f91b06fa59ec099bb;0;R;16;TabStatusBlockNVMLoad;Input register;53720;;;0;9;0;1;;;;0=Sem erros\1=Aviso de memória cheia\2=ID não encontrado\3=Buffer cheio\4=Argumentos inválidos\5=Erro de escrita\6=Primeiro carregamento com sucesso\7=Primeiro carregamento com falha\8=Primeiro carregamento com sobrescrita\9=Não carregado;0=No errors\1=Memory full warning\2=ID not found\3=Buffer full\4=Invalid arguments\5=Write error\6=First load successful\7=First load failed\8=First load overwritten\9=Not loaded;;;;Uso interno;Indicação de estado de carregamento do bloco de dados referente ao autoincremento do log de sanidade;Indication of the loading state of the data block related to the auto-increment of the sanity log;;;;;;;;;;;;;;;;;
4231a2d8a87c473e9c6f485da9c20f1f;0;R;16;TabStatusBlockNVMLoad;Input register;53721;;;0;9;0;1;;;;0=Sem erros\1=Aviso de memória cheia\2=ID não encontrado\3=Buffer cheio\4=Argumentos inválidos\5=Erro de escrita\6=Primeiro carregamento com sucesso\7=Primeiro carregamento com falha\8=Primeiro carregamento com sobrescrita\9=Não carregado;0=No errors\1=Memory full warning\2=ID not found\3=Buffer full\4=Invalid arguments\5=Write error\6=First load successful\7=First load failed\8=First load overwritten\9=Not loaded;;;;Uso interno;Indicação de estado de carregamento do bloco de dados referente a flag de log de massa cheio.;Indication of the loading state of the data block related to the full mass log flag;;;;;;;;;;;;;;;;;
d824b257d65e48f3b474c7666bf460d3;0;R;16;TabStatusBlockNVMLoad;Input register;53722;;;0;9;0;1;;;;0=Sem erros\1=Aviso de memória cheia\2=ID não encontrado\3=Buffer cheio\4=Argumentos inválidos\5=Erro de escrita\6=Primeiro carregamento com sucesso\7=Primeiro carregamento com falha\8=Primeiro carregamento com sobrescrita\9=Não carregado;0=No errors\1=Memory full warning\2=ID not found\3=Buffer full\4=Invalid arguments\5=Write error\6=First load successful\7=First load failed\8=First load overwritten\9=Not loaded;;;;Uso interno;Indicação de estado de carregamento do bloco de dados referente ao autoincremento do log de massa;Indication of the loading state of the data block related to the auto-increment of the mass log;;;;;;;;;;;;;;;;;
7ef95fcf88f9489893caf7969ac233d8;0;R;16;TabStatusBlockNVMLoad;Input register;53723;;;0;9;0;1;;;;0=Sem erros\1=Aviso de memória cheia\2=ID não encontrado\3=Buffer cheio\4=Argumentos inválidos\5=Erro de escrita\6=Primeiro carregamento com sucesso\7=Primeiro carregamento com falha\8=Primeiro carregamento com sobrescrita\9=Não carregado;0=No errors\1=Memory full warning\2=ID not found\3=Buffer full\4=Invalid arguments\5=Write error\6=First load successful\7=First load failed\8=First load overwritten\9=Not loaded;;;;Uso interno;Indicação de estado de carregamento do bloco de dados referente ao intervalo de salvamento do log de massa.;Indication of the loading state of the data block related to the mass log saving interval;;;;;;;;;;;;;;;;;
b6bbe7b7884a4c68a0a45e4be3eec1f1;0;R;16;TabStatusBlockNVMLoad;Input register;53724;;;0;9;0;1;;;;0=Sem erros\1=Aviso de memória cheia\2=ID não encontrado\3=Buffer cheio\4=Argumentos inválidos\5=Erro de escrita\6=Primeiro carregamento com sucesso\7=Primeiro carregamento com falha\8=Primeiro carregamento com sobrescrita\9=Não carregado;0=No errors\1=Memory full warning\2=ID not found\3=Buffer full\4=Invalid arguments\5=Write error\6=First load successful\7=First load failed\8=First load overwritten\9=Not loaded;;;;Uso interno;Indicação de estado de carregamento do bloco de dados referente a limiares de autodiagnósticos de bancos;Indication of the loading state of the data block related to self-diagnostic thresholds of banks;;;;;;;;;;;;;;;;;
7d08ec66814e4a02be0f0ec69dee6683;0;R;16;TabStatusBlockNVMLoad;Input register;53725;;;0;9;0;1;;;;0=Sem erros\1=Aviso de memória cheia\2=ID não encontrado\3=Buffer cheio\4=Argumentos inválidos\5=Erro de escrita\6=Primeiro carregamento com sucesso\7=Primeiro carregamento com falha\8=Primeiro carregamento com sobrescrita\9=Não carregado;0=No errors\1=Memory full warning\2=ID not found\3=Buffer full\4=Invalid arguments\5=Write error\6=First load successful\7=First load failed\8=First load overwritten\9=Not loaded;;;;Uso interno;Indicação de estado de carregamento do bloco de dados referente a configurações de trip;Indication of the loading state of the data block related to trip configurations;;;;;;;;;;;;;;;;;
4ddee5a0964343d8bdbf8b4fa2cf4ebe;0;R;16;TabStatusBlockNVMLoad;Input register;53726;;;0;9;0;1;;;;0=Sem erros\1=Aviso de memória cheia\2=ID não encontrado\3=Buffer cheio\4=Argumentos inválidos\5=Erro de escrita\6=Primeiro carregamento com sucesso\7=Primeiro carregamento com falha\8=Primeiro carregamento com sobrescrita\9=Não carregado;0=No errors\1=Memory full warning\2=ID not found\3=Buffer full\4=Invalid arguments\5=Write error\6=First load successful\7=First load failed\8=First load overwritten\9=Not loaded;;;;Uso interno;Indicação de estado de carregamento do bloco de dados referente a configurações de rede (obsoleto);Indication of the loading state of the data block related to network configurations (deprecated);;;;;;;;;;;;;;;;;
15152bab6a2b467db0b3e0bc4fe45221;0;R;16;TabStatusBlockNVMLoad;Input register;53727;;;0;9;0;1;;;;0=Sem erros\1=Aviso de memória cheia\2=ID não encontrado\3=Buffer cheio\4=Argumentos inválidos\5=Erro de escrita\6=Primeiro carregamento com sucesso\7=Primeiro carregamento com falha\8=Primeiro carregamento com sobrescrita\9=Não carregado;0=No errors\1=Memory full warning\2=ID not found\3=Buffer full\4=Invalid arguments\5=Write error\6=First load successful\7=First load failed\8=First load overwritten\9=Not loaded;;;;Uso interno;Indicação de estado de carregamento do bloco de dados referente aos parâmetros do PT100;Indication of the loading state of the data block related to PT100 parameters ;;;;;;;;;;;;;;;;;
cb5355c4c97d42fcb4b887241d60270e;0;R;16;TabStatusBlockNVMLoad;Input register;53728;;;0;9;0;1;;;;0=Sem erros\1=Aviso de memória cheia\2=ID não encontrado\3=Buffer cheio\4=Argumentos inválidos\5=Erro de escrita\6=Primeiro carregamento com sucesso\7=Primeiro carregamento com falha\8=Primeiro carregamento com sobrescrita\9=Não carregado;0=No errors\1=Memory full warning\2=ID not found\3=Buffer full\4=Invalid arguments\5=Write error\6=First load successful\7=First load failed\8=First load overwritten\9=Not loaded;;;;Uso interno;Indicação de estado de carregamento do bloco de dados referente à temperatura máxima do PT100;Indication of the loading state of the data block related to PT100 maximum temperature ;;;;;;;;;;;;;;;;;
a306ed1cd4a94362bfd8eb12f4fcfd68;0;R;16;TabStatusBlockNVMLoad;Input register;53729;;;0;9;0;1;;;;0=Sem erros\1=Aviso de memória cheia\2=ID não encontrado\3=Buffer cheio\4=Argumentos inválidos\5=Erro de escrita\6=Primeiro carregamento com sucesso\7=Primeiro carregamento com falha\8=Primeiro carregamento com sobrescrita\9=Não carregado;0=No errors\1=Memory full warning\2=ID not found\3=Buffer full\4=Invalid arguments\5=Write error\6=First load successful\7=First load failed\8=First load overwritten\9=Not loaded;;;;Uso interno;Indicação de estado de carregamento do bloco de dados referente à condição de salto do PT100;Indication of the loading state of the data block related to PT100 jump condition ;;;;;;;;;;;;;;;;;
bb9a10edf45c4e97b7c9887803bd2019;0;R;16;TabStatusBlockNVMLoad;Input register;53730;;;0;9;0;1;;;;0=Sem erros\1=Aviso de memória cheia\2=ID não encontrado\3=Buffer cheio\4=Argumentos inválidos\5=Erro de escrita\6=Primeiro carregamento com sucesso\7=Primeiro carregamento com falha\8=Primeiro carregamento com sobrescrita\9=Não carregado;0=No errors\1=Memory full warning\2=ID not found\3=Buffer full\4=Invalid arguments\5=Write error\6=First load successful\7=First load failed\8=First load overwritten\9=Not loaded;;;;Uso interno;Indicação de estado de carregamento do bloco de dados referente a limiares manuais da tendência de capacitância;Indication of the loading state of the data block related to the manual thresholds for capacitance trend;;;;;;;;;;;;;;;;;
51c6b6aebd004f87bedf6c5b3090396c;0;R;16;TabStatusBlockNVMLoad;Input register;53731;;;0;9;0;1;;;;0=Sem erros\1=Aviso de memória cheia\2=ID não encontrado\3=Buffer cheio\4=Argumentos inválidos\5=Erro de escrita\6=Primeiro carregamento com sucesso\7=Primeiro carregamento com falha\8=Primeiro carregamento com sobrescrita\9=Não carregado;0=No errors\1=Memory full warning\2=ID not found\3=Buffer full\4=Invalid arguments\5=Write error\6=First load successful\7=First load failed\8=First load overwritten\9=Not loaded;;;;Uso interno;Indicação de estado de carregamento do bloco de dados referente a limiares manuais da tendência de tangente de delta;Indication of the loading state of the data block related to the manual thresholds for tangent delta trend;;;;;;;;;;;;;;;;;
ae301d541bcc4f3ab943b0800062b253;0;R;16;TabStatusBlockNVMLoad;Input register;53732;;;0;9;0;1;;;;0=Sem erros\1=Aviso de memória cheia\2=ID não encontrado\3=Buffer cheio\4=Argumentos inválidos\5=Erro de escrita\6=Primeiro carregamento com sucesso\7=Primeiro carregamento com falha\8=Primeiro carregamento com sobrescrita\9=Não carregado;0=No errors\1=Memory full warning\2=ID not found\3=Buffer full\4=Invalid arguments\5=Write error\6=First load successful\7=First load failed\8=First load overwritten\9=Not loaded;;;;Uso interno;Indicação de estado de carregamento do bloco de dados referente a constante de tempo para tendências;Indication of the loading state of the data block related to the time constant o trends;;;;;;;;;;;;;;;;;
991cb0e95fc9408297ab8abdde7fb59d;0;R;16;TabStatusBlockNVMLoad;Input register;53733;;;0;9;0;1;;;;0=Sem erros\1=Aviso de memória cheia\2=ID não encontrado\3=Buffer cheio\4=Argumentos inválidos\5=Erro de escrita\6=Primeiro carregamento com sucesso\7=Primeiro carregamento com falha\8=Primeiro carregamento com sobrescrita\9=Não carregado;0=No errors\1=Memory full warning\2=ID not found\3=Buffer full\4=Invalid arguments\5=Write error\6=First load successful\7=First load failed\8=First load overwritten\9=Not loaded;;;;Uso interno;Indicação de estado de carregamento do bloco de dados referente a controle de acesso do usuário avançado;Indication of the loading state of the data block related to access control of advanced user;;;;;;;;;;;;;;;;;
89b6e709c809406c8b3574cb2888aee8;0;R;16;TabStatusBlockNVMLoad;Input register;53734;;;0;9;0;1;;;;0=Sem erros\1=Aviso de memória cheia\2=ID não encontrado\3=Buffer cheio\4=Argumentos inválidos\5=Erro de escrita\6=Primeiro carregamento com sucesso\7=Primeiro carregamento com falha\8=Primeiro carregamento com sobrescrita\9=Não carregado;0=No errors\1=Memory full warning\2=ID not found\3=Buffer full\4=Invalid arguments\5=Write error\6=First load successful\7=First load failed\8=First load overwritten\9=Not loaded;;;;Uso interno;Indicação de estado de carregamento do bloco de dados referente a controle de acesso do usuário de fábrica;Indication of the loading state of the data block related to access control of factory user;;;;;;;;;;;;;;;;;
c3acf1a4f39f4b4fb4f6906f8514cd65;0;R;16;TabStatusBlockNVMLoad;Input register;53735;;;0;9;0;1;;;;0=Sem erros\1=Aviso de memória cheia\2=ID não encontrado\3=Buffer cheio\4=Argumentos inválidos\5=Erro de escrita\6=Primeiro carregamento com sucesso\7=Primeiro carregamento com falha\8=Primeiro carregamento com sobrescrita\9=Não carregado;0=No errors\1=Memory full warning\2=ID not found\3=Buffer full\4=Invalid arguments\5=Write error\6=First load successful\7=First load failed\8=First load overwritten\9=Not loaded;;;;Uso interno;Indicação de estado de carregamento do bloco de dados referente a endereço de apgamento no banco de referência;Indication of the loading state of the data block related to erase address of reference bank;;;;;;;;;;;;;;;;;
e72a075ddf0c47668dcb0fb298a1c2b9;0;R;16;TabStatusBlockNVMLoad;Input register;53736;;;0;9;0;1;;;;0=Sem erros\1=Aviso de memória cheia\2=ID não encontrado\3=Buffer cheio\4=Argumentos inválidos\5=Erro de escrita\6=Primeiro carregamento com sucesso\7=Primeiro carregamento com falha\8=Primeiro carregamento com sobrescrita\9=Não carregado;0=No errors\1=Memory full warning\2=ID not found\3=Buffer full\4=Invalid arguments\5=Write error\6=First load successful\7=First load failed\8=First load overwritten\9=Not loaded;;;;Uso interno;Indicação de estado de carregamento do bloco de dados referente a endereço de apgamento no banco de monitoramento;Indication of the loading state of the data block related to erase address of monitoring bank;;;;;;;;;;;;;;;;;
8a78c13ae4054049888254cba55a48e0;0;R;16;TabStatusBlockNVMLoad;Input register;53737;;;0;9;0;1;;;;0=Sem erros\1=Aviso de memória cheia\2=ID não encontrado\3=Buffer cheio\4=Argumentos inválidos\5=Erro de escrita\6=Primeiro carregamento com sucesso\7=Primeiro carregamento com falha\8=Primeiro carregamento com sobrescrita\9=Não carregado;0=No errors\1=Memory full warning\2=ID not found\3=Buffer full\4=Invalid arguments\5=Write error\6=First load successful\7=First load failed\8=First load overwritten\9=Not loaded;;;;Uso interno;Indicação de estado de carregamento do bloco de dados referente a habilitação do conjunto de tensão;Indication of the loading state of the data block related to enabling voltage group;;;;;;;;;;;;;;;;;
83bc3c50019a445898fc5472d7f28a98;0;R;16;TabStatusBlockNVMLoad;Input register;53738;;;0;9;0;1;;;;0=Sem erros\1=Aviso de memória cheia\2=ID não encontrado\3=Buffer cheio\4=Argumentos inválidos\5=Erro de escrita\6=Primeiro carregamento com sucesso\7=Primeiro carregamento com falha\8=Primeiro carregamento com sobrescrita\9=Não carregado;0=No errors\1=Memory full warning\2=ID not found\3=Buffer full\4=Invalid arguments\5=Write error\6=First load successful\7=First load failed\8=First load overwritten\9=Not loaded;;;;Uso interno;Indicação de estado de carregamento do bloco de dados referente a configurações de rede para usuário;Indication of the loading state of the data block related to network configurations for user;;;;;;;;;;;;;;;;;
5f27f5da305244969835eaf820abbb66;0;R;16;TabStatusBlockNVMLoad;Input register;53739;;;0;9;0;1;;;;0=Sem erros\1=Aviso de memória cheia\2=ID não encontrado\3=Buffer cheio\4=Argumentos inválidos\5=Erro de escrita\6=Primeiro carregamento com sucesso\7=Primeiro carregamento com falha\8=Primeiro carregamento com sobrescrita\9=Não carregado;0=No errors\1=Memory full warning\2=ID not found\3=Buffer full\4=Invalid arguments\5=Write error\6=First load successful\7=First load failed\8=First load overwritten\9=Not loaded;;;;Uso interno;Indicação de estado de carregamento do bloco de dados referente a configurações de rede para fábrica;Indication of the loading state of the data block related to network configurations for factory;;;;;;;;;;;;;;;;;
;;;;;;;;;;;;;;;;;;;;;;;;;;;;;;;;;;;;;;;;
b1a2327dfd1d4baabbd5fa6e82b16202;0;RW;16;TabMeasurementsMock;Holding register;53800;;;0;1;0;1;;;;0=Não\1=Sim;0=Off\1=On;;;;Uso interno;Comando de habilitação do mock de sinais;Command of enabling the mock signals;;;;;;;;;;;;;;;;;
b1e566f3945c4184bee09e4d72625777;0;RW;FLOAT_ABCD;TabMeasurementsMock;Holding register;53801;;;4700;6300;0;100;Hz;Hz;Hz;;;;;;Uso interno;Parâmetro de frequência da componente fundamental - IA;Parameter of frequency of the fundamental component - IA;;;;;;;;;;;;;;;;;
6b5ed7af265849c1a8e542e2ed6f3970;0;RW;FLOAT_ABCD;TabMeasurementsMock;Holding register;53803;;;0;240000;0;1000;mA;mA;mA;;;;;;Uso interno;Parâmetro de amplitude RMS da componente fundamental - IA;Parameter of RMS amplitude of the fundamental component - IA;;;;;;;;;;;;;;;;;
4481c2a6f6234178ad07e2473f05c561;0;RW;FLOAT_ABCD;TabMeasurementsMock;Holding register;53805;;;0;36000;0;100;º;º;º;;;;;;Uso interno;Parâmetro de ângulo de fase da fundamental - IA;Parameter of phase angle of the fundamental - IA;;;;;;;;;;;;;;;;;
9558c2ac16994679b6296842861b3d1f;0;RW;FLOAT_ABCD;TabMeasurementsMock;Holding register;53807;;;0;240000;0;1000;mA;mA;mA;;;;;;Uso interno;Parâmetro de valor True RMS - IA;Parameter of value True RMS - IA;;;;;;;;;;;;;;;;;
7b9bef5e34f64e999b107028480a4e3f;0;RW;FLOAT_ABCD;TabMeasurementsMock;Holding register;53809;;;-240000;240000;0;1000;mA;mA;mA;;;;;;Uso interno;Parâmetro de valor DC - IA;Parameter of value DC - IA;;;;;;;;;;;;;;;;;
666af6cd7a6c4d1ca48491bb17e7102d;0;RW;FLOAT_ABCD;TabMeasurementsMock;Holding register;53811;;;4700;6300;0;100;Hz;Hz;Hz;;;;;;Uso interno;Parâmetro de frequência da componente fundamental - IB;Parameter of frequency of the fundamental component - IB;;;;;;;;;;;;;;;;;
e24ebed173cc4bf8bf36a7ad7f748965;0;RW;FLOAT_ABCD;TabMeasurementsMock;Holding register;53813;;;0;240000;0;1000;mA;mA;mA;;;;;;Uso interno;Parâmetro de amplitude RMS da componente fundamental - IB;Parameter of RMS amplitude of the fundamental component - IB;;;;;;;;;;;;;;;;;
4dee43c75a0646178d9e9b09efe45646;0;RW;FLOAT_ABCD;TabMeasurementsMock;Holding register;53815;;;0;36000;0;100;º;º;º;;;;;;Uso interno;Parâmetro de ângulo de fase da fundamental - IB;Parameter of phase angle of the fundamental - IB;;;;;;;;;;;;;;;;;
09c7d15c4ae54535b58814e54057de4f;0;RW;FLOAT_ABCD;TabMeasurementsMock;Holding register;53817;;;0;240000;0;1000;mA;mA;mA;;;;;;Uso interno;Parâmetro de valor True RMS - IB;Parameter of value True RMS - IB;;;;;;;;;;;;;;;;;
db30ef71b73d45f882cb5a25ce914272;0;RW;FLOAT_ABCD;TabMeasurementsMock;Holding register;53819;;;-240000;240000;0;1000;mA;mA;mA;;;;;;Uso interno;Parâmetro de valor DC - IB;Parameter of value DC - IB;;;;;;;;;;;;;;;;;
84278b6f9c944eaeb85f810c2a71dd8c;0;RW;FLOAT_ABCD;TabMeasurementsMock;Holding register;53821;;;4700;6300;0;100;Hz;Hz;Hz;;;;;;Uso interno;Parâmetro de frequência do componente fundamental - IC;Parameter of frequency of the fundamental component - IC;;;;;;;;;;;;;;;;;
1e57cd6f6fe24a46afdc5cda291253d7;0;RW;FLOAT_ABCD;TabMeasurementsMock;Holding register;53823;;;0;240000;0;1000;mA;mA;mA;;;;;;Uso interno;Parâmetro de amplitude RMS da componente fundamental - IC;Parameter of RMS amplitude of the fundamental component - IC;;;;;;;;;;;;;;;;;
28f1737fa12447c689deaab6d60b17b0;0;RW;FLOAT_ABCD;TabMeasurementsMock;Holding register;53825;;;0;36000;0;100;º;º;º;;;;;;Uso interno;Parâmetro de ângulo de fase da fundamental - IC;Parameter of phase angle of the fundamental - IC;;;;;;;;;;;;;;;;;
06fa12608c5f47ccaad4a58375c915fd;0;RW;FLOAT_ABCD;TabMeasurementsMock;Holding register;53827;;;0;240000;0;1000;mA;mA;mA;;;;;;Uso interno;Parâmetro de valor True RMS - IC;Parameter of value True RMS - IC;;;;;;;;;;;;;;;;;
e2597de0949c4254a6adf7f8fb297bae;0;RW;FLOAT_ABCD;TabMeasurementsMock;Holding register;53829;;;-240000;240000;0;1000;mA;mA;mA;;;;;;Uso interno;Parâmetro de valor DC - IC;Parameter of value DC - IC;;;;;;;;;;;;;;;;;
42ce01d32dd64be3948e2ed84d56a607;0;RW;FLOAT_ABCD;TabMeasurementsMock;Holding register;53831;;;4700;6300;0;100;Hz;Hz;Hz;;;;;;Uso interno;Parâmetro de frequência da componente fundamental - ISM;Parameter of fundamental component frequency - ISM;;;;;;;;;;;;;;;;;
c96935ba2ea94d50b4d6138feb7abc3f;0;RW;FLOAT_ABCD;TabMeasurementsMock;Holding register;53833;;;0;240000;0;1000;mA;mA;mA;;;;;;Uso interno;Parâmetro de amplitude RMS da componente fundamental - ISM;Parameter of RMS amplitude of the fundamental component - ISM;;;;;;;;;;;;;;;;;
5cf9293c6c5d4f41958743a1845d588e;0;RW;FLOAT_ABCD;TabMeasurementsMock;Holding register;53835;;;0;36000;0;100;º;º;º;;;;;;Uso interno;Parâmetro de ângulo de fase da fundamental - ISM;Parameter of phase angle of the fundamental - ISM;;;;;;;;;;;;;;;;;
05843b48121547cbb60e4fcd75f8b6da;0;RW;FLOAT_ABCD;TabMeasurementsMock;Holding register;53837;;;0;240000;0;1000;mA;mA;mA;;;;;;Uso interno;Parâmetro de valor True RMS - ISM;Parameter of value True RMS - ISM;;;;;;;;;;;;;;;;;
753054d276b345a3a72f7c9a24cc4e0b;0;RW;FLOAT_ABCD;TabMeasurementsMock;Holding register;53839;;;-240000;240000;0;1000;mA;mA;mA;;;;;;Uso interno;Parâmetro de valor DC - ISM;Parameter of value DC - ISM;;;;;;;;;;;;;;;;;
d2e46e32e9c8449fa291e410dea39d5e;0;RW;FLOAT_ABCD;TabMeasurementsMock;Holding register;53841;;;4700;6300;0;100;Hz;Hz;Hz;;;;;;Uso interno;Parâmetro de frequência da componente fundamental - ISC;Parameter of frequency of the fundamental component - ISC;;;;;;;;;;;;;;;;;
05cb6eda4486486ca22ea41a460593ce;0;RW;FLOAT_ABCD;TabMeasurementsMock;Holding register;53843;;;0;240000;0;1000;mA;mA;mA;;;;;;Uso interno;Parâmetro de amplitude RMS da componente fundamental - ISC;Parameter of RMS amplitude of the fundamental component - ISC;;;;;;;;;;;;;;;;;
bb26e541b576486ea020dd18e0a67c2e;0;RW;FLOAT_ABCD;TabMeasurementsMock;Holding register;53845;;;0;36000;0;100;º;º;º;;;;;;Uso interno;Parâmetro de ângulo de fase da fundamental - ISC;Parameter of phase angle of the fundamental - ISC;;;;;;;;;;;;;;;;;
003cbc0e130f46dc82060789e0d2278a;0;RW;FLOAT_ABCD;TabMeasurementsMock;Holding register;53847;;;0;240000;0;1000;mA;mA;mA;;;;;;Uso interno;Parâmetro de valor True RMS - ISC;Parameter of value True RMS - ISC;;;;;;;;;;;;;;;;;
a2a1d92c624743078170ebf2568d6761;0;RW;FLOAT_ABCD;TabMeasurementsMock;Holding register;53849;;;-240000;240000;0;1000;mA;mA;mA;;;;;;Uso interno;Parâmetro de valor DC - ISC;Parameter of value DC - ISC;;;;;;;;;;;;;;;;;
c7c9e28f6f324a168f3b43dd5c73515f;0;RW;FLOAT_ABCD;TabMeasurementsMock;Holding register;53851;;;4700;6300;0;100;Hz;Hz;Hz;;;;;;Uso interno;Parâmetro de frequência da componente fundamental - VA;Parameter of frequency of the fundamental component - VA;;;;;;;;;;;;;;;;;
3026a0d5627c4985935c610de819eabb;0;RW;FLOAT_ABCD;TabMeasurementsMock;Holding register;53853;;;0;54600;0;100;V;V;V;;;;;;Uso interno;Parâmetro de amplitude RMS da componente fundamental - VA;Parameter of RMS amplitude of the fundamental component - VA;;;;;;;;;;;;;;;;;
418d5efc9a774cb48d1e2438a89d7196;0;RW;FLOAT_ABCD;TabMeasurementsMock;Holding register;53855;;;0;36000;0;100;º;º;º;;;;;;Uso interno;Parâmetro de ângulo de fase da fundamental - VA;Parameter of Phase angle of the fundamental - VA;;;;;;;;;;;;;;;;;
07581fac57344065a75e7f2f85625bec;0;RW;FLOAT_ABCD;TabMeasurementsMock;Holding register;53857;;;0;54600;0;100;V;V;V;;;;;;Uso interno;Parâmetro de valor True RMS - VA;Parameter of True RMS value - VA;;;;;;;;;;;;;;;;;
dda7848a7fdc48cd85199861161f985a;0;RW;FLOAT_ABCD;TabMeasurementsMock;Holding register;53859;;;-54600;54600;0;100;V;V;V;;;;;;Uso interno;Parâmetro de valor DC - VA;Parameter of DC value - VA;;;;;;;;;;;;;;;;;
7716cf81f72c483ba3086aa7350c3fee;0;RW;FLOAT_ABCD;TabMeasurementsMock;Holding register;53861;;;4700;6300;0;100;Hz;Hz;Hz;;;;;;Uso interno;Parâmetro de frequência da componente fundamental - VB;Parameter of frequency of the fundamental component - VB;;;;;;;;;;;;;;;;;
5f541e27eaa341e286f542169e91be57;0;RW;FLOAT_ABCD;TabMeasurementsMock;Holding register;53863;;;0;54600;0;100;V;V;V;;;;;;Uso interno;Parâmetro de amplitude RMS da componente fundamental - VB;Parameter of RMS amplitude of the fundamental component - VB;;;;;;;;;;;;;;;;;
055564a63a4b4f25ab42bb4a1e6b8723;0;RW;FLOAT_ABCD;TabMeasurementsMock;Holding register;53865;;;0;36000;0;100;º;º;º;;;;;;Uso interno;Parâmetro de ângulo de fase da fundamental - VB;Parameter of phase angle of the fundamental - VB;;;;;;;;;;;;;;;;;
93eb94852a504f8e95eee4deea4faa03;0;RW;FLOAT_ABCD;TabMeasurementsMock;Holding register;53867;;;0;54600;0;100;V;V;V;;;;;;Uso interno;Parâmetro de valor True RMS - VB;Parameter of value True RMS - VB;;;;;;;;;;;;;;;;;
ec118bbcf989406faeacb3ca8d3f4835;0;RW;FLOAT_ABCD;TabMeasurementsMock;Holding register;53869;;;-54600;54600;0;100;V;V;V;;;;;;Uso interno;Parâmetro de valor DC - VB;Parameter of value DC - VB;;;;;;;;;;;;;;;;;
91ce118e900d4bc6a0649a6f89f27544;0;RW;FLOAT_ABCD;TabMeasurementsMock;Holding register;53871;;;4700;6300;0;100;Hz;Hz;Hz;;;;;;Uso interno;Parâmetro de frequência da componente fundamental - VC;Parameter of frequency of the fundamental component - VC;;;;;;;;;;;;;;;;;
51d898209896475eb748fa6feb5ad13b;0;RW;FLOAT_ABCD;TabMeasurementsMock;Holding register;53873;;;0;54600;0;100;V;V;V;;;;;;Uso interno;Parâmetro de amplitude RMS da componente fundamental - VC;Parameter of RMS amplitude of the fundamental component - VC;;;;;;;;;;;;;;;;;
779ac57623984108980591a729f62935;0;RW;FLOAT_ABCD;TabMeasurementsMock;Holding register;53875;;;0;36000;0;100;º;º;º;;;;;;Uso interno;Parâmetro de ângulo de fase da fundamental - VC;Parameter of the fundamental phase angle - VC;;;;;;;;;;;;;;;;;
7ca9a4866e444e3ebd200d38072e1258;0;RW;FLOAT_ABCD;TabMeasurementsMock;Holding register;53877;;;0;54600;0;100;V;V;V;;;;;;Uso interno;Parâmetro de valor True RMS - VC;Parameter of value True RMS - VC;;;;;;;;;;;;;;;;;
9bdf44444a094962af1620a83cd55e95;0;RW;FLOAT_ABCD;TabMeasurementsMock;Holding register;53879;;;-54600;54600;0;100;V;V;V;;;;;;Uso interno;Parâmetro de valor DC - VC;Parameter of value DC - VC;;;;;;;;;;;;;;;;;
;;;;;;;;;;;;;;;;;;;;;;;;;;;;;;;;;;;;;;;;
d3220c9b7b794d8da2557aee306b7aa3;0;R;16;TabMeasurementsDiag;Input register;53900;;;0;65535;0;1;;;;;;;;;Uso interno;Indicação de número de medições;Indication of number of measurements;;;;;;;;;;;;;;;;;
a0e6e0d110134e9588adc9511d695a4b;0;R;0x0001;TabMeasurementsDiag;Input register;53901;;;0;1;0;1;;;;0=Não\1=Sim;0=Off\1=On;;;;Uso interno;Indicação de autodiagnóstico de frequência nominal - IA;Indication of self-diagnosis of nominal frequency - IA;;;;;;;;;;;;;;;;;
844e3771b779460ba51aa3f33be02a3c;0;R;0x0002;TabMeasurementsDiag;Input register;53901;;;0;1;0;1;;;;0=Não\1=Sim;0=Off\1=On;;;;Uso interno;Indicação de autodiagnóstico de baixa amplitude - IA;Indication of self-diagnosis of low amplitude - IA;;;;;;;;;;;;;;;;;
76f9e14083284b0886e3cf23013692e6;0;R;0x0004;TabMeasurementsDiag;Input register;53901;;;0;1;0;1;;;;0=Não\1=Sim;0=Off\1=On;;;;Uso interno;Indicação de autodiagnóstico de alto nível DC - IA;Indication of self-diagnosis of high-level DC - IA;;;;;;;;;;;;;;;;;
289f1c2332a0466aa47d53753658a751;0;R;0x0008;TabMeasurementsDiag;Input register;53901;;;0;1;0;1;;;;0=Não\1=Sim;0=Off\1=On;;;;Uso interno;Indicação de alta distorção harmônica - IA;Indication of high harmonic distortion - IA;;;;;;;;;;;;;;;;;
9fb788e683694c61add35dc91e6a1139;0;R;0x0001;TabMeasurementsDiag;Input register;53902;;;0;1;0;1;;;;0=Não\1=Sim;0=Off\1=On;;;;Uso interno;Indicação de autodiagnóstico de proximidade da saturação - IA;Indication of self-diagnosis of proximity to saturation - IA;;;;;;;;;;;;;;;;;
b9c5833ab1ae4666b48060086703b088;0;R;0x0100;TabMeasurementsDiag;Input register;53902;;;0;1;0;1;;;;0=Não\1=Sim;0=Off\1=On;;;;Uso interno;Indicação de autodiagnóstico de fundamental indeterminante - IA;Indication of self-diagnosis of fundamental indeterminacy - IA;;;;;;;;;;;;;;;;;
8b875c64818e4a1196513a30dc517b8c;0;R;0x0200;TabMeasurementsDiag;Input register;53902;;;0;1;0;1;;;;0=Não\1=Sim;0=Off\1=On;;;;Uso interno;Indicação de autodiagnóstico de ângulo de fase impreciso - IA;Indication of self-diagnosis of phase angle imprecise - IA;;;;;;;;;;;;;;;;;
ec3d08b2ae36414a96d6beb831439e21;0;R;0x0001;TabMeasurementsDiag;Input register;53903;;;0;1;0;1;;;;0=Não\1=Sim;0=Off\1=On;;;;Uso interno;Indicação de autodiagnóstico de frequência nominal - IB;Indication of self-diagnosis of nominal frequency - IB;;;;;;;;;;;;;;;;;
bf412b319ad04897b00c2008282b07a6;0;R;0x0002;TabMeasurementsDiag;Input register;53903;;;0;1;0;1;;;;0=Não\1=Sim;0=Off\1=On;;;;Uso interno;Indicação de autodiagnóstico de baixa amplitude - IB;Indication of self-diagnosis of low amplitude - IB;;;;;;;;;;;;;;;;;
0a12c5454c814c989c9cce659e38549a;0;R;0x0004;TabMeasurementsDiag;Input register;53903;;;0;1;0;1;;;;0=Não\1=Sim;0=Off\1=On;;;;Uso interno;Indicação de autodiagnóstico de alto nível DC - IB;Indication of self-diagnosis of high level DC - IB;;;;;;;;;;;;;;;;;
3fb98ee58ca247dc9222d2e2ec2f4696;0;R;0x0008;TabMeasurementsDiag;Input register;53904;;;0;1;0;1;;;;0=Não\1=Sim;0=Off\1=On;;;;Uso interno;Indicação de autodiagnóstico de alta distorção harmônica - IB;Indication of self-diagnosis of high harmonic distortion - IB;;;;;;;;;;;;;;;;;
2d69937a2fb94e0788d61672388f3b56;0;R;0x0001;TabMeasurementsDiag;Input register;53904;;;0;1;0;1;;;;0=Não\1=Sim;0=Off\1=On;;;;Uso interno;Indicação de autodiagnóstico de proximidade da saturação - IB;Indication of self-diagnosis of proximity to saturation - IB;;;;;;;;;;;;;;;;;
e36381b4fa0343139248751ef28be005;0;R;0x0100;TabMeasurementsDiag;Input register;53904;;;0;1;0;1;;;;0=Não\1=Sim;0=Off\1=On;;;;Uso interno;Indicação de autodiagnóstico de fundamental indeterminada - IB;Indication of self-diagnosis of fundamental indeterminacy - IB;;;;;;;;;;;;;;;;;
99068b734e354e3ba26e93efb5079634;0;R;0x0200;TabMeasurementsDiag;Input register;53904;;;0;1;0;1;;;;0=Não\1=Sim;0=Off\1=On;;;;Uso interno;Indicação de autodiagnóstico de ângulo de fase impreciso - IB;Indication of self-diagnosis of imprecise phase angle - IB;;;;;;;;;;;;;;;;;
9424886309fa4a4eb0d9998c3543e3e7;0;R;0x0001;TabMeasurementsDiag;Input register;53905;;;0;1;0;1;;;;0=Não\1=Sim;0=Off\1=On;;;;Uso interno;Indicação de autodiagnóstico de frequência nominal - IC;Indication of self-diagnosis of nominal frequency - IC;;;;;;;;;;;;;;;;;
0fe3e42bedfb4261893f1e328520f287;0;R;0x0002;TabMeasurementsDiag;Input register;53905;;;0;1;0;1;;;;0=Não\1=Sim;0=Off\1=On;;;;Uso interno;Indicação de autodiagnóstico de baixa amplitude - IC;Indication of self-diagnosis of low amplitude - IC;;;;;;;;;;;;;;;;;
722bd770bd44433686542be739a33ce9;0;R;0x0004;TabMeasurementsDiag;Input register;53905;;;0;1;0;1;;;;0=Não\1=Sim;0=Off\1=On;;;;Uso interno;Indicação de autodiagnóstico de alto nível DC - IC;Indication of self-diagnosis of high-level DC - IC;;;;;;;;;;;;;;;;;
d0ef24e3161e4d3c8a06f0d561bdd5c8;0;R;0x0008;TabMeasurementsDiag;Input register;53905;;;0;1;0;1;;;;0=Não\1=Sim;0=Off\1=On;;;;Uso interno;Indicação de autodiagnóstico de alto nível de distorção harmônica - IC;Indication of self-diagnosis of high level of harmonic distortion - IC;;;;;;;;;;;;;;;;;
e2599c24d87d4c1a803f5fb8fc4ebb61;0;R;0x0001;TabMeasurementsDiag;Input register;53906;;;0;1;0;1;;;;0=Não\1=Sim;0=Off\1=On;;;;Uso interno;Indicação de autodiagnóstico de proximidade da saturação - IC;Indication of self-diagnosis of proximity to saturation - IC;;;;;;;;;;;;;;;;;
cce9a42e123748b3bba8435ce763e5fd;0;R;0x0100;TabMeasurementsDiag;Input register;53906;;;0;1;0;1;;;;0=Não\1=Sim;0=Off\1=On;;;;Uso interno;Indicação de autodiagnóstico de fundamental indeterminado - IC;Indication of self-diagnosis of fundamental indeterminate - IC;;;;;;;;;;;;;;;;;
7fab2229f16245fba3a1d988272dd94e;0;R;0x0200;TabMeasurementsDiag;Input register;53906;;;0;1;0;1;;;;0=Não\1=Sim;0=Off\1=On;;;;Uso interno;Indicação de autodiagnóstico de ângulo de fase impreciso - IC;Indication of self-diagnosis of phase angle imprecise - IC;;;;;;;;;;;;;;;;;
51175ba4981e4d3fb4db07dcf9b316ff;0;R;0x0001;TabMeasurementsDiag;Input register;53907;;;0;1;0;1;;;;0=Não\1=Sim;0=Off\1=On;;;;Uso interno;Indicação de autodiagnóstico de frequência nominal - ISM;Indication of self-diagnosis of nominal frequency - ISM;;;;;;;;;;;;;;;;;
3e249b1f4c924f37afde6a70dc27d229;0;R;0x0002;TabMeasurementsDiag;Input register;53907;;;0;1;0;1;;;;0=Não\1=Sim;0=Off\1=On;;;;Uso interno;Indicação de autodiagnóstico de baixa amplitude - ISM;Indication of self-diagnosis of low amplitude - ISM;;;;;;;;;;;;;;;;;
926f5040e42845d3b36f09912d2ae0eb;0;R;0x0004;TabMeasurementsDiag;Input register;53907;;;0;1;0;1;;;;0=Não\1=Sim;0=Off\1=On;;;;Uso interno;Indicação de autodiagnóstico de alto nível DC - ISM;Indication of self-diagnosis of high-level DC - ISM;;;;;;;;;;;;;;;;;
5f0ddcc2722f41ab900d5b58e64fb069;0;R;0x0008;TabMeasurementsDiag;Input register;53907;;;0;1;0;1;;;;0=Não\1=Sim;0=Off\1=On;;;;Uso interno;Indicação de autodiagnóstico de alta distorção harmônica - ISM;Indication of self-diagnosis of high harmonic distortion - ISM;;;;;;;;;;;;;;;;;
464bd88b4fde42fa87598a3b0588f3cc;0;R;0x0001;TabMeasurementsDiag;Input register;53908;;;0;1;0;1;;;;0=Não\1=Sim;0=Off\1=On;;;;Uso interno;Indicação de autodiagnóstico de proximidade da saturação - ISM;Indication of self-diagnosis of proximity to saturation - ism;;;;;;;;;;;;;;;;;
ab0e49639dc14a229e8b99eda4668f6c;0;R;0x0100;TabMeasurementsDiag;Input register;53908;;;0;1;0;1;;;;0=Não\1=Sim;0=Off\1=On;;;;Uso interno;Indicação de autodiagnóstico de fundamental indeterminado - ISM;Indication of self-diagnosis of fundamental indeterminate - ISM;;;;;;;;;;;;;;;;;
7ad1697ab1bb4e02bfd47e42834f3385;0;R;0x0200;TabMeasurementsDiag;Input register;53908;;;0;1;0;1;;;;0=Não\1=Sim;0=Off\1=On;;;;Uso interno;Indicação de autodiagnóstico de ângulo de fase impreciso - ISM;Indication of self-diagnosis of imprecise phase angle - ISM;;;;;;;;;;;;;;;;;
c2addd5c029c495ab0d2313a6c69527a;0;R;0x0001;TabMeasurementsDiag;Input register;53909;;;0;1;0;1;;;;0=Não\1=Sim;0=Off\1=On;;;;Uso interno;Indicação de autodiagnóstico de frequência nominal - ISC;Indication of self-diagnosis of nominal frequency - ISC;;;;;;;;;;;;;;;;;
8d099ec60df844a2a1bf3daf7886db5d;0;R;0x0002;TabMeasurementsDiag;Input register;53909;;;0;1;0;1;;;;0=Não\1=Sim;0=Off\1=On;;;;Uso interno;Indicação de autodiagnóstico de baixa amplitude - ISC;Indication of self-diagnosis of low-amplitude - ISC;;;;;;;;;;;;;;;;;
de934cfeefa34e93a4cb8f022110d6b7;0;R;0x0004;TabMeasurementsDiag;Input register;53909;;;0;1;0;1;;;;0=Não\1=Sim;0=Off\1=On;;;;Uso interno;Indicação de autodiagnóstico de alto nível DC - ISC;Indication of self-diagnosis of high-level DC - ISC;;;;;;;;;;;;;;;;;
778906de6a4b41a6ab72e720411bc0f1;0;R;0x0008;TabMeasurementsDiag;Input register;53909;;;0;1;0;1;;;;0=Não\1=Sim;0=Off\1=On;;;;Uso interno;Indicação de autodiagnóstico de alto nível de distorção harmônica - ISC;Indication of self-diagnosis of high level of harmonic distortion - ISC;;;;;;;;;;;;;;;;;
4bc3070edbf845d49d7b36c3a708dcf0;0;R;0x0001;TabMeasurementsDiag;Input register;53910;;;0;1;0;1;;;;0=Não\1=Sim;0=Off\1=On;;;;Uso interno;Indicação de autodiagnóstico de proximidade da saturação - ISC;Indication of self-diagnosis of proximity to saturation - ISC;;;;;;;;;;;;;;;;;
dab99d69a9694a59a6d1bfefadfffc40;0;R;0x0100;TabMeasurementsDiag;Input register;53910;;;0;1;0;1;;;;0=Não\1=Sim;0=Off\1=On;;;;Uso interno;Indicação de autodiagnóstico de fundamental indeterminada - ISC;Indication of self-diagnosis of fundamental indeterminacy - ISC;;;;;;;;;;;;;;;;;
fee98a535a174b12b6012d56978aeb28;0;R;0x0200;TabMeasurementsDiag;Input register;53910;;;0;1;0;1;;;;0=Não\1=Sim;0=Off\1=On;;;;Uso interno;Indicação de autodiagnóstico de ângulo de fase impreciso - isc;Indication of self-diagnosis of inaccurate phase angle - ISC;;;;;;;;;;;;;;;;;
0c0b1580bfc3405eb1c2625622c8caca;0;R;0x0001;TabMeasurementsDiag;Input register;53911;;;0;1;0;1;;;;0=Não\1=Sim;0=Off\1=On;;;;Uso interno;Indicação de autodiagnóstico de frequência nominal - VA;Indication of self-diagnosis of nominal frequency - VA;;;;;;;;;;;;;;;;;
0d3bc4a512a84e0ca9bb6d2238ade951;0;R;0x0002;TabMeasurementsDiag;Input register;53911;;;0;1;0;1;;;;0=Não\1=Sim;0=Off\1=On;;;;Uso interno;Indicação de autodiagnóstico de baixa amplitude - VA;Indication of self-diagnosis of low amplitude - VA;;;;;;;;;;;;;;;;;
0755e75ec85d4366896c7d1e3be9bf8b;0;R;0x0004;TabMeasurementsDiag;Input register;53911;;;0;1;0;1;;;;0=Não\1=Sim;0=Off\1=On;;;;Uso interno;Indicação de autodiagnóstico de alto nível DC - VA;Indication of self-diagnosis of high-level DC - VA;;;;;;;;;;;;;;;;;
48e5e0de043043128cc4b1d7f432a5fd;0;R;0x0008;TabMeasurementsDiag;Input register;53911;;;0;1;0;1;;;;0=Não\1=Sim;0=Off\1=On;;;;Uso interno;Indicação de autodiagnóstico de alta distorção harmônica - VA;Indication of self-diagnosis of high harmonic distortion - VA;;;;;;;;;;;;;;;;;
9af7cedbc6914e1d823e2799d9556b70;0;R;0x0001;TabMeasurementsDiag;Input register;53912;;;0;1;0;1;;;;0=Não\1=Sim;0=Off\1=On;;;;Uso interno;Indicação de autodiagnóstico de proximidade da saturação - VA;Indication of self-diagnosis of proximity to saturation - VA;;;;;;;;;;;;;;;;;
bb9820ce35cb4ca7a4dd5da5a07fc0fc;0;R;0x0100;TabMeasurementsDiag;Input register;53912;;;0;1;0;1;;;;0=Não\1=Sim;0=Off\1=On;;;;Uso interno;Indicação de autodiagnóstico de fundamental indeterminado - VA;Indication of self-diagnosis of fundamental indeterminate - VA;;;;;;;;;;;;;;;;;
2779c9ffbae84ca9bdc8b7c5442b4c67;0;R;0x0200;TabMeasurementsDiag;Input register;53912;;;0;1;0;1;;;;0=Não\1=Sim;0=Off\1=On;;;;Uso interno;Indicação de autodiagnóstico de ângulo de fase impreciso - VA;Indication of self-diagnosis of imprecise phase angle - VA;;;;;;;;;;;;;;;;;
ea70d3f87af74a66b498300ded4ae65a;0;R;0x0001;TabMeasurementsDiag;Input register;53913;;;0;1;0;1;;;;0=Não\1=Sim;0=Off\1=On;;;;Uso interno;Indicação de autodiagnóstico de frequência nominal - VB;Indication of self-diagnosis of nominal frequency - VB;;;;;;;;;;;;;;;;;
aec8431c9c27446fb0bd10e7bf8d328c;0;R;0x0002;TabMeasurementsDiag;Input register;53913;;;0;1;0;1;;;;0=Não\1=Sim;0=Off\1=On;;;;Uso interno;Indicação de autodiagnóstico de baixa amplitude - VB;Indication of self-diagnosis of low amplitude - VB;;;;;;;;;;;;;;;;;
768dad764510483599894485b5e71b11;0;R;0x0004;TabMeasurementsDiag;Input register;53913;;;0;1;0;1;;;;0=Não\1=Sim;0=Off\1=On;;;;Uso interno;Indicação de autodiagnóstico de alto nível DC - VB;Indication of self-diagnosis of high level DC - VB;;;;;;;;;;;;;;;;;
6c4e493e989049ceaa27d3a0e78c239b;0;R;0x0008;TabMeasurementsDiag;Input register;53913;;;0;1;0;1;;;;0=Não\1=Sim;0=Off\1=On;;;;Uso interno;Indicação de autodiagnóstico de alta distorção harmônica - VB;Indication of self-diagnosis of high harmonic distortion - VB;;;;;;;;;;;;;;;;;
9f2e4a332f294b899c4c54260ba9fe42;0;R;0x0001;TabMeasurementsDiag;Input register;53914;;;0;1;0;1;;;;0=Não\1=Sim;0=Off\1=On;;;;Uso interno;Indicação de autodiagnóstico de proximidade da saturação - VB;Indication of self-diagnosis of proximity to saturation - VB;;;;;;;;;;;;;;;;;
dc25d6cd3ad444fdb2e4c85fed23b974;0;R;0x0100;TabMeasurementsDiag;Input register;53914;;;0;1;0;1;;;;0=Não\1=Sim;0=Off\1=On;;;;Uso interno;Indicação de autodiagnóstico de indeterminância fundamental - VB;Indication of self-diagnosis of fundamental indeterminacy - vb;;;;;;;;;;;;;;;;;
9d806bb350ee436586c030da79891d6f;0;R;0x0200;TabMeasurementsDiag;Input register;53914;;;0;1;0;1;;;;0=Não\1=Sim;0=Off\1=On;;;;Uso interno;Indicação de autodiagnóstico de ângulo de fase impreciso - VB;Indication of self-diagnosis of imprecise phase angle - vb;;;;;;;;;;;;;;;;;
78d70700239b449b87271adb6b59bd5f;0;R;0x0001;TabMeasurementsDiag;Input register;53915;;;0;1;0;1;;;;0=Não\1=Sim;0=Off\1=On;;;;Uso interno;Indicação de autodiagnóstico de frequência nominal - VC;Indication of self-diagnosis of nominal frequency - VC;;;;;;;;;;;;;;;;;
04e32ecda5034a8c834cb5d1fc44f092;0;R;0x0002;TabMeasurementsDiag;Input register;53915;;;0;1;0;1;;;;0=Não\1=Sim;0=Off\1=On;;;;Uso interno;Indicação de autodiagnóstico de baixa amplitude - VC;Indication of self-diagnosis of low amplitude - VC;;;;;;;;;;;;;;;;;
cf17b8f361124f8b8b3c8b9598294955;0;R;0x0004;TabMeasurementsDiag;Input register;53915;;;0;1;0;1;;;;0=Não\1=Sim;0=Off\1=On;;;;Uso interno;Indicação de autodiagnóstico de alto nível DC - VC;Indication of self-diagnosis of high-level DC - VC;;;;;;;;;;;;;;;;;
57663e29668b461d8acebd6ea756e88c;0;R;0x0008;TabMeasurementsDiag;Input register;53915;;;0;1;0;1;;;;0=Não\1=Sim;0=Off\1=On;;;;Uso interno;Indicação de autodiagnóstico de alta distorção harmônica - VC;Indication of self-diagnosis of high harmonic distortion - VC;;;;;;;;;;;;;;;;;
07eb8e181cc04af78205c3e5f1fd16c8;0;R;0x0001;TabMeasurementsDiag;Input register;53916;;;0;1;0;1;;;;0=Não\1=Sim;0=Off\1=On;;;;Uso interno;Indicação de autodiagnóstico de proximidade da saturação - VC;Indication of self-diagnosis of proximity to saturation - VC;;;;;;;;;;;;;;;;;
7bdcf06f55764f6a95def91949aa01f8;0;R;0x0100;TabMeasurementsDiag;Input register;53916;;;0;1;0;1;;;;0=Não\1=Sim;0=Off\1=On;;;;Uso interno;Indicação de autodiagnóstico de grau fundamental indeterminado - VC;Indication of self-diagnosis of indeterminate fundamental degree - VC;;;;;;;;;;;;;;;;;
517845ff3d2e45faabc39989d22a61aa;0;R;0x0200;TabMeasurementsDiag;Input register;53916;;;0;1;0;1;;;;0=Não\1=Sim;0=Off\1=On;;;;Uso interno;Indicação de autodiagnóstico de ângulo de fase impreciso - VC;Indication of self-diagnosis of imprecise phase angle - VC;;;;;;;;;;;;;;;;;
907fca8cc2864f2b93e32aac1a4547fe;0;R;0x0001;TabMeasurementsDiag;Input register;53917;;;0;1;0;1;;;;0=Não\1=Sim;0=Off\1=On;;;;Uso interno;Indicação de autodiagnóstico de ADC no conjunto de correntes;Indication of self-diagnosis of ADC in the current set;;;;;;;;;;;;;;;;;
e37b4a6c716b46c7bb16fe4cb0bf037a;0;R;0x0100;TabMeasurementsDiag;Input register;53917;;;0;1;0;1;;;;0=Não\1=Sim;0=Off\1=On;;;;Uso interno;Indicação de autodiagnóstico de somatória inconsistente no conjunto de correntes;Indication of self-diagnosis of inconsistent summation in the current set;;;;;;;;;;;;;;;;;
bf5ed582751f4449beee091c5ae85d71;0;R;0x0200;TabMeasurementsDiag;Input register;53917;;;0;1;0;1;;;;0=Não\1=Sim;0=Off\1=On;;;;Uso interno;Indicação de autodiagnóstico de alta diferença entre frequências no conjunto de correntes;Indication of self-diagnosis of high difference between frequencies in the current set;;;;;;;;;;;;;;;;;
29e1565634f649d1bff3ddce4231ec6f;0;R;0x0400;TabMeasurementsDiag;Input register;53917;;;0;1;0;1;;;;0=Não\1=Sim;0=Off\1=On;;;;Uso interno;Indicação de autodiagnóstico de todos os sinais baixos no conjunto de correntes;Indication of self-diagnosis of all low signals in the current set;;;;;;;;;;;;;;;;;
0ad6c68036ff4d99a3f84ead6173df89;0;R;0x0001;TabMeasurementsDiag;Input register;53918;;;0;1;0;1;;;;0=Não\1=Sim;0=Off\1=On;;;;Uso interno;Indicação de autodiagnóstico de ADC no conjunto de tensões;Indication of self-diagnosis of ADC in the set of voltages;;;;;;;;;;;;;;;;;
956a83be391945d9bcd8b22aad62e436;0;R;0x0200;TabMeasurementsDiag;Input register;53918;;;0;1;0;1;;;;0=Não\1=Sim;0=Off\1=On;;;;Uso interno;Indicação de autodiagnóstico de alta diferença entre frequências no conjunto de tensões;Indication of self-diagnosis of high difference between frequencies in the voltage set;;;;;;;;;;;;;;;;;
3d6f5447b99d4101acb820cb674404f0;0;R;0x0400;TabMeasurementsDiag;Input register;53918;;;0;1;0;1;;;;0=Não\1=Sim;0=Off\1=On;;;;Uso interno;Indicação de autodiagnóstico de todos os sinais baixos no conjunto de tensões;Indication of self-diagnosis of all low signals in voltage set;;;;;;;;;;;;;;;;;
9167514facac4891a54164e3035188f2;0;R;0x0001;TabMeasurementsDiag;Input register;53919;;;0;1;0;1;;;;0=Não\1=Sim;0=Off\1=On;;;;Uso interno;Indicação de autodiagnóstico de imprecisão angular geral;Indication of self-diagnostics of general angular inaccuracy;;;;;;;;;;;;;;;;;
3c7659919ce94544b0248ee34f277e71;0;R;16;TabMeasurementsDiag;Input register;53920;;;0;65535;0;1;;;;;;;;;Uso interno;Indicação de contador de overrides no conjunto de correntes;Indication of overrides counter in the set of currents;;;;;;;;;;;;;;;;;
1ecd621f711a47b5b78103727b4420ee;0;R;16;TabMeasurementsDiag;Input register;53921;;;0;65535;0;1;;;;;;;;;Uso interno;Indicação de contador de erros de comunicação no conjunto de correntes;Indication of communication error counter in current loop;;;;;;;;;;;;;;;;;
2ea523f22faa4562b284428bb3fa7527;0;R;16;TabMeasurementsDiag;Input register;53922;;;0;65535;0;1;;;;;;;;;Uso interno;Indicação de contador de amostras perdidas no conjunto de correntes;Indication of lost samples counter in current set;;;;;;;;;;;;;;;;;
a039046c3d8341ada903dcebc2948eed;0;R;16;TabMeasurementsDiag;Input register;53923;;;0;65535;0;1;;;;;;;;;Uso interno;Indicação de contador de overrides no conjunto de tensão;Indication of lost samples counter in voltage set;;;;;;;;;;;;;;;;;
47ae50773c134d6585e1e6b6a756327e;0;R;16;TabMeasurementsDiag;Input register;53924;;;0;65535;0;1;;;;;;;;;Uso interno;Indicação de contador de erros de comunicação no conjunto de tensão;Indication of communication error counter in the voltage assembly;;;;;;;;;;;;;;;;;
3ae26bbc177d4726a3ab27df2ce2cd37;0;R;16;TabMeasurementsDiag;Input register;53925;;;0;65535;0;1;;;;;;;;;Uso interno;Indicação de contador de amostras perdidas no conjunto de tensão;Indication of lost samples counter in the voltage set;;;;;;;;;;;;;;;;;
;;;;;;;;;;;;;;;;;;;;;;;;;;;;;;;;;;;;;;;;
015b15dce08e4d44a94763aa76d80983;0;R;Bit;TabAlarmsActive;Discrete input;54000;;;0;1;0;1;;;;0=Não\1=Sim;0=Off\1=On;;;;Uso interno;Indicação de alarme ativo de corrente de fuga alta na fase A;Indication of active alarm for high leakage current in phase A;;;;;;;;;;;;;;;;;
6c95fba1260f4b578e200b157b12b64b;0;R;Bit;TabAlarmsActive;Discrete input;54001;;;0;1;0;1;;;;0=Não\1=Sim;0=Off\1=On;;;;Uso interno;Indicação de alarme ativo de corrente de fuga alta na fase B;Indication of active alarm for high leakage current in phase B;;;;;;;;;;;;;;;;;
6013365dc2f741a8b6eed64e284e2dcf;0;R;Bit;TabAlarmsActive;Discrete input;54002;;;0;1;0;1;;;;0=Não\1=Sim;0=Off\1=On;;;;Uso interno;Indicação de alarme ativo de corrente de fuga alta na fase C;Indication of active alarm for high leakage current in phase C;;;;;;;;;;;;;;;;;
c245a64662f44bae9d6477ad1e8e13db;0;R;Bit;TabAlarmsActive;Discrete input;54003;;;0;1;0;1;;;;0=Não\1=Sim;0=Off\1=On;;;;Uso interno;Indicação de alarme ativo de corrente de fuga muito alta na fase A;Indication of active alarm for very high leakage current in phase A;;;;;;;;;;;;;;;;;
9a1d014364a44cd989c4d0bedbfca71f;0;R;Bit;TabAlarmsActive;Discrete input;54004;;;0;1;0;1;;;;0=Não\1=Sim;0=Off\1=On;;;;Uso interno;Indicação de alarme ativo de corrente de fuga muito alta na fase B;Indication of active alarm for very high leakage current in phase B;;;;;;;;;;;;;;;;;
92d6a19f65ed437abf94bd8db804f6d2;0;R;Bit;TabAlarmsActive;Discrete input;54005;;;0;1;0;1;;;;0=Não\1=Sim;0=Off\1=On;;;;Uso interno;Indicação de alarme ativo de corrente de fuga muito alta na fase C;Indication of active alarm for very high leakage current in phase C;;;;;;;;;;;;;;;;;
134fc1af3a704745b8f24b54e1e88bfe;0;R;Bit;TabAlarmsActive;Discrete input;54006;;;0;1;0;1;;;;0=Não\1=Sim;0=Off\1=On;;;;Uso interno;Indicação de alarme ativo de capacitância alta na fase A;Indication of active alarm for high capacitance in phase A;;;;;;;;;;;;;;;;;
d989078143bb4f5e863805df9a550157;0;R;Bit;TabAlarmsActive;Discrete input;54007;;;0;1;0;1;;;;0=Não\1=Sim;0=Off\1=On;;;;Uso interno;Indicação de alarme ativo de capacitância alta na fase B;Indication of active alarm for high capacitance in phase B;;;;;;;;;;;;;;;;;
2106dd17dafb444c82569dd8e7efc3c7;0;R;Bit;TabAlarmsActive;Discrete input;54008;;;0;1;0;1;;;;0=Não\1=Sim;0=Off\1=On;;;;Uso interno;Indicação de alarme ativo de capacitância alta na fase C;Indication of active alarm for high capacitance in phase C;;;;;;;;;;;;;;;;;
7d4d5acd0af849c3a0484e434b1565e2;0;R;Bit;TabAlarmsActive;Discrete input;54009;;;0;1;0;1;;;;0=Não\1=Sim;0=Off\1=On;;;;Uso interno;Indicação de alarme ativo de capacitância muito alta na fase A;Indication of active alarm for very high capacitance in phase A;;;;;;;;;;;;;;;;;
56acba0f0b78437b8e08da3011d7be7e;0;R;Bit;TabAlarmsActive;Discrete input;54010;;;0;1;0;1;;;;0=Não\1=Sim;0=Off\1=On;;;;Uso interno;Indicação de alarme ativo de capacitância muito alta na fase B;Indication of active alarm for very high capacitance in phase B;;;;;;;;;;;;;;;;;
3d160c3a3cba4757910456a14c1075eb;0;R;Bit;TabAlarmsActive;Discrete input;54011;;;0;1;0;1;;;;0=Não\1=Sim;0=Off\1=On;;;;Uso interno;Indicação de alarme ativo de capacitância muito alta na fase C;Indication of active alarm for very high capacitance in phase C;;;;;;;;;;;;;;;;;
c49b8d9f65d84492989eb9efabe91314;0;R;Bit;TabAlarmsActive;Discrete input;54012;;;0;1;0;1;;;;0=Não\1=Sim;0=Off\1=On;;;;Uso interno;Indicação de alarme ativo de tangente de delta alto na fase A;Indication of active alarm for high tangent delta in phase A;;;;;;;;;;;;;;;;;
8dee34d98dfa491896907e2890e27d3e;0;R;Bit;TabAlarmsActive;Discrete input;54013;;;0;1;0;1;;;;0=Não\1=Sim;0=Off\1=On;;;;Uso interno;Indicação de alarme ativo de tangente de delta alto na fase B;Indication of active alarm for high tangent delta in phase B;;;;;;;;;;;;;;;;;
c7f9cdd7d557445193e39d67da1dae60;0;R;Bit;TabAlarmsActive;Discrete input;54014;;;0;1;0;1;;;;0=Não\1=Sim;0=Off\1=On;;;;Uso interno;Indicação de alarme ativo de tangente de delta alta na fase C;Indication of active alarm for high tangent delta in phase C;;;;;;;;;;;;;;;;;
bb4f20caa54b41cbbf8e7c6a5392ae8e;0;R;Bit;TabAlarmsActive;Discrete input;54015;;;0;1;0;1;;;;0=Não\1=Sim;0=Off\1=On;;;;Uso interno;Indicação de alarme ativo de tangente de delta muito alta na fase A;Indication of active alarm for very high tangent delta in phase A;;;;;;;;;;;;;;;;;
a928dafd01e847758075dc68ac980723;0;R;Bit;TabAlarmsActive;Discrete input;54016;;;0;1;0;1;;;;0=Não\1=Sim;0=Off\1=On;;;;Uso interno;Indicação de alarme ativo de tangente de delta muito alta na fase B;Indication of active alarm for very high tangent delta in phase B;;;;;;;;;;;;;;;;;
7ed5842468814c0bbf56249e507d5fdb;0;R;Bit;TabAlarmsActive;Discrete input;54017;;;0;1;0;1;;;;0=Não\1=Sim;0=Off\1=On;;;;Uso interno;Indicação de alarme ativo de tangente de delta muito alta na fase C;Indication of active alarm for very high tangent delta in phase C;;;;;;;;;;;;;;;;;
93b19566905f478fae872398a691ba55;0;R;Bit;TabAlarmsActive;Discrete input;54018;;;0;1;0;1;;;;0=Não\1=Sim;0=Off\1=On;;;;Uso interno;Indicação de trip em temporização por corrente de fuga alta na fase A;Indication of timing trip due to high leakage current in phase A;;;;;;;;;;;;;;;;;
bab9342c659a42538c4a29ff82f6cfac;0;R;Bit;TabAlarmsActive;Discrete input;54019;;;0;1;0;1;;;;0=Não\1=Sim;0=Off\1=On;;;;Uso interno;Indicação de trip em temporização por corrente de fuga alta na fase B;Indication of timing trip due to high leakage current in phase B;;;;;;;;;;;;;;;;;
724dd91a9790487691adc4fae08caa30;0;R;Bit;TabAlarmsActive;Discrete input;54020;;;0;1;0;1;;;;0=Não\1=Sim;0=Off\1=On;;;;Uso interno;Indicação de trip em temporização por corrente de fuga alta na fase C;Indication of timing trip due to high leakage current in phase C;;;;;;;;;;;;;;;;;
c375168729ce4ef9a81b8a800b860a93;0;R;Bit;TabAlarmsActive;Discrete input;54021;;;0;1;0;1;;;;0=Não\1=Sim;0=Off\1=On;;;;Uso interno;Indicação de trip em temporização por corrente de fuga muito alta na fase A;Indication of timing trip due to very high leakage current in phase A;;;;;;;;;;;;;;;;;
433fff407b134ed5bb2b77fa43d39311;0;R;Bit;TabAlarmsActive;Discrete input;54022;;;0;1;0;1;;;;0=Não\1=Sim;0=Off\1=On;;;;Uso interno;Indicação de trip em temporização por corrente de fuga muito alta na fase B;Indication of timing trip due to very high leakage current in phase B;;;;;;;;;;;;;;;;;
a47a7fc4ad2a449bb65f63f61b790a07;0;R;Bit;TabAlarmsActive;Discrete input;54023;;;0;1;0;1;;;;0=Não\1=Sim;0=Off\1=On;;;;Uso interno;Indicação de trip em temporização por corrente de fuga muito alta na fase C;Indication of timing trip due to very high leakage current in phase C;;;;;;;;;;;;;;;;;
8fa8170bdd88418f86b493587580fa41;1;R;Bit;TabAlarmsActive;Discrete input;54024;;;0;1;0;1;;;;0=Não\1=Sim;0=Off\1=On;;;;Uso interno;Indicação de alarme ativo de tendência de capacitância alta na fase A;Indication of persistent alarm of high capacitance trend in phase A;;;;;;;;;;;;;;;;;
824ff1e384654f71b39325a4511c1f44;1;R;Bit;TabAlarmsActive;Discrete input;54025;;;0;1;0;1;;;;0=Não\1=Sim;0=Off\1=On;;;;Uso interno;Indicação de alarme ativo de tendência de capacitância alta na fase B;Indication of persistent alarm of high capacitance trend in phase B;;;;;;;;;;;;;;;;;
b8ffcfce9535435aa55a6de4b2acdb1c;1;R;Bit;TabAlarmsActive;Discrete input;54026;;;0;1;0;1;;;;0=Não\1=Sim;0=Off\1=On;;;;Uso interno;Indicação de alarme ativo de tendência de capacitância alta na fase C;Indication of persistent alarm of high capacitance trend in phase C;;;;;;;;;;;;;;;;;
edb7e313f3bd4e6b82a8eb729ddec4c3;1;R;Bit;TabAlarmsActive;Discrete input;54027;;;0;1;0;1;;;;0=Não\1=Sim;0=Off\1=On;;;;Uso interno;Indicação de alarme ativo de tendência de capacitância muito alta na fase A;Indication of persistent alarm of very high capacitance trend in phase A;;;;;;;;;;;;;;;;;
a900e313c05a41ff95f5b0c057d6c35e;1;R;Bit;TabAlarmsActive;Discrete input;54028;;;0;1;0;1;;;;0=Não\1=Sim;0=Off\1=On;;;;Uso interno;Indicação de alarme ativo de tendência de capacitância muito alta na fase B;Indication of persistent alarm of very high capacitance trend in phase B;;;;;;;;;;;;;;;;;
9f83e18682014b0c80b41ea40f3dc1f3;1;R;Bit;TabAlarmsActive;Discrete input;54029;;;0;1;0;1;;;;0=Não\1=Sim;0=Off\1=On;;;;Uso interno;Indicação de alarme ativo de tendência de capacitância muito alta na fase C;Indication of persistent alarm of very high capacitance trend in phase C;;;;;;;;;;;;;;;;;
f65e9f782ca944fd9d3a47c8619cd111;1;R;Bit;TabAlarmsActive;Discrete input;54030;;;0;1;0;1;;;;0=Não\1=Sim;0=Off\1=On;;;;Uso interno;Indicação de alarme ativo de tendência de tangente de delta alta na fase A;Indication of persistent alarm of high tangent delta trend in phase A;;;;;;;;;;;;;;;;;
ddf07f6e5ee54cc28b998baee0f851ff;1;R;Bit;TabAlarmsActive;Discrete input;54031;;;0;1;0;1;;;;0=Não\1=Sim;0=Off\1=On;;;;Uso interno;Indicação de alarme ativo de tendência de tangente de delta alta na fase B;Indication of persistent alarm of high tangent delta trend in phase B;;;;;;;;;;;;;;;;;
d5930be0b6e540ceb8a6661135421878;1;R;Bit;TabAlarmsActive;Discrete input;54032;;;0;1;0;1;;;;0=Não\1=Sim;0=Off\1=On;;;;Uso interno;Indicação de alarme ativo de tendência de tangente de delta alta na fase C;Indication of persistent alarm of high tangent delta trend in phase C;;;;;;;;;;;;;;;;;
64fbed8cdb9d4c4f9e8cb3770b101fa9;1;R;Bit;TabAlarmsActive;Discrete input;54033;;;0;1;0;1;;;;0=Não\1=Sim;0=Off\1=On;;;;Uso interno;Indicação de alarme ativo de tendência de tangente de delta muito alta na fase A;Indication of persistent alarm of very high tangent delta trend in phase A;;;;;;;;;;;;;;;;;
71ba60201fbb42e1bf5853b185a0010c;1;R;Bit;TabAlarmsActive;Discrete input;54034;;;0;1;0;1;;;;0=Não\1=Sim;0=Off\1=On;;;;Uso interno;Indicação de alarme ativo de tendência de tangente de delta muito alta na fase B;Indication of persistent alarm of very high tangent delta trend in phase B;;;;;;;;;;;;;;;;;
179f3e103c83428b80d000238385af14;1;R;Bit;TabAlarmsActive;Discrete input;54035;;;0;1;0;1;;;;0=Não\1=Sim;0=Off\1=On;;;;Uso interno;Indicação de alarme ativo de tendência de tangente de delta muito alta na fase C;Indication of persistent alarm of very high tangent delta trend in phase C;;;;;;;;;;;;;;;;;
;;;;;;;;;;;;;;;;;;;;;;;;;;;;;;;;;;;;;;;;
b712c61dee3546578b82a6c78d843427;0;R;Bit;TabSelfDiagnosticsActive;Discrete input;54100;;;0;1;0;1;;;;0=Não\1=Sim;0=Off\1=On;;;;Uso interno;Indicação de autodiagnóstico ativo de flash externo;Indication of active self-diagnosis of external flash;;;;;;;;;;;;;;;;;
784392c5484344239fbee1d1177d15fa;0;R;Bit;TabSelfDiagnosticsActive;Discrete input;54101;;;0;1;0;1;;;;0=Não\1=Sim;0=Off\1=On;;;;Uso interno;Indicação de autodiagnóstico ativo de flash interno;Indication of active self-diagnostic of internal flash;;;;;;;;;;;;;;;;;
9bdf3c4ce7654edc81de1494f1b6d32d;0;R;Bit;TabSelfDiagnosticsActive;Discrete input;54102;;;0;1;0;1;;;;0=Não\1=Sim;0=Off\1=On;;;;Uso interno;Indicação de autodiagnóstico ativo de sensor de temperatura;Indication of active self-diagnosis of temperature sensor;;;;;;;;;;;;;;;;;
e0943dd791464b829e77e3f5e8baea9e;0;R;Bit;TabSelfDiagnosticsActive;Discrete input;54103;;;0;1;0;1;;;;0=Não\1=Sim;0=Off\1=On;;;;Uso interno;Indicação de autodiagnóstico ativo de RTC;Indication of active self-diagnosis RTC ;;;;;;;;;;;;;;;;;
9c5f9d38d39a476f823310c26b23082b;0;R;Bit;TabSelfDiagnosticsActive;Discrete input;54104;;;0;1;0;1;;;;0=Não\1=Sim;0=Off\1=On;;;;Uso interno;Indicação de autodiagnóstico ativo de relé de segurança;Indication of active self-diagnosis of safety relay;;;;;;;;;;;;;;;;;
eb80d078df504cc78789b6edd4f685b3;0;R;Bit;TabSelfDiagnosticsActive;Discrete input;54105;;;0;1;0;1;;;;0=Não\1=Sim;0=Off\1=On;;;;Uso interno;Indicação de autodiagnóstico ativo de baixo aproveitamento estatístico;Indication of active self-diagnosis of low statistical utilization;;;;;;;;;;;;;;;;;
05eac7a07ecf40be964f51579376a9a8;0;R;Bit;TabSelfDiagnosticsActive;Discrete input;54106;;;0;1;0;1;;;;0=Não\1=Sim;0=Off\1=On;;;;Uso interno;Indicação de autodiagnóstico ativo de tolerância angular na amostra de banco;Indication of active self-diagnosis of angular tolerance in the bank sample;;;;;;;;;;;;;;;;;
e66295eb40a94435aaa388e95545c240;0;R;Bit;TabSelfDiagnosticsActive;Discrete input;54107;;;0;1;0;1;;;;0=Não\1=Sim;0=Off\1=On;;;;Uso interno;Indicação de autodiagnóstico ativo de offset persistente na amostra de banco;Indication of active self-diagnosis of offset persistence in the bank sample;;;;;;;;;;;;;;;;;
fa3bd3f95d4b40a1aa963624b38becc9;0;R;Bit;TabSelfDiagnosticsActive;Discrete input;54108;;;0;1;0;1;;;;0=Não\1=Sim;0=Off\1=On;;;;Uso interno;Indicação de autodiagnóstico ativo de muitas amostras corrompidas em banco;Indication of active self-diagnosis of many corrupted samples in the bank.;;;;;;;;;;;;;;;;;
f02d108b6d8744ec881f54a004d2c088;0;R;Bit;TabSelfDiagnosticsActive;Discrete input;54109;;;0;1;0;1;;;;0=Não\1=Sim;0=Off\1=On;;;;Uso interno;Indicação de autodiagnóstico ativo de ângulos imprecisos (geral);Indication of active self-diagnosis of imprecise angles (general);;;;;;;;;;;;;;;;;
6e6fdba44f0d445cb0b77084e9c54342;0;R;Bit;TabSelfDiagnosticsActive;Discrete input;54110;;;0;1;0;1;;;;0=Não\1=Sim;0=Off\1=On;;;;Uso interno;Indicação de autodiagnóstico ativo de discrepância entre frequências no conjunto de correntes;Indication of active self-diagnosis of discrepancy between frequencies in the current set;;;;;;;;;;;;;;;;;
e0e38782c1a6434eb05a99eaf61436b3;0;R;Bit;TabSelfDiagnosticsActive;Discrete input;54111;;;0;1;0;1;;;;0=Não\1=Sim;0=Off\1=On;;;;Uso interno;Indicação de autodiagnóstico ativo de discrepância entre frequências no conjunto de tensões;Indication of active self-diagnosis of a discrepancy between frequencies in the voltage set;;;;;;;;;;;;;;;;;
b2937b2afd9247e9b0ce1cd9b5b2aa75;0;R;Bit;TabSelfDiagnosticsActive;Discrete input;54112;;;0;1;0;1;;;;0=Não\1=Sim;0=Off\1=On;;;;Uso interno;Indicação de autodiagnóstico ativo de somatória inconsistente no conjunto de correntes;Indication of active self-diagnosis of inconsistent current sum in the set of currents;;;;;;;;;;;;;;;;;
209a5390df84460093741e45547b9af6;0;R;Bit;TabSelfDiagnosticsActive;Discrete input;54113;;;0;1;0;1;;;;0=Não\1=Sim;0=Off\1=On;;;;Uso interno;Indicação de autodiagnóstico ativo de somatória inconsistente no conjunto de tensões;Indication of active self-diagnosis of inconsistent summation in the voltage set;;;;;;;;;;;;;;;;;
d820ff2493d84e1d8d91ab2af0b03fc3;0;R;Bit;TabSelfDiagnosticsActive;Discrete input;54114;;;0;1;0;1;;;;0=Não\1=Sim;0=Off\1=On;;;;Uso interno;Indicação de autodiagnóstico ativo de problema de aquisição no conjunto de correntes;Indication of active self-diagnosis of an acquisition problem in the current set;;;;;;;;;;;;;;;;;
1d17c21c90074e439e193bf027bbaa70;0;R;Bit;TabSelfDiagnosticsActive;Discrete input;54115;;;0;1;0;1;;;;0=Não\1=Sim;0=Off\1=On;;;;Uso interno;Indicação de autodiagnóstico ativo de problema de aquisição no conjunto de tensões;Indication of active self-diagnosis of a data acquisition problem in the voltage set;;;;;;;;;;;;;;;;;
cd8302814b3e4351a3b63d07c32d9f68;0;R;Bit;TabSelfDiagnosticsActive;Discrete input;54116;;;0;1;0;1;;;;0=Não\1=Sim;0=Off\1=On;;;;Uso interno;Indicação de autodiagnóstico ativo de alta distorção harmônica - IA;Indication of active self-diagnosis of high harmonic distortion - IA;;;;;;;;;;;;;;;;;
ee2e2fb3719140ac806aff51e688bbf1;0;R;Bit;TabSelfDiagnosticsActive;Discrete input;54117;;;0;1;0;1;;;;0=Não\1=Sim;0=Off\1=On;;;;Uso interno;Indicação de autodiagnóstico ativo de alta distorção harmônica - IB;Indication of active self-diagnosis of high harmonic distortion - IB;;;;;;;;;;;;;;;;;
bb22a79a53894d3e818fff98eaf1b327;0;R;Bit;TabSelfDiagnosticsActive;Discrete input;54118;;;0;1;0;1;;;;0=Não\1=Sim;0=Off\1=On;;;;Uso interno;Indicação de autodiagnóstico ativo de alta distorção harmônica - IC;Indication of active self-diagnosis of high harmonic distortion - IC;;;;;;;;;;;;;;;;;
383bd90101b042128d69b0b3c7c2dfb8;0;R;Bit;TabSelfDiagnosticsActive;Discrete input;54119;;;0;1;0;1;;;;0=Não\1=Sim;0=Off\1=On;;;;Uso interno;Indicação de autodiagnóstico ativo de alta distorção harmônica - ISM;Indication of active self-diagnosis of high harmonic distortion - ISM;;;;;;;;;;;;;;;;;
f39b6940640e479abac8c28611aef722;0;R;Bit;TabSelfDiagnosticsActive;Discrete input;54120;;;0;1;0;1;;;;0=Não\1=Sim;0=Off\1=On;;;;Uso interno;Indicação de autodiagnóstico ativo de alta distorção harmônica - ISC;Indication of active self-diagnosis of high harmonic distortion - ISC;;;;;;;;;;;;;;;;;
22bb9b0ca84c4c7cb07c76807f98feaf;0;R;Bit;TabSelfDiagnosticsActive;Discrete input;54121;;;0;1;0;1;;;;0=Não\1=Sim;0=Off\1=On;;;;Uso interno;Indicação de autodiagnóstico ativo de alta distorção harmônica - VA;Indication of active self-diagnosis of high harmonic distortion - VA;;;;;;;;;;;;;;;;;
1930d6f345a043148785dc54a3aae235;0;R;Bit;TabSelfDiagnosticsActive;Discrete input;54122;;;0;1;0;1;;;;0=Não\1=Sim;0=Off\1=On;;;;Uso interno;Indicação de autodiagnóstico ativo de alta distorção harmônica - VB;Indication of active self-diagnosis of high harmonic distortion - VB;;;;;;;;;;;;;;;;;
fbb48769c3a847c2ac62c86a26329e60;0;R;Bit;TabSelfDiagnosticsActive;Discrete input;54123;;;0;1;0;1;;;;0=Não\1=Sim;0=Off\1=On;;;;Uso interno;Indicação de autodiagnóstico ativo de alta distorção harmônica - VC;Indication of active self-diagnosis of high harmonic distortion - VC;;;;;;;;;;;;;;;;;
77f74600c67a405dbe01715c743974d7;0;R;Bit;TabSelfDiagnosticsActive;Discrete input;54124;;;0;1;0;1;;;;0=Não\1=Sim;0=Off\1=On;;;;Uso interno;Indicação de autodiagnóstico ativo de alto offset DC - IA;Indication of active self-diagnosis of high DC offset - IA;;;;;;;;;;;;;;;;;
9d43ff9dcfcf462fb1444cb8b592ce85;0;R;Bit;TabSelfDiagnosticsActive;Discrete input;54125;;;0;1;0;1;;;;0=Não\1=Sim;0=Off\1=On;;;;Uso interno;Indicação de autodiagnóstico ativo de alto offset DC - IB;Indication of active self-diagnosis of high DC offset - IB;;;;;;;;;;;;;;;;;
db6bd5ce455a48da8f7d2e00e4fe57a0;0;R;Bit;TabSelfDiagnosticsActive;Discrete input;54126;;;0;1;0;1;;;;0=Não\1=Sim;0=Off\1=On;;;;Uso interno;Indicação de autodiagnóstico ativo de alto offset DC - IC;Indication of active self-diagnosis of high DC offset - IC;;;;;;;;;;;;;;;;;
a2409a0749584d5e828e98c2a346094b;0;R;Bit;TabSelfDiagnosticsActive;Discrete input;54127;;;0;1;0;1;;;;0=Não\1=Sim;0=Off\1=On;;;;Uso interno;Indicação de autodiagnóstico ativo de alto offset DC - ISM;Indication of active self-diagnosis of high DC offset - ISM;;;;;;;;;;;;;;;;;
7c8bf8192c8c4037b56406a5801b44ee;0;R;Bit;TabSelfDiagnosticsActive;Discrete input;54128;;;0;1;0;1;;;;0=Não\1=Sim;0=Off\1=On;;;;Uso interno;Indicação de autodiagnóstico ativo de alto offset DC - ISC;Indication of active self-diagnosis of high DC offset - ISC;;;;;;;;;;;;;;;;;
f035887176c9446891fee93d1266fba5;0;R;Bit;TabSelfDiagnosticsActive;Discrete input;54129;;;0;1;0;1;;;;0=Não\1=Sim;0=Off\1=On;;;;Uso interno;Indicação de autodiagnóstico ativo de alto offset DC - VA;Indication of active self-diagnosis of high DC offset - VA;;;;;;;;;;;;;;;;;
5f38fe5d79534e41aaefddd122a2f84e;0;R;Bit;TabSelfDiagnosticsActive;Discrete input;54130;;;0;1;0;1;;;;0=Não\1=Sim;0=Off\1=On;;;;Uso interno;Indicação de autodiagnóstico ativo de alto offset DC - VB;Indication of active self-diagnosis of high DC offset - VB;;;;;;;;;;;;;;;;;
3a732000f3a84a99b3a708eb04cea867;0;R;Bit;TabSelfDiagnosticsActive;Discrete input;54131;;;0;1;0;1;;;;0=Não\1=Sim;0=Off\1=On;;;;Uso interno;Indicação de autodiagnóstico ativo de alto offset DC - VC;Indication of active self-diagnosis of high DC offset - VC;;;;;;;;;;;;;;;;;
700ec86719dc49729a9de5a3766f73a0;0;R;Bit;TabSelfDiagnosticsActive;Discrete input;54132;;;0;1;0;1;;;;0=Não\1=Sim;0=Off\1=On;;;;Uso interno;Indicação de autodiagnóstico ativo de baixa amplitude - IA;Indication of active self-diagnosis of low amplitude - IA;;;;;;;;;;;;;;;;;
dc8aef6119604d5c8e3bb0a3fac989dd;0;R;Bit;TabSelfDiagnosticsActive;Discrete input;54133;;;0;1;0;1;;;;0=Não\1=Sim;0=Off\1=On;;;;Uso interno;Indicação de autodiagnóstico ativo de baixa amplitude - IB;Indication of active self-diagnosis of low amplitude - IB;;;;;;;;;;;;;;;;;
66f6fef7ea5a4ac7add7beb6bb292bfe;0;R;Bit;TabSelfDiagnosticsActive;Discrete input;54134;;;0;1;0;1;;;;0=Não\1=Sim;0=Off\1=On;;;;Uso interno;Indicação de autodiagnóstico ativo de baixa amplitude - IC;Indication of active self-diagnosis of low amplitude - IC;;;;;;;;;;;;;;;;;
caf201ef3f9d4c5fbeb57f8126749c19;0;R;Bit;TabSelfDiagnosticsActive;Discrete input;54135;;;0;1;0;1;;;;0=Não\1=Sim;0=Off\1=On;;;;Uso interno;Indicação de autodiagnóstico ativo de baixa amplitude - ISM;Indication of active self-diagnosis of low amplitude - ISM;;;;;;;;;;;;;;;;;
6320e2edb92146db82f61f70571ba5bb;0;R;Bit;TabSelfDiagnosticsActive;Discrete input;54136;;;0;1;0;1;;;;0=Não\1=Sim;0=Off\1=On;;;;Uso interno;Indicação de autodiagnóstico ativo de baixa amplitude - ISC;Indication of active self-diagnosis of low amplitude - ISC;;;;;;;;;;;;;;;;;
1632e0d87a834f4ab722f61df9318205;0;R;Bit;TabSelfDiagnosticsActive;Discrete input;54137;;;0;1;0;1;;;;0=Não\1=Sim;0=Off\1=On;;;;Uso interno;Indicação de autodiagnóstico ativo de baixa amplitude - VA;Indication of active self-diagnosis of low amplitude - VA;;;;;;;;;;;;;;;;;
6220c11e2fda42ef88be1898a03b3c3e;0;R;Bit;TabSelfDiagnosticsActive;Discrete input;54138;;;0;1;0;1;;;;0=Não\1=Sim;0=Off\1=On;;;;Uso interno;Indicação de autodiagnóstico ativo de baixa amplitude - VB;Indication of active self-diagnosis of low amplitude - VB;;;;;;;;;;;;;;;;;
2782d1f7789e4a4caf6c9f66bb348007;0;R;Bit;TabSelfDiagnosticsActive;Discrete input;54139;;;0;1;0;1;;;;0=Não\1=Sim;0=Off\1=On;;;;Uso interno;Indicação de autodiagnóstico ativo de baixa amplitude - VC;Indication of active self-diagnosis of low amplitude - VC;;;;;;;;;;;;;;;;;
3fd2e74a23434492b806221331acbcd8;0;R;Bit;TabSelfDiagnosticsActive;Discrete input;54140;;;0;1;0;1;;;;0=Não\1=Sim;0=Off\1=On;;;;Uso interno;Indicação de autodiagnóstico ativo de alto desvio da frequência nominal - IA;Indication of active self-diagnosis of high deviation from nominal frequency - IA;;;;;;;;;;;;;;;;;
e7c474de54a24e17b20657237f7cd846;0;R;Bit;TabSelfDiagnosticsActive;Discrete input;54141;;;0;1;0;1;;;;0=Não\1=Sim;0=Off\1=On;;;;Uso interno;Indicação de autodiagnóstico ativo de alto desvio da frequência nominal - IB;Indication of active self-diagnosis of high deviation from nominal frequency - IB;;;;;;;;;;;;;;;;;
4bb8583f59484cb6a82914dd3b693ab0;0;R;Bit;TabSelfDiagnosticsActive;Discrete input;54142;;;0;1;0;1;;;;0=Não\1=Sim;0=Off\1=On;;;;Uso interno;Indicação de autodiagnóstico ativo de alto desvio da frequência nominal - IC;Indication of active self-diagnosis of high deviation from nominal frequency - IC;;;;;;;;;;;;;;;;;
486b6adcd49b43648c6cb6c673689c89;0;R;Bit;TabSelfDiagnosticsActive;Discrete input;54143;;;0;1;0;1;;;;0=Não\1=Sim;0=Off\1=On;;;;Uso interno;Indicação de autodiagnóstico ativo de alto desvio da frequência nominal - ISM;Indication of active self-diagnosis of high deviation from nominal frequency - ISM;;;;;;;;;;;;;;;;;
ab370b1beeab41a18eea23ad7182a015;0;R;Bit;TabSelfDiagnosticsActive;Discrete input;54144;;;0;1;0;1;;;;0=Não\1=Sim;0=Off\1=On;;;;Uso interno;Indicação de autodiagnóstico ativo de alto desvio da frequência nominal - ISC;Indication of active self-diagnosis of high deviation from nominal frequency - ISC;;;;;;;;;;;;;;;;;
68523f73364745538cd7a30fa642fcc7;0;R;Bit;TabSelfDiagnosticsActive;Discrete input;54145;;;0;1;0;1;;;;0=Não\1=Sim;0=Off\1=On;;;;Uso interno;Indicação de autodiagnóstico ativo de alto desvio da frequência nominal - VA;Indication of active self-diagnosis of high deviation from nominal frequency - VA;;;;;;;;;;;;;;;;;
35919ebc7e934c7c91437f6776dddca0;0;R;Bit;TabSelfDiagnosticsActive;Discrete input;54146;;;0;1;0;1;;;;0=Não\1=Sim;0=Off\1=On;;;;Uso interno;Indicação de autodiagnóstico ativo de alto desvio da frequência nominal - VB;Indication of active self-diagnosis of high deviation from nominal frequency - VB;;;;;;;;;;;;;;;;;
d9df2669570a4b38be65c7bfc6921629;0;R;Bit;TabSelfDiagnosticsActive;Discrete input;54147;;;0;1;0;1;;;;0=Não\1=Sim;0=Off\1=On;;;;Uso interno;Indicação de autodiagnóstico ativo de alto desvio da frequência nominal - VC;Indication of active self-diagnosis of high deviation from nominal frequency - VC;;;;;;;;;;;;;;;;;
92cb87faba4c46bebbbda992d5ad5e1a;0;R;Bit;TabSelfDiagnosticsActive;Discrete input;54148;;;0;1;0;1;;;;0=Não\1=Sim;0=Off\1=On;;;;Uso interno;Indicação de autodiagnóstico ativo de ângulo impreciso - IA;Indication of active self-diagnosis of an imprecise angle - IA;;;;;;;;;;;;;;;;;
7ca155ec561c4833a9dd66deeccb7e20;0;R;Bit;TabSelfDiagnosticsActive;Discrete input;54149;;;0;1;0;1;;;;0=Não\1=Sim;0=Off\1=On;;;;Uso interno;Indicação de autodiagnóstico ativo de ângulo impreciso - IB;Indication of active self-diagnosis of an imprecise angle - IB;;;;;;;;;;;;;;;;;
db59252c42004efeb2a079e530db8f2e;0;R;Bit;TabSelfDiagnosticsActive;Discrete input;54150;;;0;1;0;1;;;;0=Não\1=Sim;0=Off\1=On;;;;Uso interno;Indicação de autodiagnóstico ativo de ângulo impreciso - IC;Indication of active self-diagnosis of an imprecise angle - IC;;;;;;;;;;;;;;;;;
2e2c73d2e9fe45a39c6e92ee7b869806;0;R;Bit;TabSelfDiagnosticsActive;Discrete input;54151;;;0;1;0;1;;;;0=Não\1=Sim;0=Off\1=On;;;;Uso interno;Indicação de autodiagnóstico ativo de ângulo impreciso - ISM;Indication of active self-diagnosis of an imprecise angle - ISM;;;;;;;;;;;;;;;;;
9ac254ae30f6418e8cd949c90b88b747;0;R;Bit;TabSelfDiagnosticsActive;Discrete input;54152;;;0;1;0;1;;;;0=Não\1=Sim;0=Off\1=On;;;;Uso interno;Indicação de autodiagnóstico ativo de ângulo impreciso - ISC;Indication of active self-diagnosis of an imprecise angle - ISC;;;;;;;;;;;;;;;;;
a3096958493740c0b20a38e1d0451d72;0;R;Bit;TabSelfDiagnosticsActive;Discrete input;54153;;;0;1;0;1;;;;0=Não\1=Sim;0=Off\1=On;;;;Uso interno;Indicação de autodiagnóstico ativo de ângulo impreciso - VA;Indication of active self-diagnosis of an imprecise angle - VA;;;;;;;;;;;;;;;;;
4f08f2cbc9a94f8db2cd69bde88d0f8a;0;R;Bit;TabSelfDiagnosticsActive;Discrete input;54154;;;0;1;0;1;;;;0=Não\1=Sim;0=Off\1=On;;;;Uso interno;Indicação de autodiagnóstico ativo de ângulo impreciso - VB;Indication of active self-diagnosis of an imprecise angle - VB;;;;;;;;;;;;;;;;;
e6a2599978ee42ef89103279cbeb9ee0;0;R;Bit;TabSelfDiagnosticsActive;Discrete input;54155;;;0;1;0;1;;;;0=Não\1=Sim;0=Off\1=On;;;;Uso interno;Indicação de autodiagnóstico ativo de ângulo impreciso - VC;Indication of active self-diagnosis of an imprecise angle - VC;;;;;;;;;;;;;;;;;
753573a4a5ca4ea48c2f751f8160d5f5;0;R;Bit;TabSelfDiagnosticsActive;Discrete input;54156;;;0;1;0;1;;;;0=Não\1=Sim;0=Off\1=On;;;;Uso interno;Indicação de autodiagnóstico ativo de fundamental indeterminada - IA;Indication of active self-diagnosis of fundamental indeterminate - IA;;;;;;;;;;;;;;;;;
29d5165baf97478da0473f7257e07c21;0;R;Bit;TabSelfDiagnosticsActive;Discrete input;54157;;;0;1;0;1;;;;0=Não\1=Sim;0=Off\1=On;;;;Uso interno;Indicação de autodiagnóstico ativo de fundamental indeterminada - IB;Indication of active self-diagnosis of fundamental indeterminate - IB;;;;;;;;;;;;;;;;;
276395fef2ca46b3a46d08473b48eb64;0;R;Bit;TabSelfDiagnosticsActive;Discrete input;54158;;;0;1;0;1;;;;0=Não\1=Sim;0=Off\1=On;;;;Uso interno;Indicação de autodiagnóstico ativo de fundamental indeterminada - IC;Indication of active self-diagnosis of fundamental indeterminate - IC;;;;;;;;;;;;;;;;;
22b2a8bab50e44a3a8b3a28154b84bfd;0;R;Bit;TabSelfDiagnosticsActive;Discrete input;54159;;;0;1;0;1;;;;0=Não\1=Sim;0=Off\1=On;;;;Uso interno;Indicação de autodiagnóstico ativo de fundamental indeterminada - ISM;Indication of active self-diagnosis of fundamental indeterminate - ISM;;;;;;;;;;;;;;;;;
174d7f5e9e8d464f85222ae28d40569e;0;R;Bit;TabSelfDiagnosticsActive;Discrete input;54160;;;0;1;0;1;;;;0=Não\1=Sim;0=Off\1=On;;;;Uso interno;Indicação de autodiagnóstico ativo de fundamental indeterminada - ISC;Indication of active self-diagnosis of fundamental indeterminate - ISC;;;;;;;;;;;;;;;;;
c33e93aa139645b5b973e61be33b48f2;0;R;Bit;TabSelfDiagnosticsActive;Discrete input;54161;;;0;1;0;1;;;;0=Não\1=Sim;0=Off\1=On;;;;Uso interno;Indicação de autodiagnóstico ativo de fundamental indeterminada - VA;Indication of active self-diagnosis of fundamental indeterminate - VA;;;;;;;;;;;;;;;;;
929db38684294e50ad9b194a34bcb72c;0;R;Bit;TabSelfDiagnosticsActive;Discrete input;54162;;;0;1;0;1;;;;0=Não\1=Sim;0=Off\1=On;;;;Uso interno;Indicação de autodiagnóstico ativo de fundamental indeterminada - VB;Indication of active self-diagnosis of fundamental indeterminate - VB;;;;;;;;;;;;;;;;;
5a3da3a5e3044df4aca4f2c7c0712edd;0;R;Bit;TabSelfDiagnosticsActive;Discrete input;54163;;;0;1;0;1;;;;0=Não\1=Sim;0=Off\1=On;;;;Uso interno;Indicação de autodiagnóstico ativo de fundamental indeterminada - VC;Indication of active self-diagnosis of fundamental indeterminate - VC;;;;;;;;;;;;;;;;;
3c32149d61e84dfebff01a64b420399a;0;R;Bit;TabSelfDiagnosticsActive;Discrete input;54164;;;0;1;0;1;;;;0=Não\1=Sim;0=Off\1=On;;;;Uso interno;Indicação de autodiagnóstico ativo de proximidade da saturação - IA;Indication of active self-diagnosis proximity to saturation - IA;;;;;;;;;;;;;;;;;
2c198ade387449449599300cef74da46;0;R;Bit;TabSelfDiagnosticsActive;Discrete input;54165;;;0;1;0;1;;;;0=Não\1=Sim;0=Off\1=On;;;;Uso interno;Indicação de autodiagnóstico ativo de proximidade da saturação - IB;Indication of active self-diagnosis proximity to saturation - IB;;;;;;;;;;;;;;;;;
4604b855a2494c539eb2d766d841a64c;0;R;Bit;TabSelfDiagnosticsActive;Discrete input;54166;;;0;1;0;1;;;;0=Não\1=Sim;0=Off\1=On;;;;Uso interno;Indicação de autodiagnóstico ativo de proximidade da saturação - IC;Indication of active self-diagnosis proximity to saturation - IC;;;;;;;;;;;;;;;;;
95b0f795f72c4282a8ee30f92a2b2dca;0;R;Bit;TabSelfDiagnosticsActive;Discrete input;54167;;;0;1;0;1;;;;0=Não\1=Sim;0=Off\1=On;;;;Uso interno;Indicação de autodiagnóstico ativo de proximidade da saturação - ISM;Indication of active self-diagnosis of proximity to saturation - ISM;;;;;;;;;;;;;;;;;
ab1698a57a1b47ef95d3d7f92f5ba453;0;R;Bit;TabSelfDiagnosticsActive;Discrete input;54168;;;0;1;0;1;;;;0=Não\1=Sim;0=Off\1=On;;;;Uso interno;Indicação de autodiagnóstico ativo de proximidade da saturação - ISC;Indication of active self-diagnosis of proximity to saturation - ISC;;;;;;;;;;;;;;;;;
39822bd7c163458c8afa1c9d37a594fc;0;R;Bit;TabSelfDiagnosticsActive;Discrete input;54169;;;0;1;0;1;;;;0=Não\1=Sim;0=Off\1=On;;;;Uso interno;Indicação de autodiagnóstico ativo de proximidade da saturação - VA;Indication of active self-diagnosis of proximity to saturation - VA;;;;;;;;;;;;;;;;;
cadc53810ba144b395ea01466552a493;0;R;Bit;TabSelfDiagnosticsActive;Discrete input;54170;;;0;1;0;1;;;;0=Não\1=Sim;0=Off\1=On;;;;Uso interno;Indicação de autodiagnóstico ativo de proximidade da saturação - VB;Indication of active self-diagnosis of proximity to saturation - VB;;;;;;;;;;;;;;;;;
81e684d5bb254e42a6fb98d1c98d5813;0;R;Bit;TabSelfDiagnosticsActive;Discrete input;54171;;;0;1;0;1;;;;0=Não\1=Sim;0=Off\1=On;;;;Uso interno;Indicação de autodiagnóstico ativo de proximidade da saturação - VC;Indication of active self-diagnosis of proximity to saturation - VC;;;;;;;;;;;;;;;;;
efe0514657f9401db3d2f909a5841576;0;R;Bit;TabSelfDiagnosticsActive;Discrete input;54172;;;0;1;0;1;;;;0=Não\1=Sim;0=Off\1=On;;;;Uso interno;Indicação de autodiagnóstico ativo de erro no circuito de calibração do PT100;Indication of active self-diagnosis of PT100 calibration circuit error;;;;;;;;;;;;;;;;;
8754d138eb0441dfb911b2ddcd163f1f;0;R;Bit;TabSelfDiagnosticsActive;Discrete input;54173;;;0;1;0;1;;;;0=Não\1=Sim;0=Off\1=On;;;;Uso interno;Indicação de autodiagnóstico ativo de erro de calibração do PT100;Indication of active self-diagnosis of PT100 calibration error;;;;;;;;;;;;;;;;;
3f0b5a323753443fabc8da716a008785;0;R;Bit;TabSelfDiagnosticsActive;Discrete input;54174;;;0;1;0;1;;;;0=Não\1=Sim;0=Off\1=On;;;;Uso interno;Indicação de autodiagnóstico ativo de falha genérica de leitura do PT100;Indication of active self-diagnosis of PT100 generic reading failure;;;;;;;;;;;;;;;;;
3aa206807a3d4a6b83bd39877a71e1c9;0;R;Bit;TabSelfDiagnosticsActive;Discrete input;54175;;;0;1;0;1;;;;0=Não\1=Sim;0=Off\1=On;;;;Uso interno;Indicação de autodiagnóstico ativo de salto no PT100;Indication of active self-diagnosis of PT100 jump;;;;;;;;;;;;;;;;;
9e460adf1c864eb1bae2c44cee991d75;0;R;Bit;TabSelfDiagnosticsActive;Discrete input;54176;;;0;1;0;1;;;;0=Não\1=Sim;0=Off\1=On;;;;Uso interno;Indicação de autodiagnóstico ativo de overflow no PT100;Indication of active self-diagnosis of PT100 overflow;;;;;;;;;;;;;;;;;
;;;;;;;;;;;;;;;;;;;;;;;;;;;;;;;;;;;;;;;;
6b7c29c114854297915797f294348faa;0;R;Bit;TabSelfDiagnosticsInternalPersistent;Discrete input;54200;;;0;1;0;1;;;;0=Não\1=Sim;0=Off\1=On;;;;Uso interno;Indicação de autodiagnóstico persistente de somatória inconsistente no conjunto de tensões;Indication of persistent self-diagnosis of inconsistency in the voltage set;;;;;;;;;;;;;;;;;
16180e88b5994b388adf4c252b6907ed;0;R;Bit;TabSelfDiagnosticsInternalPersistent;Discrete input;54201;;;0;1;0;1;;;;0=Não\1=Sim;0=Off\1=On;;;;Uso interno;Indicação de autodiagnóstico persistente de alta distorção harmônica - ISM;Indication of persistent self-diagnosis of high harmonic distortion - ISM;;;;;;;;;;;;;;;;;
2233fa7c78e24e56a705fc9ed2739655;0;R;Bit;TabSelfDiagnosticsInternalPersistent;Discrete input;54202;;;0;1;0;1;;;;0=Não\1=Sim;0=Off\1=On;;;;Uso interno;Indicação de autodiagnóstico persistente de alta distorção harmônica - ISC;Indication of persistent self-diagnosis of high harmonic distortion - ISC;;;;;;;;;;;;;;;;;
7b8549edfb2441a99842efc4fe63908a;0;R;Bit;TabSelfDiagnosticsInternalPersistent;Discrete input;54203;;;0;1;0;1;;;;0=Não\1=Sim;0=Off\1=On;;;;Uso interno;Indicação de autodiagnóstico persistente de alto offset DC - ISC;Indication of persistent self-diagnosis of high DC offset - ISC;;;;;;;;;;;;;;;;;
17ad8984f1d6407397170dfa19fbabf1;0;R;Bit;TabSelfDiagnosticsInternalPersistent;Discrete input;54204;;;0;1;0;1;;;;0=Não\1=Sim;0=Off\1=On;;;;Uso interno;Indicação de autodiagnóstico persistente de baixa amplitude - ISM;Indication of persistent self-diagnosis of low amplitude - ISM;;;;;;;;;;;;;;;;;
b9b1477011ab4ab08d3af8151d888fbf;0;R;Bit;TabSelfDiagnosticsInternalPersistent;Discrete input;54205;;;0;1;0;1;;;;0=Não\1=Sim;0=Off\1=On;;;;Uso interno;Indicação de autodiagnóstico persistente de baixa amplitude - ISC;Indication of persistent self-diagnosis of low amplitude - ISC;;;;;;;;;;;;;;;;;
;;;;;;;;;;;;;;;;;;;;;;;;;;;;;;;;;;;;;;;;
08d1dc6794df4a7a817d74fba75d83c2;0;R;Bit;TabSelfDiagnosticsInternalMemory;Discrete input;54300;;;0;1;0;1;;;;0=Não\1=Sim;0=Off\1=On;;;;Uso interno;Indicação de memória de autodiagnóstico de somatória inconsistente no conjunto de tensões;Indication of self-diagnosis memory of inconsistent summation in the set of voltages;;;;;;;;;;;;;;;;;
7458b084a5604c86beec9488626db85b;0;R;Bit;TabSelfDiagnosticsInternalMemory;Discrete input;54301;;;0;1;0;1;;;;0=Não\1=Sim;0=Off\1=On;;;;Uso interno;Indicação de memória de autodiagnóstico de alta distorção harmônica - ISM;Indication of self-diagnosis memory of high harmonic distortion - ISM;;;;;;;;;;;;;;;;;
99f5dadcc90041328d0f19da12d83680;0;R;Bit;TabSelfDiagnosticsInternalMemory;Discrete input;54302;;;0;1;0;1;;;;0=Não\1=Sim;0=Off\1=On;;;;Uso interno;Indicação de memória de autodiagnóstico de alta distorção harmônica - ISC;Indication of self-diagnosis memory of high harmonic distortion - ISC;;;;;;;;;;;;;;;;;
7c79d4cc43eb4a85aba525bd483be20b;0;R;Bit;TabSelfDiagnosticsInternalMemory;Discrete input;54303;;;0;1;0;1;;;;0=Não\1=Sim;0=Off\1=On;;;;Uso interno;Indicação de memória de autodiagnóstico de alto offset DC - ISC;Indication of self-diagnosis memory of high DC offset - ISC;;;;;;;;;;;;;;;;;
6d17628221634378a7ee897ed6976bd8;0;R;Bit;TabSelfDiagnosticsInternalMemory;Discrete input;54304;;;0;1;0;1;;;;0=Não\1=Sim;0=Off\1=On;;;;Uso interno;Indicação de memória de autodiagnóstico de baixa amplitude - ISM;Indication of self-diagnosis memory of low-amplitude - ISM;;;;;;;;;;;;;;;;;
ab07f3a82a0c4d60864b6e321a1912fe;0;R;Bit;TabSelfDiagnosticsInternalMemory;Discrete input;54305;;;0;1;0;1;;;;0=Não\1=Sim;0=Off\1=On;;;;Uso interno;Indicação de memória de autodiagnóstico de baixa amplitude - ISC;Indication of self-diagnosis memory of low-amplitude - ISC;;;;;;;;;;;;;;;;;
;;;;;;;;;;;;;;;;;;;;;;;;;;;;;;;;;;;;;;;;
66dd7c7258794df48b691b631a300d4c;0;R;32_ABCD;TabHealthMonitor;Input register;54400;;;0;4294967295;0;1;;;;;;;;;Uso interno;Indicação de quantidade total de heap alocada;Indication of total amount of allocated heap;;;;;;;;;;;;;;;;;
b49ab3fc9ce943319dd6fbd98bae10d0;0;R;32_ABCD;TabHealthMonitor;Input register;54401;;;0;4294967295;0;1;;;;;;;;;Uso interno;Indicação de quantidade instantânea de heap disponível;Indication of instantaneous amount of available heap;;;;;;;;;;;;;;;;;
80e2a6aa6ec34c7eadd8f96a778db42b;0;R;32_ABCD;TabHealthMonitor;Input register;54402;;;0;4294967295;0;1;;;;;;;;;Uso interno;Indicação de mínima quantidade registrada de heap disponível;Indication of minimum registered quantity of available heap;;;;;;;;;;;;;;;;;
3839333dc6254101a1f061c8ffd2e97f;0;R;32_ABCD;TabHealthMonitor;Input register;54403;;;0;4294967295;0;1;;;;;;;;;Uso interno;Indicação de heap contínua máxima disponível;Indication of continuous maximum available heap;;;;;;;;;;;;;;;;;
327a08feb918469b8178ef0da4f438bb;0;R;16;TabHealthMonitor;Input register;54404;;;0;255;0;1;;;;;;;;;Uso interno;Indicação de quantidade total de tarefas;Indication of total number of tasks;;;;;;;;;;;;;;;;;
987b284be76d498485b5abda0973569a;0;R;32_ABCD;TabHealthMonitor;Input register;54405;;;0;4294967295;0;1;;;;;;;;;Uso interno;Indicação de nome da tarefa selecionada para apresentação de informação, parte alta;Indication of the selected task name for information presentation, upper part;;;;;;;;;;;;;;;;;
c3a0707e9e7c4a1a95b7ac94971feb71;0;R;32_ABCD;TabHealthMonitor;Input register;54406;;;0;4294967295;0;1;;;;;;;;;Uso interno;Indicação de nome da tarefa selecionada para apresentação de informação, parte baixa;Indication of the name of the selected task for information presentation, lower part;;;;;;;;;;;;;;;;;
6fc2dba2a0084c2ba963dc78408e678f;0;R;16;TabHealthMonitor;Input register;54407;;;0;255;0;1;;;;;;;;;Uso interno;Indicação de prioridade da tarefa;Indication of the task priority;;;;;;;;;;;;;;;;;
91546751d163490e8ff08396bb7c9656;0;R;16;TabHealthMonitor;Input register;54408;;;0;65535;0;1;;;;;;;;;Uso interno;Indicação de mínima stack livre observada (marca d'agua);Indication of minimum free stack observed (watermark);;;;;;;;;;;;;;;;;
fcd17b5a59a146d498b2662c99a588e0;0;R;16;TabHealthMonitor;Input register;54409;;;0;65535;0;1;;;;;;;;;Uso interno;Indicação de stack máxima da tarefa;Indication of maximum task stack;;;;;;;;;;;;;;;;;
18abdf857bb4405997636fe71b7b93d7;0;R;16;TabHealthMonitor;Input register;54410;;;0;65535;0;1;;;;;;;;;Uso interno;Indicação de porcentagem de processamento ocupado pela tarefa;Indication of percentage of processing occupied by the task;;;;;;;;;;;;;;;;;
0285b855dad94f388010832cff266596;0;R;16;TabHealthMonitor;Input register;54411;;;0;5;0;1;;;;0=Em execução\1=Pronta para execução\2=Bloqueada\3=Suspensa\4=Deletada\5=Estado inválido;0=Running\1=Ready to run\2=Blocked\3=Suspended\4=Deleted\5=Invalid state;;;;Uso interno;Indicação de estado da tarefa;Indication of the task state;;;;;;;;;;;;;;;;;
;;;;;;;;;;;;;;;;;;;;;;;;;;;;;;;;;;;;;;;;
1bf5259bd1434d4ab5957649e30784cf;0;RW;16;TabHealthMonitorSelection;Holding register;54400;;;1;40;1;1;;;;;;;;;Uso interno;Parâmetro de seleção de tarefa para apresentação de estatísticas;Parameter of task selection for statistics presentation;;;;;;;;;;;;;;;;;
;;;;;;;;;;;;;;;;;;;;;;;;;;;;;;;;;;;;;;;;
cfad9d207e384effb60d82eb9f3749c0;0;RW;Bit;TabBankUploadControl;Coil;54500;;;0;1;0;1;;;;0=Não\1=Sim;0=Off\1=On;;;;Uso interno;Comando de finalização do upload de bancos;Command of finishing banks upload;;;;;;;;;;;;;;;;;
