UUID;Teste automático;Modo;Tratamento;Tabela (Modbus);Tipo (Modbus);Registrador (Modbus);Tipo (DNP3);Índice (DNP3);Limite inferior;Limite superior;Valor default;Divisor;Unidade pt;Unidade en;Unidade es;Conversão pt;Conversão en;Conversão es;Opcional;Condicional;Nível de acesso;Descrição pt;Descrição en;Descrição es;Display pt;Display en;Display es;Observações;Funcionalidade pt;Funcionalidade en;Funcionalidade es;Grupo pt;Grupo en;Grupo es;Classificação;Gráfico rápido;Histórico de dados;IEC 61850;Link;CDC
de50a2d83afa4bd1ac94c3e5958fb9b9;1;R;Bit;TabLeituraBinGenerica;Discrete input;0;Binary input;0;0;1;0;1;;;;0=Não disparado\1=Disparado;0=Not triggered\1=Triggered;;;;Público;Indicação de autodiagnóstico da medição 1V65 dos enrolamentos;Indication of self-diagnosis for windings 1V65 measurement;;;;;;Geral;General;;;;;Autodiagnóstico;;;;;SPS
61f09049d65d4a9d85b29c70281629f1;1;R;Bit;TabLeituraBinGenerica;Discrete input;1;Binary input;1;0;1;0;1;;;;0=Não disparado\1=Disparado;0=Not triggered\1=Triggered;;;;Público;Indicação de memória de autodiagnóstico da medição 1V65 dos enrolamentos;Indication of self-diagnosis memory for windings 1V65 measurement;;;;;;Geral;General;;;;;Debug;;;;;SPS
a1df48a58cd54b6cba8588651161c03f;1;R;Bit;TabLeituraBinGenerica;Discrete input;2;Binary input;2;0;1;0;1;;;;0=Não disparado\1=Disparado;0=Not triggered\1=Triggered;;;;Público;Indicação de autodiagnóstico de falha na comunicação entre placas;Indication of self-diagnosis for communication failure between boards;;;;;;Geral;General;;;;;Autodiagnóstico;;;;;SPS
1f1f181721de416fb4abfd1cb142a999;1;R;Bit;TabLeituraBinGenerica;Discrete input;3;Binary input;3;0;1;0;1;;;;0=Não disparado\1=Disparado;0=Not triggered\1=Triggered;;;;Público;Indicação de memória de autodiagnóstico de falha na comunicação entre placas;Indication of self-diagnosis memory for communication failure between boards;;;;;;Geral;General;;;;;Debug;;;;;SPS
908e5ef150144fb4a3ee8db45b244c5d;1;R;Bit;TabLeituraBinGenerica;Discrete input;4;Binary input;4;0;1;0;1;;;;0=Não disparado\1=Disparado;0=Not triggered\1=Triggered;;;;Público;Indicação de autodiagnóstico da medição 1V65 dos grupos de resfriamento;Indication of self-diagnosis for cooling groups 1V65 measurement;;;;;;Temperatura;Temperature;;Resfriamento;Cooling;;Autodiagnóstico;;;;;SPS
5f72ea1981b94a25a77e153f083650a6;1;R;Bit;TabLeituraBinGenerica;Discrete input;5;Binary input;5;0;1;0;1;;;;0=Não disparado\1=Disparado;0=Not triggered\1=Triggered;;;;Público;Indicação de memória de autodiagnóstico da medição 1V65 dos grupos de resfriamento;Indication of self-diagnosis memory for cooling groups 1V65 measurement;;;;;;Temperatura;Temperature;;Resfriamento;Cooling;;Debug;;;;;SPS
739f262bc4b14985a3b0f5452c51f7ac;1;R;Bit;TabLeituraBinGenerica;Discrete input;6;Binary input;506;0;1;0;1;;;;0=Não disparado\1=Disparado;0=Not triggered\1=Triggered;;;;Público;Indicação de autodiagnóstico de instabilidade do SDV;Indication of self-diagnosis for SDV's instability;;;;;;Geral;General;;Status;Status;;Autodiagnóstico;;;;;SPS
634a71dd4e244dd3af64ace00f84e909;1;R;Bit;TabLeituraBinGenerica;Discrete input;7;Binary input;507;0;1;0;1;;;;0=Não disparado\1=Disparado;0=Not triggered\1=Triggered;;;;Público;Indicação de memória de autodiagnóstico de instabilidade do SDV;Indication of self-diagnosis memory for SDV's instability;;;;;;Geral;General;;Status;Status;;Debug;;;;;SPS
;;;;;;;;;;;;;;;;;;;;;;;;;;;;;;;;;;;;;;;;
80168aa987fc4784ab411e9246059e9e;1;R;16;TabLeituraGenerica;Input register;0;Analog input;0;0;4;0;1;;;;0=Operação normal\1=Manutenção\2=Alarme de baixa gravidade\3=Alarme crítico\4=Sistema inicializando;0=Normal operation\1=Maintenance\2=Low severity alarm\3= Critical alarm\4=System initializing;0=Normal\1=Mantenimiento\2=Alarma Menor\3=Alarma Grave\4=Inicializando;;;Público;Indicação de status do equipamento;Indication of equipment status;;;;;;Geral;General;;Status;Status;;Geral;;;SDVSTD_$LPHD1$MX$St$mag$f \ SDVSTD_$LPHD1$MX$St$mag$i \ SDVSTD_$LPHD1$MX$St$instMag$f \ SDVSTD_$LPHD1$MX$St$instMag$i;;INS
0fa39cf012014a619941cb5163a03396;1;R;16;TabLeituraGenerica;Input register;1;Analog input;1;1;5;1;1;;;;1=1ENR\2=3ENR\3=REG\4=REG + 1ENR\5=REG + 3ENR;1=1ENR\2=3ENR\3=REG\4=REG + 1ENR\5=REG + 3ENR;;;;Público;Indicação de funcionalidade selecionada do equipamento;Indication of selected equipment functionality;;;;;;Geral;General;;Status;Status;;Geral;;;;;SPS
;;;;;;;;;;;;;;;;;;;;;;;;;;;;;;;;;;;;;;;;
347594ec078e4f459ba311203aa2f193;1;R;Bit;TabLeituraBinRele;Discrete input;100;Binary input;6;0;1;0;1;;;;0=Aberto\1=Fechado;0=Open\1=Close;;;;Público;Indicação de status do relé 1;Indication of relay 1 status;;;;;;Geral;General;;Relés;Relays;;Geral;;;;;SPS
f9f8753d03ce43e790b6c5461e61e341;1;R;Bit;TabLeituraBinRele;Discrete input;101;Binary input;7;0;1;0;1;;;;0=Aberto\1=Fechado;0=Open\1=Close;;;;Público;Indicação de status do relé 2;Indication of relay 2 status;;;;;;Geral;General;;Relés;Relays;;Geral;;;;;SPS
f867bc6f34fd4053acd790000dba0912;1;R;Bit;TabLeituraBinRele;Discrete input;102;Binary input;8;0;1;0;1;;;;0=Aberto\1=Fechado;0=Open\1=Close;;;;Público;Indicação de status do relé 3;Indication of relay 3 status;;;;;;Geral;General;;Relés;Relays;;Geral;;;;;SPS
5673ef2cce6a406b93f34a2b1d151da3;1;R;Bit;TabLeituraBinRele;Discrete input;103;Binary input;9;0;1;0;1;;;;0=Aberto\1=Fechado;0=Open\1=Close;;;;Público;Indicação de status do relé 4;Indication of relay 4 status;;;;;;Geral;General;;Relés;Relays;;Geral;;;;;SPS
4a029105e4fc46a99e0a3e0309c05b01;1;R;Bit;TabLeituraBinRele;Discrete input;104;Binary input;10;0;1;0;1;;;;0=Aberto\1=Fechado;0=Open\1=Close;;;;Público;Indicação de status do relé 5;Indication of relay 5 status;;;;;;Geral;General;;Relés;Relays;;Geral;;;;;SPS
dcf07919e38e42f6b52cad139539ecda;1;R;Bit;TabLeituraBinRele;Discrete input;105;Binary input;11;0;1;0;1;;;;0=Aberto\1=Fechado;0=Open\1=Close;;;;Público;Indicação de status do relé de trip por temperatura do óleo;Indication of oil temperature trip relay status;;;;;;Geral;General;;Relés;Relays;;Geral;;;;;SPS
d2fe223450954432aeffc0d809ecaa4d;1;R;Bit;TabLeituraBinRele;Discrete input;106;Binary input;12;0;1;0;1;;;;0=Aberto\1=Fechado;0=Open\1=Close;;;;Público;Indicação de status do relé de trip por temperatura do enrolamento 1;Indication of winding 1 temperature trip relay status;;;;;;Geral;General;;Relés;Relays;;Geral;;;;;SPS
c78fbaee4d264de3996d513f9e10c199;1;R;Bit;TabLeituraBinRele;Discrete input;107;Binary input;13;0;1;0;1;;;;0=Aberto\1=Fechado;0=Open\1=Close;;;;Público;Indicação de status do relé de trip por temperatura do enrolamento 2;Indication of winding 2 temperature trip relay status;;;;;;Geral;General;;Relés;Relays;;Geral;;;;;SPS
e9885fd65ca643ca9d479a50ebe6176f;1;R;Bit;TabLeituraBinRele;Discrete input;108;Binary input;14;0;1;0;1;;;;0=Aberto\1=Fechado;0=Open\1=Close;;;;Público;Indicação de status do relé de trip por temperatura do enrolamento 3;Indication of winding 3 temperature trip relay status;;;;;;Geral;General;;Relés;Relays;;Geral;;;;;SPS
e99beb5b0b824412803fe6efbd3cbfdf;1;R;Bit;TabLeituraBinRele;Discrete input;109;Binary input;15;0;1;0;1;;;;0=Aberto\1=Fechado;0=Open\1=Close;;;;Público;Indicação de status do relé do grupo de resfriamento 1;Indication of cooling group 1 relay status;;;;;;Geral;General;;Relés;Relays;;Geral;;;;;SPS
93c985c82a9840ecb64868057b040cdb;1;R;Bit;TabLeituraBinRele;Discrete input;110;Binary input;16;0;1;0;1;;;;0=Aberto\1=Fechado;0=Open\1=Close;;;;Público;Indicação de status do relé do grupo de resfriamento 2;Indication of cooling group 2 relay status;;;;;;Geral;General;;Relés;Relays;;Geral;;;;;SPS
8474b782209b4bd69fffe88fb5bd3c57;1;R;Bit;TabLeituraBinRele;Discrete input;111;Binary input;17;0;1;0;1;;;;0=Aberto\1=Fechado;0=Open\1=Close;;;;Público;Indicação de status do relé do grupo de resfriamento 3;Indication of cooling group 3 relay status;;;;;;Geral;General;;Relés;Relays;;Geral;;;;;SPS
29793c5cfd9c4841ac00549e8a9af0d3;1;R;Bit;TabLeituraBinRele;Discrete input;112;Binary input;18;0;1;0;1;;;;0=Aberto\1=Fechado;0=Open\1=Close;;;;Público;Indicação de status do relé do grupo de resfriamento 4;Indication of cooling group 4 relay status;;;;;;Geral;General;;Relés;Relays;;Geral;;;;;SPS
4065157aced347c486b37b26067a9029;1;R;Bit;TabLeituraBinRele;Discrete input;113;Binary input;19;0;1;0;1;;;;0=Aberto\1=Fechado;0=Open\1=Close;;;;Público;Indicação de status do relé de bloqueio do comutador;Indication of OLTC block relay status;;;;;;Geral;General;;Relés;Relays;;Geral;;;;;SPS
6cad1128b5c641d19350759dc8efa7a8;1;R;Bit;TabLeituraBinRele;Discrete input;114;Binary input;20;0;1;0;1;;;;0=Aberto\1=Fechado;0=Open\1=Close;;;;Público;Indicação de status do relé de subir tensão;Indication of raise voltage relay status;;;;;;Geral;General;;Relés;Relays;;Geral;;;;;SPS
0f135b49d8f4407f865c21bc6b1100b7;1;R;Bit;TabLeituraBinRele;Discrete input;115;Binary input;21;0;1;0;1;;;;0=Aberto\1=Fechado;0=Open\1=Close;;;;Público;Indicação de status do relé de baixar tensão;Indication of lower voltage relay status;;;;;;Geral;General;;Relés;Relays;;Geral;;;;;SPS
0ec2727d7ea64fb2a213c4160d194cc6;1;R;Bit;TabLeituraBinRele;Discrete input;116;Binary input;22;0;1;0;1;;;;0=Aberto\1=Fechado;0=Open\1=Close;;;;Público;Indicação de status do relé de autodiagnóstico;Indication of self-diagnosis relay status;;;;;;Geral;General;;Relés;Relays;;Geral;;;SDVSTD_$LPHD1$ST$Err$stVal;;SPS
;;;;;;;;;;;;;;;;;;;;;;;;;;;;;;;;;;;;;;;;
80f3a26eaa4545ac970f60744699136f;1;R;Bit;TabLeituraBinContatoMolhado;Discrete input;200;Binary input;23;0;1;0;1;;;;0=Aberto\1=Fechado;0=Open\1=Close;;DIGI;;Público;Indicação de estado atual do contato molhado 1;Indication of the current state of wet contact 1;;;;;;Geral;General;;Contato molhado;Wet contact;;Geral;;;SDVDIGI_$GGIO1$ST$Ind1$stVal;;SPS
d96150540b7142afae4220c588ec13c9;1;R;Bit;TabLeituraBinContatoMolhado;Discrete input;201;Binary input;24;0;1;0;1;;;;0=Aberto\1=Fechado;0=Open\1=Close;;DIGI;;Público;Indicação de estado atual do contato molhado 2;Indication of the current state of wet contact 2;;;;;;Geral;General;;Contato molhado;Wet contact;;Geral;;;SDVDIGI_$GGIO1$ST$Ind2$stVal;;SPS
c0ba95fd344d43ffb98c6e8bcf0ee6f3;1;R;Bit;TabLeituraBinContatoMolhado;Discrete input;202;Binary input;25;0;1;0;1;;;;0=Aberto\1=Fechado;0=Open\1=Close;;DIGI;;Público;Indicação de estado atual do contato molhado 3;Indication of the current state of wet contact 3;;;;;;Geral;General;;Contato molhado;Wet contact;;Geral;;;SDVDIGI_$GGIO1$ST$Ind3$stVal;;SPS
a494bd9fe175450bae81551fdea27cc8;1;R;Bit;TabLeituraBinContatoMolhado;Discrete input;203;Binary input;26;0;1;0;1;;;;0=Aberto\1=Fechado;0=Open\1=Close;;DIGI;;Público;Indicação de estado atual do contato molhado 4;Indication of the current state of wet contact 4;;;;;;Geral;General;;Contato molhado;Wet contact;;Geral;;;SDVDIGI_$GGIO1$ST$Ind4$stVal;;SPS
34ef970e21064fa19f5b4b8eabfae03a;1;R;Bit;TabLeituraBinContatoMolhado;Discrete input;204;Binary input;27;0;1;0;1;;;;0=Aberto\1=Fechado;0=Open\1=Close;;DIGI;;Público;Indicação de estado atual do contato molhado 5;Indication of the current state of wet contact 5;;;;;;Geral;General;;Contato molhado;Wet contact;;Geral;;;SDVDIGI_$GGIO1$ST$Ind5$stVal;;SPS
72ed83b964da4532b58420f6eca4f5cc;1;R;Bit;TabLeituraBinContatoMolhado;Discrete input;205;Binary input;28;0;1;0;1;;;;0=Aberto\1=Fechado;0=Open\1=Close;;DIGI;;Público;Indicação de estado atual do contato molhado 6;Indication of the current state of wet contact 6;;;;;;Geral;General;;Contato molhado;Wet contact;;Geral;;;SDVDIGI_$GGIO1$ST$Ind6$stVal;;SPS
;;;;;;;;;;;;;;;;;;;;;;;;;;;;;;;;;;;;;;;;
e7b880f4523a47a89de70990b324e157;1;R;Bit;TabLeituraBinCoroaPot;Discrete input;300;Binary input;29;0;1;0;1;;;;0=Não disparado\1=Disparado;0=Not triggered\1=Triggered;;TAPP;;Público;Indicação de autodiagnóstico de leitura da coroa potenciométrica;Indication of self-diagnosis for potentiometric transmitter reading;;;;;;Regulação;Regulation;;Comutador;OLTC;;Autodiagnóstico;;;SDVTAPP_$YLTC1$ST$TapOpErr$stVal;;SPS
03e4fa7a143f4eda8d2bcb150ee43ce5;1;R;Bit;TabLeituraBinCoroaPot;Discrete input;301;Binary input;30;0;1;0;1;;;;0=Não disparado\1=Disparado;0=Not triggered\1=Triggered;;TAPP;;Público;Indicação de memória de autodiagnóstico de leitura da coroa potenciométrica;Indication of self-diagnosis memory for potentiometric transmitter reading;;;;;;Regulação;Regulation;;Comutador;OLTC;;Debug;;;;;SPS
953b141ed2a249e88386b6ba8ab94ec1;1;R;Bit;TabLeituraBinCoroaPot;Discrete input;302;Binary input;31;0;1;0;1;;;;0=Não disparado\1=Disparado;0=Not triggered\1=Triggered;;TAPP;;Público;Indicação de autodiagnóstico de A/D da coroa potenciométrica;Indication of self-diagnosis for potentiometric transmitter A/D converter;;;;;;Regulação;Regulation;;Comutador;OLTC;;Autodiagnóstico;;;;;SPS
b5f2556669fd486a86f537e408388052;1;R;Bit;TabLeituraBinCoroaPot;Discrete input;303;Binary input;32;0;1;0;1;;;;0=Não disparado\1=Disparado;0=Not triggered\1=Triggered;;TAPP;;Público;Indicação de memória de autodiagnóstico de A/D da coroa potenciométrica;Indication of self-diagnosis memory for potentiometric transmitter A/D converter;;;;;;Regulação;Regulation;;Comutador;OLTC;;Debug;;;;;SPS
649d19a49e784340944fcccc8e66838e;1;R;Bit;TabLeituraBinCoroaPot;Discrete input;304;;;0;1;0;1;;;;0=Ruim\1=Boa;0=Bad\1=Good;;TAPP;;Privado;Indicação de qualidade do tap atual;Indication of current tap quality;;;;;;;;;;;;;;;;;SPS
660921e408304ec4b30237b247d1d075;1;R;Bit;TabLeituraBinCoroaPot;Discrete input;305;Binary input;33;0;1;0;1;;;;0=Não disparado\1=Disparado;0=Not triggered\1=Triggered;;TAPP;;Público;Indicação de alarme por tensão alta do cursor da coroa potenciométrica;Indication of alarm by high voltage on potentiometric transmitter cursor;;;;;;Regulação;Regulation;;Comutador;OLTC;;Alarme;;;;;SPS
96a677a78c644ede8217fd31b6246d21;1;R;Bit;TabLeituraBinCoroaPot;Discrete input;306;Binary input;34;0;1;0;1;;;;0=Não disparado\1=Disparado;0=Not triggered\1=Triggered;;TAPP;;Público;Indicação de memória de alarme por tensão alta do cursor da coroa potenciométrica;Indication of alarm memory by high voltage on potentiometric transmitter cursor;;;;;;Regulação;Regulation;;Comutador;OLTC;;Debug;;;;;SPS
f650c5b94d9a4b3997f7e9866f5e898b;1;R;Bit;TabLeituraBinCoroaPot;Discrete input;307;Binary input;35;0;1;0;1;;;;0=Parado\1=Em manobra;0=Stopped\1=Switching;;TAPP;;Público;Indicação de status comutador em manobra;Indication of status for OLTC switching;;;;;;Regulação;Regulation;;Comutador;OLTC;;Debug;;;;;SPS
;;;;;;;;;;;;;;;;;;;;;;;;;;;;;;;;;;;;;;;;
fbc778f5a7b74eeea45a6ef2a565338f;1;R;16;TabLeituraCoroaPot;Input register;300;Analog input;2;-49;49;0;1;;;;;;;TAPP;;Público;Indicação de tap atual ajustado;Indication of current adjusted tap position;;;;;;Regulação;Regulation;;Comutador;OLTC;;Geral;Sim;Sim;;;INS
8a85ff82f02a4c89848238724f1e5ae8;1;R;16;TabLeituraCoroaPot;Input register;301;Analog input;3;-49;49;0;1;;;;;;;TAPP;;Público;Indicação de tap anterior ajustado;Indication of previous adjusted tap position;;;;;;Regulação;Regulation;;Comutador;OLTC;;Geral;;Sim;;;MV
9db55210d47d4e05b881235b98b12945;1;R;16;TabLeituraCoroaPot;Input register;302;Analog input;4;-49;49;0;1;;;;;;;TAPP;;Público;Indicação de tap mínimo ajustado registrado;Indication of minimum recorded adjusted tap position;;;;;;Regulação;Regulation;;Comutador;OLTC;;Geral;;Sim;;;MV
7a6a13c56dc44ec39e00e108741591e5;1;R;16;TabLeituraCoroaPot;Input register;303;Analog input;5;-49;49;0;1;;;;;;;TAPP;;Público;Indicação de tap máximo ajustado registrado;Indication of maximum recorded adjusted tap position;;;;;;Regulação;Regulation;;Comutador;OLTC;;Geral;;Sim;;;MV
e71f26587edc43739b03efe252344c82;1;R;16;TabLeituraCoroaPot;Input register;304;Analog input;6;0;49;0;1;;;;;;;TAPP;;Público;Indicação de tap atual absoluto;Indication of current absolute tap position;;;;;;Regulação;Regulation;;Comutador;OLTC;;Geral;;;SDVTAPP_$YLTC1$ST$TapPosInd$stVal;;INS
793e7124cf8043cea427c4697eef918e;1;R;16;TabLeituraCoroaPot;Input register;305;Analog input;7;0;49;0;1;;;;;;;TAPP;;Público;Indicação de tap anterior absoluto;Indication of previous absolute tap position;;;;;;Regulação;Regulation;;Comutador;OLTC;;Geral;;;SDVTAPP_$YLTC1$ST$PrevPos$stVal;;INS
ad699aa6d71b4172be6888148746185f;1;R;16;TabLeituraCoroaPot;Input register;306;Analog input;8;0;49;0;1;;;;;;;TAPP;;Público;Indicação de tap mínimo absoluto registrado;Indication of minimum recorded absolute tap position;;;;;;Regulação;Regulation;;Comutador;OLTC;;Geral;;;SDVTAPP_$YLTC1$ST$MinPos$stVal;;INS
8098afdb325a4c90b3689babb115ffbf;1;R;16;TabLeituraCoroaPot;Input register;307;Analog input;9;0;49;0;1;;;;;;;TAPP;;Público;Indicação de tap máximo absoluto registrado;Indication of maximum recorded absolute tap position;;;;;;Regulação;Regulation;;Comutador;OLTC;;Geral;;;SDVTAPP_$YLTC1$ST$MaxPos$stVal;;INS
0fef0cb488da46c09198a723df395641;1;R;16;TabLeituraCoroaPot;Input register;308;Analog input;10;0;2;0;1;;;;0=-\1=Subindo tensão\2=Abaixando tensão;0=-\1=Raising voltage\2=Lowering voltage;;TAPP;;Público;Indicação de operação de comutação do CDC;Indication of OLTC switching operation;;;;;;Regulação;Regulation;;Comutador;OLTC;;Debug;;;;;SPS
835d890d23a841d59da6c89d6a2cca9b;1;R;16;TabLeituraCoroaPot;Input register;309;Analog input;11;0;4;0;1;;;;0=-\1=Iniciando\2=Em progresso\3=Calibração ok\4=Erro de calibração;0=-\1=Initializing\2=In progress\3=Calibration ok\4=Calibration error;;TAPP;;Público;Indicação de status da calibração da coroa potenciométrica;Indication of potentiometric transmitter calibration status;;;;;;Regulação;Regulation;;Comutador;OLTC;;Debug;;;;;SPS
;;;;;;;;;;;;;;;;;;;;;;;;;;;;;;;;;;;;;;;;
383cbd585ada4f679d71b725d684f7c8;1;R;Bit;TabLeituraBinTc;Discrete input;400;Binary input;36;0;1;0;1;;;;0=Não disparado\1=Disparado;0=Not triggered\1=Triggered;;;;Público;Indicação de autodiagnóstico da medição do TC do enrolamento 1;Indication of self-diagnosis for CT measurement of winding 1;;;;;;Geral;General;;;;;Autodiagnóstico;;;;;SPS
fea06711eb3f4601bb27453cff973610;1;R;Bit;TabLeituraBinTc;Discrete input;401;Binary input;37;0;1;0;1;;;;0=Não disparado\1=Disparado;0=Not triggered\1=Triggered;;;;Público;Indicação de memória de autodiagnóstico da medição do TC do enrolamento 1;Indication of self-diagnosis memory for CT measurement of winding 1;;;;;;Geral;General;;;;;Debug;;;;;SPS
dd1bef1c958a455890f724f141c23fa2;1;R;Bit;TabLeituraBinTc;Discrete input;402;Binary input;38;0;1;0;1;;;;0=Não disparado\1=Disparado;0=Not triggered\1=Triggered;;;;Público;Indicação de autodiagnóstico de overflow do TC do enrolamento 1;Indication of self-diagnosis for CT overflow of winding 1;;;;;;Geral;General;;;;;Autodiagnóstico;;;;;SPS
6fa1f8407725468492f6360d41e769d2;1;R;Bit;TabLeituraBinTc;Discrete input;403;Binary input;39;0;1;0;1;;;;0=Não disparado\1=Disparado;0=Not triggered\1=Triggered;;;;Público;Indicação de memória de autodiagnóstico de overflow do TC  1;Indication of self-diagnosis memory for CT overflow of winding 1;;;;;;Geral;General;;;;;Debug;;;;;SPS
44f6131e4e2d41bfb62ffa5218ba46c3;1;R;Bit;TabLeituraBinTc;Discrete input;404;Binary input;40;0;1;0;1;;;;0=Não disparado\1=Disparado;0=Not triggered\1=Triggered;;;;Público;Indicação de autodiagnóstico da medição do TC do enrolamento 2;Indication of self-diagnosis for CT measurement of winding 2;;;;;;Geral;General;;;;;Autodiagnóstico;;;;;SPS
79594ec062f949c08ff66a5f297a1bff;1;R;Bit;TabLeituraBinTc;Discrete input;405;Binary input;41;0;1;0;1;;;;0=Não disparado\1=Disparado;0=Not triggered\1=Triggered;;;;Público;Indicação de memória de autodiagnóstico da medição do TC do enrolamento 2;Indication of self-diagnosis memory for CT measurement of winding 2;;;;;;Geral;General;;;;;Debug;;;;;SPS
6cec98314d774d4e9b167357922eaf9d;1;R;Bit;TabLeituraBinTc;Discrete input;406;Binary input;42;0;1;0;1;;;;0=Não disparado\1=Disparado;0=Not triggered\1=Triggered;;;;Público;Indicação de autodiagnóstico de overflow do TC do enrolamento 2;Indication of self-diagnosis for CT overflow of winding 2;;;;;;Geral;General;;;;;Autodiagnóstico;;;;;SPS
2c496ae735744b388c725140ee092c10;1;R;Bit;TabLeituraBinTc;Discrete input;407;Binary input;43;0;1;0;1;;;;0=Não disparado\1=Disparado;0=Not triggered\1=Triggered;;;;Público;Indicação de memória de autodiagnóstico de overflow do TC do enrolamento 2;Indication of self-diagnosis memory for CT overflow of winding 2;;;;;;Geral;General;;;;;Debug;;;;;SPS
7465b82e3c05406bbdb34ee68a5308c4;1;R;Bit;TabLeituraBinTc;Discrete input;408;Binary input;44;0;1;0;1;;;;0=Não disparado\1=Disparado;0=Not triggered\1=Triggered;;;;Público;Indicação de autodiagnóstico da medição do TC do enrolamento 3;Indication of self-diagnosis for CT measurement of winding 3;;;;;;Geral;General;;;;;Autodiagnóstico;;;;;SPS
e88a1f85ffb54fa6912bdce1a3680699;1;R;Bit;TabLeituraBinTc;Discrete input;409;Binary input;45;0;1;0;1;;;;0=Não disparado\1=Disparado;0=Not triggered\1=Triggered;;;;Público;Indicação de memória de autodiagnóstico da medição do TC do enrolamento 3;Indication of self-diagnosis memory for CT measurement of winding 3;;;;;;Geral;General;;;;;Debug;;;;;SPS
93942e1fb5924a8f983f08438bd6ab7e;1;R;Bit;TabLeituraBinTc;Discrete input;410;Binary input;46;0;1;0;1;;;;0=Não disparado\1=Disparado;0=Not triggered\1=Triggered;;;;Público;Indicação de autodiagnóstico de overflow do TC do enrolamento 3;Indication of self-diagnosis for CT overflow of winding 3;;;;;;Geral;General;;;;;Autodiagnóstico;;;;;SPS
c184968828dd41a0888f30d3fbdb2d55;1;R;Bit;TabLeituraBinTc;Discrete input;411;Binary input;47;0;1;0;1;;;;0=Não disparado\1=Disparado;0=Not triggered\1=Triggered;;;;Público;Indicação de memória de autodiagnóstico de overflow do TC do enrolamento 3;Indication of self-diagnosis memory for CT overflow of winding 3;;;;;;Geral;General;;;;;Debug;;;;;SPS
38aae7e10b9b4203bfc5da98c60f096a;1;R;Bit;TabLeituraBinTc;Discrete input;412;Binary input;48;0;1;0;1;;;;0=Não disparado\1=Disparado;0=Not triggered\1=Triggered;;;;Público;Indicação de autodiagnóstico da medição do TC do grupo de resfriamento 1;Indication of self-diagnosis for CT measurement of cooling group 1;;;;;;Temperatura;Temperature;;Resfriamento;Cooling;;Autodiagnóstico;;;;;SPS
8b682917004a4d4294eec10df2946de0;1;R;Bit;TabLeituraBinTc;Discrete input;413;Binary input;49;0;1;0;1;;;;0=Não disparado\1=Disparado;0=Not triggered\1=Triggered;;;;Público;Indicação de memória de autodiagnóstico da medição do TC do grupo de resfriamento 1;Indication of self-diagnosis memory for CT measurement of cooling group 1;;;;;;Temperatura;Temperature;;Resfriamento;Cooling;;Debug;;;;;SPS
062c0d6df2044c8cab7074b84f073e0c;1;R;Bit;TabLeituraBinTc;Discrete input;414;Binary input;50;0;1;0;1;;;;0=Não disparado\1=Disparado;0=Not triggered\1=Triggered;;;;Público;Indicação de autodiagnóstico de overflow do TC do grupo de resfriamento 1;Indication of self-diagnosis for CT overflow of cooling group 1;;;;;;Temperatura;Temperature;;Resfriamento;Cooling;;Autodiagnóstico;;;;;SPS
4fa68b28ce1f45ab844173fa8f20cbab;1;R;Bit;TabLeituraBinTc;Discrete input;415;Binary input;51;0;1;0;1;;;;0=Não disparado\1=Disparado;0=Not triggered\1=Triggered;;;;Público;Indicação de memória de autodiagnóstico de overflow do TC do grupo de resfriamento 1;Indication of self-diagnosis memory for CT overflow of cooling group 1;;;;;;Temperatura;Temperature;;Resfriamento;Cooling;;Debug;;;;;SPS
4226cb92a4274965a610f4748693c703;1;R;Bit;TabLeituraBinTc;Discrete input;416;Binary input;52;0;1;0;1;;;;0=Não disparado\1=Disparado;0=Not triggered\1=Triggered;;;;Público;Indicação de autodiagnóstico da medição do TC do grupo de resfriamento 2;Indication of self-diagnosis for CT measurement of cooling group 2;;;;;;Temperatura;Temperature;;Resfriamento;Cooling;;Autodiagnóstico;;;;;SPS
7da66eefced5497f84e83a294bd06dad;1;R;Bit;TabLeituraBinTc;Discrete input;417;Binary input;53;0;1;0;1;;;;0=Não disparado\1=Disparado;0=Not triggered\1=Triggered;;;;Público;Indicação de memória de autodiagnóstico da medição do TC do grupo de resfriamento 2;Indication of self-diagnosis memory for CT measurement of cooling group 2;;;;;;Temperatura;Temperature;;Resfriamento;Cooling;;Debug;;;;;SPS
3b7583048f75414b949139452459102d;1;R;Bit;TabLeituraBinTc;Discrete input;418;Binary input;54;0;1;0;1;;;;0=Não disparado\1=Disparado;0=Not triggered\1=Triggered;;;;Público;Indicação de autodiagnóstico de overflow do TC do grupo de resfriamento 2;Indication of self-diagnosis for CT overflow of cooling group 2;;;;;;Temperatura;Temperature;;Resfriamento;Cooling;;Autodiagnóstico;;;;;SPS
982040655b814ad6a6e189ca776c9355;1;R;Bit;TabLeituraBinTc;Discrete input;419;Binary input;55;0;1;0;1;;;;0=Não disparado\1=Disparado;0=Not triggered\1=Triggered;;;;Público;Indicação de memória de autodiagnóstico de overflow do TC do grupo de resfriamento 2;Indication of self-diagnosis memory for CT overflow of cooling group 2;;;;;;Temperatura;Temperature;;Resfriamento;Cooling;;Debug;;;;;SPS
e6508732ae8d493aaf72904459132f8d;1;R;Bit;TabLeituraBinTc;Discrete input;420;Binary input;56;0;1;0;1;;;;0=Não disparado\1=Disparado;0=Not triggered\1=Triggered;;;;Público;Indicação de autodiagnóstico da medição do TC do grupo de resfriamento 3;Indication of self-diagnosis for CT measurement of cooling group 3;;;;;;Temperatura;Temperature;;Resfriamento;Cooling;;Autodiagnóstico;;;;;SPS
5f84cee3a7a540a1859fe522cb8c543e;1;R;Bit;TabLeituraBinTc;Discrete input;421;Binary input;57;0;1;0;1;;;;0=Não disparado\1=Disparado;0=Not triggered\1=Triggered;;;;Público;Indicação de memória de autodiagnóstico da medição do TC do grupo de resfriamento 3;Indication of self-diagnosis memory for CT measurement of cooling group 3;;;;;;Temperatura;Temperature;;Resfriamento;Cooling;;Debug;;;;;SPS
4e3a70fb1d054ee78dfc621d6f9667b2;1;R;Bit;TabLeituraBinTc;Discrete input;422;Binary input;58;0;1;0;1;;;;0=Não disparado\1=Disparado;0=Not triggered\1=Triggered;;;;Público;Indicação de autodiagnóstico de overflow do TC do grupo de resfriamento 3;Indication of self-diagnosis for CT overflow of cooling group 3;;;;;;Temperatura;Temperature;;Resfriamento;Cooling;;Autodiagnóstico;;;;;SPS
db1077fe4fd649679fb3ef59df09c5d2;1;R;Bit;TabLeituraBinTc;Discrete input;423;Binary input;59;0;1;0;1;;;;0=Não disparado\1=Disparado;0=Not triggered\1=Triggered;;;;Público;Indicação de memória de autodiagnóstico de overflow do TC do grupo de resfriamento 3;Indication of self-diagnosis memory for CT overflow of cooling group 3;;;;;;Temperatura;Temperature;;Resfriamento;Cooling;;Debug;;;;;SPS
d7888753e9fb43d29f0c86d62dfbc2e5;1;R;Bit;TabLeituraBinTc;Discrete input;424;Binary input;60;0;1;0;1;;;;0=Não disparado\1=Disparado;0=Not triggered\1=Triggered;;;;Público;Indicação de autodiagnóstico da medição do TC do grupo de resfriamento 4;Indication of self-diagnosis for CT measurement of cooling group 4;;;;;;Temperatura;Temperature;;Resfriamento;Cooling;;Autodiagnóstico;;;;;SPS
6ba5cb8e6ac945889e0e84f796916d4a;1;R;Bit;TabLeituraBinTc;Discrete input;425;Binary input;61;0;1;0;1;;;;0=Não disparado\1=Disparado;0=Not triggered\1=Triggered;;;;Público;Indicação de memória de autodiagnóstico da medição do TC do grupo de resfriamento 4;Indication of self-diagnosis memory for CT measurement of cooling group 4;;;;;;Temperatura;Temperature;;Resfriamento;Cooling;;Debug;;;;;SPS
cdfd5d4e2f1049f592843584745a7a22;1;R;Bit;TabLeituraBinTc;Discrete input;426;Binary input;62;0;1;0;1;;;;0=Não disparado\1=Disparado;0=Not triggered\1=Triggered;;;;Público;Indicação de autodiagnóstico de overflow do TC do grupo de resfriamento 4;Indication of self-diagnosis for CT overflow of cooling group 4;;;;;;Temperatura;Temperature;;Resfriamento;Cooling;;Autodiagnóstico;;;;;SPS
2ab81cf1740642c5be1a97e653c2fad7;1;R;Bit;TabLeituraBinTc;Discrete input;427;Binary input;63;0;1;0;1;;;;0=Não disparado\1=Disparado;0=Not triggered\1=Triggered;;;;Público;Indicação de memória de autodiagnóstico de overflow do TC do grupo de resfriamento 4;Indication of self-diagnosis memory for CT overflow of cooling group 4;;;;;;Temperatura;Temperature;;Resfriamento;Cooling;;Debug;;;;;SPS
;;;;;;;;;;;;;;;;;;;;;;;;;;;;;;;;;;;;;;;;
538893e108a0435abb5b7b405d6fd7dc;1;R;16;TabLeituraTc;Input register;400;Analog input;12;-32768;32767;0;100;A;A;;;;;;;Público;Indicação do valor de corrente que gerou o erro de overflow do TC do enrolamento 1;Indication of current value that caused the CT overflow error of winding 1;;;;;;Geral;General;;;;;Debug;;;;;
4fbc97e0a4de4b72b0eb16500d8a0b73;1;R;16;TabLeituraTc;Input register;401;Analog input;13;-32768;32767;0;100;A;A;;;;;;;Público;Indicação do valor de corrente que gerou o erro de overflow do TC do enrolamento 2;Indication of current value that caused the CT overflow error of winding 2;;;;;;Geral;General;;;;;Debug;;;;;
7ac5ab06eefe4cca9df0574384d49144;1;R;16;TabLeituraTc;Input register;402;Analog input;14;-32768;32767;0;100;A;A;;;;;;;Público;Indicação do valor de corrente que gerou o erro de overflow do TC do enrolamento 3;Indication of current value that caused the CT overflow error of winding 3;;;;;;Geral;General;;;;;Debug;;;;;
cda5de6ccb4e4a46aef2003d4cecec04;1;R;16;TabLeituraTc;Input register;403;Analog input;15;-32768;32767;0;100;A;A;;;;;;;Público;Indicação do valor de corrente que gerou o erro de overflow do TC do grupo de resfriamento 1;Indication of current value that caused the CT overflow error of cooling group 1;;;;;;Temperatura;Temperature;;Resfriamento;Cooling;;Debug;;;;;
a857149f8ff94347a379edc79f296954;1;R;16;TabLeituraTc;Input register;404;Analog input;16;-32768;32767;0;100;A;A;;;;;;;Público;Indicação do valor de corrente que gerou o erro de overflow do TC do grupo de resfriamento 2;Indication of current value that caused the CT overflow error of cooling group 2;;;;;;Temperatura;Temperature;;Resfriamento;Cooling;;Debug;;;;;
5500d540fe9b4ffdb369b1194f688bfd;1;R;16;TabLeituraTc;Input register;405;Analog input;17;-32768;32767;0;100;A;A;;;;;;;Público;Indicação do valor de corrente que gerou o erro de overflow do TC do grupo de resfriamento 3;Indication of current value that caused the CT overflow error of cooling group 3;;;;;;Temperatura;Temperature;;Resfriamento;Cooling;;Debug;;;;;
ad9b64ea340f40ceb97adb9824e7b197;1;R;16;TabLeituraTc;Input register;406;Analog input;18;-32768;32767;0;100;A;A;;;;;;;Público;Indicação do valor de corrente que gerou o erro de overflow do TC do grupo de resfriamento 4;Indication of current value that caused the CT overflow error of cooling group 4;;;;;;Temperatura;Temperature;;Resfriamento;Cooling;;Debug;;;;;
;;;;;;;;;;;;;;;;;;;;;;;;;;;;;;;;;;;;;;;;
609c72a4bb344a58a6e3ef81d5d9d1cf;1;R;Bit;TabLeituraBinConcentrador;Discrete input;500;Binary input;64;0;1;0;1;;;;0=Não\1=Sim;0=No\1=Yes;;CONC;;Público;Indicação de existência de mestre na rede de comunicação;Indication of existence of a master in the communication network;;;;;;Concentrador;Concentrator;;Paralelismo;Parallelism;;Debug;;;;;SPS
ea11c36509094a4a936c54ec97832692;1;R;Bit;TabLeituraBinConcentrador;Discrete input;501;Binary input;65;0;1;0;1;;;;0=Não\1=Sim;0=No\1=Yes;;CONC;;Público;Indicação de existência de comandado na rede de comunicação;Indication of existence of followers in the communication network;;;;;;Concentrador;Concentrator;;Paralelismo;Parallelism;;Debug;;;;;SPS
41c1f2d54188492bb3ef821da5d67687;1;R;Bit;TabLeituraBinConcentrador;Discrete input;502;Binary input;66;0;1;0;1;;;;0=Não\1=Sim;0=No\1=Yes;;CONC;;Público;Indicação de mestre pronto para efetuar comutação;Indication of master ready to change tap;;;;;;Concentrador;Concentrator;;Paralelismo;Parallelism;;Debug;;;SDVCONC_$LPHD1$ST$ParMstrRdy$stVal;;SPS
906d8d3b7f6b4843a58b875dcd2101d1;1;R;Bit;TabLeituraBinConcentrador;Discrete input;503;Binary input;67;0;1;0;1;;;;0=Não\1=Sim;0=No\1=Yes;;CONC;;Público;Indicação de existência de mais de um mestre na rede de comunicação;Indication of existence of more than one master in the communication network;;;;;;Concentrador;Concentrator;;Paralelismo;Parallelism;;Alarme;;;;;SPS
f35995997c344ac0a94815a327820ad5;1;R;Bit;TabLeituraBinConcentrador;Discrete input;504;Binary input;68;0;1;0;1;;;;0=Não disparado\1=Disparado;0=Not triggered\1=Triggered;;CONC;;Público;Indicação de erro de comunicação no sistema;Indication of system communication error;;;;;;Concentrador;Concentrator;;;;;Autodiagnóstico;;;SDVCONC_$LPHD1$ST$ParCommErr$stVal;;SPS
e94eb2becad5404496ca7d3a4bd2f032;1;R;Bit;TabLeituraBinConcentrador;Discrete input;505;Binary input;69;0;1;0;1;;;;0=Não disparado\1=Disparado;0=Not triggered\1=Triggered;;CONC;;Público;Indicação de memória de erro de comunicação no sistema;Indication of error memory for system communication;;;;;;Concentrador;Concentrator;;;;;Debug;;;;;
79e3aee4e437435c8ff23d2d4ab1525c;1;R;Bit;TabLeituraBinConcentrador;Discrete input;506;Binary input;70;0;1;0;1;;;;0=Não disparado\1=Disparado;0=Not triggered\1=Triggered;;CONC;;Público;Indicação de erro de sincronismo entre fases ou bancos do sistema;Indication of error in synchronism between system phases or banks;;;;;;Concentrador;Concentrator;;;;;Autodiagnóstico;;;SDVCONC_$LPHD1$ST$ErrPar$stVal;;
3f477b4fb00c4ac8851875ab187d3b88;1;R;Bit;TabLeituraBinConcentrador;Discrete input;507;Binary input;71;0;1;0;1;;;;0=Não disparado\1=Disparado;0=Not triggered\1=Triggered;;CONC;;Público;Indicação de memória de erro de sincronismo entre fases ou bancos do sistema;Indication of error memory for synchronism between system phases or banks;;;;;;Concentrador;Concentrator;;;;;Debug;;;;;
0c9627b7a2fb4e5c996a3bdcc0bb2c84;1;R;Bit;TabLeituraBinConcentrador;Discrete input;508;Binary input;72;0;1;0;1;;;;0=Não disparado\1=Disparado;0=Not triggered\1=Triggered;;CONC;;Público;Indicação de erro de programação no sistema;Indication of system programming error;;;;;;Concentrador;Concentrator;;;;;Autodiagnóstico;;;SDVCONC_$LPHD1$ST$ParPrgErr$stVal;;SPS
24c39463832348f0bc7e78602e9d2815;1;R;Bit;TabLeituraBinConcentrador;Discrete input;509;Binary input;73;0;1;0;1;;;;0=Não disparado\1=Disparado;0=Not triggered\1=Triggered;;CONC;;Público;Indicação de memória de erro de programação no sistema;Indication of error memory for system programming error;;;;;;Concentrador;Concentrator;;;;;Debug;;;;;
d598040822f24844abe2f703dad41be8;1;R;Bit;TabLeituraBinConcentrador;Discrete input;510;Binary input;74;0;1;0;1;;;;0=Não disparado\1=Disparado;0=Not triggered\1=Triggered;;CONC;;Público;Indicação de erro de leitura de tap no sistema;Indication of tap position reading error in system;;;;;;Concentrador;Concentrator;;;;;Autodiagnóstico;;;SDVCONC_$LPHD1$ST$TapOpErr$stVal;;SPS
c0c1659cec2b4573bbe227430a403a35;1;R;Bit;TabLeituraBinConcentrador;Discrete input;511;Binary input;75;0;1;0;1;;;;0=Não disparado\1=Disparado;0=Not triggered\1=Triggered;;CONC;;Público;Indicação de memória de erro de leitura de tap no sistema;Indication of error memory for tap position reading error in system;;;;;;Concentrador;Concentrator;;;;;Debug;;;;;
25a5015ede5f47cdace23f3bc6d8d4c0;1;R;Bit;TabLeituraBinConcentrador;Discrete input;512;Binary input;76;0;1;0;1;;;;0=Não\1=Sim;0=No\1=Yes;;CONC;;Público;Indicação de banco ou transformador 1 - Estado mestre;Indication of bank or transformer 1 - Master status;;;;;;Concentrador;Concentrator;;Paralelismo;Parallelism;;Geral;;;SDVCONC_$YLTC3$ST$BnkMstr$stVal;;SPS
3689a4e207604ae4bd57eb9752800ae2;1;R;Bit;TabLeituraBinConcentrador;Discrete input;513;Binary input;77;0;1;0;1;;;;0=Não\1=Sim;0=No\1=Yes;;CONC;;Público;Indicação de banco ou transformador 1 - Estado comandado;Indication of bank or transformer 1 - Follower status;;;;;;Concentrador;Concentrator;;Paralelismo;Parallelism;;Geral;;;SDVCONC_$YLTC3$ST$BnkFlwr$stVal;;SPS
8ec21e5314af49a0b0921ec40a0d5117;1;R;Bit;TabLeituraBinConcentrador;Discrete input;514;Binary input;78;0;1;0;1;;;;0=Manual\1=Automático;0=Manual\1=Automatic;;CONC;;Público;Indicação de banco ou transformador 1 - Estado manual ou automático;Indication of bank or transformer 1 - Manual or automatic status;;;;;;Concentrador;Concentrator;;Paralelismo;Parallelism;;Geral;;;SDVCONC_$YLTC3$ST$BnkAuto$stVal;;SPS
40f9132832be446d90291b7b174b527a;1;R;Bit;TabLeituraBinConcentrador;Discrete input;515;Binary input;79;0;1;0;1;;;;0=Remoto\1=Local;0=Remote\1=Local;;CONC;;Público;Indicação de banco ou transformador 1 - Estado remoto ou local;Indication of bank or transformer 1 - Remote or local status;;;;;;Concentrador;Concentrator;;Paralelismo;Parallelism;;Geral;;;SDVCONC_$YLTC3$ST$BnkLoc$stVal;;
610010665bd94e0b8e70a54b40e72ae7;1;R;Bit;TabLeituraBinConcentrador;Discrete input;516;Binary input;80;0;1;0;1;;;;0=Não\1=Sim;0=No\1=Yes;;CONC;;Público;Indicação de banco ou transformador 1 - Sincronismo e comunicação OK e sem comutação pendente;Indication of bank or transformer 1 - Synchronism and communication OK and no commutation pending;;;;;;Concentrador;Concentrator;;Paralelismo;Parallelism;;Geral;;;SDVCONC_$YLTC3$ST$BnkOp$stVal;;SPS
54eb978763ed471bbf2b2aef674e21e6;1;R;Bit;TabLeituraBinConcentrador;Discrete input;517;Binary input;81;0;1;0;1;;;;0=Não\1=Sim;0=No\1=Yes;;CONC;;Público;Indicação de banco ou transformador 1 - Pronto para efetuar comutação;Indication of bank or transformer 1 - Ready to proceed commutation;;;;;;Concentrador;Concentrator;;Paralelismo;Parallelism;;Geral;;;SDVCONC_$YLTC3$ST$BnkOpRdy$stVal;;SPS
5eefc58200524bb59b7814e1aea1ab77;1;R;Bit;TabLeituraBinConcentrador;Discrete input;518;Binary input;82;0;1;0;1;;;;0=Não disparado\1=Disparado;0=Not triggered\1=Triggered;;CONC;;Público;Indicação de banco ou transformador 1 - Erro de sincronismo entre bancos;Indication of bank or transformer 1 - Synchronism error between banks;;;;;;Concentrador;Concentrator;;;;;Autodiagnóstico;;;SDVCONC_$YLTC3$ST$BnkSyncErr$stVal;;SPS
b265f863c02943f7b25095a5453476bc;1;R;Bit;TabLeituraBinConcentrador;Discrete input;519;Binary input;83;0;1;0;1;;;;0=Não disparado\1=Disparado;0=Not triggered\1=Triggered;;CONC;;Público;Indicação de banco ou transformador 1 - Erro de sincronismo entre fases;Indication of bank or transformer 1 - Synchronism error between phases;;;;;;Concentrador;Concentrator;;;;;Debug;;;SDVCONC_$YLTC3$ST$BnkPhSyncErr$stVal;;
90356ee78ca041b59a4e38162535d7ee;1;R;Bit;TabLeituraBinConcentrador;Discrete input;520;Binary input;84;0;1;0;1;;;;0=Não disparado\1=Disparado;0=Not triggered\1=Triggered;;CONC;;Público;Indicação de banco ou transformador 1 - Erro de leitura de tap;Indication of bank or transformer 1 - Tap position reading error;;;;;;Concentrador;Concentrator;;;;;Debug;;;SDVCONC_$YLTC3$ST$BnkTapOpErr$stVal;;
621cbaac05544ad4ac759393b8d0539a;1;R;Bit;TabLeituraBinConcentrador;Discrete input;521;Binary input;85;0;1;0;1;;;;0=Não\1=Sim;0=No\1=Yes;;CONC;;Público;Indicação de banco ou transformador 2 - Estado mestre;Indication of bank or transformer 2 - Master status;;;;;;Concentrador;Concentrator;;Paralelismo;Parallelism;;Geral;;;SDVCONC_$YLTC6$ST$BnkMstr$stVal;;SPS
454ac68e4b4147348f34ebf252e754a2;1;R;Bit;TabLeituraBinConcentrador;Discrete input;522;Binary input;86;0;1;0;1;;;;0=Não\1=Sim;0=No\1=Yes;;CONC;;Público;Indicação de banco ou transformador 2 - Estado comandado;Indication of bank or transformer 2 - Follower status;;;;;;Concentrador;Concentrator;;Paralelismo;Parallelism;;Geral;;;SDVCONC_$YLTC6$ST$BnkFlwr$stVal;;SPS
240077a8406e47e79f660d1b04953af8;1;R;Bit;TabLeituraBinConcentrador;Discrete input;523;Binary input;87;0;1;0;1;;;;0=Manual\1=Automático;0=Manual\1=Automatic;;CONC;;Público;Indicação de banco ou transformador 2 - Estado manual ou automático;Indication of bank or transformer 2 - Manual or automatic status;;;;;;Concentrador;Concentrator;;Paralelismo;Parallelism;;Geral;;;SDVCONC_$YLTC6$ST$BnkAuto$stVal;;SPS
3e196eef6f0a41e3b7271be112125319;1;R;Bit;TabLeituraBinConcentrador;Discrete input;524;Binary input;88;0;1;0;1;;;;0=Remoto\1=Local;0=Remote\1=Local;;CONC;;Público;Indicação de banco ou transformador 2 - Estado remoto ou local;Indication of bank or transformer 2 - Remote or local status;;;;;;Concentrador;Concentrator;;Paralelismo;Parallelism;;Geral;;;SDVCONC_$YLTC6$ST$BnkLoc$stVal;;
80041b1bfb1e40bc9c1ae171855b7a53;1;R;Bit;TabLeituraBinConcentrador;Discrete input;525;Binary input;89;0;1;0;1;;;;0=Não\1=Sim;0=No\1=Yes;;CONC;;Público;Indicação de banco ou transformador 2 - Sincronismo e comunicação OK e sem comutação pendente;Indication of bank or transformer 2 - Synchronism and communication OK and no commutation pending;;;;;;Concentrador;Concentrator;;Paralelismo;Parallelism;;Geral;;;SDVCONC_$YLTC6$ST$BnkOp$stVal;;SPS
2c24883f2aea4c10b5e8f0cf4035f9f9;1;R;Bit;TabLeituraBinConcentrador;Discrete input;526;Binary input;90;0;1;0;1;;;;0=Não\1=Sim;0=No\1=Yes;;CONC;;Público;Indicação de banco ou transformador 2 - Pronto para efetuar comutação;Indication of bank or transformer 2 - Ready to proceed commutation;;;;;;Concentrador;Concentrator;;Paralelismo;Parallelism;;Geral;;;SDVCONC_$YLTC6$ST$BnkOpRdy$stVal;;SPS
e61972c4323946edbb7eeef1694d0f4a;1;R;Bit;TabLeituraBinConcentrador;Discrete input;527;Binary input;91;0;1;0;1;;;;0=Não disparado\1=Disparado;0=Not triggered\1=Triggered;;CONC;;Público;Indicação de banco ou transformador 2 - Erro de sincronismo entre bancos;Indication of bank or transformer 2 - Synchronism error between banks;;;;;;Concentrador;Concentrator;;;;;Autodiagnóstico;;;SDVCONC_$YLTC6$ST$BnkSyncErr$stVal;;SPS
1431b791d5514f34852a2053056d4af5;1;R;Bit;TabLeituraBinConcentrador;Discrete input;528;Binary input;92;0;1;0;1;;;;0=Não disparado\1=Disparado;0=Not triggered\1=Triggered;;CONC;;Público;Indicação de banco ou transformador 2 - Erro de sincronismo entre fases;Indication of bank or transformer 2 - Synchronism error between phases;;;;;;Concentrador;Concentrator;;;;;Debug;;;SDVCONC_$YLTC6$ST$BnkPhSyncErr$stVal;;
1a80e82f9c124ebbbabf6d00b3b45c74;1;R;Bit;TabLeituraBinConcentrador;Discrete input;529;Binary input;93;0;1;0;1;;;;0=Não disparado\1=Disparado;0=Not triggered\1=Triggered;;CONC;;Público;Indicação de banco ou transformador 2 - Erro de leitura de tap;Indication of bank or transformer 2 - Tap position reading error;;;;;;Concentrador;Concentrator;;;;;Debug;;;SDVCONC_$YLTC6$ST$BnkTapOpErr$stVal;;
a38544a1e7c14583852126df010701fc;1;R;Bit;TabLeituraBinConcentrador;Discrete input;530;Binary input;94;0;1;0;1;;;;0=Não\1=Sim;0=No\1=Yes;;CONC;;Público;Indicação de banco ou transformador 3 - Estado mestre;Indication of bank or transformer 3 - Master status;;;;;;Concentrador;Concentrator;;Paralelismo;Parallelism;;Geral;;;SDVCONC_$YLTC9$ST$BnkMstr$stVal;;SPS
06a19d1041fe4381968d641b8ba9bf15;1;R;Bit;TabLeituraBinConcentrador;Discrete input;531;Binary input;95;0;1;0;1;;;;0=Não\1=Sim;0=No\1=Yes;;CONC;;Público;Indicação de banco ou transformador 3 - Estado comandado;Indication of bank or transformer 3 - Follower status;;;;;;Concentrador;Concentrator;;Paralelismo;Parallelism;;Geral;;;SDVCONC_$YLTC9$ST$BnkFlwr$stVal;;SPS
b24788c45528499692bdcfc62db4162d;1;R;Bit;TabLeituraBinConcentrador;Discrete input;532;Binary input;96;0;1;0;1;;;;0=Manual\1=Automático;0=Manual\1=Automatic;;CONC;;Público;Indicação de banco ou transformador 3 - Estado manual ou automático;Indication of bank or transformer 3 - Manual or automatic status;;;;;;Concentrador;Concentrator;;Paralelismo;Parallelism;;Geral;;;SDVCONC_$YLTC9$ST$BnkAuto$stVal;;SPS
b179247535ca40d9b1effb4a4324f0fa;1;R;Bit;TabLeituraBinConcentrador;Discrete input;533;Binary input;97;0;1;0;1;;;;0=Remoto\1=Local;0=Remote\1=Local;;CONC;;Público;Indicação de banco ou transformador 3 - Estado remoto ou local;Indication of bank or transformer 3 - Remote or local status;;;;;;Concentrador;Concentrator;;Paralelismo;Parallelism;;Geral;;;SDVCONC_$YLTC9$ST$BnkLoc$stVal;;
eafec6e43ea2480ca4aee9229a13d8af;1;R;Bit;TabLeituraBinConcentrador;Discrete input;534;Binary input;98;0;1;0;1;;;;0=Não\1=Sim;0=No\1=Yes;;CONC;;Público;Indicação de banco ou transformador 3 - Sincronismo e comunicação OK e sem comutação pendente;Indication of bank or transformer 3 - Synchronism and communication OK and no commutation pending;;;;;;Concentrador;Concentrator;;Paralelismo;Parallelism;;Geral;;;SDVCONC_$YLTC9$ST$BnkOp$stVal;;SPS
c0508bf84a85490c94572d98d73100b7;1;R;Bit;TabLeituraBinConcentrador;Discrete input;535;Binary input;99;0;1;0;1;;;;0=Não\1=Sim;0=No\1=Yes;;CONC;;Público;Indicação de banco ou transformador 3 - Pronto para efetuar comutação;Indication of bank or transformer 3 - Ready to proceed commutation;;;;;;Concentrador;Concentrator;;Paralelismo;Parallelism;;Geral;;;SDVCONC_$YLTC9$ST$BnkOpRdy$stVal;;SPS
e59946722c514127884d7b72269ac84c;1;R;Bit;TabLeituraBinConcentrador;Discrete input;536;Binary input;100;0;1;0;1;;;;0=Não disparado\1=Disparado;0=Not triggered\1=Triggered;;CONC;;Público;Indicação de banco ou transformador 3 - Erro de sincronismo entre bancos;Indication of bank or transformer 3 - Synchronism error between banks;;;;;;Concentrador;Concentrator;;;;;Autodiagnóstico;;;SDVCONC_$YLTC9$ST$BnkSyncErr$stVal;;SPS
9695ab6eed8343a782149a5001fcfb49;1;R;Bit;TabLeituraBinConcentrador;Discrete input;537;Binary input;101;0;1;0;1;;;;0=Não disparado\1=Disparado;0=Not triggered\1=Triggered;;CONC;;Público;Indicação de banco ou transformador 3 - Erro de sincronismo entre fases;Indication of bank or transformer 3 - Synchronism error between phases;;;;;;Concentrador;Concentrator;;;;;Debug;;;SDVCONC_$YLTC9$ST$BnkPhSyncErr$stVal;;
46b4102359194518b1fdb2a780d29c35;1;R;Bit;TabLeituraBinConcentrador;Discrete input;538;Binary input;102;0;1;0;1;;;;0=Não disparado\1=Disparado;0=Not triggered\1=Triggered;;CONC;;Público;Indicação de banco ou transformador 3 - Erro de leitura de tap;Indication of bank or transformer 3 - Tap position reading error;;;;;;Concentrador;Concentrator;;;;;Debug;;;SDVCONC_$YLTC9$ST$BnkTapOpErr$stVal;;
0e065e17cacc4a1187e93212965a7a1c;1;R;Bit;TabLeituraBinConcentrador;Discrete input;539;Binary input;103;0;1;0;1;;;;0=Não\1=Sim;0=No\1=Yes;;CONC;;Público;Indicação de banco ou transformador 4 - Estado mestre;Indication of bank or transformer 4 - Master status;;;;;;Concentrador;Concentrator;;Paralelismo;Parallelism;;Geral;;;SDVCONC_$YLTC12$ST$BnkMstr$stVal;;SPS
8ec3f58a2500430fb74bed6ce02e7def;1;R;Bit;TabLeituraBinConcentrador;Discrete input;540;Binary input;104;0;1;0;1;;;;0=Não\1=Sim;0=No\1=Yes;;CONC;;Público;Indicação de banco ou transformador 4 - Estado comandado;Indication of bank or transformer 4 - Follower status;;;;;;Concentrador;Concentrator;;Paralelismo;Parallelism;;Geral;;;SDVCONC_$YLTC12$ST$BnkFlwr$stVal;;SPS
e0ae61920d8d4cc9a7a67bd0dfafee74;1;R;Bit;TabLeituraBinConcentrador;Discrete input;541;Binary input;105;0;1;0;1;;;;0=Manual\1=Automático;0=Manual\1=Automatic;;CONC;;Público;Indicação de banco ou transformador 4 - Estado manual ou automático;Indication of bank or transformer 4 - Manual or automatic status;;;;;;Concentrador;Concentrator;;Paralelismo;Parallelism;;Geral;;;SDVCONC_$YLTC12$ST$BnkAuto$stVal;;SPS
c201132fed4c4c68b51cf28e6305909f;1;R;Bit;TabLeituraBinConcentrador;Discrete input;542;Binary input;106;0;1;0;1;;;;0=Remoto\1=Local;0=Remote\1=Local;;CONC;;Público;Indicação de banco ou transformador 4 - Estado remoto ou local;Indication of bank or transformer 4 - Remote or local status;;;;;;Concentrador;Concentrator;;Paralelismo;Parallelism;;Geral;;;SDVCONC_$YLTC12$ST$BnkLoc$stVal;;
be870242cbdd49dd8ccf13a371324a57;1;R;Bit;TabLeituraBinConcentrador;Discrete input;543;Binary input;107;0;1;0;1;;;;0=Não\1=Sim;0=No\1=Yes;;CONC;;Público;Indicação de banco ou transformador 4 - Sincronismo e comunicação OK e sem comutação pendente;Indication of bank or transformer 4 - Synchronism and communication OK and no commutation pending;;;;;;Concentrador;Concentrator;;Paralelismo;Parallelism;;Geral;;;SDVCONC_$YLTC12$ST$BnkOp$stVal;;SPS
1ae41c4522dd4e9680c93a8ab456dfd2;1;R;Bit;TabLeituraBinConcentrador;Discrete input;544;Binary input;108;0;1;0;1;;;;0=Não\1=Sim;0=No\1=Yes;;CONC;;Público;Indicação de banco ou transformador 4 - Pronto para efetuar comutação;Indication of bank or transformer 4 - Ready to proceed commutation;;;;;;Concentrador;Concentrator;;Paralelismo;Parallelism;;Geral;;;SDVCONC_$YLTC12$ST$BnkOpRdy$stVal;;SPS
491ea5dcd3a24479ba1b058d565469a2;1;R;Bit;TabLeituraBinConcentrador;Discrete input;545;Binary input;109;0;1;0;1;;;;0=Não disparado\1=Disparado;0=Not triggered\1=Triggered;;CONC;;Público;Indicação de banco ou transformador 4 - Erro de sincronismo entre bancos;Indication of bank or transformer 4 - Synchronism error between banks;;;;;;Concentrador;Concentrator;;;;;Autodiagnóstico;;;SDVCONC_$YLTC12$ST$BnkSyncErr$stVal;;SPS
49b024337bf34a1294f7b9f776758afe;1;R;Bit;TabLeituraBinConcentrador;Discrete input;546;Binary input;110;0;1;0;1;;;;0=Não disparado\1=Disparado;0=Not triggered\1=Triggered;;CONC;;Público;Indicação de banco ou transformador 4 - Erro de sincronismo entre fases;Indication of bank or transformer 4 - Synchronism error between phases;;;;;;Concentrador;Concentrator;;;;;Debug;;;SDVCONC_$YLTC12$ST$BnkPhSyncErr$stVal;;
ba05e072fb71454d887292a9a34e15ab;1;R;Bit;TabLeituraBinConcentrador;Discrete input;547;Binary input;111;0;1;0;1;;;;0=Não disparado\1=Disparado;0=Not triggered\1=Triggered;;CONC;;Público;Indicação de banco ou transformador 4 - Erro de leitura de tap;Indication of bank or transformer 4 - Tap position reading error;;;;;;Concentrador;Concentrator;;;;;Debug;;;SDVCONC_$YLTC12$ST$BnkTapOpErr$stVal;;
f44f1e64ec1e4b90a4f82d65b4728b5c;1;R;Bit;TabLeituraBinConcentrador;Discrete input;548;Binary input;112;0;1;0;1;;;;0=Não\1=Sim;0=No\1=Yes;;CONC;;Público;Indicação de banco ou transformador 5 - Estado mestre;Indication of bank or transformer 5 - Master status;;;;;;Concentrador;Concentrator;;Paralelismo;Parallelism;;Geral;;;SDVCONC_$YLTC15$ST$BnkMstr$stVal;;SPS
104f439a530f403fa7d0dcf45af702cf;1;R;Bit;TabLeituraBinConcentrador;Discrete input;549;Binary input;113;0;1;0;1;;;;0=Não\1=Sim;0=No\1=Yes;;CONC;;Público;Indicação de banco ou transformador 5 - Estado comandado;Indication of bank or transformer 5 - Follower status;;;;;;Concentrador;Concentrator;;Paralelismo;Parallelism;;Geral;;;SDVCONC_$YLTC15$ST$BnkFlwr$stVal;;SPS
5332b3021d074e519d31bb5af8ddc0eb;1;R;Bit;TabLeituraBinConcentrador;Discrete input;550;Binary input;114;0;1;0;1;;;;0=Manual\1=Automático;0=Manual\1=Automatic;;CONC;;Público;Indicação de banco ou transformador 5 - Estado manual ou automático;Indication of bank or transformer 5 - Manual or automatic status;;;;;;Concentrador;Concentrator;;Paralelismo;Parallelism;;Geral;;;SDVCONC_$YLTC15$ST$BnkAuto$stVal;;SPS
ceccdacc7df74ff0bd637c0848ccb77c;1;R;Bit;TabLeituraBinConcentrador;Discrete input;551;Binary input;115;0;1;0;1;;;;0=Remoto\1=Local;0=Remote\1=Local;;CONC;;Público;Indicação de banco ou transformador 5 - Estado remoto ou local;Indication of bank or transformer 5 - Remote or local status;;;;;;Concentrador;Concentrator;;Paralelismo;Parallelism;;Geral;;;SDVCONC_$YLTC15$ST$BnkLoc$stVal;;
652a7331d1db4ba396f2c854e2bc2667;1;R;Bit;TabLeituraBinConcentrador;Discrete input;552;Binary input;116;0;1;0;1;;;;0=Não\1=Sim;0=No\1=Yes;;CONC;;Público;Indicação de banco ou transformador 5 - Sincronismo e comunicação OK e sem comutação pendente;Indication of bank or transformer 5 - Synchronism and communication OK and no commutation pending;;;;;;Concentrador;Concentrator;;Paralelismo;Parallelism;;Geral;;;SDVCONC_$YLTC15$ST$BnkOp$stVal;;SPS
d81af08998714655bab8aa7464e2933d;1;R;Bit;TabLeituraBinConcentrador;Discrete input;553;Binary input;117;0;1;0;1;;;;0=Não\1=Sim;0=No\1=Yes;;CONC;;Público;Indicação de banco ou transformador 5 - Pronto para efetuar comutação;Indication of bank or transformer 5 - Ready to proceed commutation;;;;;;Concentrador;Concentrator;;Paralelismo;Parallelism;;Geral;;;SDVCONC_$YLTC15$ST$BnkOpRdy$stVal;;SPS
ab00bf8cc8e0429cb5c737d09c67e783;1;R;Bit;TabLeituraBinConcentrador;Discrete input;554;Binary input;118;0;1;0;1;;;;0=Não disparado\1=Disparado;0=Not triggered\1=Triggered;;CONC;;Público;Indicação de banco ou transformador 5 - Erro de sincronismo entre bancos;Indication of bank or transformer 5 - Synchronism error between banks;;;;;;Concentrador;Concentrator;;;;;Autodiagnóstico;;;SDVCONC_$YLTC15$ST$BnkSyncErr$stVal;;SPS
9f98dd0abc114812a2c0122050c344fc;1;R;Bit;TabLeituraBinConcentrador;Discrete input;555;Binary input;119;0;1;0;1;;;;0=Não disparado\1=Disparado;0=Not triggered\1=Triggered;;CONC;;Público;Indicação de banco ou transformador 5 - Erro de sincronismo entre fases;Indication of bank or transformer 5 - Synchronism error between phases;;;;;;Concentrador;Concentrator;;;;;Debug;;;SDVCONC_$YLTC15$ST$BnkPhSyncErr$stVal;;
c2ede9b45be24e289c5e051f9c324fd4;1;R;Bit;TabLeituraBinConcentrador;Discrete input;556;Binary input;120;0;1;0;1;;;;0=Não disparado\1=Disparado;0=Not triggered\1=Triggered;;CONC;;Público;Indicação de banco ou transformador 5 - Erro de leitura de tap;Indication of bank or transformer 5 - Tap position reading error;;;;;;Concentrador;Concentrator;;;;;Debug;;;SDVCONC_$YLTC15$ST$BnkTapOpErr$stVal;;
459ea06e1ad24b4db9a6ccdf916f9473;1;R;Bit;TabLeituraBinConcentrador;Discrete input;557;Binary input;121;0;1;0;1;;;;0=Não\1=Sim;0=No\1=Yes;;CONC;;Público;Indicação de banco ou transformador 6 - Estado mestre;Indication of bank or transformer 6 - Master status;;;;;;Concentrador;Concentrator;;Paralelismo;Parallelism;;Geral;;;SDVCONC_$YLTC18$ST$BnkMstr$stVal;;SPS
fc696f52987f4256b0750ae2f5ccd761;1;R;Bit;TabLeituraBinConcentrador;Discrete input;558;Binary input;122;0;1;0;1;;;;0=Não\1=Sim;0=No\1=Yes;;CONC;;Público;Indicação de banco ou transformador 6 - Estado comandado;Indication of bank or transformer 6 - Follower status;;;;;;Concentrador;Concentrator;;Paralelismo;Parallelism;;Geral;;;SDVCONC_$YLTC18$ST$BnkFlwr$stVal;;SPS
3bd95b56ef8e435fbe9be17530684c18;1;R;Bit;TabLeituraBinConcentrador;Discrete input;559;Binary input;123;0;1;0;1;;;;0=Manual\1=Automático;0=Manual\1=Automatic;;CONC;;Público;Indicação de banco ou transformador 6 - Estado manual ou automático;Indication of bank or transformer 6 - Manual or automatic status;;;;;;Concentrador;Concentrator;;Paralelismo;Parallelism;;Geral;;;SDVCONC_$YLTC18$ST$BnkAuto$stVal;;SPS
47f314d97e3b42ae9e76f2cd7115c4e1;1;R;Bit;TabLeituraBinConcentrador;Discrete input;560;Binary input;124;0;1;0;1;;;;0=Remoto\1=Local;0=Remote\1=Local;;CONC;;Público;Indicação de banco ou transformador 6 - Estado remoto ou local;Indication of bank or transformer 6 - Remote or local status;;;;;;Concentrador;Concentrator;;Paralelismo;Parallelism;;Geral;;;SDVCONC_$YLTC18$ST$BnkLoc$stVal;;
6782b3b16179447aa9fd92eb508d0980;1;R;Bit;TabLeituraBinConcentrador;Discrete input;561;Binary input;125;0;1;0;1;;;;0=Não\1=Sim;0=No\1=Yes;;CONC;;Público;Indicação de banco ou transformador 6 - Sincronismo e comunicação OK e sem comutação pendente;Indication of bank or transformer 6 - Synchronism and communication OK and no commutation pending;;;;;;Concentrador;Concentrator;;Paralelismo;Parallelism;;Geral;;;SDVCONC_$YLTC18$ST$BnkOp$stVal;;SPS
075e4d30638d42a6bccd4ac9fee84396;1;R;Bit;TabLeituraBinConcentrador;Discrete input;562;Binary input;126;0;1;0;1;;;;0=Não\1=Sim;0=No\1=Yes;;CONC;;Público;Indicação de banco ou transformador 6 - Pronto para efetuar comutação;Indication of bank or transformer 6 - Ready to proceed commutation;;;;;;Concentrador;Concentrator;;Paralelismo;Parallelism;;Geral;;;SDVCONC_$YLTC18$ST$BnkOpRdy$stVal;;SPS
27de7ba9885f4c46ac4282b53b9bb116;1;R;Bit;TabLeituraBinConcentrador;Discrete input;563;Binary input;127;0;1;0;1;;;;0=Não disparado\1=Disparado;0=Not triggered\1=Triggered;;CONC;;Público;Indicação de banco ou transformador 6 - Erro de sincronismo entre bancos;Indication of bank or transformer 6 - Synchronism error between banks;;;;;;Concentrador;Concentrator;;;;;Autodiagnóstico;;;SDVCONC_$YLTC18$ST$BnkSyncErr$stVal;;SPS
f3f9799fc9874acd83c0f15162206c18;1;R;Bit;TabLeituraBinConcentrador;Discrete input;564;Binary input;128;0;1;0;1;;;;0=Não disparado\1=Disparado;0=Not triggered\1=Triggered;;CONC;;Público;Indicação de banco ou transformador 6 - Erro de sincronismo entre fases;Indication of bank or transformer 6 - Synchronism error between phases;;;;;;Concentrador;Concentrator;;;;;Debug;;;SDVCONC_$YLTC18$ST$BnkPhSyncErr$stVal;;
6eb1ddb9e97c430d94482ba8ffc6891c;1;R;Bit;TabLeituraBinConcentrador;Discrete input;565;Binary input;129;0;1;0;1;;;;0=Não disparado\1=Disparado;0=Not triggered\1=Triggered;;CONC;;Público;Indicação de banco ou transformador 6 - Erro de leitura de tap;Indication of bank or transformer 6 - Tap position reading error;;;;;;Concentrador;Concentrator;;;;;Debug;;;SDVCONC_$YLTC18$ST$BnkTapOpErr$stVal;;
;;;;;;;;;;;;;;;;;;;;;;;;;;;;;;;;;;;;;;;;
aaf98361090a4206b7d07886a0ca4237;1;R;16;TabLeituraConcentrador;Input register;500;Analog input;19;1;18;1;1;;;;;;;CONC;;Público;Indicação de número de nodos no sistema;Indication of the number of nodes in the system;;;;;;Concentrador;Concentrator;;Paralelismo;Parallelism;;Geral;;;SDVCONC_$LPHD1$ST$BnkQty$stVal;;INS
7bfc6fc5ce7a479791419c63bae4d2c7;1;R;16;TabLeituraConcentrador;Input register;501;Analog input;20;0;50;0;1;;;;;;;CONC;;Público;Indicação de posição de tap do mestre;Indication of master tap position;;;;;;Concentrador;Concentrator;;Paralelismo;Parallelism;;Geral;;Sim;SDVCONC_$LPHD1$ST$MstrTapPos$stVal;;INS
6779e2b8d8a4481bb636ab83a42ec1fd;1;R;16;TabLeituraConcentrador;Input register;502;Analog input;21;0;50;0;1;;;;;;;CONC;;Público;Indicação de banco ou transformador 1 - Tap atual do SPS/SPS-I principal;Indication of bank or transformer 1 - Current tap of main SPS/SPS-I;;;;;;Concentrador;Concentrator;;Paralelismo;Parallelism;;Geral;;Sim;;;INS
042c1c5721c9474d94f7248e4b9350a1;1;R;16;TabLeituraConcentrador;Input register;503;Analog input;22;0;50;0;1;;;;;;;CONC;;Público;Indicação de banco ou transformador 2 - Tap atual do SPS/SPS-I principal;Indication of bank or transformer 2 - Current tap of main SPS/SPS-I;;;;;;Concentrador;Concentrator;;Paralelismo;Parallelism;;Geral;;Sim;;;INS
3638348190984b299239196420b2469f;1;R;16;TabLeituraConcentrador;Input register;504;Analog input;23;0;50;0;1;;;;;;;CONC;;Público;Indicação de banco ou transformador 3 - Tap atual do SPS/SPS-I principal;Indication of bank or transformer 3 - Current tap of main SPS/SPS-I;;;;;;Concentrador;Concentrator;;Paralelismo;Parallelism;;Geral;;Sim;;;INS
125bb4a8e9d3498ca66c5bb489684141;1;R;16;TabLeituraConcentrador;Input register;505;Analog input;24;0;50;0;1;;;;;;;CONC;;Público;Indicação de banco ou transformador 4 - Tap atual do SPS/SPS-I principal;Indication of bank or transformer 4 - Current tap of main SPS/SPS-I;;;;;;Concentrador;Concentrator;;Paralelismo;Parallelism;;Geral;;Sim;;;INS
f5252a9f81154b4ebfcfd16c74b105d1;1;R;16;TabLeituraConcentrador;Input register;506;Analog input;25;0;50;0;1;;;;;;;CONC;;Público;Indicação de banco ou transformador 5 - Tap atual do SPS/SPS-I principal;Indication of bank or transformer 5 - Current tap of main SPS/SPS-I;;;;;;Concentrador;Concentrator;;Paralelismo;Parallelism;;Geral;;Sim;;;INS
7c35e64017674aa197d307ed3c6f2d01;1;R;16;TabLeituraConcentrador;Input register;507;Analog input;26;0;50;0;1;;;;;;;CONC;;Público;Indicação de banco ou transformador 6 - Tap atual do SPS/SPS-I principal;Indication of bank or transformer 6 - Current tap of main SPS/SPS-I;;;;;;Concentrador;Concentrator;;Paralelismo;Parallelism;;Geral;;Sim;;;INS
20c6d3fe2ba84b3b89368cce5f30fb96;1;R;16;TabLeituraConcentrador;Input register;508;Analog input;159;0;2;2;1;;;;0=Down\1=Up\2=Desabilitado;0=Down\1=Up\2=Disabled;;CONC;;Público;Indicação de estado de rede segundo If Down Up;Indication of network state based on If Down Up;;;;;;Concentrador;Concentrator;;Paralelismo;Parallelism;;Geral;;Sim;;ifDownUp;INS
;;;;;;;;;;;;;;;;;;;;;;;;;;;;;;;;;;;;;;;;
367d12ba6cbd45ceb1b373133982adaa;1;R;Bit;TabLeituraBinSps1;Discrete input;600;Binary input;130;0;1;0;1;;;;0=Não\1=Sim;0=No\1=Yes;;CONC;;Público;Indicação de funcionamento do SPS endereço 1 - Comutação em andamento;Indication of SPS address 1 operation - Commutation in progress;;;;;;Concentrador;Concentrator;;Paralelismo;Parallelism;;Geral;;;SDVCONC_$YLTC1$ST$TapChg$stVal;;SPS
e5fba276cedd4e209d4ae4f28e36af11;1;R;Bit;TabLeituraBinSps1;Discrete input;601;Binary input;131;0;1;0;1;;;;0=Remoto\1=Local;0=Remote\1=Local;;CONC;;Público;Indicação de funcionamento do SPS endereço 1 - Estado remoto ou local;Indication of SPS address 1 operation - Remote or local status;;;;;;Concentrador;Concentrator;;Paralelismo;Parallelism;;Geral;;;SDVCONC_$YLTC1$ST$Rem$stVal;;SPS
c5f2991dcbbf4b2aabf5625591c06478;1;R;Bit;TabLeituraBinSps1;Discrete input;602;Binary input;132;0;1;0;1;;;;0=Manual\1=Automático;0=Manual\1=Automatic;;CONC;;Público;Indicação de funcionamento do SPS endereço 1 - Estado manual ou automático;Indication of SPS address 1 operation - Manual or automatic status;;;;;;Concentrador;Concentrator;;Paralelismo;Parallelism;;Geral;;;SDVCONC_$YLTC1$ST$Auto$stVal;;SPS
f8338c3e4e2b461bb7fb0f8b8390bb98;1;R;Bit;TabLeituraBinSps1;Discrete input;603;Binary input;133;0;1;0;1;;;;0=Individual\1=Banco;0=Individual\1=Bank;;CONC;;Público;Indicação de funcionamento do SPS endereço 1 - Estado fase individual ou banco;Indication of SPS address 1 operation - Individual phase or bank status;;;;;;Concentrador;Concentrator;;Paralelismo;Parallelism;;Geral;;;SDVCONC_$YLTC1$ST$ParOp$stVal;;SPS
edbb4fe572b446b4b0357189517d6a0e;1;R;Bit;TabLeituraBinSps1;Discrete input;604;Binary input;134;0;1;0;1;;;;0=Trifásico\1=Monofásico;0=Three-phase\1=Single-phase;;CONC;;Público;Indicação de funcionamento do SPS endereço 1 - Modo trifásico ou monofásico;Indication of SPS address 1 operation - Three-phase or single-phase mode;;;;;;Concentrador;Concentrator;;Paralelismo;Parallelism;;Geral;;;SDVCONC_$YLTC1$ST$TrfMod$stVal;;SPS
e52eda09741e4502a37adea057318b4f;1;R;Bit;TabLeituraBinSps1;Discrete input;605;Binary input;135;0;1;0;1;;;;0=Não disparado\1=Disparado;0=Not triggered\1=Triggered;;CONC;;Público;Indicação de funcionamento do SPS endereço 1 - Erro de sincronismo entre fases;Indication of SPS address 1 operation - Error in synchronism between phases;;;;;;Concentrador;Concentrator;;;;;Autodiagnóstico;;;SDVCONC_$YLTC1$ST$SyncErrPh$stVal;;SPS
fe72a3a679b541a9875e385e1e3ae9b9;1;R;Bit;TabLeituraBinSps1;Discrete input;606;Binary input;136;0;1;0;1;;;;0=Não disparado\1=Disparado;0=Not triggered\1=Triggered;;CONC;;Público;Indicação de funcionamento do SPS endereço 1 - Erro de sincronismo entre bancos;Indication of SPS address 1 operation - Error in synchronism between banks;;;;;;Concentrador;Concentrator;;;;;Autodiagnóstico;;;SDVCONC_$YLTC1$ST$SyncErrBnk$stVal;;SPS
c6c14761b2644f6f9665707640ca9fe6;1;R;Bit;TabLeituraBinSps1;Discrete input;607;Binary input;137;0;1;0;1;;;;0=Não disparado\1=Disparado;0=Not triggered\1=Triggered;;CONC;;Público;Indicação de funcionamento do SPS endereço 1 - Erro de programação;Indication of SPS address 1 operation - Programming error;;;;;;Concentrador;Concentrator;;;;;Autodiagnóstico;;;SDVCONC_$YLTC1$ST$PrgErr$stVal;;SPS
675d12a692e446c4b3d2fbf320bac8d6;1;R;Bit;TabLeituraBinSps1;Discrete input;608;Binary input;138;0;1;0;1;;;;0=Não disparado\1=Disparado;0=Not triggered\1=Triggered;;CONC;;Público;Indicação de funcionamento do SPS endereço 1 - Erro de leitura de tap;Indication of SPS address 1 operation - Tap position reading error;;;;;;Concentrador;Concentrator;;;;;Autodiagnóstico;;;SDVCONC_$YLTC1$ST$PosErr$stVal;;SPS
60583dfa0dae49339444c47131c30333;1;R;Bit;TabLeituraBinSps1;Discrete input;609;Binary input;139;0;1;0;1;;;;0=Não\1=Sim;0=No\1=Yes;;CONC;;Público;Indicação de funcionamento do SPS endereço 1 - Comutador estável: em repouso e com leitura OK;Indication of SPS address 1 operation - OLTC stable: at rest and reading OK;;;;;;Concentrador;Concentrator;;Paralelismo;Parallelism;;Geral;;;SDVCONC_$YLTC1$ST$RdyChgPos$stVal;;SPS
18a44f4b9ad2498fa0e60cf929e46b7b;1;R;Bit;TabLeituraBinSps1;Discrete input;610;Binary input;140;0;1;0;1;;;;0=Ruim\1=Boa;0=No\1=Yes;;CONC;;Público;Indicação de funcionamento do SPS endereço 1 - Status comunicação;Indication of SPS address 1 operation - Communication status;;;;;;Concentrador;Concentrator;;Paralelismo;Parallelism;;Geral;;;SDVCONC_$YLTC1$ST$StComm$stVal;;SPS
;;;;;;;;;;;;;;;;;;;;;;;;;;;;;;;;;;;;;;;;
d9506ba3c9aa4fd18b7e14f0cae7d946;1;R;Bit;TabLeituraBinSps2;Discrete input;700;Binary input;141;0;1;0;1;;;;0=Não\1=Sim;0=No\1=Yes;;CONC;;Público;Indicação de funcionamento do SPS endereço 2 - Comutação em andamento;Indication of SPS address 2 operation - Commutation in progress;;;;;;Concentrador;Concentrator;;Paralelismo;Parallelism;;Geral;;;SDVCONC_$YLTC2$ST$TapChg$stVal;;SPS
6f59b31c1ddb4b22a685607296c8ff7a;1;R;Bit;TabLeituraBinSps2;Discrete input;701;Binary input;142;0;1;0;1;;;;0=Remoto\1=Local;0=Remote\1=Local;;CONC;;Público;Indicação de funcionamento do SPS endereço 2 - Estado remoto ou local;Indication of SPS address 2 operation - Remote or local status;;;;;;Concentrador;Concentrator;;Paralelismo;Parallelism;;Geral;;;SDVCONC_$YLTC2$ST$Rem$stVal;;SPS
09523b4a75b04035b8c6ac100c402bfe;1;R;Bit;TabLeituraBinSps2;Discrete input;702;Binary input;143;0;1;0;1;;;;0=Manual\1=Automático;0=Manual\1=Automatic;;CONC;;Público;Indicação de funcionamento do SPS endereço 2 - Estado manual ou automático;Indication of SPS address 2 operation - Manual or automatic status;;;;;;Concentrador;Concentrator;;Paralelismo;Parallelism;;Geral;;;SDVCONC_$YLTC2$ST$Auto$stVal;;SPS
548b0a978db24c87927cb36ca5d659ba;1;R;Bit;TabLeituraBinSps2;Discrete input;703;Binary input;144;0;1;0;1;;;;0=Individual\1=Banco;0=Individual\1=Bank;;CONC;;Público;Indicação de funcionamento do SPS endereço 2 - Estado fase individual ou banco;Indication of SPS address 2 operation - Individual phase or bank status;;;;;;Concentrador;Concentrator;;Paralelismo;Parallelism;;Geral;;;SDVCONC_$YLTC2$ST$ParOp$stVal;;SPS
9facf1859d2f40bc8241ab41cf8083b1;1;R;Bit;TabLeituraBinSps2;Discrete input;704;Binary input;145;0;1;0;1;;;;0=Trifásico\1=Monofásico;0=Three-phase\1=Single-phase;;CONC;;Público;Indicação de funcionamento do SPS endereço 2 - Modo trifásico ou monofásico;Indication of SPS address 2 operation - Three-phase or single-phase mode;;;;;;Concentrador;Concentrator;;Paralelismo;Parallelism;;Geral;;;SDVCONC_$YLTC2$ST$TrfMod$stVal;;SPS
85ce8dbea89f44249cafe7225c50e99f;1;R;Bit;TabLeituraBinSps2;Discrete input;705;Binary input;146;0;1;0;1;;;;0=Não disparado\1=Disparado;0=Not triggered\1=Triggered;;CONC;;Público;Indicação de funcionamento do SPS endereço 2 - Erro de sincronismo entre fases;Indication of SPS address 2 operation - Error in synchronism between phases;;;;;;Concentrador;Concentrator;;;;;Autodiagnóstico;;;SDVCONC_$YLTC2$ST$SyncErrPh$stVal;;SPS
96e0619392f445939472956c353e6f41;1;R;Bit;TabLeituraBinSps2;Discrete input;706;Binary input;147;0;1;0;1;;;;0=Não disparado\1=Disparado;0=Not triggered\1=Triggered;;CONC;;Público;Indicação de funcionamento do SPS endereço 2 - Erro de sincronismo entre bancos;Indication of SPS address 2 operation - Error in synchronism between banks;;;;;;Concentrador;Concentrator;;;;;Autodiagnóstico;;;SDVCONC_$YLTC2$ST$SyncErrBnk$stVal;;SPS
e8caa7c858aa49f1b047c68a8e3dac5d;1;R;Bit;TabLeituraBinSps2;Discrete input;707;Binary input;148;0;1;0;1;;;;0=Não disparado\1=Disparado;0=Not triggered\1=Triggered;;CONC;;Público;Indicação de funcionamento do SPS endereço 2 - Erro de programação;Indication of SPS address 2 operation - Programming error;;;;;;Concentrador;Concentrator;;;;;Autodiagnóstico;;;SDVCONC_$YLTC2$ST$PrgErr$stVal;;SPS
721c8006b2404608bd58bd06f6176a10;1;R;Bit;TabLeituraBinSps2;Discrete input;708;Binary input;149;0;1;0;1;;;;0=Não disparado\1=Disparado;0=Not triggered\1=Triggered;;CONC;;Público;Indicação de funcionamento do SPS endereço 2 - Erro de leitura de tap;Indication of SPS address 2 operation - Tap position reading error;;;;;;Concentrador;Concentrator;;;;;Autodiagnóstico;;;SDVCONC_$YLTC2$ST$PosErr$stVal;;SPS
bfc40aa9a195447987c41801a6fbae6f;1;R;Bit;TabLeituraBinSps2;Discrete input;709;Binary input;150;0;1;0;1;;;;0=Não\1=Sim;0=No\1=Yes;;CONC;;Público;Indicação de funcionamento do SPS endereço 2 - Comutador estável: em repouso e com leitura OK;Indication of SPS address 2 operation - OLTC stable: at rest and reading OK;;;;;;Concentrador;Concentrator;;Paralelismo;Parallelism;;Geral;;;SDVCONC_$YLTC2$ST$RdyChgPos$stVal;;SPS
e2bed5eaab86495186188d36c2c59a29;1;R;Bit;TabLeituraBinSps2;Discrete input;710;Binary input;151;0;1;0;1;;;;0=Ruim\1=Boa;0=Bad\1=Good;;CONC;;Público;Indicação de funcionamento do SPS endereço 2 - Status comunicação;Indication of SPS address 2 operation - Communication status;;;;;;Concentrador;Concentrator;;Paralelismo;Parallelism;;Geral;;;SDVCONC_$YLTC2$ST$StComm$stVal;;SPS
;;;;;;;;;;;;;;;;;;;;;;;;;;;;;;;;;;;;;;;;
a2db442e10ad49aa8a34edfa43c80cf2;1;R;Bit;TabLeituraBinSps3;Discrete input;800;Binary input;152;0;1;0;1;;;;0=Não\1=Sim;0=No\1=Yes;;CONC;;Público;Indicação de funcionamento do SPS endereço 3 - Comutação em andamento;Indication of SPS address 3 operation - Commutation in progress;;;;;;Concentrador;Concentrator;;Paralelismo;Parallelism;;Geral;;;SDVCONC_$YLTC3$ST$TapChg$stVal;;SPS
f935185bd59e429089c17b978c7d4bcd;1;R;Bit;TabLeituraBinSps3;Discrete input;801;Binary input;153;0;1;0;1;;;;0=Remoto\1=Local;0=Remote\1=Local;;CONC;;Público;Indicação de funcionamento do SPS endereço 3 - Estado remoto ou local;Indication of SPS address 3 operation - Remote or local status;;;;;;Concentrador;Concentrator;;Paralelismo;Parallelism;;Geral;;;SDVCONC_$YLTC3$ST$Rem$stVal;;SPS
d79150c7b409405b8d2454aca48dbda9;1;R;Bit;TabLeituraBinSps3;Discrete input;802;Binary input;154;0;1;0;1;;;;0=Manual\1=Automático;0=Manual\1=Autimatic;;CONC;;Público;Indicação de funcionamento do SPS endereço 3 - Estado manual ou automático;Indication of SPS address 3 operation - Manual or automatic status;;;;;;Concentrador;Concentrator;;Paralelismo;Parallelism;;Geral;;;SDVCONC_$YLTC3$ST$Auto$stVal;;SPS
ad28ac47da094581afd0530f1a7a7863;1;R;Bit;TabLeituraBinSps3;Discrete input;803;Binary input;155;0;1;0;1;;;;0=Individual\1=Banco;0=Individual\1=Bank;;CONC;;Público;Indicação de funcionamento do SPS endereço 3 - Estado fase individual ou banco;Indication of SPS address 3 operation - Individual phase or bank status;;;;;;Concentrador;Concentrator;;Paralelismo;Parallelism;;Geral;;Sim;SDVCONC_$YLTC3$ST$ParOp$stVal;;SPS
72a7154f266c4768b70f293a3e434748;1;R;Bit;TabLeituraBinSps3;Discrete input;804;Binary input;156;0;1;0;1;;;;0=Trifásico\1=Monofásico;0=Three-phase\1=Single-phase;;CONC;;Público;Indicação de funcionamento do SPS endereço 3 - Modo trifásico ou monofásico;Indication of SPS address 3 operation - Three-phase or single-phase mode;;;;;;Concentrador;Concentrator;;Paralelismo;Parallelism;;Geral;;;SDVCONC_$YLTC3$ST$TrfMod$stVal;;SPS
f51ffefaf2774502993c1de9152a761b;1;R;Bit;TabLeituraBinSps3;Discrete input;805;Binary input;157;0;1;0;1;;;;0=Não disparado\1=Disparado;0=Not triggered\1=Triggered;;CONC;;Público;Indicação de funcionamento do SPS endereço 3 - Erro de sincronismo entre fases;Indication of SPS address 3 operation - Error in synchronism between phases;;;;;;Concentrador;Concentrator;;;;;Autodiagnóstico;;;SDVCONC_$YLTC3$ST$SyncErrPh$stVal;;SPS
829076b241d5472a8e3c5e5c99cbdeae;1;R;Bit;TabLeituraBinSps3;Discrete input;806;Binary input;158;0;1;0;1;;;;0=Não disparado\1=Disparado;0=Not triggered\1=Triggered;;CONC;;Público;Indicação de funcionamento do SPS endereço 3 - Erro de sincronismo entre bancos;Indication of SPS address 3 operation - Error in synchronism between banks;;;;;;Concentrador;Concentrator;;;;;Autodiagnóstico;;;SDVCONC_$YLTC3$ST$SyncErrBnk$stVal;;SPS
381af43a49584894bfc8849c0522011d;1;R;Bit;TabLeituraBinSps3;Discrete input;807;Binary input;159;0;1;0;1;;;;0=Não disparado\1=Disparado;0=Not triggered\1=Triggered;;CONC;;Público;Indicação de funcionamento do SPS endereço 3 - Erro de programação;Indication of SPS address 3 operation - Programming error;;;;;;Concentrador;Concentrator;;;;;Autodiagnóstico;;;SDVCONC_$YLTC3$ST$PrgErr$stVal;;SPS
308fbb9f693249a0b9f4d4bc40daa138;1;R;Bit;TabLeituraBinSps3;Discrete input;808;Binary input;160;0;1;0;1;;;;0=Não disparado\1=Disparado;0=Not triggered\1=Triggered;;CONC;;Público;Indicação de funcionamento do SPS endereço 3 - Erro de leitura de tap;Indication of SPS address 3 operation - Tap position reading error;;;;;;Concentrador;Concentrator;;;;;Autodiagnóstico;;;SDVCONC_$YLTC3$ST$PosErr$stVal;;SPS
a92284be1f454cfc99fc99d5c445ba3d;1;R;Bit;TabLeituraBinSps3;Discrete input;809;Binary input;161;0;1;0;1;;;;0=Não\1=Sim;0=No\1=Yes;;CONC;;Público;Indicação de funcionamento do SPS endereço 3 - Comutador estável: em repouso e com leitura OK;Indication of SPS address 3 operation - OLTC stable: at rest and reading OK;;;;;;Concentrador;Concentrator;;Paralelismo;Parallelism;;Geral;;;SDVCONC_$YLTC3$ST$RdyChgPos$stVal;;SPS
a8b899d43d764eafaafea472196731c3;1;R;Bit;TabLeituraBinSps3;Discrete input;810;Binary input;162;0;1;0;1;;;;0=Ruim\1=Boa;0=Bad\1=Good;;CONC;;Público;Indicação de funcionamento do SPS endereço 3 - Status comunicação;Indication of SPS address 3 operation - Communication status;;;;;;Concentrador;Concentrator;;Paralelismo;Parallelism;;Geral;;;SDVCONC_$YLTC3$ST$StComm$stVal;;SPS
c4244b88caad483f96b78bbab0e78837;1;R;Bit;TabLeituraBinSps3;Discrete input;811;Binary input;163;0;1;0;1;;;;0=Não\1=Sim;0=No\1=Yes;;CONC;;Público;Indicação de funcionamento do SPS endereço 3 - Configurado em modo individual ou banco;Indication of SPS address 3 operation - Configured in individual mode;;;;;;Concentrador;Concentrator;;Configuração;Configuration;;Geral;;;SDVCONC_$YLTC3$ST$Indv$stVal;;
224d839d8a774945809af636680a3a9b;1;R;Bit;TabLeituraBinSps3;Discrete input;812;Binary input;164;0;1;0;1;;;;0=Não\1=Sim;0=No\1=Yes;;CONC;;Público;Indicação de funcionamento do SPS endereço 3 - Configurado em modo mestre;Indication of SPS address 3 operation - Configured in master mode;;;;;;Concentrador;Concentrator;;Configuração;Configuration;;Geral;;;SDVCONC_$YLTC3$ST$Mstr$stVal;;
83a080f644b449789f8c20ce729c34e3;1;R;Bit;TabLeituraBinSps3;Discrete input;813;Binary input;165;0;1;0;1;;;;0=Não\1=Sim;0=No\1=Yes;;CONC;;Público;Indicação de funcionamento do SPS endereço 3 - Configurado em modo comandado;Indication of SPS address 3 operation - Configured in follower mode;;;;;;Concentrador;Concentrator;;Configuração;Configuration;;Geral;;;SDVCONC_$YLTC3$ST$Flwr$stVal;;
;;;;;;;;;;;;;;;;;;;;;;;;;;;;;;;;;;;;;;;;
aaadc8ece1c64a4a8914d1e6afe85f69;1;R;Bit;TabLeituraBinSps4;Discrete input;900;Binary input;166;0;1;0;1;;;;0=Não\1=Sim;0=No\1=Yes;;CONC;;Público;Indicação de funcionamento do SPS endereço 4 - Comutação em andamento;Indication of SPS address 4 operation - Commutation in progress;;;;;;Concentrador;Concentrator;;Paralelismo;Parallelism;;Geral;;;SDVCONC_$YLTC4$ST$TapChg$stVal;;SPS
8ece89a92d6e49cab58c5b8de8363b45;1;R;Bit;TabLeituraBinSps4;Discrete input;901;Binary input;167;0;1;0;1;;;;0=Remoto\1=Local;0=Remote\1=Local;;CONC;;Público;Indicação de funcionamento do SPS endereço 4 - Estado remoto ou local;Indication of SPS address 4 operation - Remote or local status;;;;;;Concentrador;Concentrator;;Paralelismo;Parallelism;;Geral;;;SDVCONC_$YLTC4$ST$Rem$stVal;;SPS
d398c873b5ca44d291259f939e922102;1;R;Bit;TabLeituraBinSps4;Discrete input;902;Binary input;168;0;1;0;1;;;;0=Manual\1=Automático;0=Manual\1=Autimatic;;CONC;;Público;Indicação de funcionamento do SPS endereço 4 - Estado manual ou automático;Indication of SPS address 4 operation - Manual or automatic status;;;;;;Concentrador;Concentrator;;Paralelismo;Parallelism;;Geral;;;SDVCONC_$YLTC4$ST$Auto$stVal;;SPS
0be4a131a4cd4302bbe53394ef7e6d65;1;R;Bit;TabLeituraBinSps4;Discrete input;903;Binary input;169;0;1;0;1;;;;0=Individual\1=Banco;0=Individual\1=Bank;;CONC;;Público;Indicação de funcionamento do SPS endereço 4 - Estado fase individual ou banco;Indication of SPS address 4 operation - Individual phase or bank status;;;;;;Concentrador;Concentrator;;Paralelismo;Parallelism;;Geral;;;SDVCONC_$YLTC4$ST$ParOp$stVal;;SPS
015901d8dea74b9baf5561d9eef13c3d;1;R;Bit;TabLeituraBinSps4;Discrete input;904;Binary input;170;0;1;0;1;;;;0=Trifásico\1=Monofásico;0=Three-phase\1=Single-phase;;CONC;;Público;Indicação de funcionamento do SPS endereço 4 - Modo trifásico ou monofásico;Indication of SPS address 4 operation - Three-phase or single-phase mode;;;;;;Concentrador;Concentrator;;Paralelismo;Parallelism;;Geral;;;SDVCONC_$YLTC4$ST$TrfMod$stVal;;SPS
bf523936537e4f10ac34b58ef0046f06;1;R;Bit;TabLeituraBinSps4;Discrete input;905;Binary input;171;0;1;0;1;;;;0=Não disparado\1=Disparado;0=Not triggered\1=Triggered;;CONC;;Público;Indicação de funcionamento do SPS endereço 4 - Erro de sincronismo entre fases;Indication of SPS address 4 operation - Error in synchronism between phases;;;;;;Concentrador;Concentrator;;;;;Autodiagnóstico;;;SDVCONC_$YLTC4$ST$SyncErrPh$stVal;;SPS
4bcca5a1b766406e91aafab6fb6e44ec;1;R;Bit;TabLeituraBinSps4;Discrete input;906;Binary input;172;0;1;0;1;;;;0=Não disparado\1=Disparado;0=Not triggered\1=Triggered;;CONC;;Público;Indicação de funcionamento do SPS endereço 4 - Erro de sincronismo entre bancos;Indication of SPS address 4 operation - Error in synchronism between banks;;;;;;Concentrador;Concentrator;;;;;Autodiagnóstico;;;SDVCONC_$YLTC4$ST$SyncErrBnk$stVal;;SPS
ff58938f5a24459c8afdcb9f27a09ba9;1;R;Bit;TabLeituraBinSps4;Discrete input;907;Binary input;173;0;1;0;1;;;;0=Não disparado\1=Disparado;0=Not triggered\1=Triggered;;CONC;;Público;Indicação de funcionamento do SPS endereço 4 - Erro de programação;Indication of SPS address 4 operation - Programming error;;;;;;Concentrador;Concentrator;;;;;Autodiagnóstico;;;SDVCONC_$YLTC4$ST$PrgErr$stVal;;SPS
1cd53a57be464e0896728d980215948f;1;R;Bit;TabLeituraBinSps4;Discrete input;908;Binary input;174;0;1;0;1;;;;0=Não disparado\1=Disparado;0=Not triggered\1=Triggered;;CONC;;Público;Indicação de funcionamento do SPS endereço 4 - Erro de leitura de tap;Indication of SPS address 4 operation - Tap position reading error;;;;;;Concentrador;Concentrator;;;;;Autodiagnóstico;;;SDVCONC_$YLTC4$ST$PosErr$stVal;;SPS
d350fa15aa0a498a8466957065956beb;1;R;Bit;TabLeituraBinSps4;Discrete input;909;Binary input;175;0;1;0;1;;;;0=Não\1=Sim;0=No\1=Yes;;CONC;;Público;Indicação de funcionamento do SPS endereço 4 - Comutador estável: em repouso e com leitura OK;Indication of SPS address 4 operation - OLTC stable: at rest and reading OK;;;;;;Concentrador;Concentrator;;Paralelismo;Parallelism;;Geral;;;SDVCONC_$YLTC4$ST$RdyChgPos$stVal;;SPS
e689579f365147f59425ff7571a38c36;1;R;Bit;TabLeituraBinSps4;Discrete input;910;Binary input;176;0;1;0;1;;;;0=Ruim\1=Boa;0=Bad\1=Good;;CONC;;Público;Indicação de funcionamento do SPS endereço 4 - Status comunicação;Indication of SPS address 4 operation - Communication status;;;;;;Concentrador;Concentrator;;Paralelismo;Parallelism;;Geral;;;SDVCONC_$YLTC4$ST$StComm$stVal;;SPS
;;;;;;;;;;;;;;;;;;;;;;;;;;;;;;;;;;;;;;;;
b363039153e54ce182d8511f0688fb34;1;R;Bit;TabLeituraBinSps5;Discrete input;1000;Binary input;177;0;1;0;1;;;;0=Não\1=Sim;0=No\1=Yes;;CONC;;Público;Indicação de funcionamento do SPS endereço 5 - Comutação em andamento;Indication of SPS address 5 operation - Commutation in progress;;;;;;Concentrador;Concentrator;;Paralelismo;Parallelism;;Geral;;;SDVCONC_$YLTC5$ST$TapChg$stVal;;SPS
c77b6609fbf54781be950330fd4c22d7;1;R;Bit;TabLeituraBinSps5;Discrete input;1001;Binary input;178;0;1;0;1;;;;0=Remoto\1=Local;0=Remote\1=Local;;CONC;;Público;Indicação de funcionamento do SPS endereço 5 - Estado remoto ou local;Indication of SPS address 5 operation - Remote or local status;;;;;;Concentrador;Concentrator;;Paralelismo;Parallelism;;Geral;;;SDVCONC_$YLTC5$ST$Rem$stVal;;SPS
9f6d9970b60848cfb17bdf189f6e3ae7;1;R;Bit;TabLeituraBinSps5;Discrete input;1002;Binary input;179;0;1;0;1;;;;0=Manual\1=Automático;0=Manual\1=Autimatic;;CONC;;Público;Indicação de funcionamento do SPS endereço 5 - Estado manual ou automático;Indication of SPS address 5 operation - Manual or automatic status;;;;;;Concentrador;Concentrator;;Paralelismo;Parallelism;;Geral;;;SDVCONC_$YLTC5$ST$Auto$stVal;;SPS
83c49043b2514245ad924a91a63bd364;1;R;Bit;TabLeituraBinSps5;Discrete input;1003;Binary input;180;0;1;0;1;;;;0=Individual\1=Banco;0=Individual\1=Bank;;CONC;;Público;Indicação de funcionamento do SPS endereço 5 - Estado fase individual ou banco;Indication of SPS address 5 operation - Individual phase or bank status;;;;;;Concentrador;Concentrator;;Paralelismo;Parallelism;;Geral;;;SDVCONC_$YLTC5$ST$ParOp$stVal;;SPS
4de30e389fe24d53b028da51c1adcd6d;1;R;Bit;TabLeituraBinSps5;Discrete input;1004;Binary input;181;0;1;0;1;;;;0=Trifásico\1=Monofásico;0=Three-phase\1=Single-phase;;CONC;;Público;Indicação de funcionamento do SPS endereço 5 - Modo trifásico ou monofásico;Indication of SPS address 5 operation - Three-phase or single-phase mode;;;;;;Concentrador;Concentrator;;Paralelismo;Parallelism;;Geral;;;SDVCONC_$YLTC5$ST$TrfMod$stVal;;SPS
f935343384de47b7aabf46746d495c18;1;R;Bit;TabLeituraBinSps5;Discrete input;1005;Binary input;182;0;1;0;1;;;;0=Não disparado\1=Disparado;0=Not triggered\1=Triggered;;CONC;;Público;Indicação de funcionamento do SPS endereço 5 - Erro de sincronismo entre fases;Indication of SPS address 5 operation - Error in synchronism between phases;;;;;;Concentrador;Concentrator;;;;;Autodiagnóstico;;;SDVCONC_$YLTC5$ST$SyncErrPh$stVal;;SPS
1dce0bf333eb40ccad8c11437d71b24d;1;R;Bit;TabLeituraBinSps5;Discrete input;1006;Binary input;183;0;1;0;1;;;;0=Não disparado\1=Disparado;0=Not triggered\1=Triggered;;CONC;;Público;Indicação de funcionamento do SPS endereço 5 - Erro de sincronismo entre bancos;Indication of SPS address 5 operation - Error in synchronism between banks;;;;;;Concentrador;Concentrator;;;;;Autodiagnóstico;;;SDVCONC_$YLTC5$ST$SyncErrBnk$stVal;;SPS
ed1e7b22d8e24a4b8679ae8d48bb59c2;1;R;Bit;TabLeituraBinSps5;Discrete input;1007;Binary input;184;0;1;0;1;;;;0=Não disparado\1=Disparado;0=Not triggered\1=Triggered;;CONC;;Público;Indicação de funcionamento do SPS endereço 5 - Erro de programação;Indication of SPS address 5 operation - Programming error;;;;;;Concentrador;Concentrator;;;;;Autodiagnóstico;;;SDVCONC_$YLTC5$ST$PrgErr$stVal;;SPS
1a3466d5dae64a99b8333809244a5f58;1;R;Bit;TabLeituraBinSps5;Discrete input;1008;Binary input;185;0;1;0;1;;;;0=Não disparado\1=Disparado;0=Not triggered\1=Triggered;;CONC;;Público;Indicação de funcionamento do SPS endereço 5 - Erro de leitura de tap;Indication of SPS address 5 operation - Tap position reading error;;;;;;Concentrador;Concentrator;;;;;Autodiagnóstico;;;SDVCONC_$YLTC5$ST$PosErr$stVal;;SPS
a829cc81d3354e18a69d11bfa1cca714;1;R;Bit;TabLeituraBinSps5;Discrete input;1009;Binary input;186;0;1;0;1;;;;0=Não\1=Sim;0=No\1=Yes;;CONC;;Público;Indicação de funcionamento do SPS endereço 5 - Comutador estável: em repouso e com leitura OK;Indication of SPS address 5 operation - OLTC stable: at rest and reading OK;;;;;;Concentrador;Concentrator;;Paralelismo;Parallelism;;Geral;;;SDVCONC_$YLTC5$ST$RdyChgPos$stVal;;SPS
1287a12b8f274adba3d64b1404f46ef4;1;R;Bit;TabLeituraBinSps5;Discrete input;1010;Binary input;187;0;1;0;1;;;;0=Ruim\1=Boa;0=Bad\1=Good;;CONC;;Público;Indicação de funcionamento do SPS endereço 5 - Status comunicação;Indication of SPS address 5 operation - Communication status;;;;;;Concentrador;Concentrator;;Paralelismo;Parallelism;;Geral;;;SDVCONC_$YLTC5$ST$StComm$stVal;;SPS
;;;;;;;;;;;;;;;;;;;;;;;;;;;;;;;;;;;;;;;;
206fd9d6cd7545c0b459ed8923b09e0b;1;R;Bit;TabLeituraBinSps6;Discrete input;1100;Binary input;188;0;1;0;1;;;;0=Não\1=Sim;0=No\1=Yes;;CONC;;Público;Indicação de funcionamento do SPS endereço 6 - Comutação em andamento;Indication of SPS address 6 operation - Commutation in progress;;;;;;Concentrador;Concentrator;;Paralelismo;Parallelism;;Geral;;;SDVCONC_$YLTC6$ST$TapChg$stVal;;SPS
6ff91d32e45741449855d2922f00b597;1;R;Bit;TabLeituraBinSps6;Discrete input;1101;Binary input;189;0;1;0;1;;;;0=Remoto\1=Local;0=Remote\1=Local;;CONC;;Público;Indicação de funcionamento do SPS endereço 6 - Estado remoto ou local;Indication of SPS address 6 operation - Remote or local status;;;;;;Concentrador;Concentrator;;Paralelismo;Parallelism;;Geral;;;SDVCONC_$YLTC6$ST$Rem$stVal;;SPS
fa7bea67bb7d44f983a70ad33d2086c4;1;R;Bit;TabLeituraBinSps6;Discrete input;1102;Binary input;190;0;1;0;1;;;;0=Manual\1=Automático;0=Manual\1=Autimatic;;CONC;;Público;Indicação de funcionamento do SPS endereço 6 - Estado manual ou automático;Indication of SPS address 6 operation - Manual or automatic status;;;;;;Concentrador;Concentrator;;Paralelismo;Parallelism;;Geral;;;SDVCONC_$YLTC6$ST$Auto$stVal;;SPS
af7b6dfd716d4b709c59a620ddfc817f;1;R;Bit;TabLeituraBinSps6;Discrete input;1103;Binary input;191;0;1;0;1;;;;0=Individual\1=Banco;0=Individual\1=Bank;;CONC;;Público;Indicação de funcionamento do SPS endereço 6 - Estado fase individual ou banco;Indication of SPS address 6 operation - Individual phase or bank status;;;;;;Concentrador;Concentrator;;Paralelismo;Parallelism;;Geral;;Sim;SDVCONC_$YLTC6$ST$ParOp$stVal;;SPS
92676ab1c1464a23859865a8676ce80f;1;R;Bit;TabLeituraBinSps6;Discrete input;1104;Binary input;192;0;1;0;1;;;;0=Trifásico\1=Monofásico;0=Three-phase\1=Single-phase;;CONC;;Público;Indicação de funcionamento do SPS endereço 6 - Modo trifásico/monofásico;Indication of SPS address 6 operation - Three-phase or single-phase mode;;;;;;Concentrador;Concentrator;;Paralelismo;Parallelism;;Geral;;;SDVCONC_$YLTC6$ST$TrfMod$stVal;;SPS
ee7181f1b6dd4c6ebf14b77ab648a67d;1;R;Bit;TabLeituraBinSps6;Discrete input;1105;Binary input;193;0;1;0;1;;;;0=Não disparado\1=Disparado;0=Not triggered\1=Triggered;;CONC;;Público;Indicação de funcionamento do SPS endereço 6 - Erro de sincronismo entre fases;Indication of SPS address 6 operation - Error in synchronism between phases;;;;;;Concentrador;Concentrator;;;;;Autodiagnóstico;;;SDVCONC_$YLTC6$ST$SyncErrPh$stVal;;SPS
8ac4f8556d9149189550133af9645378;1;R;Bit;TabLeituraBinSps6;Discrete input;1106;Binary input;194;0;1;0;1;;;;0=Não disparado\1=Disparado;0=Not triggered\1=Triggered;;CONC;;Público;Indicação de funcionamento do SPS endereço 6 - Erro de sincronismo entre bancos;Indication of SPS address 6 operation - Error in synchronism between banks;;;;;;Concentrador;Concentrator;;;;;Autodiagnóstico;;;SDVCONC_$YLTC6$ST$SyncErrBnk$stVal;;SPS
df4005c8f44b42afb7632fc1c9e6a951;1;R;Bit;TabLeituraBinSps6;Discrete input;1107;Binary input;195;0;1;0;1;;;;0=Não disparado\1=Disparado;0=Not triggered\1=Triggered;;CONC;;Público;Indicação de funcionamento do SPS endereço 6 - Erro de programação;Indication of SPS address 6 operation - Programming error;;;;;;Concentrador;Concentrator;;;;;Autodiagnóstico;;;SDVCONC_$YLTC6$ST$PrgErr$stVal;;SPS
3226f4bcae0e4ec593e347c91cfcec23;1;R;Bit;TabLeituraBinSps6;Discrete input;1108;Binary input;196;0;1;0;1;;;;0=Não disparado\1=Disparado;0=Not triggered\1=Triggered;;CONC;;Público;Indicação de funcionamento do SPS endereço 6 - Erro de leitura de tap;Indication of SPS address 6 operation - Tap position reading error;;;;;;Concentrador;Concentrator;;;;;Autodiagnóstico;;;SDVCONC_$YLTC6$ST$PosErr$stVal;;SPS
ed2c4104e8864858a2e9f9eba6a67d8a;1;R;Bit;TabLeituraBinSps6;Discrete input;1109;Binary input;197;0;1;0;1;;;;0=Não\1=Sim;0=No\1=Yes;;CONC;;Público;Indicação de funcionamento do SPS endereço 6 - Comutador estável: em repouso e com leitura OK;Indication of SPS address 6 operation - OLTC stable: at rest and reading OK;;;;;;Concentrador;Concentrator;;Paralelismo;Parallelism;;Geral;;;SDVCONC_$YLTC6$ST$RdyChgPos$stVal;;SPS
fec4d7649eb8489299f8990dcd357f6d;1;R;Bit;TabLeituraBinSps6;Discrete input;1110;Binary input;198;0;1;0;1;;;;0=Ruim\1=Boa;0=Bad\1=Good;;CONC;;Público;Indicação de funcionamento do SPS endereço 6 - Status comunicação;Indication of SPS address 6 operation - Communication status;;;;;;Concentrador;Concentrator;;Paralelismo;Parallelism;;Geral;;;SDVCONC_$YLTC6$ST$StComm$stVal;;SPS
fef559ae2e814ba4bcf811d090f419c1;1;R;Bit;TabLeituraBinSps6;Discrete input;1111;Binary input;199;0;1;0;1;;;;0=Não\1=Sim;0=No\1=Yes;;CONC;;Público;Indicação de funcionamento do SPS endereço 6 - Configurado em modo individual ou banco;Indication of SPS address 6 operation - Configured in individual mode;;;;;;Concentrador;Concentrator;;Configuração;Configuration;;Geral;;;SDVCONC_$YLTC6$ST$Indv$stVal;;
f926b745be824c429154dffe93767ced;1;R;Bit;TabLeituraBinSps6;Discrete input;1112;Binary input;200;0;1;0;1;;;;0=Não\1=Sim;0=No\1=Yes;;CONC;;Público;Indicação de funcionamento do SPS endereço 6 - Configurado em modo mestre;Indication of SPS address 6 operation - Configured in master mode;;;;;;Concentrador;Concentrator;;Configuração;Configuration;;Geral;;;SDVCONC_$YLTC6$ST$Mstr$stVal;;
cf4f33de0bbb403d89c29c9cdb0a7f9a;1;R;Bit;TabLeituraBinSps6;Discrete input;1113;Binary input;201;0;1;0;1;;;;0=Não\1=Sim;0=No\1=Yes;;CONC;;Público;Indicação de funcionamento do SPS endereço 6 - Configurado em modo comandado;Indication of SPS address 6 operation - Configured in follower mode;;;;;;Concentrador;Concentrator;;Configuração;Configuration;;Geral;;;SDVCONC_$YLTC6$ST$Flwr$stVal;;
;;;;;;;;;;;;;;;;;;;;;;;;;;;;;;;;;;;;;;;;
af0f15f5f0bd481593ed7b30447aa40b;1;R;Bit;TabLeituraBinSps7;Discrete input;1200;Binary input;202;0;1;0;1;;;;0=Não\1=Sim;0=No\1=Yes;;CONC;;Público;Indicação de funcionamento do SPS endereço 7 - Comutação em andamento;Indication of SPS address 7 operation - Commutation in progress;;;;;;Concentrador;Concentrator;;Paralelismo;Parallelism;;Geral;;;SDVCONC_$YLTC7$ST$TapChg$stVal;;SPS
ed41bce215eb43abb182f2d2bc758655;1;R;Bit;TabLeituraBinSps7;Discrete input;1201;Binary input;203;0;1;0;1;;;;0=Remoto\1=Local;0=Remote\1=Local;;CONC;;Público;Indicação de funcionamento do SPS endereço 7 - Estado remoto ou local;Indication of SPS address 7 operation - Remote or local status;;;;;;Concentrador;Concentrator;;Paralelismo;Parallelism;;Geral;;;SDVCONC_$YLTC7$ST$Rem$stVal;;SPS
feb796e3b6b14d308a62e26af6ccfcca;1;R;Bit;TabLeituraBinSps7;Discrete input;1202;Binary input;204;0;1;0;1;;;;0=Manual\1=Automático;0=Manual\1=Autimatic;;CONC;;Público;Indicação de funcionamento do SPS endereço 7 - Estado manual ou automático;Indication of SPS address 7 operation - Manual or automatic status;;;;;;Concentrador;Concentrator;;Paralelismo;Parallelism;;Geral;;;SDVCONC_$YLTC7$ST$Auto$stVal;;SPS
0bea6c11d6704ede858194e31bae3ec2;1;R;Bit;TabLeituraBinSps7;Discrete input;1203;Binary input;205;0;1;0;1;;;;0=Individual\1=Banco;0=Individual\1=Bank;;CONC;;Público;Indicação de funcionamento do SPS endereço 7 - Estado fase individual ou banco;Indication of SPS address 7 operation - Individual phase or bank status;;;;;;Concentrador;Concentrator;;Paralelismo;Parallelism;;Geral;;;SDVCONC_$YLTC7$ST$ParOp$stVal;;SPS
617742abd11b459b83121cf0a16e50d5;1;R;Bit;TabLeituraBinSps7;Discrete input;1204;Binary input;206;0;1;0;1;;;;0=Trifásico\1=Monofásico;0=Three-phase\1=Single-phase;;CONC;;Público;Indicação de funcionamento do SPS endereço 7 - Modo trifásico ou monofásico;Indication of SPS address 7 operation - Three-phase or single-phase mode;;;;;;Concentrador;Concentrator;;Paralelismo;Parallelism;;Geral;;;SDVCONC_$YLTC7$ST$TrfMod$stVal;;SPS
78f7b5aae185436fa9870a827b728ced;1;R;Bit;TabLeituraBinSps7;Discrete input;1205;Binary input;207;0;1;0;1;;;;0=Não disparado\1=Disparado;0=Not triggered\1=Triggered;;CONC;;Público;Indicação de funcionamento do SPS endereço 7 - Erro de sincronismo entre fases;Indication of SPS address 7 operation - Error in synchronism between phases;;;;;;Concentrador;Concentrator;;;;;Autodiagnóstico;;;SDVCONC_$YLTC7$ST$SyncErrPh$stVal;;SPS
3225e55ee50c4c9ab24f4d0eb341e2ac;1;R;Bit;TabLeituraBinSps7;Discrete input;1206;Binary input;208;0;1;0;1;;;;0=Não disparado\1=Disparado;0=Not triggered\1=Triggered;;CONC;;Público;Indicação de funcionamento do SPS endereço 7 - Erro de sincronismo entre bancos;Indication of SPS address 7 operation - Error in synchronism between banks;;;;;;Concentrador;Concentrator;;;;;Autodiagnóstico;;;SDVCONC_$YLTC7$ST$SyncErrBnk$stVal;;SPS
65e1b0cd482b4a66901f2e82701040a7;1;R;Bit;TabLeituraBinSps7;Discrete input;1207;Binary input;209;0;1;0;1;;;;0=Não disparado\1=Disparado;0=Not triggered\1=Triggered;;CONC;;Público;Indicação de funcionamento do SPS endereço 7 - Erro de programação;Indication of SPS address 7 operation - Programming error;;;;;;Concentrador;Concentrator;;;;;Autodiagnóstico;;;SDVCONC_$YLTC7$ST$PrgErr$stVal;;SPS
34c11e8ef0ba4efbb8210df62527ea9c;1;R;Bit;TabLeituraBinSps7;Discrete input;1208;Binary input;210;0;1;0;1;;;;0=Não disparado\1=Disparado;0=Not triggered\1=Triggered;;CONC;;Público;Indicação de funcionamento do SPS endereço 7 - Erro de leitura de tap;Indication of SPS address 7 operation - Tap position reading error;;;;;;Concentrador;Concentrator;;;;;Autodiagnóstico;;;SDVCONC_$YLTC7$ST$PosErr$stVal;;SPS
0b43efa27b8143919bf4ca253d22226f;1;R;Bit;TabLeituraBinSps7;Discrete input;1209;Binary input;211;0;1;0;1;;;;0=Não\1=Sim;0=No\1=Yes;;CONC;;Público;Indicação de funcionamento do SPS endereço 7 - Comutador estável: em repouso e com leitura OK;Indication of SPS address 7 operation - OLTC stable: at rest and reading OK;;;;;;Concentrador;Concentrator;;Paralelismo;Parallelism;;Geral;;;SDVCONC_$YLTC7$ST$RdyChgPos$stVal;;SPS
33401d957491415c800d4895cab8a102;1;R;Bit;TabLeituraBinSps7;Discrete input;1210;Binary input;212;0;1;0;1;;;;0=Ruim\1=Boa;0=Bad\1=Good;;CONC;;Público;Indicação de funcionamento do SPS endereço 7 - Status comunicação;Indication of SPS address 7 operation - Communication status;;;;;;Concentrador;Concentrator;;Paralelismo;Parallelism;;Geral;;;SDVCONC_$YLTC7$ST$StComm$stVal;;SPS
;;;;;;;;;;;;;;;;;;;;;;;;;;;;;;;;;;;;;;;;
184176b578a2411585788214bd8c97b1;1;R;Bit;TabLeituraBinSps8;Discrete input;1300;Binary input;213;0;1;0;1;;;;0=Não\1=Sim;0=No\1=Yes;;CONC;;Público;Indicação de funcionamento do SPS endereço 8 - Comutação em andamento;Indication of SPS address 8 operation - Commutation in progress;;;;;;Concentrador;Concentrator;;Paralelismo;Parallelism;;Geral;;;SDVCONC_$YLTC8$ST$TapChg$stVal;;SPS
3e4136a75aaf499882428b74f0a1a4b8;1;R;Bit;TabLeituraBinSps8;Discrete input;1301;Binary input;214;0;1;0;1;;;;0=Remoto\1=Local;0=Remote\1=Local;;CONC;;Público;Indicação de funcionamento do SPS endereço 8 - Estado remoto ou local;Indication of SPS address 8 operation - Remote or local status;;;;;;Concentrador;Concentrator;;Paralelismo;Parallelism;;Geral;;;SDVCONC_$YLTC8$ST$Rem$stVal;;SPS
20f0bd6a253f439a8e343efc28475b32;1;R;Bit;TabLeituraBinSps8;Discrete input;1302;Binary input;215;0;1;0;1;;;;0=Manual\1=Automático;0=Manual\1=Autimatic;;CONC;;Público;Indicação de funcionamento do SPS endereço 8 - Estado manual ou automático;Indication of SPS address 8 operation - Manual or automatic status;;;;;;Concentrador;Concentrator;;Paralelismo;Parallelism;;Geral;;;SDVCONC_$YLTC8$ST$Auto$stVal;;SPS
341bff9cffb2471593e1bce604592e80;1;R;Bit;TabLeituraBinSps8;Discrete input;1303;Binary input;216;0;1;0;1;;;;0=Individual\1=Banco;0=Individual\1=Bank;;CONC;;Público;Indicação de funcionamento do SPS endereço 8 - Estado fase individual ou banco;Indication of SPS address 8 operation - Individual phase or bank status;;;;;;Concentrador;Concentrator;;Paralelismo;Parallelism;;Geral;;;SDVCONC_$YLTC8$ST$ParOp$stVal;;SPS
5b58d3ee239c4a2fb3b3cdd821d52278;1;R;Bit;TabLeituraBinSps8;Discrete input;1304;Binary input;217;0;1;0;1;;;;0=Trifásico\1=Monofásico;0=Three-phase\1=Single-phase;;CONC;;Público;Indicação de funcionamento do SPS endereço 8 - Modo trifásico ou monofásico;Indication of SPS address 8 operation - Three-phase or single-phase mode;;;;;;Concentrador;Concentrator;;Paralelismo;Parallelism;;Geral;;;SDVCONC_$YLTC8$ST$TrfMod$stVal;;SPS
0962b40011d144d39178972a34fa5ba4;1;R;Bit;TabLeituraBinSps8;Discrete input;1305;Binary input;218;0;1;0;1;;;;0=Não disparado\1=Disparado;0=Not triggered\1=Triggered;;CONC;;Público;Indicação de funcionamento do SPS endereço 8 - Erro de sincronismo entre fases;Indication of SPS address 8 operation - Error in synchronism between phases;;;;;;Concentrador;Concentrator;;;;;Autodiagnóstico;;;SDVCONC_$YLTC8$ST$SyncErrPh$stVal;;SPS
c852be8a469a499a95f5773802205941;1;R;Bit;TabLeituraBinSps8;Discrete input;1306;Binary input;219;0;1;0;1;;;;0=Não disparado\1=Disparado;0=Not triggered\1=Triggered;;CONC;;Público;Indicação de funcionamento do SPS endereço 8 - Erro de sincronismo entre bancos;Indication of SPS address 8 operation - Error in synchronism between banks;;;;;;Concentrador;Concentrator;;;;;Autodiagnóstico;;;SDVCONC_$YLTC8$ST$SyncErrBnk$stVal;;SPS
b64ae23ecd2945acbc5ad4be8febf351;1;R;Bit;TabLeituraBinSps8;Discrete input;1307;Binary input;220;0;1;0;1;;;;0=Não disparado\1=Disparado;0=Not triggered\1=Triggered;;CONC;;Público;Indicação de funcionamento do SPS endereço 8 - Erro de programação;Indication of SPS address 8 operation - Programming error;;;;;;Concentrador;Concentrator;;;;;Autodiagnóstico;;;SDVCONC_$YLTC8$ST$PrgErr$stVal;;SPS
0fc9c17beb844b6dae09c8e9aa07f439;1;R;Bit;TabLeituraBinSps8;Discrete input;1308;Binary input;221;0;1;0;1;;;;0=Não disparado\1=Disparado;0=Not triggered\1=Triggered;;CONC;;Público;Indicação de funcionamento do SPS endereço 8 - Erro de leitura de tap;Indication of SPS address 8 operation - Tap position reading error;;;;;;Concentrador;Concentrator;;;;;Autodiagnóstico;;;SDVCONC_$YLTC8$ST$PosErr$stVal;;SPS
6f01bce3662c40b3862b0ef80f5bd9b5;1;R;Bit;TabLeituraBinSps8;Discrete input;1309;Binary input;222;0;1;0;1;;;;0=Não\1=Sim;0=No\1=Yes;;CONC;;Público;Indicação de funcionamento do SPS endereço 8 - Comutador estável: em repouso e com leitura OK;Indication of SPS address 8 operation - OLTC stable: at rest and reading OK;;;;;;Concentrador;Concentrator;;Paralelismo;Parallelism;;Geral;;;SDVCONC_$YLTC8$ST$RdyChgPos$stVal;;SPS
cd082963af174eb488b9f8b43a421508;1;R;Bit;TabLeituraBinSps8;Discrete input;1310;Binary input;223;0;1;0;1;;;;0=Ruim\1=Boa;0=Bad\1=Good;;CONC;;Público;Indicação de funcionamento do SPS endereço 8 - Status comunicação;Indication of SPS address 8 operation - Communication status;;;;;;Concentrador;Concentrator;;Paralelismo;Parallelism;;Geral;;;SDVCONC_$YLTC8$ST$StComm$stVal;;SPS
;;;;;;;;;;;;;;;;;;;;;;;;;;;;;;;;;;;;;;;;
ad8a97c0494a410b81b3d945981941ae;1;R;Bit;TabLeituraBinSps9;Discrete input;1400;Binary input;224;0;1;0;1;;;;0=Não\1=Sim;0=No\1=Yes;;CONC;;Público;Indicação de funcionamento do SPS endereço 9 - Comutação em andamento;Indication of SPS address 9 operation - Commutation in progress;;;;;;Concentrador;Concentrator;;Paralelismo;Parallelism;;Geral;;;SDVCONC_$YLTC9$ST$TapChg$stVal;;SPS
ae8ff745c2f345fab1b5906d961d1b53;1;R;Bit;TabLeituraBinSps9;Discrete input;1401;Binary input;225;0;1;0;1;;;;0=Remoto\1=Local;0=Remote\1=Local;;CONC;;Público;Indicação de funcionamento do SPS endereço 9 - Estado remoto ou local;Indication of SPS address 9 operation - Remote or local status;;;;;;Concentrador;Concentrator;;Paralelismo;Parallelism;;Geral;;;SDVCONC_$YLTC9$ST$Rem$stVal;;SPS
f7d5c20d63134cf4acb29919ad683e65;1;R;Bit;TabLeituraBinSps9;Discrete input;1402;Binary input;226;0;1;0;1;;;;0=Manual\1=Automático;0=Manual\1=Autimatic;;CONC;;Público;Indicação de funcionamento do SPS endereço 9 - Estado manual ou automático;Indication of SPS address 9 operation - Manual or automatic status;;;;;;Concentrador;Concentrator;;Paralelismo;Parallelism;;Geral;;;SDVCONC_$YLTC9$ST$Auto$stVal;;SPS
aebb428c64a140bf8d0704c85b37f9cb;1;R;Bit;TabLeituraBinSps9;Discrete input;1403;Binary input;227;0;1;0;1;;;;0=Individual\1=Banco;0=Individual\1=Bank;;CONC;;Público;Indicação de funcionamento do SPS endereço 9 - Estado fase individual ou banco;Indication of SPS address 9 operation - Individual/Bank phase state;;;;;;Concentrador;Concentrator;;Paralelismo;Parallelism;;Geral;;Sim;SDVCONC_$YLTC9$ST$ParOp$stVal;;SPS
a246e7050ef245aebf4a9115ccf5bb30;1;R;Bit;TabLeituraBinSps9;Discrete input;1404;Binary input;228;0;1;0;1;;;;0=Trifásico\1=Monofásico;0=Three-phase\1=Single-phase;;CONC;;Público;Indicação de funcionamento do SPS endereço 9 - Modo trifásico ou monofásico;Indication of SPS address 9 operation - Three-phase or single-phase mode;;;;;;Concentrador;Concentrator;;Paralelismo;Parallelism;;Geral;;;SDVCONC_$YLTC9$ST$TrfMod$stVal;;SPS
4fe1b721a99f46d18517f6a0f340c86e;1;R;Bit;TabLeituraBinSps9;Discrete input;1405;Binary input;229;0;1;0;1;;;;0=Não disparado\1=Disparado;0=Not triggered\1=Triggered;;CONC;;Público;Indicação de funcionamento do SPS endereço 9 - Erro de sincronismo entre fases;Indication of SPS address 9 operation - Error in synchronism between phases;;;;;;Concentrador;Concentrator;;;;;Autodiagnóstico;;;SDVCONC_$YLTC9$ST$SyncErrPh$stVal;;SPS
72ab1f4fea6746a5ad7c5761d42b293f;1;R;Bit;TabLeituraBinSps9;Discrete input;1406;Binary input;230;0;1;0;1;;;;0=Não disparado\1=Disparado;0=Not triggered\1=Triggered;;CONC;;Público;Indicação de funcionamento do SPS endereço 9 - Erro de sincronismo entre bancos;Indication of SPS address 9 operation - Error in synchronism between banks;;;;;;Concentrador;Concentrator;;;;;Autodiagnóstico;;;SDVCONC_$YLTC9$ST$SyncErrBnk$stVal;;SPS
6d89a51e45234ad4b5b179d5df60c731;1;R;Bit;TabLeituraBinSps9;Discrete input;1407;Binary input;231;0;1;0;1;;;;0=Não disparado\1=Disparado;0=Not triggered\1=Triggered;;CONC;;Público;Indicação de funcionamento do SPS endereço 9 - Erro de programação;Indication of SPS address 9 operation - Programming error;;;;;;Concentrador;Concentrator;;;;;Autodiagnóstico;;;SDVCONC_$YLTC9$ST$PrgErr$stVal;;SPS
ba9cf7af73154380803f58896a726df4;1;R;Bit;TabLeituraBinSps9;Discrete input;1408;Binary input;232;0;1;0;1;;;;0=Não disparado\1=Disparado;0=Not triggered\1=Triggered;;CONC;;Público;Indicação de funcionamento do SPS endereço 9 - Erro de leitura de tap;Indication of SPS address 9 operation - Tap position reading error;;;;;;Concentrador;Concentrator;;;;;Autodiagnóstico;;;SDVCONC_$YLTC9$ST$PosErr$stVal;;SPS
415c3e1b758b45a483b769ad3f833aa7;1;R;Bit;TabLeituraBinSps9;Discrete input;1409;Binary input;233;0;1;0;1;;;;0=Não\1=Sim;0=No\1=Yes;;CONC;;Público;Indicação de funcionamento do SPS endereço 9 - Comutador estável: em repouso e com leitura OK;Indication of SPS address 9 operation - OLTC stable: at rest and reading OK;;;;;;Concentrador;Concentrator;;Paralelismo;Parallelism;;Geral;;;SDVCONC_$YLTC9$ST$RdyChgPos$stVal;;SPS
2b0d6241fdce4f7184ded3b5526a4b57;1;R;Bit;TabLeituraBinSps9;Discrete input;1410;Binary input;234;0;1;0;1;;;;0=Ruim\1=Boa;0=Bad\1=Good;;CONC;;Público;Indicação de funcionamento do SPS endereço 9 - Status comunicação;Indication of SPS address 9 operation - Communication status;;;;;;Concentrador;Concentrator;;Paralelismo;Parallelism;;Geral;;;SDVCONC_$YLTC9$ST$StComm$stVal;;SPS
472efe2558454bf1ab0c5c10ff4fd227;1;R;Bit;TabLeituraBinSps9;Discrete input;1411;Binary input;235;0;1;0;1;;;;0=Não\1=Sim;0=No\1=Yes;;CONC;;Público;Indicação de funcionamento do SPS endereço 9 - Configurado em modo individual ou banco;Indication of SPS address 9 operation - Configured in individual mode;;;;;;Concentrador;Concentrator;;Configuração;Configuration;;Geral;;;SDVCONC_$YLTC9$ST$Indv$stVal;;
31806dce6f2347319148624e3b8b7a63;1;R;Bit;TabLeituraBinSps9;Discrete input;1412;Binary input;236;0;1;0;1;;;;0=Não\1=Sim;0=No\1=Yes;;CONC;;Público;Indicação de funcionamento do SPS endereço 9 - Configurado em modo mestre;Indication of SPS address 9 operation - Configured in master mode;;;;;;Concentrador;Concentrator;;Configuração;Configuration;;Geral;;;SDVCONC_$YLTC9$ST$Mstr$stVal;;
c4f5034e1fe846169fde91ba9531a024;1;R;Bit;TabLeituraBinSps9;Discrete input;1413;Binary input;237;0;1;0;1;;;;0=Não\1=Sim;0=No\1=Yes;;CONC;;Público;Indicação de funcionamento do SPS endereço 9 - Configurado em modo comandado;Indication of SPS address 9 operation - Configured in follower mode;;;;;;Concentrador;Concentrator;;Configuração;Configuration;;Geral;;;SDVCONC_$YLTC9$ST$Flwr$stVal;;
;;;;;;;;;;;;;;;;;;;;;;;;;;;;;;;;;;;;;;;;
8f189cfc7cd74e35ab36d292fccf3e6b;1;R;Bit;TabLeituraBinSps10;Discrete input;1500;Binary input;238;0;1;0;1;;;;0=Não\1=Sim;0=No\1=Yes;;CONC;;Público;Indicação de funcionamento do SPS endereço 10 - Comutação em andamento;Indication of SPS address 10 operation - Commutation in progress;;;;;;Concentrador;Concentrator;;Paralelismo;Parallelism;;Geral;;;SDVCONC_$YLTC10$ST$TapChg$stVal;;SPS
250ad3587bf74b56aeffc638683e12b7;1;R;Bit;TabLeituraBinSps10;Discrete input;1501;Binary input;239;0;1;0;1;;;;0=Remoto\1=Local;0=Remote\1=Local;;CONC;;Público;Indicação de funcionamento do SPS endereço 10 - Estado remoto ou local;Indication of SPS address 10 operation - Remote or local status;;;;;;Concentrador;Concentrator;;Paralelismo;Parallelism;;Geral;;;SDVCONC_$YLTC10$ST$Rem$stVal;;SPS
9d9bac04e18b43faba0fe3e13dfc0218;1;R;Bit;TabLeituraBinSps10;Discrete input;1502;Binary input;240;0;1;0;1;;;;0=Manual\1=Automático;0=Manual\1=Autimatic;;CONC;;Público;Indicação de funcionamento do SPS endereço 10 - Estado manual ou automático;Indication of SPS address 10 operation - Manual or automatic status;;;;;;Concentrador;Concentrator;;Paralelismo;Parallelism;;Geral;;;SDVCONC_$YLTC10$ST$Auto$stVal;;SPS
52f58cf3b8f141318bd0b8af6bd56f29;1;R;Bit;TabLeituraBinSps10;Discrete input;1503;Binary input;241;0;1;0;1;;;;0=Individual\1=Banco;0=Individual\1=Bank;;CONC;;Público;Indicação de funcionamento do SPS endereço 10 - Estado fase individual ou banco;Indication of SPS address 10 operation - Individual phase or bank status;;;;;;Concentrador;Concentrator;;Paralelismo;Parallelism;;Geral;;;SDVCONC_$YLTC10$ST$ParOp$stVal;;SPS
0160c40704e34304b55664b98f85cee2;1;R;Bit;TabLeituraBinSps10;Discrete input;1504;Binary input;242;0;1;0;1;;;;0=Trifásico\1=Monofásico;0=Three-phase\1=Single-phase;;CONC;;Público;Indicação de funcionamento do SPS endereço 10 - Modo trifásico ou monofásico;Indication of SPS address 10 operation - Three-phase or single-phase mode;;;;;;Concentrador;Concentrator;;Paralelismo;Parallelism;;Geral;;;SDVCONC_$YLTC10$ST$TrfMod$stVal;;SPS
1ac3abe2c7f746df96af6d1cd651cc32;1;R;Bit;TabLeituraBinSps10;Discrete input;1505;Binary input;243;0;1;0;1;;;;0=Não disparado\1=Disparado;0=Not triggered\1=Triggered;;CONC;;Público;Indicação de funcionamento do SPS endereço 10 - Erro de sincronismo entre fases;Indication of SPS address 10 operation - Error in synchronism between phases;;;;;;Concentrador;Concentrator;;;;;Autodiagnóstico;;;SDVCONC_$YLTC10$ST$SyncErrPh$stVal;;SPS
1bd3483d37a440148644b07dae3fa174;1;R;Bit;TabLeituraBinSps10;Discrete input;1506;Binary input;244;0;1;0;1;;;;0=Não disparado\1=Disparado;0=Not triggered\1=Triggered;;CONC;;Público;Indicação de funcionamento do SPS endereço 10 - Erro de sincronismo entre bancos;Indication of SPS address 10 operation - Error in synchronism between banks;;;;;;Concentrador;Concentrator;;;;;Autodiagnóstico;;;SDVCONC_$YLTC10$ST$SyncErrBnk$stVal;;SPS
49890c60a72842398c4309258c81f1a8;1;R;Bit;TabLeituraBinSps10;Discrete input;1507;Binary input;245;0;1;0;1;;;;0=Não disparado\1=Disparado;0=Not triggered\1=Triggered;;CONC;;Público;Indicação de funcionamento do SPS endereço 10 - Erro de programação;Indication of SPS address 10 operation - Programming error;;;;;;Concentrador;Concentrator;;;;;Autodiagnóstico;;;SDVCONC_$YLTC10$ST$PrgErr$stVal;;SPS
34dd29073564461a9f9311118a4a741b;1;R;Bit;TabLeituraBinSps10;Discrete input;1508;Binary input;246;0;1;0;1;;;;0=Não disparado\1=Disparado;0=Not triggered\1=Triggered;;CONC;;Público;Indicação de funcionamento do SPS endereço 10 - Erro de leitura de tap;Indication of SPS address 10 operation - Tap position reading error;;;;;;Concentrador;Concentrator;;;;;Autodiagnóstico;;;SDVCONC_$YLTC10$ST$PosErr$stVal;;SPS
3760fb31c72e414bad4514614434b38c;1;R;Bit;TabLeituraBinSps10;Discrete input;1509;Binary input;247;0;1;0;1;;;;0=Não\1=Sim;0=No\1=Yes;;CONC;;Público;Indicação de funcionamento do SPS endereço 10 - Comutador estável: em repouso e com leitura OK;Indication of SPS address 10 operation - OLTC stable: at rest and reading OK;;;;;;Concentrador;Concentrator;;Paralelismo;Parallelism;;Geral;;;SDVCONC_$YLTC10$ST$RdyChgPos$stVal;;SPS
afdc521173f046db8888c0d1b341a6cf;1;R;Bit;TabLeituraBinSps10;Discrete input;1510;Binary input;248;0;1;0;1;;;;0=Ruim\1=Boa;0=Bad\1=Good;;CONC;;Público;Indicação de funcionamento do SPS endereço 10 - Status comunicação;Indication of SPS address 10 operation - Communication status;;;;;;Concentrador;Concentrator;;Paralelismo;Parallelism;;Geral;;;SDVCONC_$YLTC10$ST$StComm$stVal;;SPS
;;;;;;;;;;;;;;;;;;;;;;;;;;;;;;;;;;;;;;;;
e1e031d3da114e42871e571f5a8feab8;1;R;Bit;TabLeituraBinSps11;Discrete input;1600;Binary input;249;0;1;0;1;;;;0=Não\1=Sim;0=No\1=Yes;;CONC;;Público;Indicação de funcionamento do SPS endereço 11 - Comutação em andamento;Indication of SPS address 11 operation - Commutation in progress;;;;;;Concentrador;Concentrator;;Paralelismo;Parallelism;;Geral;;;SDVCONC_$YLTC11$ST$TapChg$stVal;;SPS
e4002a4c373546b0886321fdc3f00339;1;R;Bit;TabLeituraBinSps11;Discrete input;1601;Binary input;250;0;1;0;1;;;;0=Remoto\1=Local;0=Remote\1=Local;;CONC;;Público;Indicação de funcionamento do SPS endereço 11 - Estado remoto ou local;Indication of SPS address 11 operation - Remote or local status;;;;;;Concentrador;Concentrator;;Paralelismo;Parallelism;;Geral;;;SDVCONC_$YLTC11$ST$Rem$stVal;;SPS
9275cf979d2444f1b672e17abb7ddcc6;1;R;Bit;TabLeituraBinSps11;Discrete input;1602;Binary input;251;0;1;0;1;;;;0=Manual\1=Automático;0=Manual\1=Autimatic;;CONC;;Público;Indicação de funcionamento do SPS endereço 11 - Estado manual ou automático;Indication of SPS address 11 operation - Manual or automatic status;;;;;;Concentrador;Concentrator;;Paralelismo;Parallelism;;Geral;;;SDVCONC_$YLTC11$ST$Auto$stVal;;SPS
76620654ec0d496c94ea7f76c2b046ac;1;R;Bit;TabLeituraBinSps11;Discrete input;1603;Binary input;252;0;1;0;1;;;;0=Individual\1=Banco;0=Individual\1=Bank;;CONC;;Público;Indicação de funcionamento do SPS endereço 11 - Estado fase individual ou banco;Indication of SPS address 11 operation - Individual phase or bank status;;;;;;Concentrador;Concentrator;;Paralelismo;Parallelism;;Geral;;;SDVCONC_$YLTC11$ST$ParOp$stVal;;SPS
0491e9078b304d5a97d0a4efdf83f12d;1;R;Bit;TabLeituraBinSps11;Discrete input;1604;Binary input;253;0;1;0;1;;;;0=Trifásico\1=Monofásico;0=Three-phase\1=Single-phase;;CONC;;Público;Indicação de funcionamento do SPS endereço 11 - Modo trifásico ou monofásico;Indication of SPS address 11 operation - Three-phase or single-phase mode;;;;;;Concentrador;Concentrator;;Paralelismo;Parallelism;;Geral;;;SDVCONC_$YLTC11$ST$TrfMod$stVal;;SPS
a5afaccd96544f2ea0cd7c7c677a82b3;1;R;Bit;TabLeituraBinSps11;Discrete input;1605;Binary input;254;0;1;0;1;;;;0=Não disparado\1=Disparado;0=Not triggered\1=Triggered;;CONC;;Público;Indicação de funcionamento do SPS endereço 11 - Erro de sincronismo entre fases;Indication of SPS address 11 operation - Error in synchronism between phases;;;;;;Concentrador;Concentrator;;;;;Autodiagnóstico;;;SDVCONC_$YLTC11$ST$SyncErrPh$stVal;;SPS
8306334bf43d4e358aac02b897cea81f;1;R;Bit;TabLeituraBinSps11;Discrete input;1606;Binary input;255;0;1;0;1;;;;0=Não disparado\1=Disparado;0=Not triggered\1=Triggered;;CONC;;Público;Indicação de funcionamento do SPS endereço 11 - Erro de sincronismo entre bancos;Indication of SPS address 11 operation - Error in synchronism between banks;;;;;;Concentrador;Concentrator;;;;;Autodiagnóstico;;;SDVCONC_$YLTC11$ST$SyncErrBnk$stVal;;SPS
16dc31c01b8145b6a5c6a0b039b57235;1;R;Bit;TabLeituraBinSps11;Discrete input;1607;Binary input;256;0;1;0;1;;;;0=Não disparado\1=Disparado;0=Not triggered\1=Triggered;;CONC;;Público;Indicação de funcionamento do SPS endereço 11 - Erro de programação;Indication of SPS address 11 operation - Programming error;;;;;;Concentrador;Concentrator;;;;;Autodiagnóstico;;;SDVCONC_$YLTC11$ST$PrgErr$stVal;;SPS
e1bf8e1be8514d70a941c2603ee62fdb;1;R;Bit;TabLeituraBinSps11;Discrete input;1608;Binary input;257;0;1;0;1;;;;0=Não disparado\1=Disparado;0=Not triggered\1=Triggered;;CONC;;Público;Indicação de funcionamento do SPS endereço 11 - Erro de leitura de tap;Indication of SPS address 11 operation - Tap position reading error;;;;;;Concentrador;Concentrator;;;;;Autodiagnóstico;;;SDVCONC_$YLTC11$ST$PosErr$stVal;;SPS
a61f50c00f074c5a8bc7f7272cc3db4e;1;R;Bit;TabLeituraBinSps11;Discrete input;1609;Binary input;258;0;1;0;1;;;;0=Não\1=Sim;0=No\1=Yes;;CONC;;Público;Indicação de funcionamento do SPS endereço 11 - Comutador estável: em repouso e com leitura OK;Indication of SPS address 11 operation - OLTC stable: at rest and reading OK;;;;;;Concentrador;Concentrator;;Paralelismo;Parallelism;;Geral;;;SDVCONC_$YLTC11$ST$RdyChgPos$stVal;;SPS
928fe90102784cc89ffe5772a8e3cd92;1;R;Bit;TabLeituraBinSps11;Discrete input;1610;Binary input;259;0;1;0;1;;;;0=Ruim\1=Boa;0=Bad\1=Good;;CONC;;Público;Indicação de funcionamento do SPS endereço 11 - Status comunicação;Indication of SPS address 11 operation - Communication status;;;;;;Concentrador;Concentrator;;Paralelismo;Parallelism;;Geral;;;SDVCONC_$YLTC11$ST$StComm$stVal;;SPS
;;;;;;;;;;;;;;;;;;;;;;;;;;;;;;;;;;;;;;;;
e6f52aabebf24e49a3ed0c07b2b4bfab;1;R;Bit;TabLeituraBinSps12;Discrete input;1700;Binary input;260;0;1;0;1;;;;0=Não\1=Sim;0=No\1=Yes;;CONC;;Público;Indicação de funcionamento do SPS endereço 12 - Comutação em andamento;Indication of SPS address 12 operation - Commutation in progress;;;;;;Concentrador;Concentrator;;Paralelismo;Parallelism;;Geral;;;SDVCONC_$YLTC12$ST$TapChg$stVal;;SPS
70594c4516a84c96928acea5f6c0e6c3;1;R;Bit;TabLeituraBinSps12;Discrete input;1701;Binary input;261;0;1;0;1;;;;0=Remoto\1=Local;0=Remote\1=Local;;CONC;;Público;Indicação de funcionamento do SPS endereço 12 - Estado remoto ou local;Indication of SPS address 12 operation - Remote or local status;;;;;;Concentrador;Concentrator;;Paralelismo;Parallelism;;Geral;;;SDVCONC_$YLTC12$ST$Rem$stVal;;SPS
35a762a60ef843e9b1331dd82f3ee18e;1;R;Bit;TabLeituraBinSps12;Discrete input;1702;Binary input;262;0;1;0;1;;;;0=Manual\1=Automático;0=Manual\1=Autimatic;;CONC;;Público;Indicação de funcionamento do SPS endereço 12 - Estado manual ou automático;Indication of SPS address 12 operation - Manual or automatic status;;;;;;Concentrador;Concentrator;;Paralelismo;Parallelism;;Geral;;;SDVCONC_$YLTC12$ST$Auto$stVal;;SPS
5e8275783b7541dba8db7430a65d73f4;1;R;Bit;TabLeituraBinSps12;Discrete input;1703;Binary input;263;0;1;0;1;;;;0=Individual\1=Banco;0=Individual\1=Bank;;CONC;;Público;Indicação de funcionamento do SPS endereço 12 - Estado fase individual ou banco;Indication of SPS address 12 operation - Individual/Bank phase state;;;;;;Concentrador;Concentrator;;Paralelismo;Parallelism;;Geral;;Sim;SDVCONC_$YLTC12$ST$ParOp$stVal;;SPS
d6411a4558224e35bda2cf8839f66439;1;R;Bit;TabLeituraBinSps12;Discrete input;1704;Binary input;264;0;1;0;1;;;;0=Trifásico\1=Monofásico;0=Three-phase\1=Single-phase;;CONC;;Público;Indicação de funcionamento do SPS endereço 12 - Modo trifásico ou monofásico;Indication of SPS address 12 operation - Three-phase or single-phase mode;;;;;;Concentrador;Concentrator;;Paralelismo;Parallelism;;Geral;;;SDVCONC_$YLTC12$ST$TrfMod$stVal;;SPS
63df9465d5bb496e97610ce051120185;1;R;Bit;TabLeituraBinSps12;Discrete input;1705;Binary input;265;0;1;0;1;;;;0=Não disparado\1=Disparado;0=Not triggered\1=Triggered;;CONC;;Público;Indicação de funcionamento do SPS endereço 12 - Erro de sincronismo entre fases;Indication of SPS address 12 operation - Error in synchronism between phases;;;;;;Concentrador;Concentrator;;;;;Autodiagnóstico;;;SDVCONC_$YLTC12$ST$SyncErrPh$stVal;;SPS
0b73e2a2f6744f4eacd40ececaa28880;1;R;Bit;TabLeituraBinSps12;Discrete input;1706;Binary input;266;0;1;0;1;;;;0=Não disparado\1=Disparado;0=Not triggered\1=Triggered;;CONC;;Público;Indicação de funcionamento do SPS endereço 12 - Erro de sincronismo entre bancos;Indication of SPS address 12 operation - Error in synchronism between banks;;;;;;Concentrador;Concentrator;;;;;Autodiagnóstico;;;SDVCONC_$YLTC12$ST$SyncErrBnk$stVal;;SPS
759c77db3f3646789ef482ed1e678a7f;1;R;Bit;TabLeituraBinSps12;Discrete input;1707;Binary input;267;0;1;0;1;;;;0=Não disparado\1=Disparado;0=Not triggered\1=Triggered;;CONC;;Público;Indicação de funcionamento do SPS endereço 12 - Erro de programação;Indication of SPS address 12 operation - Programming error;;;;;;Concentrador;Concentrator;;;;;Autodiagnóstico;;;SDVCONC_$YLTC12$ST$PrgErr$stVal;;SPS
26c399c292af45ab80d8f579ceea7063;1;R;Bit;TabLeituraBinSps12;Discrete input;1708;Binary input;268;0;1;0;1;;;;0=Não disparado\1=Disparado;0=Not triggered\1=Triggered;;CONC;;Público;Indicação de funcionamento do SPS endereço 12 - Erro de leitura de tap;Indication of SPS address 12 operation - Tap position reading error;;;;;;Concentrador;Concentrator;;;;;Autodiagnóstico;;;SDVCONC_$YLTC12$ST$PosErr$stVal;;SPS
fede416ab0054aea8327a0e34386a9b4;1;R;Bit;TabLeituraBinSps12;Discrete input;1709;Binary input;269;0;1;0;1;;;;0=Não\1=Sim;0=No\1=Yes;;CONC;;Público;Indicação de funcionamento do SPS endereço 12 - Comutador estável: em repouso e com leitura OK;Indication of SPS address 12 operation - OLTC stable: at rest and reading OK;;;;;;Concentrador;Concentrator;;Paralelismo;Parallelism;;Geral;;;SDVCONC_$YLTC12$ST$RdyChgPos$stVal;;SPS
6b911d59209f48029c2472ead0bf00b7;1;R;Bit;TabLeituraBinSps12;Discrete input;1710;Binary input;270;0;1;0;1;;;;0=Ruim\1=Boa;0=Bad\1=Good;;CONC;;Público;Indicação de funcionamento do SPS endereço 12 - Status comunicação;Indication of SPS address 12 operation - Communication status;;;;;;Concentrador;Concentrator;;Paralelismo;Parallelism;;Geral;;;SDVCONC_$YLTC12$ST$StComm$stVal;;SPS
acac6068796846e4af69f9d33884fc5d;1;R;Bit;TabLeituraBinSps12;Discrete input;1711;Binary input;271;0;1;0;1;;;;0=Não\1=Sim;0=No\1=Yes;;CONC;;Público;Indicação de funcionamento do SPS endereço 12 - Configurado em modo individual ou banco;Indication of SPS address 12 operation - Configured in individual mode;;;;;;Concentrador;Concentrator;;Configuração;Configuration;;Geral;;;SDVCONC_$YLTC12$ST$Indv$stVal;;
9e1d4f4c424644ce9641a1a866210f20;1;R;Bit;TabLeituraBinSps12;Discrete input;1712;Binary input;272;0;1;0;1;;;;0=Não\1=Sim;0=No\1=Yes;;CONC;;Público;Indicação de funcionamento do SPS endereço 12 - Configurado em modo mestre;Indication of SPS address 12 operation - Configured in master mode;;;;;;Concentrador;Concentrator;;Configuração;Configuration;;Geral;;;SDVCONC_$YLTC12$ST$Mstr$stVal;;
fb0d12a0830e4b159be419e51c98c463;1;R;Bit;TabLeituraBinSps12;Discrete input;1713;Binary input;273;0;1;0;1;;;;0=Não\1=Sim;0=No\1=Yes;;CONC;;Público;Indicação de funcionamento do SPS endereço 12 - Configurado em modo comandado;Indication of SPS address 12 operation - Configured in follower mode;;;;;;Concentrador;Concentrator;;Configuração;Configuration;;Geral;;;SDVCONC_$YLTC12$ST$Flwr$stVal;;
;;;;;;;;;;;;;;;;;;;;;;;;;;;;;;;;;;;;;;;;
0fe22840b876408c97545b98fd540fc4;1;R;Bit;TabLeituraBinSps13;Discrete input;1800;Binary input;274;0;1;0;1;;;;0=Não\1=Sim;0=No\1=Yes;;CONC;;Público;Indicação de funcionamento do SPS endereço 13 - Comutação em andamento;Indication of SPS address 13 operation - Commutation in progress;;;;;;Concentrador;Concentrator;;Paralelismo;Parallelism;;Geral;;;SDVCONC_$YLTC13$ST$TapChg$stVal;;SPS
75b385eb481a4d0182d6499172a310d8;1;R;Bit;TabLeituraBinSps13;Discrete input;1801;Binary input;275;0;1;0;1;;;;0=Remoto\1=Local;0=Remote\1=Local;;CONC;;Público;Indicação de funcionamento do SPS endereço 13 - Estado remoto ou local;Indication of SPS address 13 operation - Remote or local status;;;;;;Concentrador;Concentrator;;Paralelismo;Parallelism;;Geral;;;SDVCONC_$YLTC13$ST$Rem$stVal;;SPS
aa26a1f5dda14925af467ddf3a162d04;1;R;Bit;TabLeituraBinSps13;Discrete input;1802;Binary input;276;0;1;0;1;;;;0=Manual\1=Automático;0=Manual\1=Autimatic;;CONC;;Público;Indicação de funcionamento do SPS endereço 13 - Estado manual ou automático;Indication of SPS address 13 operation - Manual or automatic status;;;;;;Concentrador;Concentrator;;Paralelismo;Parallelism;;Geral;;;SDVCONC_$YLTC13$ST$Auto$stVal;;SPS
3c608792fbbd4e5c8dbebf93d413ac1e;1;R;Bit;TabLeituraBinSps13;Discrete input;1803;Binary input;277;0;1;0;1;;;;0=Individual\1=Banco;0=Individual\1=Bank;;CONC;;Público;Indicação de funcionamento do SPS endereço 13 - Estado fase individual ou banco;Indication of SPS address 13 operation - Individual phase or bank status;;;;;;Concentrador;Concentrator;;Paralelismo;Parallelism;;Geral;;;SDVCONC_$YLTC13$ST$ParOp$stVal;;SPS
566cf6c5d0f24fae8b449adfc0db6d1e;1;R;Bit;TabLeituraBinSps13;Discrete input;1804;Binary input;278;0;1;0;1;;;;0=Trifásico\1=Monofásico;0=Three-phase\1=Single-phase;;CONC;;Público;Indicação de funcionamento do SPS endereço 13 - Modo trifásico ou monofásico;Indication of SPS address 13 operation - Three-phase or single-phase mode;;;;;;Concentrador;Concentrator;;Paralelismo;Parallelism;;Geral;;;SDVCONC_$YLTC13$ST$TrfMod$stVal;;SPS
f5126d8e318248dcbae13ab48e7594b5;1;R;Bit;TabLeituraBinSps13;Discrete input;1805;Binary input;279;0;1;0;1;;;;0=Não disparado\1=Disparado;0=Not triggered\1=Triggered;;CONC;;Público;Indicação de funcionamento do SPS endereço 13 - Erro de sincronismo entre fases;Indication of SPS address 13 operation - Error in synchronism between phases;;;;;;Concentrador;Concentrator;;;;;Autodiagnóstico;;;SDVCONC_$YLTC13$ST$SyncErrPh$stVal;;SPS
27d5783531ef4d1c9f925c4704ea97e0;1;R;Bit;TabLeituraBinSps13;Discrete input;1806;Binary input;280;0;1;0;1;;;;0=Não disparado\1=Disparado;0=Not triggered\1=Triggered;;CONC;;Público;Indicação de funcionamento do SPS endereço 13 - Erro de sincronismo entre bancos;Indication of SPS address 13 operation - Error in synchronism between banks;;;;;;Concentrador;Concentrator;;;;;Autodiagnóstico;;;SDVCONC_$YLTC13$ST$SyncErrBnk$stVal;;SPS
552fc4111bf8458f9766cfc80988fe69;1;R;Bit;TabLeituraBinSps13;Discrete input;1807;Binary input;281;0;1;0;1;;;;0=Não disparado\1=Disparado;0=Not triggered\1=Triggered;;CONC;;Público;Indicação de funcionamento do SPS endereço 13 - Erro de programação;Indication of SPS address 13 operation - Programming error;;;;;;Concentrador;Concentrator;;;;;Autodiagnóstico;;;SDVCONC_$YLTC13$ST$PrgErr$stVal;;SPS
a23140e26421414191d0d15c3aa88c70;1;R;Bit;TabLeituraBinSps13;Discrete input;1808;Binary input;282;0;1;0;1;;;;0=Não disparado\1=Disparado;0=Not triggered\1=Triggered;;CONC;;Público;Indicação de funcionamento do SPS endereço 13 - Erro de leitura de tap;Indication of SPS address 13 operation - Tap position reading error;;;;;;Concentrador;Concentrator;;;;;Autodiagnóstico;;;SDVCONC_$YLTC13$ST$PosErr$stVal;;SPS
8a5c544c7b9543d798888e0576017491;1;R;Bit;TabLeituraBinSps13;Discrete input;1809;Binary input;283;0;1;0;1;;;;0=Não\1=Sim;0=No\1=Yes;;CONC;;Público;Indicação de funcionamento do SPS endereço 13 - Comutador estável: em repouso e com leitura OK;Indication of SPS address 13 operation - OLTC stable: at rest and reading OK;;;;;;Concentrador;Concentrator;;Paralelismo;Parallelism;;Geral;;;SDVCONC_$YLTC13$ST$RdyChgPos$stVal;;SPS
bfa7615162d84864a6456ce0a48af127;1;R;Bit;TabLeituraBinSps13;Discrete input;1810;Binary input;284;0;1;0;1;;;;0=Ruim\1=Boa;0=Bad\1=Good;;CONC;;Público;Indicação de funcionamento do SPS endereço 13 - Status comunicação;Indication of SPS address 13 operation - Communication status;;;;;;Concentrador;Concentrator;;Paralelismo;Parallelism;;Geral;;;SDVCONC_$YLTC13$ST$StComm$stVal;;SPS
;;;;;;;;;;;;;;;;;;;;;;;;;;;;;;;;;;;;;;;;
ee820d5809a9408bb588ec457b26da87;1;R;Bit;TabLeituraBinSps14;Discrete input;1900;Binary input;285;0;1;0;1;;;;0=Não\1=Sim;0=No\1=Yes;;CONC;;Público;Indicação de funcionamento do SPS endereço 14 - Comutação em andamento;Indication of SPS address 14 operation - Commutation in progress;;;;;;Concentrador;Concentrator;;Paralelismo;Parallelism;;Geral;;;SDVCONC_$YLTC14$ST$TapChg$stVal;;SPS
43f6337f83fd441fb6fbdc8c593566f9;1;R;Bit;TabLeituraBinSps14;Discrete input;1901;Binary input;286;0;1;0;1;;;;0=Remoto\1=Local;0=Remote\1=Local;;CONC;;Público;Indicação de funcionamento do SPS endereço 14 - Estado remoto ou local;Indication of SPS address 14 operation - Remote or local status;;;;;;Concentrador;Concentrator;;Paralelismo;Parallelism;;Geral;;;SDVCONC_$YLTC14$ST$Rem$stVal;;SPS
984280f59a794a64bc71f3531d35a278;1;R;Bit;TabLeituraBinSps14;Discrete input;1902;Binary input;287;0;1;0;1;;;;0=Manual\1=Automático;0=Manual\1=Autimatic;;CONC;;Público;Indicação de funcionamento do SPS endereço 14 - Estado manual ou automático;Indication of SPS address 14 operation - Manual or automatic status;;;;;;Concentrador;Concentrator;;Paralelismo;Parallelism;;Geral;;;SDVCONC_$YLTC14$ST$Auto$stVal;;SPS
a47e9436b76c4c7c898539a7f87edd44;1;R;Bit;TabLeituraBinSps14;Discrete input;1903;Binary input;288;0;1;0;1;;;;0=Individual\1=Banco;0=Individual\1=Bank;;CONC;;Público;Indicação de funcionamento do SPS endereço 14 - Estado fase individual ou banco;Indication of SPS address 14 operation - Individual phase or bank status;;;;;;Concentrador;Concentrator;;Paralelismo;Parallelism;;Geral;;;SDVCONC_$YLTC14$ST$ParOp$stVal;;SPS
bfc96cac2bcd46c080e562125c7de188;1;R;Bit;TabLeituraBinSps14;Discrete input;1904;Binary input;289;0;1;0;1;;;;0=Trifásico\1=Monofásico;0=Three-phase\1=Single-phase;;CONC;;Público;Indicação de funcionamento do SPS endereço 14 - Modo trifásico ou monofásico;Indication of SPS address 14 operation - Three-phase or single-phase mode;;;;;;Concentrador;Concentrator;;Paralelismo;Parallelism;;Geral;;;SDVCONC_$YLTC14$ST$TrfMod$stVal;;SPS
6f8407e35a574facb1f42d85eed56e73;1;R;Bit;TabLeituraBinSps14;Discrete input;1905;Binary input;290;0;1;0;1;;;;0=Não disparado\1=Disparado;0=Not triggered\1=Triggered;;CONC;;Público;Indicação de funcionamento do SPS endereço 14 - Erro de sincronismo entre fases;Indication of SPS address 14 operation - Error in synchronism between phases;;;;;;Concentrador;Concentrator;;;;;Autodiagnóstico;;;SDVCONC_$YLTC14$ST$SyncErrPh$stVal;;SPS
c569a7875bcd49c89742e525355aa889;1;R;Bit;TabLeituraBinSps14;Discrete input;1906;Binary input;291;0;1;0;1;;;;0=Não disparado\1=Disparado;0=Not triggered\1=Triggered;;CONC;;Público;Indicação de funcionamento do SPS endereço 14 - Erro de sincronismo entre bancos;Indication of SPS address 14 operation - Error in synchronism between banks;;;;;;Concentrador;Concentrator;;;;;Autodiagnóstico;;;SDVCONC_$YLTC14$ST$SyncErrBnk$stVal;;SPS
81858a1b8271478481e80d31ffd69148;1;R;Bit;TabLeituraBinSps14;Discrete input;1907;Binary input;292;0;1;0;1;;;;0=Não disparado\1=Disparado;0=Not triggered\1=Triggered;;CONC;;Público;Indicação de funcionamento do SPS endereço 14 - Erro de programação;Indication of SPS address 14 operation - Programming error;;;;;;Concentrador;Concentrator;;;;;Autodiagnóstico;;;SDVCONC_$YLTC14$ST$PrgErr$stVal;;SPS
723a69cbc4494279aa86bedea6f944a0;1;R;Bit;TabLeituraBinSps14;Discrete input;1908;Binary input;293;0;1;0;1;;;;0=Não disparado\1=Disparado;0=Not triggered\1=Triggered;;CONC;;Público;Indicação de funcionamento do SPS endereço 14 - Erro de leitura de tap;Indication of SPS address 14 operation - Tap position reading error;;;;;;Concentrador;Concentrator;;;;;Autodiagnóstico;;;SDVCONC_$YLTC14$ST$PosErr$stVal;;SPS
07f564523f384f76990481d2538a380e;1;R;Bit;TabLeituraBinSps14;Discrete input;1909;Binary input;294;0;1;0;1;;;;0=Não\1=Sim;0=No\1=Yes;;CONC;;Público;Indicação de funcionamento do SPS endereço 14 - Comutador estável: em repouso e com leitura OK;Indication of SPS address 14 operation - OLTC stable: at rest and reading OK;;;;;;Concentrador;Concentrator;;Paralelismo;Parallelism;;Geral;;;SDVCONC_$YLTC14$ST$RdyChgPos$stVal;;SPS
faa4a01205ff439b9dab2dcaad34cc53;1;R;Bit;TabLeituraBinSps14;Discrete input;1910;Binary input;295;0;1;0;1;;;;0=Ruim\1=Boa;0=Bad\1=Good;;CONC;;Público;Indicação de funcionamento do SPS endereço 14 - Status comunicação;Indication of SPS address 14 operation - Communication status;;;;;;Concentrador;Concentrator;;Paralelismo;Parallelism;;Geral;;;SDVCONC_$YLTC14$ST$StComm$stVal;;SPS
;;;;;;;;;;;;;;;;;;;;;;;;;;;;;;;;;;;;;;;;
e3efcf192f1f4824bcfbac3267632747;1;R;Bit;TabLeituraBinSps15;Discrete input;2000;Binary input;296;0;1;0;1;;;;0=Não\1=Sim;0=No\1=Yes;;CONC;;Público;Indicação de funcionamento do SPS endereço 15 - Comutação em andamento;Indication of SPS address 15 operation - Commutation in progress;;;;;;Concentrador;Concentrator;;Paralelismo;Parallelism;;Geral;;;SDVCONC_$YLTC15$ST$TapChg$stVal;;SPS
226630293dbd4b5c9d1b512ef16693af;1;R;Bit;TabLeituraBinSps15;Discrete input;2001;Binary input;297;0;1;0;1;;;;0=Remoto\1=Local;0=Remote\1=Local;;CONC;;Público;Indicação de funcionamento do SPS endereço 15 - Estado remoto ou local;Indication of SPS address 15 operation - Remote or local status;;;;;;Concentrador;Concentrator;;Paralelismo;Parallelism;;Geral;;;SDVCONC_$YLTC15$ST$Rem$stVal;;SPS
b9f38ab861244472ab3e3ccba80f6f32;1;R;Bit;TabLeituraBinSps15;Discrete input;2002;Binary input;298;0;1;0;1;;;;0=Manual\1=Automático;0=Manual\1=Autimatic;;CONC;;Público;Indicação de funcionamento do SPS endereço 15 - Estado manual ou automático;Indication of SPS address 15 operation - Manual or automatic status;;;;;;Concentrador;Concentrator;;Paralelismo;Parallelism;;Geral;;;SDVCONC_$YLTC15$ST$Auto$stVal;;SPS
8fd3b7b98f494d62bbb0dda5dfdc1e44;1;R;Bit;TabLeituraBinSps15;Discrete input;2003;Binary input;299;0;1;0;1;;;;0=Individual\1=Banco;0=Individual\1=Bank;;CONC;;Público;Indicação de funcionamento do SPS endereço 15 - Estado fase individual ou banco;Indication of SPS address 15 operation - Individual/Bank phase state;;;;;;Concentrador;Concentrator;;Paralelismo;Parallelism;;Geral;;Sim;SDVCONC_$YLTC15$ST$ParOp$stVal;;SPS
4863b8e30cb04b109e9c90f23d2cb3b4;1;R;Bit;TabLeituraBinSps15;Discrete input;2004;Binary input;300;0;1;0;1;;;;0=Trifásico\1=Monofásico;0=Three-phase\1=Single-phase;;CONC;;Público;Indicação de funcionamento do SPS endereço 15 - Modo trifásico ou monofásico;Indication of SPS address 15 operation - Three-phase or single-phase mode;;;;;;Concentrador;Concentrator;;Paralelismo;Parallelism;;Geral;;;SDVCONC_$YLTC15$ST$TrfMod$stVal;;SPS
70050b31844043c682bc442bb2d36cba;1;R;Bit;TabLeituraBinSps15;Discrete input;2005;Binary input;301;0;1;0;1;;;;0=Não disparado\1=Disparado;0=Not triggered\1=Triggered;;CONC;;Público;Indicação de funcionamento do SPS endereço 15 - Erro de sincronismo entre fases;Indication of SPS address 15 operation - Error in synchronism between phases;;;;;;Concentrador;Concentrator;;;;;Autodiagnóstico;;;SDVCONC_$YLTC15$ST$SyncErrPh$stVal;;SPS
89b8af0cee9b411d8a150c85cd23c84f;1;R;Bit;TabLeituraBinSps15;Discrete input;2006;Binary input;302;0;1;0;1;;;;0=Não disparado\1=Disparado;0=Not triggered\1=Triggered;;CONC;;Público;Indicação de funcionamento do SPS endereço 15 - Erro de sincronismo entre bancos;Indication of SPS address 15 operation - Error in synchronism between banks;;;;;;Concentrador;Concentrator;;;;;Autodiagnóstico;;;SDVCONC_$YLTC15$ST$SyncErrBnk$stVal;;SPS
9a39872bef4841e89ad34e6acae81f37;1;R;Bit;TabLeituraBinSps15;Discrete input;2007;Binary input;303;0;1;0;1;;;;0=Não disparado\1=Disparado;0=Not triggered\1=Triggered;;CONC;;Público;Indicação de funcionamento do SPS endereço 15 - Erro de programação;Indication of SPS address 15 operation - Programming error;;;;;;Concentrador;Concentrator;;;;;Autodiagnóstico;;;SDVCONC_$YLTC15$ST$PrgErr$stVal;;SPS
38b5b12f18a24f6992cd5aa4835f07b9;1;R;Bit;TabLeituraBinSps15;Discrete input;2008;Binary input;304;0;1;0;1;;;;0=Não disparado\1=Disparado;0=Not triggered\1=Triggered;;CONC;;Público;Indicação de funcionamento do SPS endereço 15 - Erro de leitura de tap;Indication of SPS address 15 operation - Tap position reading error;;;;;;Concentrador;Concentrator;;;;;Autodiagnóstico;;;SDVCONC_$YLTC15$ST$PosErr$stVal;;SPS
7ddc418ba59b4556a3c3d87fe6013773;1;R;Bit;TabLeituraBinSps15;Discrete input;2009;Binary input;305;0;1;0;1;;;;0=Não\1=Sim;0=No\1=Yes;;CONC;;Público;Indicação de funcionamento do SPS endereço 15 - Comutador estável: em repouso e com leitura OK;Indication of SPS address 15 operation - OLTC stable: at rest and reading OK;;;;;;Concentrador;Concentrator;;Paralelismo;Parallelism;;Geral;;;SDVCONC_$YLTC15$ST$RdyChgPos$stVal;;SPS
e6704b9ceca54770b74543a5a08e9279;1;R;Bit;TabLeituraBinSps15;Discrete input;2010;Binary input;306;0;1;0;1;;;;0=Ruim\1=Boa;0=Bad\1=Good;;CONC;;Público;Indicação de funcionamento do SPS endereço 15 - Status comunicação;Indication of SPS address 15 operation - Communication status;;;;;;Concentrador;Concentrator;;Paralelismo;Parallelism;;Geral;;;SDVCONC_$YLTC15$ST$StComm$stVal;;SPS
c3eaaed74c4c4c84b8044a4daff9ef46;1;R;Bit;TabLeituraBinSps15;Discrete input;2011;Binary input;307;0;1;0;1;;;;0=Não\1=Sim;0=No\1=Yes;;CONC;;Público;Indicação de funcionamento do SPS endereço 15 - Configurado em modo individual ou banco;Indication of SPS address 15 operation - Configured in individual mode;;;;;;Concentrador;Concentrator;;Configuração;Configuration;;Geral;;;SDVCONC_$YLTC15$ST$Indv$stVal;;
33f7eda1c8f64d83b0be63db09294a97;1;R;Bit;TabLeituraBinSps15;Discrete input;2012;Binary input;308;0;1;0;1;;;;0=Não\1=Sim;0=No\1=Yes;;CONC;;Público;Indicação de funcionamento do SPS endereço 15 - Configurado em modo mestre;Indication of SPS address 15 operation - Configured in master mode;;;;;;Concentrador;Concentrator;;Configuração;Configuration;;Geral;;;SDVCONC_$YLTC15$ST$Mstr$stVal;;
98c8adc7898c417b84363e2fdede0b6e;1;R;Bit;TabLeituraBinSps15;Discrete input;2013;Binary input;309;0;1;0;1;;;;0=Não\1=Sim;0=No\1=Yes;;CONC;;Público;Indicação de funcionamento do SPS endereço 15 - Configurado em modo comandado;Indication of SPS address 15 operation - Configured in follower mode;;;;;;Concentrador;Concentrator;;Configuração;Configuration;;Geral;;;SDVCONC_$YLTC15$ST$Flwr$stVal;;
;;;;;;;;;;;;;;;;;;;;;;;;;;;;;;;;;;;;;;;;
3dea62c0ea1c4b15a70fa01008ff2a5e;1;R;Bit;TabLeituraBinSps16;Discrete input;2100;Binary input;310;0;1;0;1;;;;0=Não\1=Sim;0=No\1=Yes;;CONC;;Público;Indicação de funcionamento do SPS endereço 16 - Comutação em andamento;Indication of SPS address 16 operation - Commutation in progress;;;;;;Concentrador;Concentrator;;Paralelismo;Parallelism;;Geral;;;SDVCONC_$YLTC16$ST$TapChg$stVal;;SPS
92f09b975149471e924d30e12feda9d0;1;R;Bit;TabLeituraBinSps16;Discrete input;2101;Binary input;311;0;1;0;1;;;;0=Remoto\1=Local;0=Remote\1=Local;;CONC;;Público;Indicação de funcionamento do SPS endereço 16 - Estado remoto ou local;Indication of SPS address 16 operation - Remote or local status;;;;;;Concentrador;Concentrator;;Paralelismo;Parallelism;;Geral;;;SDVCONC_$YLTC16$ST$Rem$stVal;;SPS
2622f88eeef54ebd865ec1a8087bf1e3;1;R;Bit;TabLeituraBinSps16;Discrete input;2102;Binary input;312;0;1;0;1;;;;0=Manual\1=Automático;0=Manual\1=Autimatic;;CONC;;Público;Indicação de funcionamento do SPS endereço 16 - Estado manual ou automático;Indication of SPS address 16 operation - Manual or automatic status;;;;;;Concentrador;Concentrator;;Paralelismo;Parallelism;;Geral;;;SDVCONC_$YLTC16$ST$Auto$stVal;;SPS
eddc43839ebc4198b3c3df12eb79ff66;1;R;Bit;TabLeituraBinSps16;Discrete input;2103;Binary input;313;0;1;0;1;;;;0=Individual\1=Banco;0=Individual\1=Bank;;CONC;;Público;Indicação de funcionamento do SPS endereço 16 - Estado fase individual ou banco;Indication of SPS address 16 operation - Individual phase or bank status;;;;;;Concentrador;Concentrator;;Paralelismo;Parallelism;;Geral;;;SDVCONC_$YLTC16$ST$ParOp$stVal;;SPS
1a3057e40d4d45df9b99bd4b0ae45987;1;R;Bit;TabLeituraBinSps16;Discrete input;2104;Binary input;314;0;1;0;1;;;;0=Trifásico\1=Monofásico;0=Three-phase\1=Single-phase;;CONC;;Público;Indicação de funcionamento do SPS endereço 16 - Modo trifásico ou monofásico;Indication of SPS address 16 operation - Three-phase or single-phase mode;;;;;;Concentrador;Concentrator;;Paralelismo;Parallelism;;Geral;;;SDVCONC_$YLTC16$ST$TrfMod$stVal;;SPS
11b24a6cc0024f1f861abaec884cd819;1;R;Bit;TabLeituraBinSps16;Discrete input;2105;Binary input;315;0;1;0;1;;;;0=Não disparado\1=Disparado;0=Not triggered\1=Triggered;;CONC;;Público;Indicação de funcionamento do SPS endereço 16 - Erro de sincronismo entre fases;Indication of SPS address 16 operation - Error in synchronism between phases;;;;;;Concentrador;Concentrator;;;;;Autodiagnóstico;;;SDVCONC_$YLTC16$ST$SyncErrPh$stVal;;SPS
1a2f76ad66b146e6868bc92c48a32b27;1;R;Bit;TabLeituraBinSps16;Discrete input;2106;Binary input;316;0;1;0;1;;;;0=Não disparado\1=Disparado;0=Not triggered\1=Triggered;;CONC;;Público;Indicação de funcionamento do SPS endereço 16 - Erro de sincronismo entre bancos;Indication of SPS address 16 operation - Error in synchronism between banks;;;;;;Concentrador;Concentrator;;;;;Autodiagnóstico;;;SDVCONC_$YLTC16$ST$SyncErrBnk$stVal;;SPS
6b1a9bf8b6364ea0b194ae6f0ec5f5f7;1;R;Bit;TabLeituraBinSps16;Discrete input;2107;Binary input;317;0;1;0;1;;;;0=Não disparado\1=Disparado;0=Not triggered\1=Triggered;;CONC;;Público;Indicação de funcionamento do SPS endereço 16 - Erro de programação;Indication of SPS address 16 operation - Programming error;;;;;;Concentrador;Concentrator;;;;;Autodiagnóstico;;;SDVCONC_$YLTC16$ST$PrgErr$stVal;;SPS
67bb7ebb2f8d41398e387c9f8c66846c;1;R;Bit;TabLeituraBinSps16;Discrete input;2108;Binary input;318;0;1;0;1;;;;0=Não disparado\1=Disparado;0=Not triggered\1=Triggered;;CONC;;Público;Indicação de funcionamento do SPS endereço 16 - Erro de leitura de tap;Indication of SPS address 16 operation - Tap position reading error;;;;;;Concentrador;Concentrator;;;;;Autodiagnóstico;;;SDVCONC_$YLTC16$ST$PosErr$stVal;;SPS
9e01f7bae4f54e4c87c8ad6e31bc279e;1;R;Bit;TabLeituraBinSps16;Discrete input;2109;Binary input;319;0;1;0;1;;;;0=Não\1=Sim;0=No\1=Yes;;CONC;;Público;Indicação de funcionamento do SPS endereço 16 - Comutador estável: em repouso e com leitura OK;Indication of SPS address 16 operation - OLTC stable: at rest and reading OK;;;;;;Concentrador;Concentrator;;Paralelismo;Parallelism;;Geral;;;SDVCONC_$YLTC16$ST$RdyChgPos$stVal;;SPS
120192b4a8284a83a87901b7c827b367;1;R;Bit;TabLeituraBinSps16;Discrete input;2110;Binary input;320;0;1;0;1;;;;0=Ruim\1=Boa;0=Bad\1=Good;;CONC;;Público;Indicação de funcionamento do SPS endereço 16 - Status comunicação;Indication of SPS address 16 operation - Communication status;;;;;;Concentrador;Concentrator;;Paralelismo;Parallelism;;Geral;;;SDVCONC_$YLTC16$ST$StComm$stVal;;SPS
;;;;;;;;;;;;;;;;;;;;;;;;;;;;;;;;;;;;;;;;
330f64c4c8de48f996d2ef0e28422006;1;R;Bit;TabLeituraBinSps17;Discrete input;2200;Binary input;321;0;1;0;1;;;;0=Não\1=Sim;0=No\1=Yes;;CONC;;Público;Indicação de funcionamento do SPS endereço 17 - Comutação em andamento;Indication of SPS address 17 operation - Commutation in progress;;;;;;Concentrador;Concentrator;;Paralelismo;Parallelism;;Geral;;;SDVCONC_$YLTC17$ST$TapChg$stVal;;SPS
0628576e87ef4745831854965c9d5bcd;1;R;Bit;TabLeituraBinSps17;Discrete input;2201;Binary input;322;0;1;0;1;;;;0=Remoto\1=Local;0=Remote\1=Local;;CONC;;Público;Indicação de funcionamento do SPS endereço 17 - Estado remoto ou local;Indication of SPS address 17 operation - Remote or local status;;;;;;Concentrador;Concentrator;;Paralelismo;Parallelism;;Geral;;;SDVCONC_$YLTC17$ST$Rem$stVal;;SPS
6f5b8baf6fa445f09532575b533e103f;1;R;Bit;TabLeituraBinSps17;Discrete input;2202;Binary input;323;0;1;0;1;;;;0=Manual\1=Automático;0=Manual\1=Autimatic;;CONC;;Público;Indicação de funcionamento do SPS endereço 17 - Estado manual ou automático;Indication of SPS address 17 operation - Manual or automatic status;;;;;;Concentrador;Concentrator;;Paralelismo;Parallelism;;Geral;;;SDVCONC_$YLTC17$ST$Auto$stVal;;SPS
47f96a5030154b7ebe0d059512b2b4bf;1;R;Bit;TabLeituraBinSps17;Discrete input;2203;Binary input;324;0;1;0;1;;;;0=Individual\1=Banco;0=Individual\1=Bank;;CONC;;Público;Indicação de funcionamento do SPS endereço 17 - Estado fase individual ou banco;Indication of SPS address 17 operation - Individual phase or bank status;;;;;;Concentrador;Concentrator;;Paralelismo;Parallelism;;Geral;;;SDVCONC_$YLTC17$ST$ParOp$stVal;;SPS
5e0a787904d947dabc5bfa0d416123ee;1;R;Bit;TabLeituraBinSps17;Discrete input;2204;Binary input;325;0;1;0;1;;;;0=Trifásico\1=Monofásico;0=Three-phase\1=Single-phase;;CONC;;Público;Indicação de funcionamento do SPS endereço 17 - Modo trifásico ou monofásico;Indication of SPS address 17 operation - Three-phase or single-phase mode;;;;;;Concentrador;Concentrator;;Paralelismo;Parallelism;;Geral;;;SDVCONC_$YLTC17$ST$TrfMod$stVal;;SPS
a4c4027ac59144aeab9e2a6e7fe1643d;1;R;Bit;TabLeituraBinSps17;Discrete input;2205;Binary input;326;0;1;0;1;;;;0=Não disparado\1=Disparado;0=Not triggered\1=Triggered;;CONC;;Público;Indicação de funcionamento do SPS endereço 17 - Erro de sincronismo entre fases;Indication of SPS address 17 operation - Error in synchronism between phases;;;;;;Concentrador;Concentrator;;;;;Autodiagnóstico;;;SDVCONC_$YLTC17$ST$SyncErrPh$stVal;;SPS
1be6531eeea04d4d9c03449f5227d305;1;R;Bit;TabLeituraBinSps17;Discrete input;2206;Binary input;327;0;1;0;1;;;;0=Não disparado\1=Disparado;0=Not triggered\1=Triggered;;CONC;;Público;Indicação de funcionamento do SPS endereço 17 - Erro de sincronismo entre bancos;Indication of SPS address 17 operation - Error in synchronism between banks;;;;;;Concentrador;Concentrator;;;;;Autodiagnóstico;;;SDVCONC_$YLTC17$ST$SyncErrBnk$stVal;;SPS
3ea66ddc838c46e7a6418ba0dc7f873e;1;R;Bit;TabLeituraBinSps17;Discrete input;2207;Binary input;328;0;1;0;1;;;;0=Não disparado\1=Disparado;0=Not triggered\1=Triggered;;CONC;;Público;Indicação de funcionamento do SPS endereço 17 - Erro de programação;Indication of SPS address 17 operation - Programming error;;;;;;Concentrador;Concentrator;;;;;Autodiagnóstico;;;SDVCONC_$YLTC17$ST$PrgErr$stVal;;SPS
c6579ff72faf4c0ea9debcc3134c78c4;1;R;Bit;TabLeituraBinSps17;Discrete input;2208;Binary input;329;0;1;0;1;;;;0=Não disparado\1=Disparado;0=Not triggered\1=Triggered;;CONC;;Público;Indicação de funcionamento do SPS endereço 17 - Erro de leitura de tap;Indication of SPS address 17 operation - Tap position reading error;;;;;;Concentrador;Concentrator;;;;;Autodiagnóstico;;;SDVCONC_$YLTC17$ST$PosErr$stVal;;SPS
0b7fdcdd94264d8fa779be4bc39c595a;1;R;Bit;TabLeituraBinSps17;Discrete input;2209;Binary input;330;0;1;0;1;;;;0=Não\1=Sim;0=No\1=Yes;;CONC;;Público;Indicação de funcionamento do SPS endereço 17 - Comutador estável: em repouso e com leitura OK;Indication of SPS address 17 operation - OLTC stable: at rest and reading OK;;;;;;Concentrador;Concentrator;;Paralelismo;Parallelism;;Geral;;;SDVCONC_$YLTC17$ST$RdyChgPos$stVal;;SPS
a1635c3a16234ef2b44653acfcf39817;1;R;Bit;TabLeituraBinSps17;Discrete input;2210;Binary input;331;0;1;0;1;;;;0=Ruim\1=Boa;0=Bad\1=Good;;CONC;;Público;Indicação de funcionamento do SPS endereço 17 - Status comunicação;Indication of SPS address 17 operation - Communication status;;;;;;Concentrador;Concentrator;;Paralelismo;Parallelism;;Geral;;;SDVCONC_$YLTC17$ST$StComm$stVal;;SPS
;;;;;;;;;;;;;;;;;;;;;;;;;;;;;;;;;;;;;;;;
76f1caa72b524e25b2119d53258e64c0;1;R;Bit;TabLeituraBinSps18;Discrete input;2300;Binary input;332;0;1;0;1;;;;0=Não\1=Sim;0=No\1=Yes;;CONC;;Público;Indicação de funcionamento do SPS endereço 18 - Comutação em andamento;Indication of SPS address 18 operation - Commutation in progress;;;;;;Concentrador;Concentrator;;Paralelismo;Parallelism;;Geral;;;SDVCONC_$YLTC18$ST$TapChg$stVal;;SPS
1ba1ebe7ca004022b0a3110a2a89574a;1;R;Bit;TabLeituraBinSps18;Discrete input;2301;Binary input;333;0;1;0;1;;;;0=Remoto\1=Local;0=Remote\1=Local;;CONC;;Público;Indicação de funcionamento do SPS endereço 18 - Estado remoto ou local;Indication of SPS address 18 operation - Remote or local status;;;;;;Concentrador;Concentrator;;Paralelismo;Parallelism;;Geral;;;SDVCONC_$YLTC18$ST$Rem$stVal;;SPS
4f6aa4b3359c4c2990f43d4623020781;1;R;Bit;TabLeituraBinSps18;Discrete input;2302;Binary input;334;0;1;0;1;;;;0=Manual\1=Automático;0=Manual\1=Autimatic;;CONC;;Público;Indicação de funcionamento do SPS endereço 18 - Estado manual ou automático;Indication of SPS address 18 operation - Manual or automatic status;;;;;;Concentrador;Concentrator;;Paralelismo;Parallelism;;Geral;;;SDVCONC_$YLTC18$ST$Auto$stVal;;SPS
4c61621f4dec4c72a0873ae67342739b;1;R;Bit;TabLeituraBinSps18;Discrete input;2303;Binary input;335;0;1;0;1;;;;0=Individual\1=Banco;0=Individual\1=Bank;;CONC;;Público;Indicação de funcionamento do SPS endereço 18 - Estado fase individual ou banco;Indication of SPS address 18 operation - Individual/Bank phase state;;;;;;Concentrador;Concentrator;;Paralelismo;Parallelism;;Geral;;Sim;SDVCONC_$YLTC18$ST$ParOp$stVal;;SPS
957b983481bd4c3a87e2180857ad715d;1;R;Bit;TabLeituraBinSps18;Discrete input;2304;Binary input;336;0;1;0;1;;;;0=Trifásico\1=Monofásico;0=Three-phase\1=Single-phase;;CONC;;Público;Indicação de funcionamento do SPS endereço 18 - Modo trifásico ou monofásico;Indication of SPS address 18 operation - Three-phase or single-phase mode;;;;;;Concentrador;Concentrator;;Paralelismo;Parallelism;;Geral;;;SDVCONC_$YLTC18$ST$TrfMod$stVal;;SPS
991f7db605e64c33bf06cc3841a200e5;1;R;Bit;TabLeituraBinSps18;Discrete input;2305;Binary input;337;0;1;0;1;;;;0=Não disparado\1=Disparado;0=Not triggered\1=Triggered;;CONC;;Público;Indicação de funcionamento do SPS endereço 18 - Erro de sincronismo entre fases;Indication of SPS address 18 operation - Error in synchronism between phases;;;;;;Concentrador;Concentrator;;;;;Autodiagnóstico;;;SDVCONC_$YLTC18$ST$SyncErrPh$stVal;;SPS
2bc16982fa904729a59051aa1241fa53;1;R;Bit;TabLeituraBinSps18;Discrete input;2306;Binary input;338;0;1;0;1;;;;0=Não disparado\1=Disparado;0=Not triggered\1=Triggered;;CONC;;Público;Indicação de funcionamento do SPS endereço 18 - Erro de sincronismo entre bancos;Indication of SPS address 18 operation - Error in synchronism between banks;;;;;;Concentrador;Concentrator;;;;;Autodiagnóstico;;;SDVCONC_$YLTC18$ST$SyncErrBnk$stVal;;SPS
1168fb5551ca4da48168090520da7190;1;R;Bit;TabLeituraBinSps18;Discrete input;2307;Binary input;339;0;1;0;1;;;;0=Não disparado\1=Disparado;0=Not triggered\1=Triggered;;CONC;;Público;Indicação de funcionamento do SPS endereço 18 - Erro de programação;Indication of SPS address 18 operation - Programming error;;;;;;Concentrador;Concentrator;;;;;Autodiagnóstico;;;SDVCONC_$YLTC18$ST$PrgErr$stVal;;SPS
48cf78990c27406bbed38374eb95eef2;1;R;Bit;TabLeituraBinSps18;Discrete input;2308;Binary input;340;0;1;0;1;;;;0=Não disparado\1=Disparado;0=Not triggered\1=Triggered;;CONC;;Público;Indicação de funcionamento do SPS endereço 18 - Erro de leitura de tap;Indication of SPS address 18 operation - Tap position reading error;;;;;;Concentrador;Concentrator;;;;;Autodiagnóstico;;;SDVCONC_$YLTC18$ST$PosErr$stVal;;SPS
eb242bec22e24060b98c4f1af4141fb8;1;R;Bit;TabLeituraBinSps18;Discrete input;2309;Binary input;341;0;1;0;1;;;;0=Não\1=Sim;0=No\1=Yes;;CONC;;Público;Indicação de funcionamento do SPS endereço 18 - Comutador estável: em repouso e com leitura OK;Indication of SPS address 18 operation - OLTC stable: at rest and reading OK;;;;;;Concentrador;Concentrator;;Paralelismo;Parallelism;;Geral;;;SDVCONC_$YLTC18$ST$RdyChgPos$stVal;;SPS
5122d0e1134248e1b06073d777a235b8;1;R;Bit;TabLeituraBinSps18;Discrete input;2310;Binary input;342;0;1;0;1;;;;0=Ruim\1=Boa;0=Bad\1=Good;;CONC;;Público;Indicação de funcionamento do SPS endereço 18 - Status comunicação;Indication of SPS address 18 operation - Communication status;;;;;;Concentrador;Concentrator;;Paralelismo;Parallelism;;Geral;;;SDVCONC_$YLTC18$ST$StComm$stVal;;SPS
3cf410a7bd9e49fdae605670427f6198;1;R;Bit;TabLeituraBinSps18;Discrete input;2311;Binary input;343;0;1;0;1;;;;0=Não\1=Sim;0=No\1=Yes;;CONC;;Público;Indicação de funcionamento do SPS endereço 18 - Configurado em modo individual ou banco;Indication of SPS address 18 operation - Configured in individual mode;;;;;;Concentrador;Concentrator;;Configuração;Configuration;;Geral;;;SDVCONC_$YLTC18$ST$Indv$stVal;;
fc99583e17d946c29c7681886a15bcda;1;R;Bit;TabLeituraBinSps18;Discrete input;2312;Binary input;344;0;1;0;1;;;;0=Não\1=Sim;0=No\1=Yes;;CONC;;Público;Indicação de funcionamento do SPS endereço 18 - Configurado em modo mestre;Indication of SPS address 18 operation - Configured in master mode;;;;;;Concentrador;Concentrator;;Configuração;Configuration;;Geral;;;SDVCONC_$YLTC18$ST$Mstr$stVal;;
890c6d36b9e64540aa692618ff217f20;1;R;Bit;TabLeituraBinSps18;Discrete input;2313;Binary input;345;0;1;0;1;;;;0=Não\1=Sim;0=No\1=Yes;;CONC;;Público;Indicação de funcionamento do SPS endereço 18 - Configurado em modo comandado;Indication of SPS address 18 operation - Configured in follower mode;;;;;;Concentrador;Concentrator;;Configuração;Configuration;;Geral;;;SDVCONC_$YLTC18$ST$Flwr$stVal;;
;;;;;;;;;;;;;;;;;;;;;;;;;;;;;;;;;;;;;;;;
3d55901f59b843029745298143592a06;1;R;16;TabLeituraSps1;Input register;600;Analog input;27;-50;50;1;1;;;;;;;CONC;;Público;Indicação de funcionamento do SPS endereço 1 - Tap atual;Indication of SPS address 1 operation - Current tap;;;;;;Concentrador;Concentrator;;Paralelismo;Parallelism;;Geral;;Sim;SDVCONC_$YLTC1$ST$TapPosInd$stVal;;INS
;;;;;;;;;;;;;;;;;;;;;;;;;;;;;;;;;;;;;;;;
3ae94de7b3684d37aaa67bfece0eb642;1;R;16;TabLeituraSps2;Input register;700;Analog input;28;-50;50;1;1;;;;;;;CONC;;Público;Indicação de funcionamento do SPS endereço 2 - Tap atual;Indication of SPS address 2 operation - Current tap;;;;;;Concentrador;Concentrator;;Paralelismo;Parallelism;;Geral;;Sim;SDVCONC_$YLTC2$ST$TapPosInd$stVal;;INS
;;;;;;;;;;;;;;;;;;;;;;;;;;;;;;;;;;;;;;;;
fdb1234141d64b4fa45bbdab51aedb25;1;R;16;TabLeituraSps3;Input register;800;Analog input;29;-50;50;1;1;;;;;;;CONC;;Público;Indicação de funcionamento do SPS endereço 3 - Tap atual;Indication of SPS address 3 operation - Current tap;;;;;;Concentrador;Concentrator;;Paralelismo;Parallelism;;Geral;;Sim;SDVCONC_$YLTC3$ST$TapPosInd$stVal;;INS
247bf22e65ad451e9ad03c40d86ab6a1;1;R;16;TabLeituraSps3;Input register;801;Analog input;30;0;3;1;1;;;;0=SPS não encontrado\1=Individual\2=Mestre\3=Comandado;0=SPS not found\1=Individual\2=Master\3=Follower;;CONC;;Público;Indicação de funcionamento do SPS endereço 3 - Status individual ou mestre ou comandado;Indication of SPS address 3 operation - Individual or master or follower status;;;;;;Concentrador;Concentrator;;Paralelismo;Parallelism;;Geral;;;;;INS
;;;;;;;;;;;;;;;;;;;;;;;;;;;;;;;;;;;;;;;;
ed419a7f0d534c79baca0c0f07ae9eb1;1;R;16;TabLeituraSps4;Input register;900;Analog input;31;-50;50;1;1;;;;;;;CONC;;Público;Indicação de funcionamento do SPS endereço 4 - Tap atual;Indication of SPS address 4 operation - Current tap;;;;;;Concentrador;Concentrator;;Paralelismo;Parallelism;;Geral;;Sim;SDVCONC_$YLTC4$ST$TapPosInd$stVal;;INS
;;;;;;;;;;;;;;;;;;;;;;;;;;;;;;;;;;;;;;;;
2926905bea854520afc43d8b91d89334;1;R;16;TabLeituraSps5;Input register;1000;Analog input;32;-50;50;1;1;;;;;;;CONC;;Público;Indicação de funcionamento do SPS endereço 5 - Tap atual;Indication of SPS address 5 operation - Current tap;;;;;;Concentrador;Concentrator;;Paralelismo;Parallelism;;Geral;;Sim;SDVCONC_$YLTC5$ST$TapPosInd$stVal;;INS
;;;;;;;;;;;;;;;;;;;;;;;;;;;;;;;;;;;;;;;;
af263358fbb94ded9c77d47b36cc587c;1;R;16;TabLeituraSps6;Input register;1100;Analog input;33;-50;50;1;1;;;;;;;CONC;;Público;Indicação de funcionamento do SPS endereço 6 - Tap atual;Indication of SPS address 6 operation - Current tap;;;;;;Concentrador;Concentrator;;Paralelismo;Parallelism;;Geral;;Sim;SDVCONC_$YLTC6$ST$TapPosInd$stVal;;INS
b198c812823b4fe68c8b947ad532ca5b;1;R;16;TabLeituraSps6;Input register;1101;Analog input;34;0;3;1;1;;;;0=SPS não encontrado\1=Individual\2=Mestre\3=Comandado;0=SPS not found\1=Individual\2=Master\3=Follower;;CONC;;Público;Indicação de funcionamento do SPS endereço 6 - Status individual ou mestre ou comandado;Indication of SPS address 6 operation - Individual or master or follower status;;;;;;Concentrador;Concentrator;;Paralelismo;Parallelism;;Geral;;;;;INS
;;;;;;;;;;;;;;;;;;;;;;;;;;;;;;;;;;;;;;;;
1fa0c5e1f86342d985a9b70767b155be;1;R;16;TabLeituraSps7;Input register;1200;Analog input;35;-50;50;1;1;;;;;;;CONC;;Público;Indicação de funcionamento do SPS endereço 7 - Tap atual;Indication of SPS address 7 operation - Current tap;;;;;;Concentrador;Concentrator;;Paralelismo;Parallelism;;Geral;;Sim;SDVCONC_$YLTC7$ST$TapPosInd$stVal;;INS
;;;;;;;;;;;;;;;;;;;;;;;;;;;;;;;;;;;;;;;;
2b9bdb36c0b44e95b9b26881b829b101;1;R;16;TabLeituraSps8;Input register;1300;Analog input;36;-50;50;1;1;;;;;;;CONC;;Público;Indicação de funcionamento do SPS endereço 8 - Tap atual;Indication of SPS address 8 operation - Current tap;;;;;;Concentrador;Concentrator;;Paralelismo;Parallelism;;Geral;;Sim;SDVCONC_$YLTC8$ST$TapPosInd$stVal;;INS
;;;;;;;;;;;;;;;;;;;;;;;;;;;;;;;;;;;;;;;;
7802370d3ba74b59976afbd7640f77ab;1;R;16;TabLeituraSps9;Input register;1400;Analog input;37;-50;50;1;1;;;;;;;CONC;;Público;Indicação de funcionamento do SPS endereço 9 - Tap atual;Indication of SPS address 9 operation - Current tap;;;;;;Concentrador;Concentrator;;Paralelismo;Parallelism;;Geral;;Sim;SDVCONC_$YLTC9$ST$TapPosInd$stVal;;INS
8794565fa8de47c5ac5088bc56b9fd81;1;R;16;TabLeituraSps9;Input register;1401;Analog input;38;0;3;1;1;;;;0=SPS não encontrado\1=Individual\2=Mestre\3=Comandado;0=SPS not found\1=Individual\2=Master\3=Follower;;CONC;;Público;Indicação de funcionamento do SPS endereço 9 - Status individual ou mestre ou comandado;Indication of SPS address 9 operation - Individual or master or follower status;;;;;;Concentrador;Concentrator;;Paralelismo;Parallelism;;Geral;;;;;INS
;;;;;;;;;;;;;;;;;;;;;;;;;;;;;;;;;;;;;;;;
1f3761d1e0c24097a1bef94b23c96698;1;R;16;TabLeituraSps10;Input register;1500;Analog input;39;-50;50;1;1;;;;;;;CONC;;Público;Indicação de funcionamento do SPS endereço 10 - Tap atual;Indication of SPS address 10 operation - Current tap;;;;;;Concentrador;Concentrator;;Paralelismo;Parallelism;;Geral;;Sim;SDVCONC_$YLTC10$ST$TapPosInd$stVal;;INS
;;;;;;;;;;;;;;;;;;;;;;;;;;;;;;;;;;;;;;;;
c8e6af750ec54eceaa871e3f72ee16fe;1;R;16;TabLeituraSps11;Input register;1600;Analog input;40;-50;50;1;1;;;;;;;CONC;;Público;Indicação de funcionamento do SPS endereço 11 - Tap atual;Indication of SPS address 11 operation - Current tap;;;;;;Concentrador;Concentrator;;Paralelismo;Parallelism;;Geral;;Sim;SDVCONC_$YLTC11$ST$TapPosInd$stVal;;INS
;;;;;;;;;;;;;;;;;;;;;;;;;;;;;;;;;;;;;;;;
a0104f21d097418aa932d9515adb9627;1;R;16;TabLeituraSps12;Input register;1700;Analog input;41;-50;50;1;1;;;;;;;CONC;;Público;Indicação de funcionamento do SPS endereço 12 - Tap atual;Indication of SPS address 12 operation - Current tap;;;;;;Concentrador;Concentrator;;Paralelismo;Parallelism;;Geral;;Sim;SDVCONC_$YLTC12$ST$TapPosInd$stVal;;INS
a33bf24bfc4c42e9b0516795b77d6521;1;R;16;TabLeituraSps12;Input register;1701;Analog input;42;0;3;1;1;;;;0=SPS não encontrado\1=Individual\2=Mestre\3=Comandado;0=SPS not found\1=Individual\2=Master\3=Follower;;CONC;;Público;Indicação de funcionamento do SPS endereço 12 - Status individual ou mestre ou comandado;Indication of SPS address 12 operation - Individual or master or follower status;;;;;;Concentrador;Concentrator;;Paralelismo;Parallelism;;Geral;;;;;INS
;;;;;;;;;;;;;;;;;;;;;;;;;;;;;;;;;;;;;;;;
d515781998e34683b9606b654866dbda;1;R;16;TabLeituraSps13;Input register;1800;Analog input;43;-50;50;1;1;;;;;;;CONC;;Público;Indicação de funcionamento do SPS endereço 13 - Tap atual;Indication of SPS address 13 operation - Current tap;;;;;;Concentrador;Concentrator;;Paralelismo;Parallelism;;Geral;;Sim;SDVCONC_$YLTC13$ST$TapPosInd$stVal;;INS
;;;;;;;;;;;;;;;;;;;;;;;;;;;;;;;;;;;;;;;;
1e65dbe0c20949cd97eee1c2e583888b;1;R;16;TabLeituraSps14;Input register;1900;Analog input;44;-50;50;1;1;;;;;;;CONC;;Público;Indicação de funcionamento do SPS endereço 14 - Tap atual;Indication of SPS address 14 operation - Current tap;;;;;;Concentrador;Concentrator;;Paralelismo;Parallelism;;Geral;;Sim;SDVCONC_$YLTC14$ST$TapPosInd$stVal;;INS
;;;;;;;;;;;;;;;;;;;;;;;;;;;;;;;;;;;;;;;;
c2f57622c40f4431aeb9e607c2836577;1;R;16;TabLeituraSps15;Input register;2000;Analog input;45;-50;50;1;1;;;;;;;CONC;;Público;Indicação de funcionamento do SPS endereço 15 - Tap atual;Indication of SPS address 15 operation - Current tap;;;;;;Concentrador;Concentrator;;Paralelismo;Parallelism;;Geral;;Sim;SDVCONC_$YLTC15$ST$TapPosInd$stVal;;INS
8eca9640030644a69a49ba7fc3b6dbd2;1;R;16;TabLeituraSps15;Input register;2001;Analog input;46;0;3;1;1;;;;0=SPS não encontrado\1=Individual\2=Mestre\3=Comandado;0=SPS not found\1=Individual\2=Master\3=Follower;;CONC;;Público;Indicação de funcionamento do SPS endereço 15 - Status individual ou mestre ou comandado;Indication of SPS address 15 operation - Individual or master or follower status;;;;;;Concentrador;Concentrator;;Paralelismo;Parallelism;;Geral;;;;;INS
;;;;;;;;;;;;;;;;;;;;;;;;;;;;;;;;;;;;;;;;
5e0c4f3554c2494d8f41cc168000d119;1;R;16;TabLeituraSps16;Input register;2100;Analog input;47;-50;50;1;1;;;;;;;CONC;;Público;Indicação de funcionamento do SPS endereço 16 - Tap atual;Indication of SPS address 16 operation - Current tap;;;;;;Concentrador;Concentrator;;Paralelismo;Parallelism;;Geral;;Sim;SDVCONC_$YLTC16$ST$TapPosInd$stVal;;INS
;;;;;;;;;;;;;;;;;;;;;;;;;;;;;;;;;;;;;;;;
0c05b620de1d49c7bb86eec238f76e14;1;R;16;TabLeituraSps17;Input register;2200;Analog input;48;-50;50;1;1;;;;;;;CONC;;Público;Indicação de funcionamento do SPS endereço 17 - Tap atual;Indication of SPS address 17 operation - Current tap;;;;;;Concentrador;Concentrator;;Paralelismo;Parallelism;;Geral;;Sim;SDVCONC_$YLTC17$ST$TapPosInd$stVal;;INS
;;;;;;;;;;;;;;;;;;;;;;;;;;;;;;;;;;;;;;;;
291c5c5d7c114e0fac662c6bc1288b48;1;R;16;TabLeituraSps18;Input register;2300;Analog input;49;-50;50;1;1;;;;;;;CONC;;Público;Indicação de funcionamento do SPS endereço 18 - Tap atual;Indication of SPS address 18 operation - Current tap;;;;;;Concentrador;Concentrator;;Paralelismo;Parallelism;;Geral;;Sim;SDVCONC_$YLTC18$ST$TapPosInd$stVal;;INS
aaf1d2a1aa614117984b4244d384c3ae;1;R;16;TabLeituraSps18;Input register;2301;Analog input;50;0;3;1;1;;;;0=SPS não encontrado\1=Individual\2=Mestre\3=Comandado;0=SPS not found\1=Individual\2=Master\3=Follower;;CONC;;Público;Indicação de funcionamento do SPS endereço 18 - Status individual ou mestre ou comandado;Indication of SPS address 18 operation - Individual or master or follower status;;;;;;Concentrador;Concentrator;;Paralelismo;Parallelism;;Geral;;;;;INS
;;;;;;;;;;;;;;;;;;;;;;;;;;;;;;;;;;;;;;;;
d86d5c134f1748fbb708ea4165d28469;1;R;Bit;TabLeituraBinRtd;Discrete input;10000;Binary input;346;0;1;0;1;;;;0=Não disparado\1=Disparado;0=Not triggered\1=Triggered;;;;Público;Indicação de autodiagnóstico de falha interna da leitura dos PT100s;Indication of self-diagnosis for PT100 reading internal failure;;;;;;Temperatura;Temperature;;Temperatura;Temperature;;Autodiagnóstico;;;;;
6192a3447f854e0f924ad52db07a2533;1;R;Bit;TabLeituraBinRtd;Discrete input;10001;Binary input;347;0;1;0;1;;;;0=Não disparado\1=Disparado;0=Not triggered\1=Triggered;;;;Público;Indicação de memória de autodiagnóstico de falha interna da leitura dos PT100s;Indication of self-diagnosis memory for PT100 reading internal failure;;;;;;Temperatura;Temperature;;Temperatura;Temperature;;Debug;;;;;
d79b2b5fbbe84461bc67de4832f946b6;1;R;Bit;TabLeituraBinRtd;Discrete input;10002;Binary input;348;0;1;0;1;;;;0=Não disparado\1=Disparado;0=Not triggered\1=Triggered;;;;Público;Indicação de autodiagnóstico de falha de leitura do PT100 1;Indication of self-diagnosis for PT100 1 reading failure;;;;;;Temperatura;Temperature;;Temperatura;Temperature;;Autodiagnóstico;;;;;
218cd74dfe724964844a1868f2dbf0e8;1;R;Bit;TabLeituraBinRtd;Discrete input;10003;Binary input;349;0;1;0;1;;;;0=Não disparado\1=Disparado;0=Not triggered\1=Triggered;;;;Público;Indicação de memória de autodiagnóstico de falha de leitura do PT100 1;Indication of self-diagnosis memory for PT100 1 reading failure;;;;;;Temperatura;Temperature;;Temperatura;Temperature;;Debug;;;;;
d713bf9bbe7c4ca1a2cd89edd504774f;1;R;Bit;TabLeituraBinRtd;Discrete input;10004;Binary input;350;0;1;0;1;;;;0=Não disparado\1=Disparado;0=Not triggered\1=Triggered;;;;Público;Indicação de autodiagnóstico de falha de calibração do PT100 1;Indication of self-diagnosis for PT100 1 calibration failure;;;;;;Temperatura;Temperature;;Temperatura;Temperature;;Autodiagnóstico;;;;;
d3716cb69a3a4b0eac004aa4c6a6003c;1;R;Bit;TabLeituraBinRtd;Discrete input;10005;Binary input;351;0;1;0;1;;;;0=Não disparado\1=Disparado;0=Not triggered\1=Triggered;;;;Público;Indicação de memória de autodiagnóstico de falha de calibração do PT100 1;Indication of self-diagnosis memory for PT100 1 calibration failure;;;;;;Temperatura;Temperature;;Temperatura;Temperature;;Debug;;;;;
d782b07dbef246b082322fd08feaacfc;1;R;Bit;TabLeituraBinRtd;Discrete input;10006;Binary input;352;0;1;0;1;;;;0=Não disparado\1=Disparado;0=Not triggered\1=Triggered;;;;Público;Indicação de autodiagnóstico de overflow de temperatura do PT100 1;Indication of self-diagnosis for PT100 1 temperature overflow;;;;;;Temperatura;Temperature;;Temperatura;Temperature;;Autodiagnóstico;;;;;
c578089f73a04ed9bb5d752d986bb5f0;1;R;Bit;TabLeituraBinRtd;Discrete input;10007;Binary input;353;0;1;0;1;;;;0=Não disparado\1=Disparado;0=Not triggered\1=Triggered;;;;Público;Indicação de memória de autodiagnóstico de overflow de temperatura do PT100 1;Indication of self-diagnosis memory for PT100 1 temperature overflow;;;;;;Temperatura;Temperature;;Temperatura;Temperature;;Debug;;;;;
9ed56cc76610465d8163e77462fc9032;1;R;Bit;TabLeituraBinRtd;Discrete input;10008;Binary input;354;0;1;0;1;;;;0=Não disparado\1=Disparado;0=Not triggered\1=Triggered;;;;Público;Indicação de autodiagnóstico de salto de temperatura do PT100 1;Indication of self-diagnosis for PT100 1 temperature jump;;;;;;Temperatura;Temperature;;Temperatura;Temperature;;Autodiagnóstico;;;SDVSTD_$LPHD1$ST$TmpStepErr1$stVal;;
267fb1e0f53f4c7f813ac572177b31c5;1;R;Bit;TabLeituraBinRtd;Discrete input;10009;Binary input;355;0;1;0;1;;;;0=Não disparado\1=Disparado;0=Not triggered\1=Triggered;;;;Público;Indicação de memória de autodiagnóstico de salto de temperatura do PT100 1;Indication of self-diagnosis memory for PT100 1 temperature jump;;;;;;Temperatura;Temperature;;Temperatura;Temperature;;Debug;;;;;
2b73544042654694b02e97d36c550cfe;1;R;Bit;TabLeituraBinRtd;Discrete input;10010;;;0;1;0;1;;;;0=Ruim\1=Boa;0=Bad\1=Good;;;;Privado;Indicação de qualidade da medição do sensor de temperatura 1;Indication of measurement quality of temperature sensor 1;;;;;;;;;;;;;;;;;
e3b5142c8f9847aeb3c7229cb009f1da;1;R;Bit;TabLeituraBinRtd;Discrete input;10011;;;0;1;0;1;;;;0=Ruim\1=Boa;0=Bad\1=Good;;;;Privado;Indicação de qualidade da medição máxima do sensor de temperatura 1;Indication of maximum measurement quality of temperature sensor 1;;;;;;;;;;;;;;;;;
859c51f4f5524afea79790bc5f9250e3;1;R;Bit;TabLeituraBinRtd;Discrete input;10012;;;0;1;0;1;;;;0=Ruim\1=Boa;0=Bad\1=Good;;;;Privado;Indicação de qualidade do timestamp da medição máxima do sensor de temperatura 1;Indication of timestamp quality for maximum temperature sensor 1;;;;;;;;;;;;;;;;;
a8d0bfccd1634156be272f6da1a305b6;1;R;Bit;TabLeituraBinRtd;Discrete input;10013;Binary input;356;0;1;0;1;;;;0=Não disparado\1=Disparado;0=Not triggered\1=Triggered;;;;Público;Indicação de autodiagnóstico de falha de leitura do PT100 2;Indication of self-diagnosis for PT100 2 reading failure;;;;;;Temperatura;Temperature;;Temperatura;Temperature;;Autodiagnóstico;;;;;
7f40653d9b1749f4a50a609c7cf63b7f;1;R;Bit;TabLeituraBinRtd;Discrete input;10014;Binary input;357;0;1;0;1;;;;0=Não disparado\1=Disparado;0=Not triggered\1=Triggered;;;;Público;Indicação de memória de autodiagnóstico de falha de leitura do PT100 2;Indication of self-diagnosis memory for PT100 2 reading failure;;;;;;Temperatura;Temperature;;Temperatura;Temperature;;Debug;;;;;
8efecac11f1548359f176580ffa77a6b;1;R;Bit;TabLeituraBinRtd;Discrete input;10015;Binary input;358;0;1;0;1;;;;0=Não disparado\1=Disparado;0=Not triggered\1=Triggered;;;;Público;Indicação de autodiagnóstico de falha de calibração do PT100 2;Indication of self-diagnosis for PT100 2 calibration failure;;;;;;Temperatura;Temperature;;Temperatura;Temperature;;Autodiagnóstico;;;;;
2d64ea9920744bc783f7b33034343e32;1;R;Bit;TabLeituraBinRtd;Discrete input;10016;Binary input;359;0;1;0;1;;;;0=Não disparado\1=Disparado;0=Not triggered\1=Triggered;;;;Público;Indicação de memória de autodiagnóstico de falha de calibração do PT100 2;Indication of self-diagnosis memory for PT100 2 calibration failure;;;;;;Temperatura;Temperature;;Temperatura;Temperature;;Debug;;;;;
2cf41bbdae9f45fbb86823c18b2ec9fd;1;R;Bit;TabLeituraBinRtd;Discrete input;10017;Binary input;360;0;1;0;1;;;;0=Não disparado\1=Disparado;0=Not triggered\1=Triggered;;;;Público;Indicação de autodiagnóstico de overflow de temperatura do PT100 2;Indication of self-diagnosis for PT100 2 temperature overflow;;;;;;Temperatura;Temperature;;Temperatura;Temperature;;Autodiagnóstico;;;;;
9748c3eb999940c1b056809ed1a0c8f6;1;R;Bit;TabLeituraBinRtd;Discrete input;10018;Binary input;361;0;1;0;1;;;;0=Não disparado\1=Disparado;0=Not triggered\1=Triggered;;;;Público;Indicação de memória de autodiagnóstico de overflow de temperatura do PT100 2;Indication of self-diagnosis memory for PT100 2 temperature overflow;;;;;;Temperatura;Temperature;;Temperatura;Temperature;;Debug;;;;;
68aa768c559b408bb516ea07b52fbdb1;1;R;Bit;TabLeituraBinRtd;Discrete input;10019;Binary input;362;0;1;0;1;;;;0=Não disparado\1=Disparado;0=Not triggered\1=Triggered;;;;Público;Indicação de autodiagnóstico de salto de temperatura do PT100 2;Indication of self-diagnosis for PT100 2 temperature jump;;;;;;Temperatura;Temperature;;Temperatura;Temperature;;Autodiagnóstico;;;SDVSTD_$LPHD1$ST$TmpStepErr2$stVal;;
46dfb6e31d0b4bf2ade317635cec544b;1;R;Bit;TabLeituraBinRtd;Discrete input;10020;Binary input;363;0;1;0;1;;;;0=Não disparado\1=Disparado;0=Not triggered\1=Triggered;;;;Público;Indicação de memória de autodiagnóstico de salto de temperatura do PT100 2;Indication of self-diagnosis memory for PT100 2 temperature jump;;;;;;Temperatura;Temperature;;Temperatura;Temperature;;Debug;;;;;
ee5710f0bd334140a4b1f5d538073deb;1;R;Bit;TabLeituraBinRtd;Discrete input;10021;;;0;1;0;1;;;;0=Ruim\1=Boa;0=Bad\1=Good;;;;Privado;Indicação de qualidade da medição do sensor de temperatura 2;Indication of measurement quality of temperature sensor 2;;;;;;;;;;;;;;;;;
2f76cb52261543e687ddd71c9239b5ff;1;R;Bit;TabLeituraBinRtd;Discrete input;10022;;;0;1;0;1;;;;0=Ruim\1=Boa;0=Bad\1=Good;;;;Privado;Indicação de qualidade da medição máxima do sensor de temperatura 2;Indication of maximum measurement quality of temperature sensor 2;;;;;;;;;;;;;;;;;
04a276545caf45e0b7ef7feb3b8309f6;1;R;Bit;TabLeituraBinRtd;Discrete input;10023;;;0;1;0;1;;;;0=Ruim\1=Boa;0=Bad\1=Good;;;;Privado;Indicação de qualidade do timestamp da medição máxima do sensor de temperatura 2;Indication of timestamp quality for maximum temperature sensor 2;;;;;;;;;;;;;;;;;
61e30d1596dd415b882a185304d30a6c;1;R;Bit;TabLeituraBinRtd;Discrete input;10024;Binary input;364;0;1;0;1;;;;0=Não disparado\1=Disparado;0=Not triggered\1=Triggered;;;;Público;Indicação de autodiagnóstico de falha de leitura do PT100 3;Indication of self-diagnosis for PT100 3 reading failure;;;;;;Temperatura;Temperature;;Temperatura;Temperature;;Autodiagnóstico;;;;;
e0b5b22c702046389b37c35041b56187;1;R;Bit;TabLeituraBinRtd;Discrete input;10025;Binary input;365;0;1;0;1;;;;0=Não disparado\1=Disparado;0=Not triggered\1=Triggered;;;;Público;Indicação de memória de autodiagnóstico de falha de leitura do PT100 3;Indication of self-diagnosis memory for PT100 3 reading failure;;;;;;Temperatura;Temperature;;Temperatura;Temperature;;Debug;;;;;
97ebbc5517134b20bebf922f17f4a167;1;R;Bit;TabLeituraBinRtd;Discrete input;10026;Binary input;366;0;1;0;1;;;;0=Não disparado\1=Disparado;0=Not triggered\1=Triggered;;;;Público;Indicação de autodiagnóstico de falha de calibração do PT100 3;Indication of self-diagnosis for PT100 3 calibration failure;;;;;;Temperatura;Temperature;;Temperatura;Temperature;;Autodiagnóstico;;;;;
a3ff21717f4a4f7ab7631a203bcd7797;1;R;Bit;TabLeituraBinRtd;Discrete input;10027;Binary input;367;0;1;0;1;;;;0=Não disparado\1=Disparado;0=Not triggered\1=Triggered;;;;Público;Indicação de memória de autodiagnóstico de falha de calibração do PT100 3;Indication of self-diagnosis memory for PT100 3 calibration failure;;;;;;Temperatura;Temperature;;Temperatura;Temperature;;Debug;;;;;
31525baf100e4532b99ef16fbf3cf831;1;R;Bit;TabLeituraBinRtd;Discrete input;10028;Binary input;368;0;1;0;1;;;;0=Não disparado\1=Disparado;0=Not triggered\1=Triggered;;;;Público;Indicação de autodiagnóstico de overflow de temperatura do PT100 3;Indication of self-diagnosis for PT100 3 temperature overflow;;;;;;Temperatura;Temperature;;Temperatura;Temperature;;Autodiagnóstico;;;;;
8ee6e7d001264f0994fbce3fc76de752;1;R;Bit;TabLeituraBinRtd;Discrete input;10029;Binary input;369;0;1;0;1;;;;0=Não disparado\1=Disparado;0=Not triggered\1=Triggered;;;;Público;Indicação de memória de autodiagnóstico de overflow de temperatura do PT100 3;Indication of self-diagnosis memory for PT100 3 temperature overflow;;;;;;Temperatura;Temperature;;Temperatura;Temperature;;Debug;;;;;
8cccccc9f3104959a0a98a5abcb4c643;1;R;Bit;TabLeituraBinRtd;Discrete input;10030;Binary input;370;0;1;0;1;;;;0=Não disparado\1=Disparado;0=Not triggered\1=Triggered;;;;Público;Indicação de autodiagnóstico de salto de temperatura do PT100 3;Indication of self-diagnosis for PT100 3 temperature jump;;;;;;Temperatura;Temperature;;Temperatura;Temperature;;Autodiagnóstico;;;SDVSTD_$LPHD1$ST$TmpStepErr3$stVal;;
ef830763393a4225a676060a1f3540a9;1;R;Bit;TabLeituraBinRtd;Discrete input;10031;Binary input;371;0;1;0;1;;;;0=Não disparado\1=Disparado;0=Not triggered\1=Triggered;;;;Público;Indicação de memória de autodiagnóstico de salto de temperatura do PT100 3;Indication of self-diagnosis memory for PT100 3 temperature jump;;;;;;Temperatura;Temperature;;Temperatura;Temperature;;Debug;;;;;
5b48f18d9b1543b3b2dc97c4034b9c3f;1;R;Bit;TabLeituraBinRtd;Discrete input;10032;;;0;1;0;1;;;;0=Ruim\1=Boa;0=Bad\1=Good;;;;Privado;Indicação de qualidade da medição do sensor de temperatura 3;Indication of measurement quality for temperature sensor 3;;;;;;;;;;;;;;;;;
c68af5637a984317b5170897e77f50ba;1;R;Bit;TabLeituraBinRtd;Discrete input;10033;;;0;1;0;1;;;;0=Ruim\1=Boa;0=Bad\1=Good;;;;Privado;Indicação de qualidade da medição máxima do sensor de temperatura 3;Indication of maximum measurement quality for temperature sensor 3;;;;;;;;;;;;;;;;;
169b1f1ca35f4a7880e93ea4043c4515;1;R;Bit;TabLeituraBinRtd;Discrete input;10034;;;0;1;0;1;;;;0=Ruim\1=Boa;0=Bad\1=Good;;;;Privado;Indicação de qualidade do timestamp da medição máxima do sensor de temperatura 3;Indication of timestamp quality for maximum temperature sensor 3;;;;;;;;;;;;;;;;;
;;;;;;;;;;;;;;;;;;;;;;;;;;;;;;;;;;;;;;;;
886cc30e22f849a49b472d8d256af2c4;1;R;16;TabLeituraRtd;Input register;10000;Analog input;51;-550;2500;0;10;°C;°C;;;;;;;Público;Indicação de medição do sensor de temperatura 1;Indication of measurement of temperature sensor 1;;;;;;Temperatura;Temperature;;Temperatura;Temperature;;Geral;;Sim;SDVSTD_$SPTR1$MX$RTDTmp$mag$f \ SDVSTD_$SPTR1$MX$RTDTmp$mag$i \ SDVSTD_$SPTR1$MX$RTDTmp$instMag$f \ SDVSTD_$SPTR1$MX$RTDTmp$instMag$i;;
e7fbe39e0d734f4ab0ff9f4ef982b5da;1;R;16;TabLeituraRtd;Input register;10001;Analog input;52;-550;2500;0;10;°C;°C;;;;;;;Público;Indicação de medição máxima do sensor de temperatura 1;Indication of maximum measurement of temperature sensor 1;;;;;;Temperatura;Temperature;;Temperatura;Temperature;;Geral;;Sim;;;
0dc0ad71bba14772af82cd0bd18c2f6b;1;R;16;TabLeituraRtd;Input register;10002;;;0;65535;0;1;ms;ms;;;;;;;Privado;Indicação de timestamp da temperatura máxima do sensor de temperatura 1 - H;Indication of timestamp for maximum temperature measurement of temperature sensor 1 - H;;;;;;;;;;;;;;;;;
762e8fa8d4ca464c9211e479a7617462;1;R;16;TabLeituraRtd;Input register;10003;;;0;65535;0;1;ms;ms;;;;;;;Privado;Indicação de timestamp da temperatura máxima do sensor de temperatura 1 - M;Indication of timestamp for maximum temperature measurement of temperature sensor 1 - M;;;;;;;;;;;;;;;;;
96ec8a7284a242538b4e3054e005f9ca;1;R;16;TabLeituraRtd;Input register;10004;;;0;65535;0;1;ms;ms;;;;;;;Privado;Indicação de timestamp da temperatura máxima do sensor de temperatura 1 - L;Indication of timestamp for maximum temperature measurement of temperature sensor 1 - L;;;;;;;;;;;;;;;;;
3cc57edbd00a4c2ab55854c19e21b129;1;R;16;TabLeituraRtd;Input register;10005;Analog input;53;-550;2500;0;10;°C;°C;;;;;;;Público;Indicação de medição do sensor de temperatura 2;Indication of measurement of temperature sensor 2;;;;;;Temperatura;Temperature;;Temperatura;Temperature;;Geral;;Sim;SDVSTD_$SPTR2$MX$RTDTmp$mag$f \ SDVSTD_$SPTR2$MX$RTDTmp$mag$i \ SDVSTD_$SPTR2$MX$RTDTmp$instMag$f \ SDVSTD_$SPTR2$MX$RTDTmp$instMag$i;;
d85cb1c1990d47f2bd65d358de3b6766;1;R;16;TabLeituraRtd;Input register;10006;Analog input;54;-550;2500;0;10;°C;°C;;;;;;;Público;Indicação de medição máxima do sensor de temperatura 2;Indication of maximum measurement of temperature sensor 2;;;;;;Temperatura;Temperature;;Temperatura;Temperature;;Geral;;Sim;;;
3ef2da1904c345b5b23ed07514ac56f8;1;R;16;TabLeituraRtd;Input register;10007;;;0;65535;0;1;ms;ms;;;;;;;Privado;Indicação de timestamp da temperatura máxima do sensor de temperatura 2 - H;Indication of timestamp for maximum temperature measurement of temperature sensor 2 - H;;;;;;;;;;;;;;;;;
2e10e0ef47994c6e87beac3630d48ff8;1;R;16;TabLeituraRtd;Input register;10008;;;0;65535;0;1;ms;ms;;;;;;;Privado;Indicação de timestamp da temperatura máxima do sensor de temperatura 2 - M;Indication of timestamp for maximum temperature measurement of temperature sensor 2 - M;;;;;;;;;;;;;;;;;
5cb308795bd64630b18af2d8b1719103;1;R;16;TabLeituraRtd;Input register;10009;;;0;65535;0;1;ms;ms;;;;;;;Privado;Indicação de timestamp da temperatura máxima do sensor de temperatura 2 - L;Indication of timestamp for maximum temperature measurement of temperature sensor 2 - L;;;;;;;;;;;;;;;;;
4e88594f86ea497b96af1dbfea3ae80c;1;R;16;TabLeituraRtd;Input register;10010;Analog input;55;-550;2500;0;10;°C;°C;;;;;;;Público;Indicação de medição do sensor de temperatura 3;Indication of temperature measurement for temperature sensor 3;;;;;;Temperatura;Temperature;;Temperatura;Temperature;;Geral;;Sim;SDVSTD_$SPTR3$MX$RTDTmp$mag$f \ SDVSTD_$SPTR3$MX$RTDTmp$mag$i \ SDVSTD_$SPTR3$MX$RTDTmp$instMag$f \ SDVSTD_$SPTR3$MX$RTDTmp$instMag$i;;
86024a5973a848b1abe7b416196c0b2d;1;R;16;TabLeituraRtd;Input register;10011;Analog input;56;-550;2500;0;10;°C;°C;;;;;;;Público;Indicação de medição máxima do sensor de temperatura 3;Indication of maximum temperature measurement for temperature sensor 3;;;;;;Temperatura;Temperature;;Temperatura;Temperature;;Geral;;Sim;;;
f041eef80a744a29a93812b32123b7a3;1;R;16;TabLeituraRtd;Input register;10012;;;0;65535;0;1;ms;ms;;;;;;;Privado;Indicação de timestamp da temperatura máxima do sensor de temperatura 3 - H;Indication of timestamp for maximum temperature measurement of temperature sensor 3 - H;;;;;;;;;;;;;;;;;
77ae7d5bd50449b7a1c65ab927f5c6b1;1;R;16;TabLeituraRtd;Input register;10013;;;0;65535;0;1;ms;ms;;;;;;;Privado;Indicação de timestamp da temperatura máxima do sensor de temperatura 3 - M;Indication of timestamp for maximum temperature measurement of temperature sensor 3 - M;;;;;;;;;;;;;;;;;
adf978d0fe024579a79a397b7cb67ead;1;R;16;TabLeituraRtd;Input register;10014;;;0;65535;0;1;ms;ms;;;;;;;Privado;Indicação de timestamp da temperatura máxima do sensor de temperatura 3 - L;Indication of timestamp for maximum temperature measurement of temperature sensor 3 - L;;;;;;;;;;;;;;;;;
31327696563746c5a4482fd9b22b109a;1;R;16;TabLeituraRtd;Input register;10015;Analog input;57;-32768;32767;0;10;°C;°C;;;;;;;Público;Indicação de temperatura que gerou o erro de overflow do PT100 1;Indication of temperature overflow for PT100 1;;;;;;Temperatura;Temperature;;Temperatura;Temperature;;Debug;;;;;
e7fd4be61f9b49edb344e8d8569d58ff;1;R;16;TabLeituraRtd;Input register;10016;Analog input;58;-32768;32767;0;10;°C;°C;;;;;;;Público;Indicação de temperatura que gerou o erro de overflow do PT100 2;Indication of temperature overflow for PT100 2;;;;;;Temperatura;Temperature;;Temperatura;Temperature;;Debug;;;;;
71197f49eccb43b5ae8bfaf716ea76b1;1;R;16;TabLeituraRtd;Input register;10017;Analog input;59;-32768;32767;0;10;°C;°C;;;;;;;Público;Indicação de temperatura que gerou o erro de overflow do PT100 3;Indication of temperature overflow for PT100 3;;;;;;Temperatura;Temperature;;Temperatura;Temperature;;Debug;;;;;
;;;;;;;;;;;;;;;;;;;;;;;;;;;;;;;;;;;;;;;;
07f155c827204eae8f00e56f30ee6c13;1;R;Bit;TabLeituraBinOleo;Discrete input;10100;Binary input;372;0;1;0;1;;;;0=Não disparado\1=Disparado;0=Not triggered\1=Triggered;;;;Público;Indicação de autodiagnóstico de diferença máxima de temperatura entre sensores redundantes;Indication of self-diagnosis for maximum temperature difference between redundant sensors;;;;;;Temperatura;Temperature;;Temperatura;Temperature;;Autodiagnóstico;;;SDVSTD_$LPHD1$ST$RTDDiagErr$stVal;;
a3c4f0d40b184802bdf44adbdbcc26b8;1;R;Bit;TabLeituraBinOleo;Discrete input;10101;Binary input;373;0;1;0;1;;;;0=Não disparado\1=Disparado;0=Not triggered\1=Triggered;;;;Público;Indicação de memória de autodiagnóstico de diferença máxima de temperatura entre sensores redundantes;Indication of self-diagnosis memory for maximum temperature difference between redundant sensors;;;;;;Temperatura;Temperature;;Temperatura;Temperature;;Debug;;;;;
30308f8b08114f749af6830b5f2776d2;1;R;Bit;TabLeituraBinOleo;Discrete input;10102;Binary input;374;0;1;0;1;;;;0=Não disparado\1=Disparado;0=Not triggered\1=Triggered;;;;Público;Indicação de autodiagnóstico de overflow da temperatura do óleo;Indication of self-diagnosis for oil temperature overflow;;;;;;Temperatura;Temperature;;Temperatura;Temperature;;Autodiagnóstico;;;SDVSTD_$LPHD1$ST$TmpOvErr$stVal;;
310d032494ca4a4380b5e9c8d0cbf8f6;1;R;Bit;TabLeituraBinOleo;Discrete input;10103;Binary input;375;0;1;0;1;;;;0=Não disparado\1=Disparado;0=Not triggered\1=Triggered;;;;Público;Indicação de memória de autodiagnóstico de overflow da temperatura do óleo;Indication of self-diagnosis memory for oil temperature overflow;;;;;;Temperatura;Temperature;;Temperatura;Temperature;;Debug;;;;;
03dd2024404c4847b3213cd3e75f873f;1;R;Bit;TabLeituraBinOleo;Discrete input;10104;Binary input;376;0;1;0;1;;;;0=Não disparado\1=Disparado;0=Not triggered\1=Triggered;;;;Público;Indicação de alarme por temperatura do óleo alta;Indication of alarm by high oil temperature;;;;;;Temperatura;Temperature;;Temperatura;Temperature;;Alarme;;;SDVSTD_$SIML1$ST$TmpAlm$stVal;;
0cafb63f90254edca82cd24419c20237;1;R;Bit;TabLeituraBinOleo;Discrete input;10105;Binary input;377;0;1;0;1;;;;0=Não disparado\1=Disparado;0=Not triggered\1=Triggered;;;;Público;Indicação de memória de alarme por temperatura do óleo alta;Indication of alarm memory by high oil temperature;;;;;;Temperatura;Temperature;;Temperatura;Temperature;;Debug;;;;;
125edfc01cf642b880ea874c11320879;1;R;Bit;TabLeituraBinOleo;Discrete input;10106;Binary input;378;0;1;0;1;;;;0=Não disparado\1=Disparado;0=Not triggered\1=Triggered;;;;Público;Indicação de desligamento por temperatura do óleo;Indication of trip by oil temperature;;;;;;Temperatura;Temperature;;Temperatura;Temperature;;Alarme;;;SDVSTD_$SIML1$ST$TmpTr$stVal;;
4c91317cc4ac4997bb3a2d7f2cf4d106;1;R;Bit;TabLeituraBinOleo;Discrete input;10107;Binary input;379;0;1;0;1;;;;0=Não disparado\1=Disparado;0=Not triggered\1=Triggered;;;;Público;Indicação de memória de desligamento por temperatura do óleo;Indication of alarm memory by trip by oil temperature;;;;;;Temperatura;Temperature;;Temperatura;Temperature;;Debug;;;;;
50b1a79e684e443bbb1e0e86b40510fa;1;R;Bit;TabLeituraBinOleo;Discrete input;10108;Binary input;380;0;1;0;1;;;;0=Não disparado\1=Disparado;0=Not triggered\1=Triggered;;;;Público;Indicação de aviso de contagem de tempo para desligamento por temperatura do óleo;Indication of timer warning for trip by oil temperature;;;;;;Temperatura;Temperature;;Temperatura;Temperature;;Alarme;;;SDVSTD_$SIML1$ST$TmpTrDet$stVal;;
e555553f1b314a149bc6230478244d89;1;R;Bit;TabLeituraBinOleo;Discrete input;10109;Binary input;381;0;1;0;1;;;;0=Não disparado\1=Disparado;0=Not triggered\1=Triggered;;;;Público;Indicação de memória de alarme por retardo de desligamento por temperatura do óleo;Indication of alarm memory by trip delay due to oil temperature;;;;;;Temperatura;Temperature;;Temperatura;Temperature;;Debug;;;;;
7715bf192c0f4ad7a2707d6f3a4c21ea;1;R;Bit;TabLeituraBinOleo;Discrete input;10110;;;0;1;0;1;;;;0=Ruim\1=Boa;0=Bad\1=Good;;;;Privado;Indicação de qualidade da temperatura do óleo;Indication of oil temperature quality;;;;;;;;;;;;;;;;;
4cda11a56388481b9a0484ba36345fab;1;R;Bit;TabLeituraBinOleo;Discrete input;10111;;;0;1;0;1;;;;0=Ruim\1=Boa;0=Bad\1=Good;;;;Privado;Indicação de qualidade da temperatura máxima do óleo;Indication of maximum oil temperature quality;;;;;;;;;;;;;;;;;
75aa11f85fef4e0eb0419ad5ae2aa63b;1;R;Bit;TabLeituraBinOleo;Discrete input;10112;;;0;1;0;1;;;;0=Ruim\1=Boa;0=Bad\1=Good;;;;Privado;Indicação de qualidade do timestamp da temperatura máxima do óleo;Indication of maximum oil temperature timestamp quality;;;;;;;;;;;;;;;;;
;;;;;;;;;;;;;;;;;;;;;;;;;;;;;;;;;;;;;;;;
4afa1d25328e44e3bc2652be877deebb;1;R;16;TabLeituraOleo;Input register;10100;Analog input;60;-550;2500;0;10;°C;°C;;;;;;;Público;Indicação de temperatura do óleo;Indication of oil temperature measurement;;;;;;Temperatura;Temperature;;Temperatura;Temperature;;Geral;Sim;Sim;SDVSTD_$SIML1$MX$Tmp$mag$f \ SDVSTD_$SIML1$MX$Tmp$mag$i \ SDVSTD_$SIML1$MX$Tmp$instMag$f \ SDVSTD_$SIML1$MX$Tmp$instMag$i;;
e6554e3c1fb347aeaa269a57b919eee5;1;R;16;TabLeituraOleo;Input register;10101;Analog input;61;-550;2500;0;10;°C;°C;;;;;;;Público;Indicação de temperatura máxima do óleo;Indication of maximum oil temperature measurement;;;;;;Temperatura;Temperature;;Temperatura;Temperature;;Geral;;Sim;SDVSTD_$SIML1$MX$TmpMax$mag$f \ SDVSTD_$SIML1$MX$TmpMax$mag$i \ SDVSTD_$SIML1$MX$TmpMax$instMag$f \ SDVSTD_$SIML1$MX$TmpMax$instMag$i;;
479be90d2cd84da7881c4d2254332e12;1;R;16;TabLeituraOleo;Input register;10102;;;0;65535;0;1;ms;ms;;;;;;;Privado;Indicação de timestamp da temperatura máxima do óleo - H;Indication of maximum oil temperature timestamp - H;;;;;;;;;;;;;;;;;
289b55a263cb49939e81947c177651f1;1;R;16;TabLeituraOleo;Input register;10103;;;0;65535;0;1;ms;ms;;;;;;;Privado;Indicação de timestamp da temperatura máxima do óleo - M;Indication of maximum oil temperature timestamp - M;;;;;;;;;;;;;;;;;
7d8a8294b3fb4e17854c2372d85216cd;1;R;16;TabLeituraOleo;Input register;10104;;;0;65535;0;1;ms;ms;;;;;;;Privado;Indicação de timestamp da temperatura máxima do óleo - L;Indication of maximum oil temperature timestamp - L;;;;;;;;;;;;;;;;;
edfd54456f874ce393d50d34644d5ad8;1;R;16;TabLeituraOleo;Input register;10105;Analog input;62;0;1200;0;1;s;s;;;;;;;Público;Indicação de tempo de retardo para desligamento por temperatura do óleo;Indication of delay time for trip by oil temperature;;;;;;Temperatura;Temperature;;Temperatura;Temperature;;Geral;;;;;
45ce6843e9134015871535d302339953;1;R;16;TabLeituraOleo;Input register;10106;Analog input;63;-32768;32767;0;10;°C;°C;;;;;;;Público;Indicação de temperatura que gerou o erro de overflow do óleo;Indication of oil temperature overflow;;;;;;Temperatura;Temperature;;Temperatura;Temperature;;Debug;;;;;
;;;;;;;;;;;;;;;;;;;;;;;;;;;;;;;;;;;;;;;;
da03eb20e411439a9876ace69cc4bf0d;1;R;Bit;TabLeituraBinEnrolamento1;Discrete input;10200;Binary input;382;0;1;0;1;;;;0=Não disparado\1=Disparado;0=Not triggered\1=Triggered;;;;Público;Indicação de autodiagnóstico de overflow da temperatura do enrolamento 1;Indication of self-diagnosis for temperature overflow - Winding 1;;;;;;Temperatura;Temperature;;Temperatura;Temperature;;Autodiagnóstico;;;SDVSTD_$LPHD1$ST$HPTmpOvClc1$stVal;;
428b3901782b4b4c8a0ff4711b534a62;1;R;Bit;TabLeituraBinEnrolamento1;Discrete input;10201;Binary input;383;0;1;0;1;;;;0=Não disparado\1=Disparado;0=Not triggered\1=Triggered;;;;Público;Indicação de memória de autodiagnóstico de overflow da temperatura do enrolamento 1;Indication of self-diagnosis memory for temperature overflow - Winding 1;;;;;;Temperatura;Temperature;;Temperatura;Temperature;;Debug;;;;;
9fc308d022ea47f992034fe63e82bbb8;1;R;Bit;TabLeituraBinEnrolamento1;Discrete input;10202;Binary input;384;0;1;0;1;;;;0=Não disparado\1=Disparado;0=Not triggered\1=Triggered;;;;Público;Indicação de alarme por temperatura do enrolamento 1 alta;Indication of alarm by temperature - Winding 1 -high;;;;;;Temperatura;Temperature;;Temperatura;Temperature;;Alarme;;;SDVSTD_$SPTR1$ST$HPTmpAlm$stVal;;
3d6c772d5b5045bd8b2a0595d5a0455c;1;R;Bit;TabLeituraBinEnrolamento1;Discrete input;10203;Binary input;385;0;1;0;1;;;;0=Não disparado\1=Disparado;0=Not triggered\1=Triggered;;;;Público;Indicação de memória de alarme por temperatura do enrolamento 1 alta;Indication of alarm memory by temperature - Winding 1 - High;;;;;;Temperatura;Temperature;;Temperatura;Temperature;;Debug;;;;;
3d7fe1d2c4064708aa66add04e21a956;1;R;Bit;TabLeituraBinEnrolamento1;Discrete input;10204;Binary input;386;0;1;0;1;;;;0=Não disparado\1=Disparado;0=Not triggered\1=Triggered;;;;Público;Indicação de desligamento por temperatura do enrolamento 1;Indication of trip by temperature for winding 1;;;;;;Temperatura;Temperature;;Temperatura;Temperature;;Alarme;;;SDVSTD_$SPTR1$ST$HPTmpTr$stVal;;
b3ce8421d13845bab44a372890a450bb;1;R;Bit;TabLeituraBinEnrolamento1;Discrete input;10205;Binary input;387;0;1;0;1;;;;0=Não disparado\1=Disparado;0=Not triggered\1=Triggered;;;;Público;Indicação de memória de desligamento por temperatura do enrolamento 1;Indication of trip memory for temperature for winding 1;;;;;;Temperatura;Temperature;;Temperatura;Temperature;;Debug;;;;;
9de1c756f0184598840f9d9c539f87ef;1;R;Bit;TabLeituraBinEnrolamento1;Discrete input;10206;Binary input;388;0;1;0;1;;;;0=Não disparado\1=Disparado;0=Not triggered\1=Triggered;;;;Público;Indicação de aviso de contagem de tempo para desligamento por temperatura do enrolamento 1;Indication of trip delay memory by temperature - Winding 1;;;;;;Temperatura;Temperature;;Temperatura;Temperature;;Alarme;;;SDVSTD_$SPTR1$ST$HPTmpTrDet$stVal;;
4f79f2c235074ca2821f651afddb3c48;1;R;Bit;TabLeituraBinEnrolamento1;Discrete input;10207;Binary input;389;0;1;0;1;;;;0=Não disparado\1=Disparado;0=Not triggered\1=Triggered;;;;Público;Indicação de memória de alarme por retardo de desligamento por temperatura do enrolamento 1;Indication of trip delay memory by temperature for winding 1;;;;;;Temperatura;Temperature;;Temperatura;Temperature;;Debug;;;;;
bf89eea2c434497fb531a67a52c64c3a;1;R;Bit;TabLeituraBinEnrolamento1;Discrete input;10208;;;0;1;0;1;;;;0=Ruim\1=Boa;0=Bad\1=Good;;;;Privado;Indicação de qualidade da temperatura do enrolamento 1;Indication of temperature quality for winding 1;;;;;;;;;;;;;;;;;
f20c2f03a46342598b5e6b054acce39a;1;R;Bit;TabLeituraBinEnrolamento1;Discrete input;10209;;;0;1;0;1;;;;0=Ruim\1=Boa;0=Bad\1=Good;;;;Privado;Indicação de qualidade da temperatura máxima do enrolamento 1;Indication of maximum temperature quality for winding 1;;;;;;;;;;;;;;;;;
c2701b8a78f84cb6816676a9f6383387;1;R;Bit;TabLeituraBinEnrolamento1;Discrete input;10210;;;0;1;0;1;;;;0=Ruim\1=Boa;0=Bad\1=Good;;;;Privado;Indicação de qualidade do timestamp da temperatura máxima do enrolamento 1;Indication of temperature timestamp quality;;;;;;;;;;;;;;;;;
8e2ae0355b8a4edaac49a102575a6446;1;R;Bit;TabLeituraBinEnrolamento1;Discrete input;10211;;;0;1;0;1;;;;0=Ruim\1=Boa;0=Bad\1=Good;;;;Privado;Indicação de qualidade do gradiente final do enrolamento 1;Indication of final gradient quality for winding 1;;;;;;;;;;;;;;;;;
3ac8e7e6c58d46dfa3952a9042dd852b;1;R;Bit;TabLeituraBinEnrolamento1;Discrete input;10212;;;0;1;0;1;;;;0=Ruim\1=Boa;0=Bad\1=Good;;;;Privado;Indicação de qualidade do percentual de carga do enrolamento 1;Indication of load percentage quality for winding 1;;;;;;;;;;;;;;;;;
935727093b84410885dc265733ca58ac;1;R;Bit;TabLeituraBinEnrolamento1;Discrete input;10213;;;0;1;0;1;;;;0=Ruim\1=Boa;0=Bad\1=Good;;;;Privado;Indicação de qualidade da corrente do enrolamento 1;Indication of current quality - Winding 1;;;;;;;;;;;;;;;;;
ce01b1f2207e466c92c82dfbfee02494;1;R;Bit;TabLeituraBinEnrolamento1;Discrete input;10214;;;0;1;0;1;;;;0=Ruim\1=Boa;0=Bad\1=Good;;;;Privado;Indicação de qualidade da corrente secundária do enrolamento 1;Indication of secondary current quality - Winding 1;;;;;;;;;;;;;;;;;
;;;;;;;;;;;;;;;;;;;;;;;;;;;;;;;;;;;;;;;;
6ea8e38ea990474d9c00789ad194bdfb;1;R;16;TabLeituraEnrolamento1;Input register;10200;Analog input;64;-550;2500;0;10;°C;°C;;;;;;;Público;Indicação de temperatura do enrolamento 1;Indication of temperature measurement - Winding 1;;;;;;Temperatura;Temperature;;Temperatura;Temperature;;Geral;Sim;Sim;SDVSTD_$SPTR1$MX$HPTmpClc$mag$f \ SDVSTD_$SPTR1$MX$HPTmpClc$mag$i \ SDVSTD_$SPTR1$MX$HPTmpClc$instMag$f \ SDVSTD_$SPTR1$MX$HPTmpClc$instMag$i;;
1d41ccb0250c4f448cf887c9e228713a;1;R;16;TabLeituraEnrolamento1;Input register;10201;Analog input;65;-550;2500;0;10;°C;°C;;;;;;;Público;Indicação de temperatura máxima do enrolamento 1;Indication of maximum temperature measurement - Winding 1;;;;;;Temperatura;Temperature;;Temperatura;Temperature;;Geral;;Sim;SDVSTD_$SPTR1$MX$HPTmpClcMax$mag$f \ SDVSTD_$SPTR1$MX$HPTmpClcMax$mag$i \ SDVSTD_$SPTR1$MX$HPTmpClcMax$instMag$f \ SDVSTD_$SPTR1$MX$HPTmpClcMax$instMag$i;;
fef3dee2682841709ae29df88cdfe756;1;R;16;TabLeituraEnrolamento1;Input register;10202;;;0;65535;0;1;ms;ms;;;;;;;Privado;Indicação de timestamp da temperatura máxima do enrolamento 1 - H;Indication of maximum temperature timestamp - Winding 1 - H;;;;;;;;;;;;;;;;;
2958bbd6cdea407bbb744715117e0db9;1;R;16;TabLeituraEnrolamento1;Input register;10203;;;0;65535;0;1;ms;ms;;;;;;;Privado;Indicação de timestamp da temperatura máxima do enrolamento 1 - M;Indication of maximum temperature timestamp - Winding 1 - M;;;;;;;;;;;;;;;;;
eedf3c2feae44ad3b48d8dfb9a65a166;1;R;16;TabLeituraEnrolamento1;Input register;10204;;;0;65535;0;1;ms;ms;;;;;;;Privado;Indicação de timestamp da temperatura máxima do enrolamento 1 - L;Indication of maximum temperature timestamp - Winding 1 - L;;;;;;;;;;;;;;;;;
0601f654af7d45928e2bd8300ea687a5;1;R;16;TabLeituraEnrolamento1;Input register;10205;Analog input;66;0;1200;0;1;s;s;;;;;;;Público;Indicação de tempo de retardo para desligamento por temperatura do enrolamento 1;Indication of trip delay time for temperature - Winding 1;;;;;;Temperatura;Temperature;;Temperatura;Temperature;;Geral;;;;;
c5a5ed0ed85d4eda8a77b1f187f66e0b;1;R;16;TabLeituraEnrolamento1;Input register;10206;Analog input;67;-550;2500;0;10;°C;°C;;;;;;;Público;Indicação de gradiente final de temperatura do enrolamento 1;Indication of final temperature gradient - Winding 1;;;;;;Temperatura;Temperature;;Temperatura;Temperature;;Geral;;Sim;;;
9f1d08806d494366bf401ffed8fddced;1;R;16;TabLeituraEnrolamento1;Input register;10207;Analog input;68;0;5000;0;10;%;%;;;;;;;Público;Indicação de percentual de carga do enrolamento 1;Indication of load percentage - Winding 1;;;;;;Temperatura;Temperature;;Carregamento;Load;;Geral;Sim;Sim;SDVSTD_$MMXN1$MX$AmpPct$mag$f \ SDVSTD_$MMXN1$MX$AmpPct$mag$i \ SDVSTD_$MMXN1$MX$AmpPct$instMag$f \ SDVSTD_$MMXN1$MX$AmpPct$instMag$i;;
4784cf3a50e24596a19a9aa8023b2f3f;1;R;16;TabLeituraEnrolamento1;Input register;10208;Analog input;69;0;65535;0;100;kA;kA;;;;;;;Público;Indicação de corrente do enrolamento 1;Indication of current - Winding 1;;;;;;Temperatura;Temperature;;Carregamento;Load;;Geral;Sim;Sim;SDVSTD_$MMXN1$MX$Amp$mag$f \ SDVSTD_$MMXN1$MX$Amp$mag$i \ SDVSTD_$MMXN1$MX$Amp$instMag$f \ SDVSTD_$MMXN1$MX$Amp$instMag$i;;
16f07a4bfa884f98b5557f4940f1d313;1;R;16;TabLeituraEnrolamento1;Input register;10209;Analog input;70;0;1100;0;100;A;A;;;;;;;Público;Indicação de corrente secundária do enrolamento 1;Indication of secondary current - Winding 1;;;;;;Temperatura;Temperature;;Carregamento;Load;;Geral;;Sim;;;
bd84af925eba41deb8739c8332e1ac76;1;R;16;TabLeituraEnrolamento1;Input register;10210;Analog input;71;-32768;32767;0;10;°C;°C;;;;;;;Público;Indicação de temperatura que gerou o erro de overflow do enrolamento 1;Indication of temperature overflow for winding 1;;;;;;Temperatura;Temperature;;Temperatura;Temperature;;Debug;;;;;
;;;;;;;;;;;;;;;;;;;;;;;;;;;;;;;;;;;;;;;;
46482a8b1a2f4719ab4d2f102c2cea75;1;R;Bit;TabLeituraBinEnrolamento2;Discrete input;10300;Binary input;390;0;1;0;1;;;;0=Não disparado\1=Disparado;0=Not triggered\1=Triggered;;;;Público;Indicação de autodiagnóstico de overflow da temperatura do enrolamento 2;Indication of self-diagnosis for temperature overflow - Winding 2;;;;;;Temperatura;Temperature;;Temperatura;Temperature;;Autodiagnóstico;;;SDVSTD_$LPHD1$ST$HPTmpOvClc2$stVal;;
e77f26b23e2d42eb80e65a0b5f15d2ca;1;R;Bit;TabLeituraBinEnrolamento2;Discrete input;10301;Binary input;391;0;1;0;1;;;;0=Não disparado\1=Disparado;0=Not triggered\1=Triggered;;;;Público;Indicação de memória de autodiagnóstico de overflow da temperatura do enrolamento 2;Indication of self-diagnosis memory for temperature overflow - Winding 2;;;;;;Temperatura;Temperature;;Temperatura;Temperature;;Debug;;;;;
05d7488ea0d6419998df85a3d8a4cadf;1;R;Bit;TabLeituraBinEnrolamento2;Discrete input;10302;Binary input;392;0;1;0;1;;;;0=Não disparado\1=Disparado;0=Not triggered\1=Triggered;;;;Público;Indicação de alarme por temperatura do enrolamento 2 alta;Indication of alarm by temperature - Winding 2 - High;;;;;;Temperatura;Temperature;;Temperatura;Temperature;;Alarme;;;SDVSTD_$SPTR2$ST$HPTmpAlm$stVal;;
586dbf84413a4297964a539c19079d26;1;R;Bit;TabLeituraBinEnrolamento2;Discrete input;10303;Binary input;393;0;1;0;1;;;;0=Não disparado\1=Disparado;0=Not triggered\1=Triggered;;;;Público;Indicação de memória de alarme por temperatura do enrolamento 2 alta;Indication of alarm memory by temperature - Winding 2 - High;;;;;;Temperatura;Temperature;;Temperatura;Temperature;;Debug;;;;;
4fa65f21afb94dc7924e6071f0992c94;1;R;Bit;TabLeituraBinEnrolamento2;Discrete input;10304;Binary input;394;0;1;0;1;;;;0=Não disparado\1=Disparado;0=Not triggered\1=Triggered;;;;Público;Indicação de desligamento por temperatura do enrolamento 2;Indication of trip by temperature - Winding 2;;;;;;Temperatura;Temperature;;Temperatura;Temperature;;Alarme;;;SDVSTD_$SPTR2$ST$HPTmpTr$stVal;;
d0f891d2e1eb492085fb5185d19d20bb;1;R;Bit;TabLeituraBinEnrolamento2;Discrete input;10305;Binary input;395;0;1;0;1;;;;0=Não disparado\1=Disparado;0=Not triggered\1=Triggered;;;;Público;Indicação de memória de desligamento por temperatura do enrolamento 2;Indication of trip memory by temperature - Winding 2;;;;;;Temperatura;Temperature;;Temperatura;Temperature;;Debug;;;;;
dc2a8791c83248f1a6b176c28d1bdd8f;1;R;Bit;TabLeituraBinEnrolamento2;Discrete input;10306;Binary input;396;0;1;0;1;;;;0=Não disparado\1=Disparado;0=Not triggered\1=Triggered;;;;Público;Indicação de aviso de contagem de tempo para desligamento por temperatura do enrolamento 2;Indication of timer warning for trip by temperature - Winding 2;;;;;;Temperatura;Temperature;;Temperatura;Temperature;;Alarme;;;SDVSTD_$SPTR2$ST$HPTmpTrDet$stVal;;
ea0533f0cd924ecfb118cf806eab041c;1;R;Bit;TabLeituraBinEnrolamento2;Discrete input;10307;Binary input;397;0;1;0;1;;;;0=Não disparado\1=Disparado;0=Not triggered\1=Triggered;;;;Público;Indicação de memória de alarme por retardo de desligamento por temperatura do enrolamento 2;Indication of trip delay memory by temperature - Winding 2;;;;;;Temperatura;Temperature;;Temperatura;Temperature;;Debug;;;;;
c2ed2f0b98814ac6844b86ac9e58827a;1;R;Bit;TabLeituraBinEnrolamento2;Discrete input;10308;;;0;1;0;1;;;;0=Ruim\1=Boa;0=Bad\1=Good;;;;Privado;Indicação de qualidade da temperatura do enrolamento 2;Indication of temperature quality for winding 2;;;;;;;;;;;;;;;;;
88b497dfabac44f1b3b67d83dfb3170d;1;R;Bit;TabLeituraBinEnrolamento2;Discrete input;10309;;;0;1;0;1;;;;0=Ruim\1=Boa;0=Bad\1=Good;;;;Privado;Indicação de qualidade da temperatura máxima do enrolamento 2;Indication of maximum temperature quality for winding 2;;;;;;;;;;;;;;;;;
237b5d6151ec4a5ebe8de26c90c40fbd;1;R;Bit;TabLeituraBinEnrolamento2;Discrete input;10310;;;0;1;0;1;;;;0=Ruim\1=Boa;0=Bad\1=Good;;;;Privado;Indicação de qualidade do timestamp da temperatura máxima do enrolamento 2;Indication of maximum temperature timestamp quality - Winding 2;;;;;;;;;;;;;;;;;
e751c557e5c440898f1c6dc5cb6ac0ec;1;R;Bit;TabLeituraBinEnrolamento2;Discrete input;10311;;;0;1;0;1;;;;0=Ruim\1=Boa;0=Bad\1=Good;;;;Privado;Indicação de qualidade do gradiente final do enrolamento 2;Indication of final gradient quality for winding 2;;;;;;;;;;;;;;;;;
1e56f188c94142678197cda1cf219b63;1;R;Bit;TabLeituraBinEnrolamento2;Discrete input;10312;;;0;1;0;1;;;;0=Ruim\1=Boa;0=Bad\1=Good;;;;Privado;Indicação de qualidade do percentual de carga do enrolamento 2;Indication of load percentage quality for winding 2;;;;;;;;;;;;;;;;;
418b3459662e44f7921c9f99e89b8418;1;R;Bit;TabLeituraBinEnrolamento2;Discrete input;10313;;;0;1;0;1;;;;0=Ruim\1=Boa;0=Bad\1=Good;;;;Privado;Indicação de qualidade da corrente do enrolamento 2;Indication of current quality - Winding 2;;;;;;;;;;;;;;;;;
3e22526360f04b31ad558566721dbfad;1;R;Bit;TabLeituraBinEnrolamento2;Discrete input;10314;;;0;1;0;1;;;;0=Ruim\1=Boa;0=Bad\1=Good;;;;Privado;Indicação de qualidade da corrente secundária do enrolamento 2;Indication of secondary current quality - Winding 2;;;;;;;;;;;;;;;;;
;;;;;;;;;;;;;;;;;;;;;;;;;;;;;;;;;;;;;;;;
85c1e2649df44d5081b46d622f9c310a;1;R;16;TabLeituraEnrolamento2;Input register;10300;Analog input;72;-550;2500;0;10;°C;°C;;;;;;;Público;Indicação de temperatura do enrolamento 2;Indication of temperature measurement - Winding 2;;;;;;Temperatura;Temperature;;Temperatura;Temperature;;Geral;Sim;Sim;SDVSTD_$SPTR2$MX$HPTmpClc$mag$f \ SDVSTD_$SPTR2$MX$HPTmpClc$mag$i \ SDVSTD_$SPTR2$MX$HPTmpClc$instMag$f \ SDVSTD_$SPTR2$MX$HPTmpClc$instMag$i;;
3b69b89e44e043389a6c74add5a62382;1;R;16;TabLeituraEnrolamento2;Input register;10301;Analog input;73;-550;2500;0;10;°C;°C;;;;;;;Público;Indicação de temperatura máxima do enrolamento 2;Indication of maximum temperature measurement - Winding 2;;;;;;Temperatura;Temperature;;Temperatura;Temperature;;Geral;;Sim;SDVSTD_$SPTR2$MX$HPTmpClcMax$mag$f \ SDVSTD_$SPTR2$MX$HPTmpClcMax$mag$i \ SDVSTD_$SPTR2$MX$HPTmpClcMax$instMag$f \ SDVSTD_$SPTR2$MX$HPTmpClcMax$instMag$i;;
f443c332507a464cb9d3b0ee4147fb71;1;R;16;TabLeituraEnrolamento2;Input register;10302;;;0;65535;0;1;ms;ms;;;;;;;Privado;Indicação de timestamp da temperatura máxima do enrolamento 2 - H;Indication of maximum temperature timestamp - Winding 2 - H;;;;;;;;;;;;;;;;;
4b4abd39add24961adda5a43a5ff07ab;1;R;16;TabLeituraEnrolamento2;Input register;10303;;;0;65535;0;1;ms;ms;;;;;;;Privado;Indicação de timestamp da temperatura máxima do enrolamento 2 - M;Indication of maximum temperature timestamp - Winding 2 - M;;;;;;;;;;;;;;;;;
b64cd450c906441db984f48941f3074e;1;R;16;TabLeituraEnrolamento2;Input register;10304;;;0;65535;0;1;ms;ms;;;;;;;Privado;Indicação de timestamp da temperatura máxima do enrolamento 2 - L;Indication of maximum temperature timestamp - Winding 2 - L;;;;;;;;;;;;;;;;;
749b1234924a4b81b6f5958814a0c1ef;1;R;16;TabLeituraEnrolamento2;Input register;10305;Analog input;74;0;1200;0;1;s;s;;;;;;;Público;Indicação de tempo de retardo para desligamento por temperatura do enrolamento 2;Indication of trip delay time for temperature - Winding 2;;;;;;Temperatura;Temperature;;Temperatura;Temperature;;Geral;;;;;
932c46cb28154e268da90eb7f75422c5;1;R;16;TabLeituraEnrolamento2;Input register;10306;Analog input;75;-550;2500;0;10;°C;°C;;;;;;;Público;Indicação de gradiente final de temperatura do enrolamento 2;Indication of final temperature gradient - Winding 2;;;;;;Temperatura;Temperature;;Temperatura;Temperature;;Geral;;Sim;;;
ea785dd0e6ec40cf823f4a1e1c96c446;1;R;16;TabLeituraEnrolamento2;Input register;10307;Analog input;76;0;5000;0;10;%;%;;;;;;;Público;Indicação de percentual de carga do enrolamento 2;Indication of load percentage - Winding 2;;;;;;Temperatura;Temperature;;Carregamento;Load;;Geral;Sim;Sim;SDVSTD_$MMXN2$MX$AmpPct$mag$f \ SDVSTD_$MMXN2$MX$AmpPct$mag$i \ SDVSTD_$MMXN2$MX$AmpPct$instMag$f \ SDVSTD_$MMXN2$MX$AmpPct$instMag$i;;
5c2d2bfc2d304873b5b82adbd1cf4fd8;1;R;16;TabLeituraEnrolamento2;Input register;10308;Analog input;77;0;65535;0;100;kA;kA;;;;;;;Público;Indicação de corrente do enrolamento 2;Indication of current - Winding 2;;;;;;Temperatura;Temperature;;Carregamento;Load;;Geral;Sim;Sim;SDVSTD_$MMXN2$MX$Amp$mag$f \ SDVSTD_$MMXN2$MX$Amp$mag$i \ SDVSTD_$MMXN2$MX$Amp$instMag$f \ SDVSTD_$MMXN2$MX$Amp$instMag$i;;
faba5d77e7784784adb4f11e545b1c82;1;R;16;TabLeituraEnrolamento2;Input register;10309;Analog input;78;0;1100;0;100;A;A;;;;;;;Público;Indicação de corrente secundária do enrolamento 2;Indication of secondary current - Winding 2;;;;;;Temperatura;Temperature;;Carregamento;Load;;Geral;;Sim;;;
f8363a82de5e41e9b014cdf4b9c1f9d3;1;R;16;TabLeituraEnrolamento2;Input register;10310;Analog input;79;-32768;32767;0;10;°C;°C;;;;;;;Público;Indicação de temperatura que gerou o erro de overflow do enrolamento 2;Indication of temperature overflow of winding 2;;;;;;Temperatura;Temperature;;Temperatura;Temperature;;Debug;;;;;
;;;;;;;;;;;;;;;;;;;;;;;;;;;;;;;;;;;;;;;;
4b9861bb086f4f9abc660b5dd560ad04;1;R;Bit;TabLeituraBinEnrolamento3;Discrete input;10400;Binary input;398;0;1;0;1;;;;0=Não disparado\1=Disparado;0=Not triggered\1=Triggered;;;;Público;Indicação de autodiagnóstico de overflow da temperatura do enrolamento 3;Indication of self-diagnosis for temperature overflow - Winding 3;;;;;;Temperatura;Temperature;;Temperatura;Temperature;;Autodiagnóstico;;;SDVSTD_$LPHD1$ST$HPTmpOvClc3$stVal;;
566d880ccd834608af8bcc248b39d49e;1;R;Bit;TabLeituraBinEnrolamento3;Discrete input;10401;Binary input;399;0;1;0;1;;;;0=Não disparado\1=Disparado;0=Not triggered\1=Triggered;;;;Público;Indicação de memória de autodiagnóstico de overflow da temperatura do enrolamento 3;Indication of self-diagnosis memory for temperature overflow - Winding 3;;;;;;Temperatura;Temperature;;Temperatura;Temperature;;Debug;;;;;
316eff2c50a14d8b9aed6f09d979fc73;1;R;Bit;TabLeituraBinEnrolamento3;Discrete input;10402;Binary input;400;0;1;0;1;;;;0=Não disparado\1=Disparado;0=Not triggered\1=Triggered;;;;Público;Indicação de alarme por temperatura do enrolamento 3 alta;Indication of alarm by temperature - Winding 3 - High;;;;;;Temperatura;Temperature;;Temperatura;Temperature;;Alarme;;;SDVSTD_$SPTR3$ST$HPTmpAlm$stVal;;
6e60befcf2d24f3194e453257a602cbe;1;R;Bit;TabLeituraBinEnrolamento3;Discrete input;10403;Binary input;401;0;1;0;1;;;;0=Não disparado\1=Disparado;0=Not triggered\1=Triggered;;;;Público;Indicação de memória de alarme por temperatura do enrolamento 3 alta;Indication of alarm memory by temperature - Winding 3 - High;;;;;;Temperatura;Temperature;;Temperatura;Temperature;;Debug;;;;;
3dbe44688b614a54b7ea40e3c0f3f353;1;R;Bit;TabLeituraBinEnrolamento3;Discrete input;10404;Binary input;402;0;1;0;1;;;;0=Não disparado\1=Disparado;0=Not triggered\1=Triggered;;;;Público;Indicação de desligamento por temperatura do enrolamento 3;Indication of trip by temperature - Winding 3;;;;;;Temperatura;Temperature;;Temperatura;Temperature;;Alarme;;;SDVSTD_$SPTR3$ST$HPTmpTr$stVal;;
726d65b81c5a4286932e2e5926e97012;1;R;Bit;TabLeituraBinEnrolamento3;Discrete input;10405;Binary input;403;0;1;0;1;;;;0=Não disparado\1=Disparado;0=Not triggered\1=Triggered;;;;Público;Indicação de memória de desligamento por temperatura do enrolamento 3;Indication of trip memory by temperature - Winding 3;;;;;;Temperatura;Temperature;;Temperatura;Temperature;;Debug;;;;;
3c8862204ed5452ea840e611f2389fb6;1;R;Bit;TabLeituraBinEnrolamento3;Discrete input;10406;Binary input;404;0;1;0;1;;;;0=Não disparado\1=Disparado;0=Not triggered\1=Triggered;;;;Público;Indicação de alarme por retardo de desligamento por temperatura do enrolamento 3;Indication of trip delay by temperature - Winding 3;;;;;;Temperatura;Temperature;;Temperatura;Temperature;;Alarme;;;SDVSTD_$SPTR3$ST$HPTmpTrDet$stVal;;
2452c3e2884e498482f76dee1dc04093;1;R;Bit;TabLeituraBinEnrolamento3;Discrete input;10407;Binary input;405;0;1;0;1;;;;0=Não disparado\1=Disparado;0=Not triggered\1=Triggered;;;;Público;Indicação de memória de alarme por retardo de desligamento por temperatura do enrolamento 3;Indication of trip delay memory by temperature - Winding 3;;;;;;Temperatura;Temperature;;Temperatura;Temperature;;Debug;;;;;
fffbbba1df72446396ca7d6100b66d29;1;R;Bit;TabLeituraBinEnrolamento3;Discrete input;10408;;;0;1;0;1;;;;0=Ruim\1=Boa;0=Bad\1=Good;;;;Privado;Indicação de qualidade da temperatura do enrolamento 3;Indication of temperature quality for winding 3;;;;;;;;;;;;;;;;;
b0c393787e0c45e08211338910c702d2;1;R;Bit;TabLeituraBinEnrolamento3;Discrete input;10409;;;0;1;0;1;;;;0=Ruim\1=Boa;0=Bad\1=Good;;;;Privado;Indicação de qualidade da temperatura máxima do enrolamento 3;Indication of maximum temperature quality for winding 3;;;;;;;;;;;;;;;;;
5464a69ae68545ac9f71011cafa372f3;1;R;Bit;TabLeituraBinEnrolamento3;Discrete input;10410;;;0;1;0;1;;;;0=Ruim\1=Boa;0=Bad\1=Good;;;;Privado;Indicação de qualidade do timestamp da temperatura máxima do enrolamento 3;Indication of maximum temperature timestamp quality - Winding 3;;;;;;;;;;;;;;;;;
414d01198eeb4413a45c889acd6c42e5;1;R;Bit;TabLeituraBinEnrolamento3;Discrete input;10411;;;0;1;0;1;;;;0=Ruim\1=Boa;0=Bad\1=Good;;;;Privado;Indicação de qualidade do gradiente final do enrolamento 3;Indication of final gradient quality for winding 3;;;;;;;;;;;;;;;;;
a23a41c62ee14926a52c0b83c872fa7b;1;R;Bit;TabLeituraBinEnrolamento3;Discrete input;10412;;;0;1;0;1;;;;0=Ruim\1=Boa;0=Bad\1=Good;;;;Privado;Indicação de qualidade do percentual de carga do enrolamento 3;Indication of load percentage quality for winding 3;;;;;;;;;;;;;;;;;
708e98d59c6a483ea531064381b90570;1;R;Bit;TabLeituraBinEnrolamento3;Discrete input;10413;;;0;1;0;1;;;;0=Ruim\1=Boa;0=Bad\1=Good;;;;Privado;Indicação de qualidade da corrente do enrolamento 3;Indication of current quality - Winding 3;;;;;;;;;;;;;;;;;
76c9407a3ff24fe4bfd32c2484041158;1;R;Bit;TabLeituraBinEnrolamento3;Discrete input;10414;;;0;1;0;1;;;;0=Ruim\1=Boa;0=Bad\1=Good;;;;Privado;Indicação de qualidade da corrente secundária do enrolamento 3;Indication of secondary current quality - Winding 3;;;;;;;;;;;;;;;;;
;;;;;;;;;;;;;;;;;;;;;;;;;;;;;;;;;;;;;;;;
376125e42b804e6f88e37bdfcfeaced4;1;R;16;TabLeituraEnrolamento3;Input register;10400;Analog input;80;-550;2500;0;10;°C;°C;;;;;;;Público;Indicação de temperatura do enrolamento 3;Indication of temperature measurement - Winding 3;;;;;;Temperatura;Temperature;;Temperatura;Temperature;;Geral;Sim;Sim;SDVSTD_$SPTR3$MX$HPTmpClc$mag$f \ SDVSTD_$SPTR3$MX$HPTmpClc$mag$i \ SDVSTD_$SPTR3$MX$HPTmpClc$instMag$f \ SDVSTD_$SPTR3$MX$HPTmpClc$instMag$i;;
3a034c6792d544cb89cce5abaf7976db;1;R;16;TabLeituraEnrolamento3;Input register;10401;Analog input;81;-550;2500;0;10;°C;°C;;;;;;;Público;Indicação de temperatura máxima do enrolamento 3;Indication of maximum temperature measurement - Winding 3;;;;;;Temperatura;Temperature;;Temperatura;Temperature;;Geral;;Sim;SDVSTD_$SPTR3$MX$HPTmpClcMax$mag$f \ SDVSTD_$SPTR3$MX$HPTmpClcMax$mag$i \ SDVSTD_$SPTR3$MX$HPTmpClcMax$instMag$f \ SDVSTD_$SPTR3$MX$HPTmpClcMax$instMag$i;;
a37d18a958c24e36af852c4f69e27cdd;1;R;16;TabLeituraEnrolamento3;Input register;10402;;;0;65535;0;1;ms;ms;;;;;;;Privado;Indicação de timestamp da temperatura máxima do enrolamento 3 - H;Indication of maximum temperature timestamp - Winding 3 - H;;;;;;;;;;;;;;;;;
99e0595cf4844e74b748395cbb732d28;1;R;16;TabLeituraEnrolamento3;Input register;10403;;;0;65535;0;1;ms;ms;;;;;;;Privado;Indicação de timestamp da temperatura máxima do enrolamento 3 - M;Indication of maximum temperature timestamp - Winding 3 - M;;;;;;;;;;;;;;;;;
00f0f3e994da496a9128fecbe7d14972;1;R;16;TabLeituraEnrolamento3;Input register;10404;;;0;65535;0;1;ms;ms;;;;;;;Privado;Indicação de timestamp da temperatura máxima do enrolamento 3 - L;Indication of maximum temperature timestamp - Winding 3 - L;;;;;;;;;;;;;;;;;
59cd732b661f4f27977fbea08f5cf94c;1;R;16;TabLeituraEnrolamento3;Input register;10405;Analog input;82;0;1200;0;1;s;s;;;;;;;Público;Indicação de tempo de retardo para desligamento por temperatura do enrolamento 3;Indication of trip delay time for temperature - Winding 3;;;;;;Temperatura;Temperature;;Temperatura;Temperature;;Geral;;;;;
f30a7d3d920646629ca0e51102559008;1;R;16;TabLeituraEnrolamento3;Input register;10406;Analog input;83;-550;2500;0;10;°C;°C;;;;;;;Público;Indicação de gradiente final de temperatura do enrolamento 3;Indication of final temperature gradient - Winding 3;;;;;;Temperatura;Temperature;;Temperatura;Temperature;;Geral;;Sim;;;
b13633789bf944b88553f0ff766ed112;1;R;16;TabLeituraEnrolamento3;Input register;10407;Analog input;84;0;5000;0;10;%;%;;;;;;;Público;Indicação de percentual de carga do enrolamento 3;Indication of load percentage - Winding 3;;;;;;Temperatura;Temperature;;Carregamento;Load;;Geral;Sim;Sim;SDVSTD_$MMXN3$MX$AmpPct$mag$f \ SDVSTD_$MMXN3$MX$AmpPct$mag$i \ SDVSTD_$MMXN3$MX$AmpPct$instMag$f \ SDVSTD_$MMXN3$MX$AmpPct$instMag$i;;
d1a998c6a91c43d4b80881560ffd7966;1;R;16;TabLeituraEnrolamento3;Input register;10408;Analog input;85;0;65535;0;100;kA;kA;;;;;;;Público;Indicação de corrente do enrolamento 3;Indication of current - Winding 3;;;;;;Temperatura;Temperature;;Carregamento;Load;;Geral;Sim;Sim;SDVSTD_$MMXN3$MX$Amp$mag$f \ SDVSTD_$MMXN3$MX$Amp$mag$i \ SDVSTD_$MMXN3$MX$Amp$instMag$f \ SDVSTD_$MMXN3$MX$Amp$instMag$i;;
24f8a23e9e9d49be9c2b0f28ffc62df0;1;R;16;TabLeituraEnrolamento3;Input register;10409;Analog input;86;0;1100;0;100;A;A;;;;;;;Público;Indicação de corrente secundária do enrolamento 3;Indication of secondary current - Winding 3;;;;;;Temperatura;Temperature;;Carregamento;Load;;Geral;;Sim;;;
8fc072c3bd174769bdce5dbb4625b010;1;R;16;TabLeituraEnrolamento3;Input register;10410;Analog input;87;-32768;32767;0;10;°C;°C;;;;;;;Público;Indicação de temperatura que gerou o erro de overflow do enrolamento 3;Indication of temperature overflow for winding 3;;;;;;Temperatura;Temperature;;Temperatura;Temperature;;Debug;;;;;
;;;;;;;;;;;;;;;;;;;;;;;;;;;;;;;;;;;;;;;;
a4c6ceb455ff4bc19084e83b6c8d295f;1;R;Bit;TabLeituraBinResfriamento;Discrete input;10900;Binary input;406;0;1;0;1;;;;0=Desligado\1=Ligado;0=OFF\1=ON;;;;Público;Indicação de status do grupo de resfriamento 1;Indication of cooling group 1 status;;;;;;Temperatura;Temperature;;Resfriamento;Cooling;;Geral;;Sim;SDVSTD_$CCGR1$CO$CECtl$stVal;;
9004d11e14d24a5082217ac2998d35b5;1;R;Bit;TabLeituraBinResfriamento;Discrete input;10901;Binary input;407;0;1;0;1;;;;0=Desligado\1=Ligado;0=OFF\1=ON;;;;Público;Indicação de status do grupo de resfriamento 2;Indication of cooling group 2 status;;;;;;Temperatura;Temperature;;Resfriamento;Cooling;;Geral;;Sim;SDVSTD_$CCGR2$CO$CECtl$stVal;;
612749f1fdea4d1d8685b2d131fab220;1;R;Bit;TabLeituraBinResfriamento;Discrete input;10902;Binary input;408;0;1;0;1;;;;0=Desligado\1=Ligado;0=OFF\1=ON;;;;Público;Indicação de status do grupo de resfriamento 3;Indication of cooling group 3 status;;;;;;Temperatura;Temperature;;Resfriamento;Cooling;;Geral;;Sim;SDVSTD_$CCGR3$CO$CECtl$stVal;;
b8af37db2c5340089a85a1f58b12efc8;1;R;Bit;TabLeituraBinResfriamento;Discrete input;10903;Binary input;409;0;1;0;1;;;;0=Desligado\1=Ligado;0=OFF\1=ON;;;;Público;Indicação de status do grupo de resfriamento 4;Indication of cooling group 4 status;;;;;;Temperatura;Temperature;;Resfriamento;Cooling;;Geral;;Sim;SDVSTD_$CCGR4$CO$CECtl$stVal;;
5fbda927245c4537ae6b85656d14c2d6;1;R;Bit;TabLeituraBinResfriamento;Discrete input;10904;Binary input;410;0;1;0;1;;;;0=Desbloqueado\1=Bloqueado;0=Unblocked\1=Blocked;;;;Público;"Indicação de bloqueio de acionamento do grupo de resfriamento 1 para grupo tipo ""bomba"".";"Indication of group 1 activation blocked for ""pump"" group type";;;;;;Temperatura;Temperature;;Temperatura;Temperature;;Alarme;;;;;
2d13f97c5cf7416ea70ecdafad980482;1;R;Bit;TabLeituraBinResfriamento;Discrete input;10905;Binary input;411;0;1;0;1;;;;0=Desbloqueado\1=Bloqueado;0=Unblocked\1=Blocked;;;;Público;"Indicação de bloqueio de acionamento do grupo de resfriamento 2 para grupo tipo ""bomba"".";"Indication of group 2 activation blocked for ""pump"" group type";;;;;;Temperatura;Temperature;;Temperatura;Temperature;;Alarme;;;;;
7d9bb5dd39a04a038d7df3a656d27b57;1;R;Bit;TabLeituraBinResfriamento;Discrete input;10906;Binary input;412;0;1;0;1;;;;0=Desbloqueado\1=Bloqueado;0=Unblocked\1=Blocked;;;;Público;"Indicação de bloqueio de acionamento do grupo de resfriamento 3 para grupo tipo ""bomba"".";"Indication of group 3 activation blocked for ""pump"" group type";;;;;;Temperatura;Temperature;;Temperatura;Temperature;;Alarme;;;;;
5a75da3c1e6a4ba5ba873da4a371bc0e;1;R;Bit;TabLeituraBinResfriamento;Discrete input;10907;Binary input;413;0;1;0;1;;;;0=Desbloqueado\1=Bloqueado;0=Unblocked\1=Blocked;;;;Público;"Indicação de bloqueio de acionamento do grupo de resfriamento 4 para grupo tipo ""bomba"".";"Indication of group 4 activation blocked for ""pump"" group type";;;;;;Temperatura;Temperature;;Temperatura;Temperature;;Alarme;;;;;
c1975fd4ba05430eb9b527d1c6f0b7ed;1;R;Bit;TabLeituraBinResfriamento;Discrete input;10908;;;0;1;0;1;;;;0=Ruim\1=Boa;0=Bad\1=Good;;COLM;;Privado;Indicação de qualidade da corrente do grupo de resfriamento 1;Indication of current quality for cooling group 1;;;;;;;;;;;;;;;;;
1fa32390fc3a4cd791adb5146db013c0;1;R;Bit;TabLeituraBinResfriamento;Discrete input;10909;;;0;1;0;1;;;;0=Ruim\1=Boa;0=Bad\1=Good;;COLM;;Privado;Indicação de qualidade da corrente máxima do grupo de resfriamento 1;Indication of maximum current quality for cooling group 1;;;;;;;;;;;;;;;;;
daab6c0a53134f87840c4cf7ac1693c3;1;R;Bit;TabLeituraBinResfriamento;Discrete input;10910;;;0;1;0;1;;;;0=Ruim\1=Boa;0=Bad\1=Good;;COLM;;Privado;Indicação de qualidade da corrente do grupo de resfriamento 2;Indication of current quality for cooling group 2;;;;;;;;;;;;;;;;;
3780d657802b427b8c9bf51d0556882d;1;R;Bit;TabLeituraBinResfriamento;Discrete input;10911;;;0;1;0;1;;;;0=Ruim\1=Boa;0=Bad\1=Good;;COLM;;Privado;Indicação de qualidade da corrente máxima do grupo de resfriamento 2;Indication of maximum current quality for cooling group 2;;;;;;;;;;;;;;;;;
c0011b62483541079f1ad04bac85a46c;1;R;Bit;TabLeituraBinResfriamento;Discrete input;10912;;;0;1;0;1;;;;0=Ruim\1=Boa;0=Bad\1=Good;;COLM;;Privado;Indicação de qualidade da corrente do grupo de resfriamento 3;Indication of current quality for cooling group 3;;;;;;;;;;;;;;;;;
4b02c64396b94dabb2af3ca40171b90b;1;R;Bit;TabLeituraBinResfriamento;Discrete input;10913;;;0;1;0;1;;;;0=Ruim\1=Boa;0=Bad\1=Good;;COLM;;Privado;Indicação de qualidade da corrente máxima do grupo de resfriamento 3;Indication of maximum current quality for cooling group 3;;;;;;;;;;;;;;;;;
9def3112141944a8a7becb97ba9b9ca9;1;R;Bit;TabLeituraBinResfriamento;Discrete input;10914;;;0;1;0;1;;;;0=Ruim\1=Boa;0=Bad\1=Good;;COLM;;Privado;Indicação de qualidade da corrente do grupo de resfriamento 4;Indication of current quality for cooling group 4;;;;;;;;;;;;;;;;;
2186429201a74177bd64382f60c691c8;1;R;Bit;TabLeituraBinResfriamento;Discrete input;10915;;;0;1;0;1;;;;0=Ruim\1=Boa;0=Bad\1=Good;;COLM;;Privado;Indicação de qualidade da corrente máxima do grupo de resfriamento 4;Indication of maximum current quality for cooling group 4;;;;;;;;;;;;;;;;;
a712d24b93d341e5b4c2eb7cb687f6e5;1;R;Bit;TabLeituraBinResfriamento;Discrete input;10916;Binary input;414;0;1;0;1;;;;0=Não\1=Sim;0=No\1=Yes;;COLM;;Público;Indicação de temporização da transição do acionamento do grupo de resfriamento 1;Indication of transition timing for cooling group 1 activation;;;;;;Temperatura;Temperature;;Resfriamento;Cooling;;Geral;;;;;
e4c03adec42d438fb671ea4dc26616d3;1;R;Bit;TabLeituraBinResfriamento;Discrete input;10917;Binary input;415;0;1;0;1;;;;0=Não\1=Sim;0=No\1=Yes;;COLM;;Público;Indicação de temporização da transição do acionamento do grupo de resfriamento 2;Indication of transition timing for cooling group 2 activation;;;;;;Temperatura;Temperature;;Resfriamento;Cooling;;Geral;;;;;
70a3a08e777445328fbd98f789df9c6e;1;R;Bit;TabLeituraBinResfriamento;Discrete input;10918;Binary input;416;0;1;0;1;;;;0=Não\1=Sim;0=No\1=Yes;;COLM;;Público;Indicação de temporização da transição do acionamento do grupo de resfriamento 3;Indication of transition timing for cooling group 3 activation;;;;;;Temperatura;Temperature;;Resfriamento;Cooling;;Geral;;;;;
07992e51b9504886a8d22b5a5cc8b7a9;1;R;Bit;TabLeituraBinResfriamento;Discrete input;10919;Binary input;417;0;1;0;1;;;;0=Não\1=Sim;0=No\1=Yes;;COLM;;Público;Indicação de temporização da transição do acionamento do grupo de resfriamento 4;Indication of transition timing for cooling group 4 activation;;;;;;Temperatura;Temperature;;Resfriamento;Cooling;;Geral;;;;;
f7e71192281146ffab9f914c3ede6805;1;R;Bit;TabLeituraBinResfriamento;Discrete input;10920;Binary input;418;0;1;0;1;;;;0=Não disparado\1=Disparado;0=Not triggered\1=Triggered;;COLM;;Público;Indicação de alarme por corrente alta para o grupo de resfriamento 1;Indication of alarm by high current for cooling group 1;;;;;;Temperatura;Temperature;;Temperatura;Temperature;;Alarme;;;;;
fdb905cc149a4d9b8f51bea232b96aef;1;R;Bit;TabLeituraBinResfriamento;Discrete input;10921;Binary input;419;0;1;0;1;;;;0=Não disparado\1=Disparado;0=Not triggered\1=Triggered;;COLM;;Público;Indicação de memória de alarme por corrente alta para o grupo de resfriamento 1;Indication of alarm memory by high current for cooling group 1;;;;;;Temperatura;Temperature;;Temperatura;Temperature;;Debug;;;;;
1dfb90bfda3a4329aff4b72a72f278b9;1;R;Bit;TabLeituraBinResfriamento;Discrete input;10922;Binary input;420;0;1;0;1;;;;0=Não disparado\1=Disparado;0=Not triggered\1=Triggered;;COLM;;Público;Indicação de alarme por corrente alta para o grupo de resfriamento 2;Indication of alarm by high current for cooling group 2;;;;;;Temperatura;Temperature;;Temperatura;Temperature;;Alarme;;;;;
cc928fb7273a4d3b8ce3e68a95439a53;1;R;Bit;TabLeituraBinResfriamento;Discrete input;10923;Binary input;421;0;1;0;1;;;;0=Não disparado\1=Disparado;0=Not triggered\1=Triggered;;COLM;;Público;Indicação de memória de alarme por corrente alta para o grupo de resfriamento 2;Indication of alarm memory by high current for cooling group 2;;;;;;Temperatura;Temperature;;Temperatura;Temperature;;Debug;;;;;
1f59a4793eca4b51a39229bdfdb7815f;1;R;Bit;TabLeituraBinResfriamento;Discrete input;10924;Binary input;422;0;1;0;1;;;;0=Não disparado\1=Disparado;0=Not triggered\1=Triggered;;COLM;;Público;Indicação de alarme por corrente alta para o grupo de resfriamento 3;Indication of alarm by high current for cooling group 3;;;;;;Temperatura;Temperature;;Temperatura;Temperature;;Alarme;;;;;
658fa9cf7d494ca6a0460f1d0fb1e08b;1;R;Bit;TabLeituraBinResfriamento;Discrete input;10925;Binary input;423;0;1;0;1;;;;0=Não disparado\1=Disparado;0=Not triggered\1=Triggered;;COLM;;Público;Indicação de memória de alarme por corrente alta para o grupo de resfriamento 3;Indication of alarm memory by high current for cooling group 3;;;;;;Temperatura;Temperature;;Temperatura;Temperature;;Debug;;;;;
97175b5ff775439687e46727ff7a09f3;1;R;Bit;TabLeituraBinResfriamento;Discrete input;10926;Binary input;424;0;1;0;1;;;;0=Não disparado\1=Disparado;0=Not triggered\1=Triggered;;COLM;;Público;Indicação de alarme por corrente alta para o grupo de resfriamento 4;Indication of alarm by high current for cooling group 4;;;;;;Temperatura;Temperature;;Temperatura;Temperature;;Alarme;;;;;
1ca2352779c34b76a9b432549cc9c934;1;R;Bit;TabLeituraBinResfriamento;Discrete input;10927;Binary input;425;0;1;0;1;;;;0=Não disparado\1=Disparado;0=Not triggered\1=Triggered;;COLM;;Público;Indicação de memória de alarme por corrente alta para o grupo de resfriamento 4;Indication of alarm memory by high current for cooling group 4;;;;;;Temperatura;Temperature;;Temperatura;Temperature;;Debug;;;;;
d33c53f72e524339b76af5c901a5176c;1;R;Bit;TabLeituraBinResfriamento;Discrete input;10928;Binary input;426;0;1;0;1;;;;0=Não disparado\1=Disparado;0=Not triggered\1=Triggered;;COLM;;Público;Indicação de alarme por corrente baixa para o grupo de resfriamento 1;Indication of alarm by low current for cooling group 1;;;;;;Temperatura;Temperature;;Temperatura;Temperature;;Alarme;;;;;
03dc137905624754ad6f60dea1f251c4;1;R;Bit;TabLeituraBinResfriamento;Discrete input;10929;Binary input;427;0;1;0;1;;;;0=Não disparado\1=Disparado;0=Not triggered\1=Triggered;;COLM;;Público;Indicação de memória de alarme por corrente baixa para o grupo de resfriamento 1;Indication of alarm memory by low current for cooling group 1;;;;;;Temperatura;Temperature;;Temperatura;Temperature;;Debug;;;;;
5b1d845b270b405cb3abd723866e805f;1;R;Bit;TabLeituraBinResfriamento;Discrete input;10930;Binary input;428;0;1;0;1;;;;0=Não disparado\1=Disparado;0=Not triggered\1=Triggered;;COLM;;Público;Indicação de alarme por corrente baixa para o grupo de resfriamento 2;Indication of alarm by low current for cooling group 2;;;;;;Temperatura;Temperature;;Temperatura;Temperature;;Alarme;;;;;
a1909b81a2814c7799a7199073842715;1;R;Bit;TabLeituraBinResfriamento;Discrete input;10931;Binary input;429;0;1;0;1;;;;0=Não disparado\1=Disparado;0=Not triggered\1=Triggered;;COLM;;Público;Indicação de memória de alarme por corrente baixa para o grupo de resfriamento 2;Indication of alarm memory by low current for cooling group 2;;;;;;Temperatura;Temperature;;Temperatura;Temperature;;Debug;;;;;
4e5e01ffc7174099b312c9072322b921;1;R;Bit;TabLeituraBinResfriamento;Discrete input;10932;Binary input;430;0;1;0;1;;;;0=Não disparado\1=Disparado;0=Not triggered\1=Triggered;;COLM;;Público;Indicação de alarme por corrente baixa para o grupo de resfriamento 3;Indication of alarm by low current for cooling group 3;;;;;;Temperatura;Temperature;;Temperatura;Temperature;;Alarme;;;;;
a6160f409e6246428a6a655a0d68373f;1;R;Bit;TabLeituraBinResfriamento;Discrete input;10933;Binary input;431;0;1;0;1;;;;0=Não disparado\1=Disparado;0=Not triggered\1=Triggered;;COLM;;Público;Indicação de memória de alarme por corrente baixa para o grupo de resfriamento 3;Indication of alarm memory by low current for cooling group 3;;;;;;Temperatura;Temperature;;Temperatura;Temperature;;Debug;;;;;
f4bd1936b9e94c65b5b3b24cf9c96dad;1;R;Bit;TabLeituraBinResfriamento;Discrete input;10934;Binary input;432;0;1;0;1;;;;0=Não disparado\1=Disparado;0=Not triggered\1=Triggered;;COLM;;Público;Indicação de alarme por corrente baixa para o grupo de resfriamento 4;Indication of alarm by low current for cooling group 4;;;;;;Temperatura;Temperature;;Temperatura;Temperature;;Alarme;;;;;
9673d57e4de2425da0f2b2125caa8684;1;R;Bit;TabLeituraBinResfriamento;Discrete input;10935;Binary input;433;0;1;0;1;;;;0=Não disparado\1=Disparado;0=Not triggered\1=Triggered;;COLM;;Público;Indicação de memória de alarme por corrente baixa para o grupo de resfriamento 4;Indication of alarm memory by low current for cooling group 4;;;;;;Temperatura;Temperature;;Temperatura;Temperature;;Debug;;;;;
39c46f3a03c347308b351b4853fad9fb;1;R;Bit;TabLeituraBinResfriamento;Discrete input;10936;Binary input;434;0;1;0;1;;;;0=Não disparado\1=Disparado;0=Not triggered\1=Triggered;;COLM;;Público;Indicação de alarme por acionamento indevido do grupo de resfriamento 1;Indication of alarm by improper cooling group 1 activation;;;;;;Temperatura;Temperature;;Temperatura;Temperature;;Alarme;;;;;
13bde6b32dec4e72ac1ff18e0702f9ab;1;R;Bit;TabLeituraBinResfriamento;Discrete input;10937;Binary input;435;0;1;0;1;;;;0=Não disparado\1=Disparado;0=Not triggered\1=Triggered;;COLM;;Público;Indicação de memória de alarme por acionamento indevido do grupo de resfriamento 1;Indication of alarm memory by improper cooling group 1 activation;;;;;;Temperatura;Temperature;;Temperatura;Temperature;;Debug;;;;;
0e8e21f26d9d4b7cb3802b0a1af42530;1;R;Bit;TabLeituraBinResfriamento;Discrete input;10938;Binary input;436;0;1;0;1;;;;0=Não disparado\1=Disparado;0=Not triggered\1=Triggered;;COLM;;Público;Indicação de alarme por acionamento indevido do grupo de resfriamento 2;Indication of alarm by improper cooling group 2 activation;;;;;;Temperatura;Temperature;;Temperatura;Temperature;;Alarme;;;;;
9bc9a934277742e5a7e425b1b4698300;1;R;Bit;TabLeituraBinResfriamento;Discrete input;10939;Binary input;437;0;1;0;1;;;;0=Não disparado\1=Disparado;0=Not triggered\1=Triggered;;COLM;;Público;Indicação de memória de alarme por acionamento indevido do grupo de resfriamento 2;Indication of alarm memory by improper cooling group 2 activation;;;;;;Temperatura;Temperature;;Temperatura;Temperature;;Debug;;;;;
5f23dff730354418be6067a351cd45e8;1;R;Bit;TabLeituraBinResfriamento;Discrete input;10940;Binary input;438;0;1;0;1;;;;0=Não disparado\1=Disparado;0=Not triggered\1=Triggered;;COLM;;Público;Indicação de alarme por acionamento indevido do grupo de resfriamento 3;Indication of alarm by improper cooling group 3 activation;;;;;;Temperatura;Temperature;;Temperatura;Temperature;;Alarme;;;;;
2dd13c82d6884daeac8425fd246105ea;1;R;Bit;TabLeituraBinResfriamento;Discrete input;10941;Binary input;439;0;1;0;1;;;;0=Não disparado\1=Disparado;0=Not triggered\1=Triggered;;COLM;;Público;Indicação de memória de alarme por acionamento indevido do grupo de resfriamento 3;Indication of alarm memory by improper cooling group 3 activation;;;;;;Temperatura;Temperature;;Temperatura;Temperature;;Debug;;;;;
007e771b1d3b4d638144c7e2df9bfaf8;1;R;Bit;TabLeituraBinResfriamento;Discrete input;10942;Binary input;440;0;1;0;1;;;;0=Não disparado\1=Disparado;0=Not triggered\1=Triggered;;COLM;;Público;Indicação de alarme por acionamento indevido do grupo de resfriamento 4;Indication of alarm by improper cooling group 4 activation;;;;;;Temperatura;Temperature;;Temperatura;Temperature;;Alarme;;;;;
ef12a29b21b2451a85f1a956583b8ee6;1;R;Bit;TabLeituraBinResfriamento;Discrete input;10943;Binary input;441;0;1;0;1;;;;0=Não disparado\1=Disparado;0=Not triggered\1=Triggered;;COLM;;Público;Indicação de memória de alarme por acionamento indevido do grupo de resfriamento 4;Indication of alarm memory by improper cooling group 4 activation;;;;;;Temperatura;Temperature;;Temperatura;Temperature;;Debug;;;;;
921bde2a186c46618b54dba2ba590e10;1;R;Bit;TabLeituraBinResfriamento;Discrete input;10944;Binary input;508;0;1;0;1;;;;0=Não disparado\1=Disparado;0=Not triggered\1=Triggered;;COLM;;Público;"Indicação de alarme por bloqueio de grupo de resfriamento  do tipo ""bomba""";"Indication of alarm by cooling group activation blocked of ""pump"" type";;;;;;Temperatura;Temperature;;Resfriamento;Cooling;;Alarme;;;;;
e8e65409732740e4885be7ca9de1884a;1;R;Bit;TabLeituraBinResfriamento;Discrete input;10945;Binary input;509;0;1;0;1;;;;0=Não disparado\1=Disparado;0=Not triggered\1=Triggered;;COLM;;Público;"Indicação de memória de alarme por bloqueio de grupo de resfriamento  do tipo ""bomba""";"Indication of alarm memory by cooling group activation blocked of ""pump"" type";;;;;;Temperatura;Temperature;;Resfriamento;Cooling;;Debug;;;;;
593976b086f94d15820b08eb99445ad5;1;R;Bit;TabLeituraBinResfriamento;Discrete input;10946;Binary input;510;0;1;0;1;;;;0=-\1=Em Exercício;0=-\1=In Exercise;;COLM;;Público;Indicação de exercício de resfriamento em andamento;Indication of cooling exercise active;;;;;;Temperatura;Temperature;;Resfriamento;Cooling;;Debug;;;;;
;;;;;;;;;;;;;;;;;;;;;;;;;;;;;;;;;;;;;;;;
31dc3803894a4b0094658644d853909a;1;R;16;TabLeituraResfriamento;Input register;10900;Analog input;88;0;4;0;1;;;;;;;;;Público;Indicação de estágio de resfriamento requerido;Indication of required cooling stage;;;;;;Temperatura;Temperature;;Resfriamento;Cooling;;Geral;;Sim;;;
d5c8f43731ca449ab09f98db6b798857;1;R;16;TabLeituraResfriamento;Input register;10901;Analog input;89;0;4;0;1;;;;;;;;;Público;Indicação de estágio de resfriamento atual;Indication of current cooling stage;;;;;;Temperatura;Temperature;;Resfriamento;Cooling;;Geral;;Sim;;;
15c013f69def4a0cb85017ec9f1aef87;1;R;16;TabLeituraResfriamento;Input register;10902;Analog input;90;0;3;0;1;;;;0=Nenhum\1=Temperatura\2=Carga\3=Ambos;0=None\1=Temperature\2=Load\3=Both;;;;Público;Indicação de motivo de ativação do estágio;Indication of cooling stage activation reason;;;;;;Temperatura;Temperature;;Temperatura;Temperature;;Debug;;;;;
fefa483d1b15490bb0bef8c9ba3951ec;1;R;16;TabLeituraResfriamento;Input register;10903;Analog input;91;0;999;0;1;min;min;;;;;FEXC;;Público;Indicação de tempo restante do exercício de ventilação;Indication of fan exercise remaining time;;;;;;Temperatura;Temperature;;Temperatura;Temperature;;Debug;;;;;
778c052fc06f44bea92e6986164d6a81;1;R;32_ABCD\32;TabLeituraResfriamento;Input register;10904;Analog input;92;0;4294967295;0;1;s;s;;;;;;;Público;Indicação de tempo de uso do grupo 1;Indication of group 1 usage counter;;;;;;Temperatura;Temperature;;Temperatura;Temperature;;Debug;;;;;
bafe20d4742c437ba0cdf639a678ad96;1;R;32_ABCD\32;TabLeituraResfriamento;Input register;10906;Analog input;93;0;4294967295;0;1;s;s;;;;;;;Público;Indicação de tempo de uso do grupo 2;Indication of group 2 usage counter;;;;;;Temperatura;Temperature;;Temperatura;Temperature;;Debug;;;;;
22a3716cdeb04be791528f77bf63a239;1;R;32_ABCD\32;TabLeituraResfriamento;Input register;10908;Analog input;94;0;4294967295;0;1;s;s;;;;;;;Público;Indicação de tempo de uso do grupo 3;Indication of group 3 usage counter;;;;;;Temperatura;Temperature;;Temperatura;Temperature;;Debug;;;;;
a93ede3517b44f90a9bbca26ae317613;1;R;32_ABCD\32;TabLeituraResfriamento;Input register;10910;Analog input;95;0;4294967295;0;1;s;s;;;;;;;Público;Indicação de tempo de uso do grupo 4;Indication of group 4 usage counter;;;;;;Temperatura;Temperature;;Temperatura;Temperature;;Debug;;;;;
3c82901dc40d4ceb8a5f8030a8186a30;1;R;16;TabLeituraResfriamento;Input register;10912;Analog input;96;0;50000;0;100;A;A;;;;;COLM;;Público;Indicação de corrente do grupo de resfriamento 1;Indication of current for cooling group 1;;;;;;Temperatura;Temperature;;Resfriamento;Cooling;;Geral;;;;;
990da5a4bd0e4f1a9de8b3847da0e533;1;R;16;TabLeituraResfriamento;Input register;10913;Analog input;97;0;50000;0;100;A;A;;;;;COLM;;Público;Indicação de corrente máxima do grupo de resfriamento 1;Indication of maximum current for cooling group 1;;;;;;Temperatura;Temperature;;Resfriamento;Cooling;;Geral;;;;;
1669a7ec9e8e4bd4916a9a9d05f420cf;1;R;16;TabLeituraResfriamento;Input register;10914;;;0;65535;0;1;ms;ms;;;;;COLM;;Privado;Indicação de timestamp da corrente máxima do grupo de resfriamento 1 - H;Indication of timestamp for maximum current for cooling group 1 - H;;;;;;;;;;;;;;;;;
9f66a5849123485cb244cb6d717a7b67;1;R;16;TabLeituraResfriamento;Input register;10915;;;0;65535;0;1;ms;ms;;;;;COLM;;Privado;Indicação de timestamp da corrente máxima do grupo de resfriamento 1 - M;Indication of timestamp for maximum current for cooling group 1 - M;;;;;;;;;;;;;;;;;
e706822987b1480980d0c1e3a3b712de;1;R;16;TabLeituraResfriamento;Input register;10916;;;0;65535;0;1;ms;ms;;;;;COLM;;Privado;Indicação de timestamp da corrente máxima do grupo de resfriamento 1 - L;Indication of timestamp for maximum current for cooling group 1 - L;;;;;;;;;;;;;;;;;
3f52baeccbd845e286825bfd538ff460;1;R;16;TabLeituraResfriamento;Input register;10917;Analog input;98;0;50000;0;100;A;A;;;;;COLM;;Público;Indicação de corrente do grupo de resfriamento 2;Indication of current for cooling group 2;;;;;;Temperatura;Temperature;;Resfriamento;Cooling;;Geral;;;;;
c623fe8048bf474c8788badcfeb1dccc;1;R;16;TabLeituraResfriamento;Input register;10918;Analog input;99;0;50000;0;100;A;A;;;;;COLM;;Público;Indicação de corrente máxima do grupo de resfriamento 2;Indication of maximum current for cooling group 2;;;;;;Temperatura;Temperature;;Resfriamento;Cooling;;Geral;;;;;
dcf2fc1683094ca98067e5607c442117;1;R;16;TabLeituraResfriamento;Input register;10919;;;0;65535;0;1;ms;ms;;;;;COLM;;Privado;Indicação de timestamp da corrente máxima do grupo de resfriamento 2 - H;Indication of timestamp for maximum current for cooling group 2 - H;;;;;;;;;;;;;;;;;
6a3d3ede91de479e925c9ba1bd3f11dc;1;R;16;TabLeituraResfriamento;Input register;10920;;;0;65535;0;1;ms;ms;;;;;COLM;;Privado;Indicação de timestamp da corrente máxima do grupo de resfriamento 2 - M;Indication of timestamp for maximum current for cooling group 2 - M;;;;;;;;;;;;;;;;;
b4e64a327a3c46fbaf3b7087e7094d30;1;R;16;TabLeituraResfriamento;Input register;10921;;;0;65535;0;1;ms;ms;;;;;COLM;;Privado;Indicação de timestamp da corrente máxima do grupo de resfriamento 2 - L;Indication of timestamp for maximum current for cooling group 2 - L;;;;;;;;;;;;;;;;;
3d9509abcc8b44c0bb01db3bc6cdbe62;1;R;16;TabLeituraResfriamento;Input register;10922;Analog input;100;0;50000;0;100;A;A;;;;;COLM;;Público;Indicação de corrente do grupo de resfriamento 3;Indication of current for cooling group 3;;;;;;Temperatura;Temperature;;Resfriamento;Cooling;;Geral;;;;;
36d201ff3c814a5a850ede018bace0f0;1;R;16;TabLeituraResfriamento;Input register;10923;Analog input;101;0;50000;0;100;A;A;;;;;COLM;;Público;Indicação de corrente máxima do grupo de resfriamento 3;Indication of maximum current for cooling group 3;;;;;;Temperatura;Temperature;;Resfriamento;Cooling;;Geral;;;;;
79d9c9cacf524436bde07d4b5c8b840b;1;R;16;TabLeituraResfriamento;Input register;10924;;;0;65535;0;1;ms;ms;;;;;COLM;;Privado;Indicação de timestamp da corrente máxima do grupo de resfriamento 3 - H;Indication of timestamp for maximum current for cooling group 3 - H;;;;;;;;;;;;;;;;;
944350fe6027494eabdaa26131870dc2;1;R;16;TabLeituraResfriamento;Input register;10925;;;0;65535;0;1;ms;ms;;;;;COLM;;Privado;Indicação de timestamp da corrente máxima do grupo de resfriamento 3 - M;Indication of timestamp for maximum current for cooling group 3 - M;;;;;;;;;;;;;;;;;
0a096305e7ea4d63ac80ed02862cafe1;1;R;16;TabLeituraResfriamento;Input register;10926;;;0;65535;0;1;ms;ms;;;;;COLM;;Privado;Indicação de timestamp da corrente máxima do grupo de resfriamento 3 - L;Indication of timestamp for maximum current for cooling group 3 - L;;;;;;;;;;;;;;;;;
fdb29841915249a7b69705fd38e5f2c1;1;R;16;TabLeituraResfriamento;Input register;10927;Analog input;102;0;50000;0;100;A;A;;;;;COLM;;Público;Indicação de corrente do grupo de resfriamento 4;Indication of current for cooling group 4;;;;;;Temperatura;Temperature;;Resfriamento;Cooling;;Geral;;;;;
6ab0a0328d244878a4a9c443ce79ec87;1;R;16;TabLeituraResfriamento;Input register;10928;Analog input;103;0;50000;0;100;A;A;;;;;COLM;;Público;Indicação de corrente máxima do grupo de resfriamento 4;Indication of maximum current for cooling group 4;;;;;;Temperatura;Temperature;;Resfriamento;Cooling;;Geral;;;;;
7c642fc265d148e8bf0a950265a67407;1;R;16;TabLeituraResfriamento;Input register;10929;;;0;65535;0;1;ms;ms;;;;;COLM;;Privado;Indicação de timestamp da corrente máxima do grupo de resfriamento 4 - H;Indication of timestamp for maximum current for cooling group 4 - H;;;;;;;;;;;;;;;;;
cce66c96b2284b8c95f35443c198f244;1;R;16;TabLeituraResfriamento;Input register;10930;;;0;65535;0;1;ms;ms;;;;;COLM;;Privado;Indicação de timestamp da corrente máxima do grupo de resfriamento 4 - M;Indication of timestamp for maximum current for cooling group 4 - M;;;;;;;;;;;;;;;;;
86152f24d06947c0b272aaaf1049f332;1;R;16;TabLeituraResfriamento;Input register;10931;;;0;65535;0;1;ms;ms;;;;;COLM;;Privado;Indicação de timestamp da corrente máxima do grupo de resfriamento 4 - L;Indication of timestamp for maximum current for cooling group 4 - L;;;;;;;;;;;;;;;;;
8f1d1f618014489aa8956edc6b7a1443;1;R;16;TabLeituraResfriamento;Input register;10932;Analog input;104;0;300;0;1;s;s;;;;;COLM;;Público;Indicação de tempo restante para finalizar o aprendizado automático de alarmes dos grupos de resfriamento;Indication of time remaining for cooling groups automatic alarms learning;;;;;;Temperatura;Temperature;;Resfriamento;Cooling;;Geral;;;;;
fe0a8b24b87e4fb6b2582a5dc39fb5af;1;R;16;TabLeituraResfriamento;Input register;10933;Analog input;105;0;4;0;1;;;;0=-\1=Espera pela habilitação dos grupos\2=Em progresso\3=Sucesso\4=Erro;0=Idle\1=Waiting for group enable\2=In progress\3=Success\4=Error;;COLM;;Público;Indicação de status do aprendizado automático de alarmes dos grupos de resfriamento;Indication of cooling groups automatic alarms learning;;;;;;Temperatura;Temperature;;Resfriamento;Cooling;;Geral;;;;;
b579ae4a136c4e8cabafb9bcc1839f8c;1;R;16;TabLeituraResfriamento;Input register;10934;Analog input;160;0;2;0;1;;;;0=-\1=Temperatura baixa do óleo\2=Qualidade ruim da temperatura do óleo;0=-\1=Low oil temperature\2=Bad oil temperature quality;;COLM;;Público;"Indicação de motivo do bloqueio de acionamento de grupo de resfriamento do tipo ""bomba"".";"Indication of activation blocked reason for cooling group of ""pump"" type";;;;;;Temperatura;Temperature;;Resfriamento;Cooling;;Geral;;;;;
;;;;;;;;;;;;;;;;;;;;;;;;;;;;;;;;;;;;;;;;
efcb76552b324fb08c8a24f629596bfc;1;R;Bit;TabLeituraBinEnvelhecimento;Discrete input;11300;Binary input;442;0;1;0;1;;;;0=Não disparado\1=Disparado;0=Not triggered\1=Triggered;;INAG;;Público;Indicação de alarme por vida útil baixa do enrolamento 1;Indication of alarm due to low lifetime of winding 1;;;;;;Temperatura;Temperature;;Envelhecimento da isolação;Insulation aging;;Alarme;;;;;
fc6b30c8dfbb4e04a9ad3572cf133588;1;R;Bit;TabLeituraBinEnvelhecimento;Discrete input;11301;Binary input;443;0;1;0;1;;;;0=Não disparado\1=Disparado;0=Not triggered\1=Triggered;;INAG;;Público;Indicação de memória de alarme por vida útil baixa do enrolamento 1;Indication of alarm memory by low lifetime of winding 1;;;;;;Temperatura;Temperature;;Envelhecimento da isolação;Insulation aging;;Debug;;;;;
b31561f29a664153ba957848e5bce076;1;R;Bit;TabLeituraBinEnvelhecimento;Discrete input;11302;Binary input;444;0;1;0;1;;;;0=Não disparado\1=Disparado;0=Not triggered\1=Triggered;;INAG;;Público;Indicação de alarme por perda de vida alta do enrolamento 1;Indication of alarm due to high loss of lifetime of winding 1;;;;;;Temperatura;Temperature;;Envelhecimento da isolação;Insulation aging;;Alarme;;;;;
d004d6480d10402785f94771b21d888f;1;R;Bit;TabLeituraBinEnvelhecimento;Discrete input;11303;Binary input;445;0;1;0;1;;;;0=Não disparado\1=Disparado;0=Not triggered\1=Triggered;;INAG;;Público;Indicação de memória de alarme por perda de vida alta do enrolamento 1;Indication of alarm memory by high loss of lifetime of winding 1;;;;;;Temperatura;Temperature;;Envelhecimento da isolação;Insulation aging;;Debug;;;;;
f53b5fa1f4434dabb45d59310d2e1104;1;R;Bit;TabLeituraBinEnvelhecimento;Discrete input;11304;Binary input;446;0;1;0;1;;;;0=Não disparado\1=Disparado;0=Not triggered\1=Triggered;;INAG;;Público;Indicação de alarme por tempo de vida baixa do enrolamento 1;Indication of alarm due to low lifetime of winding 1;;;;;;Temperatura;Temperature;;Envelhecimento da isolação;Insulation aging;;Alarme;;;;;
f113811504954a1c9c58071664d6183d;1;R;Bit;TabLeituraBinEnvelhecimento;Discrete input;11305;Binary input;447;0;1;0;1;;;;0=Não disparado\1=Disparado;0=Not triggered\1=Triggered;;INAG;;Público;Indicação de memória de alarme por tempo de vida baixa do enrolamento 1;Indication of alarm memory by low lifetime of winding 1;;;;;;Temperatura;Temperature;;Envelhecimento da isolação;Insulation aging;;Debug;;;;;
c26cae0e4ac04103ae8baf2e447ba0d8;1;R;Bit;TabLeituraBinEnvelhecimento;Discrete input;11306;Binary input;448;0;1;0;1;;;;0=Não disparado\1=Disparado;0=Not triggered\1=Triggered;;INAG;;Público;Indicação de alarme por vida útil baixa do enrolamento 2;Indication of alarm due to low lifetime of winding 2;;;;;;Temperatura;Temperature;;Envelhecimento da isolação;Insulation aging;;Alarme;;;;;
8157ef90aec54e87b5771e1a5cad9380;1;R;Bit;TabLeituraBinEnvelhecimento;Discrete input;11307;Binary input;449;0;1;0;1;;;;0=Não disparado\1=Disparado;0=Not triggered\1=Triggered;;INAG;;Público;Indicação de memória de alarme por vida útil baixa do enrolamento 2;Indication of alarm memory by low lifetime of winding 2;;;;;;Temperatura;Temperature;;Envelhecimento da isolação;Insulation aging;;Debug;;;;;
0ee97ad8e136472792c3a196a76042f8;1;R;Bit;TabLeituraBinEnvelhecimento;Discrete input;11308;Binary input;450;0;1;0;1;;;;0=Não disparado\1=Disparado;0=Not triggered\1=Triggered;;INAG;;Público;Indicação de alarme por perda de vida alta do enrolamento 2;Indication of alarm due to high loss of lifetime of winding 2;;;;;;Temperatura;Temperature;;Envelhecimento da isolação;Insulation aging;;Alarme;;;;;
a5b351f0dddb42cab377b53f47675977;1;R;Bit;TabLeituraBinEnvelhecimento;Discrete input;11309;Binary input;451;0;1;0;1;;;;0=Não disparado\1=Disparado;0=Not triggered\1=Triggered;;INAG;;Público;Indicação de memória de alarme por perda de vida alta do enrolamento 2;Indication of alarm memory by high loss of lifetime of winding 2;;;;;;Temperatura;Temperature;;Envelhecimento da isolação;Insulation aging;;Debug;;;;;
00c6dd45db704e3cb2cf21ba6dbb67ed;1;R;Bit;TabLeituraBinEnvelhecimento;Discrete input;11310;Binary input;452;0;1;0;1;;;;0=Não disparado\1=Disparado;0=Not triggered\1=Triggered;;INAG;;Público;Indicação de alarme por tempo de vida baixa do enrolamento 2;Indication of alarm due to low lifetime of winding 2;;;;;;Temperatura;Temperature;;Envelhecimento da isolação;Insulation aging;;Alarme;;;;;
be955f497a32400794afa5bd66fe9304;1;R;Bit;TabLeituraBinEnvelhecimento;Discrete input;11311;Binary input;453;0;1;0;1;;;;0=Não disparado\1=Disparado;0=Not triggered\1=Triggered;;INAG;;Público;Indicação de memória de alarme por tempo de vida baixa do enrolamento 2;Indication of alarm memory by low lifetime of winding 2;;;;;;Temperatura;Temperature;;Envelhecimento da isolação;Insulation aging;;Debug;;;;;
9a67aa56e3ee45c3acb77aaebbaa71dc;1;R;Bit;TabLeituraBinEnvelhecimento;Discrete input;11312;Binary input;454;0;1;0;1;;;;0=Não disparado\1=Disparado;0=Not triggered\1=Triggered;;INAG;;Público;Indicação de alarme por vida útil baixa do enrolamento 3;Indication of alarm due to low lifetime of winding 3;;;;;;Temperatura;Temperature;;Envelhecimento da isolação;Insulation aging;;Alarme;;;;;
c87c5dcd0ea849b3a327695f40a2387f;1;R;Bit;TabLeituraBinEnvelhecimento;Discrete input;11313;Binary input;455;0;1;0;1;;;;0=Não disparado\1=Disparado;0=Not triggered\1=Triggered;;INAG;;Público;Indicação de memória de alarme por vida útil baixa do enrolamento 3;Indication of alarm memory by low lifetime of winding 3;;;;;;Temperatura;Temperature;;Envelhecimento da isolação;Insulation aging;;Debug;;;;;
7d0ab4ca04464f36a2b37b7a44fb12bf;1;R;Bit;TabLeituraBinEnvelhecimento;Discrete input;11314;Binary input;456;0;1;0;1;;;;0=Não disparado\1=Disparado;0=Not triggered\1=Triggered;;INAG;;Público;Indicação de alarme por perda de vida alta do enrolamento 3;Indication of alarm due to high loss of lifetime of winding 3;;;;;;Temperatura;Temperature;;Envelhecimento da isolação;Insulation aging;;Alarme;;;;;
a7484b31322d4481a1de830cb3b5ce73;1;R;Bit;TabLeituraBinEnvelhecimento;Discrete input;11315;Binary input;457;0;1;0;1;;;;0=Não disparado\1=Disparado;0=Not triggered\1=Triggered;;INAG;;Público;Indicação de memória de alarme por perda de vida alta do enrolamento 3;Indication of alarm memory by high loss of lifetime of winding 3;;;;;;Temperatura;Temperature;;Envelhecimento da isolação;Insulation aging;;Debug;;;;;
562f75afefd24cbfb716bbc2aee43f12;1;R;Bit;TabLeituraBinEnvelhecimento;Discrete input;11316;Binary input;458;0;1;0;1;;;;0=Não disparado\1=Disparado;0=Not triggered\1=Triggered;;INAG;;Público;Indicação de alarme por tempo de vida baixa do enrolamento 3;Indication of alarm due to low lifetime of winding 3;;;;;;Temperatura;Temperature;;Envelhecimento da isolação;Insulation aging;;Alarme;;;;;
96402697ef434718aa8027ff0eda57f9;1;R;Bit;TabLeituraBinEnvelhecimento;Discrete input;11317;Binary input;459;0;1;0;1;;;;0=Não disparado\1=Disparado;0=Not triggered\1=Triggered;;INAG;;Público;Indicação de memória de alarme por tempo de vida baixa do enrolamento 3;Indication of alarm memory by low lifetime of winding 3;;;;;;Temperatura;Temperature;;Envelhecimento da isolação;Insulation aging;;Debug;;;;;
ea43353718a94e9aa277f5731300cc22;1;R;Bit;TabLeituraBinEnvelhecimento;Discrete input;11318;;;0;1;0;1;;;;0=Ruim\1=Boa;0=Bad\1=Good;;INAG;;Privado;Indicação de qualidade dos cálculos de vida útil do enrolamento 1;Indication of quality of lifespan calculations for winding 1;;;;;;;;;;;;;;;;;
0b79b701affa495ba8b245e884127621;1;R;Bit;TabLeituraBinEnvelhecimento;Discrete input;11319;;;0;1;0;1;;;;0=Ruim\1=Boa;0=Bad\1=Good;;INAG;;Privado;Indicação de qualidade dos cálculos de tempo de vida do enrolamento 1;Indication of quality of lifetime calculations for winding 1;;;;;;;;;;;;;;;;;
5ba6a4fb63cc492aaaadbf5edc39c7d2;1;R;Bit;TabLeituraBinEnvelhecimento;Discrete input;11320;;;0;1;0;1;;;;0=Ruim\1=Boa;0=Bad\1=Good;;INAG;;Privado;Indicação de qualidade dos cálculos de taxa média de perda de vida do enrolamento 1;Indication of quality of lifeloss calculations for winding 1;;;;;;;;;;;;;;;;;
5de519909540451d9022d4a3b46cde76;1;R;Bit;TabLeituraBinEnvelhecimento;Discrete input;11321;;;0;1;0;1;;;;0=Ruim\1=Boa;0=Bad\1=Good;;INAG;;Privado;Indicação de qualidade dos cálculos de vida útil do enrolamento 2;Indication of quality of lifespan calculations for winding 2;;;;;;;;;;;;;;;;;
9734d14a6a6c4de79fdbb69810ad128c;1;R;Bit;TabLeituraBinEnvelhecimento;Discrete input;11322;;;0;1;0;1;;;;0=Ruim\1=Boa;0=Bad\1=Good;;INAG;;Privado;Indicação de qualidade dos cálculos de tempo de vida do enrolamento 2;Indication of quality of lifetime calculations for winding 2;;;;;;;;;;;;;;;;;
b9a91230d3b7409f8c5f586382d953f2;1;R;Bit;TabLeituraBinEnvelhecimento;Discrete input;11323;;;0;1;0;1;;;;0=Ruim\1=Boa;0=Bad\1=Good;;INAG;;Privado;Indicação de qualidade dos cálculos de taxa média de perda de vida do enrolamento 2;Indication of quality of lifeloss calculations for winding 2;;;;;;;;;;;;;;;;;
0b65006783a44ac59feeffed10823caa;1;R;Bit;TabLeituraBinEnvelhecimento;Discrete input;11324;;;0;1;0;1;;;;0=Ruim\1=Boa;0=Bad\1=Good;;INAG;;Privado;Indicação de qualidade dos cálculos de vida útil do enrolamento 3;Indication of quality of lifespan calculations for winding 3;;;;;;;;;;;;;;;;;
3086c668a0df4727b4aef4ed2af769f8;1;R;Bit;TabLeituraBinEnvelhecimento;Discrete input;11325;;;0;1;0;1;;;;0=Ruim\1=Boa;0=Bad\1=Good;;INAG;;Privado;Indicação de qualidade dos cálculos de tempo de vida do enrolamento 3;Indication of quality of lifetime calculations for winding 3;;;;;;;;;;;;;;;;;
ac0cb956e5bd46519bf62e3cf9a53e14;1;R;Bit;TabLeituraBinEnvelhecimento;Discrete input;11326;;;0;1;0;1;;;;0=Ruim\1=Boa;0=Bad\1=Good;;INAG;;Privado;Indicação de qualidade dos cálculos de taxa média de perda de vida do enrolamento 3;Indication of quality of lifeloss calculations for winding 3;;;;;;;;;;;;;;;;;
;;;;;;;;;;;;;;;;;;;;;;;;;;;;;;;;;;;;;;;;
6471b3d02cd0441e8606a7dbbb0e2401;1;R;16;TabLeituraEnvelhecimento;Input register;11300;Analog input;106;0;1000;0;10;%;%;;;;;INAG;;Público;Indicação de vida útil restante do enrolamento 1;Indication of remaining lifetime - Winding 1;;;;;;Temperatura;Temperature;;Envelhecimento da isolação;Insulation aging;;Geral;;Sim;;;
67fe218f4cc5439283309adbc94bbbb7;1;R;16;TabLeituraEnvelhecimento;Input register;11301;Analog input;107;0;65535;0;1000;%;%;;;;;INAG;;Público;Indicação de perda de vida média do enrolamento 1;Indication of average lifetime loss - Winding 1;;;;;;Temperatura;Temperature;;Envelhecimento da isolação;Insulation aging;;Geral;;Sim;;;
15f528f26cd14487ad82572858b580ec;1;R;16;TabLeituraEnvelhecimento;Input register;11302;Analog input;108;0;32768;0;10;anos;years;;;;;INAG;;Público;Indicação de tempo de vida do enrolamento 1;Indication of lifetime - Winding 1;;;;;;Temperatura;Temperature;;Envelhecimento da isolação;Insulation aging;;Geral;;Sim;;;
9d9b933fb09746ba8aa2a991a1c04247;1;R;16;TabLeituraEnvelhecimento;Input register;11303;Analog input;109;0;1000;0;10;%;%;;;;;INAG;;Público;Indicação de vida útil restante do enrolamento 2;Indication of remaining lifetime - Winding 2;;;;;;Temperatura;Temperature;;Envelhecimento da isolação;Insulation aging;;Geral;;Sim;;;
0edab5b2baa9487ba2bc4584ddaefffa;1;R;16;TabLeituraEnvelhecimento;Input register;11304;Analog input;110;0;65535;0;1000;%;%;;;;;INAG;;Público;Indicação de perda de vida média do enrolamento 2;Indication of average lifetime loss - Winding 2;;;;;;Temperatura;Temperature;;Envelhecimento da isolação;Insulation aging;;Geral;;Sim;;;
20ac065b94a744e7be91dd3b0ebecc46;1;R;16;TabLeituraEnvelhecimento;Input register;11305;Analog input;111;0;32768;0;10;anos;years;;;;;INAG;;Público;Indicação de tempo de vida do enrolamento 2;Indication of lifetime - Winding 2;;;;;;Temperatura;Temperature;;Envelhecimento da isolação;Insulation aging;;Geral;;Sim;;;
b09d35e11cd74026bede34c7c349d3a4;1;R;16;TabLeituraEnvelhecimento;Input register;11306;Analog input;112;0;1000;0;10;%;%;;;;;INAG;;Público;Indicação de vida útil restante do enrolamento 3;Indication of remaining lifetime - Winding 3;;;;;;Temperatura;Temperature;;Envelhecimento da isolação;Insulation aging;;Geral;;Sim;;;
0f579563d97a4f2db853debcce5fd0c6;1;R;16;TabLeituraEnvelhecimento;Input register;11307;Analog input;113;0;65535;0;1000;%;%;;;;;INAG;;Público;Indicação de perda de vida média do enrolamento 3;Indication of average lifetime loss - Winding 3;;;;;;Temperatura;Temperature;;Envelhecimento da isolação;Insulation aging;;Geral;;Sim;;;
942682394c4d48a096a46c6da9f87940;1;R;16;TabLeituraEnvelhecimento;Input register;11308;Analog input;114;0;32768;0;10;anos;years;;;;;INAG;;Público;Indicação de tempo de vida do enrolamento 3;Indication of lifetime - Winding 3;;;;;;Temperatura;Temperature;;Envelhecimento da isolação;Insulation aging;;Geral;;Sim;;;
846d3324c885498589af38ebaa075509;1;R;16;TabLeituraEnvelhecimento;Input register;11309;Analog input;115;0;32768;0;1;;;;0=Nenhum\1=Enrolamento 1\2=Enrolamento 2\3=Enrolamentos 1,2\4=Enrolamento 3\5=Enrolamentos 1,3\6=Enrolamentos 2,3\7=Enrolamentos 1,2,3;0=None\1=Winding 1\2=Winding 2\3=Windings 1,2\4=Winding 3\5=Windings 1,3\6=Windings 2,3\7=Windings 1,2,3;;INAG;;Público;Indicação de cálculo defasado do envelhecimento;Indication of aging calculation outdated;;;;;;Temperatura;Temperature;;Envelhecimento da isolação;Insulation aging;;Geral;;Sim;;;
;;;;;;;;;;;;;;;;;;;;;;;;;;;;;;;;;;;;;;;;
4d4b70aad1064f3ca1e4dde72eb55922;1;R;Bit;TabLeituraBinDtc;Discrete input;11500;;;0;1;0;1;;;;0=Ruim\1=Boa;0=Bad\1=Good;;OLTD;;Privado;Indicação de qualidade da temperatura do óleo usado para diferencial de temperatura do comutador;Indication of temperature quality of oil used for OLTC temperature differential;;;;;;;;;;;;;;;;;
ffb20927cada4fed8fefdd22349962b1;1;R;Bit;TabLeituraBinDtc;Discrete input;11501;;;0;1;0;1;;;;0=Ruim\1=Boa;0=Bad\1=Good;;OLTD;;Privado;Indicação de qualidade da temperatura do óleo do comutador;Indication of temperature quality of OLTC oil;;;;;;;;;;;;;;;;;
ab7e510ec4a44248a19767543e50af1e;1;R;Bit;TabLeituraBinDtc;Discrete input;11502;;;0;1;0;1;;;;0=Ruim\1=Boa;0=Bad\1=Good;;OLTD;;Privado;Indicação de qualidade da temperatura máxima do óleo do comutador;Indication of maximum temperature quality of OLTC oil;;;;;;;;;;;;;;;;;
9e150bee95404ebc8bbc181436d79db7;1;R;Bit;TabLeituraBinDtc;Discrete input;11503;Binary input;460;0;1;0;1;;;;0=Não disparado\1=Disparado;0=Not triggered\1=Triggered;;OLTD;;Público;Indicação de alarme por diferencial de temperatura instantâneo do comutador;Indication of alarm by instantaneous temperature differential of OLTC;;;;;;Temperatura;Temperature;;Diferencial de temperatura;Temperature differential;;Alarme;;;;;
49a9f497be8b407eb7fd0aea7ceabdd6;1;R;Bit;TabLeituraBinDtc;Discrete input;11504;Binary input;461;0;1;0;1;;;;0=Não disparado\1=Disparado;0=Not triggered\1=Triggered;;OLTD;;Público;Indicação de memória de alarme por diferencial de temperatura instantâneo do comutador;Indication of alarm memory by instantaneous temperature differential of OLTC;;;;;;Temperatura;Temperature;;Envelhecimento da isolação;Insulation aging;;Debug;;;;;
93d3f06c437345229ebf6900a461a2de;1;R;Bit;TabLeituraBinDtc;Discrete input;11505;Binary input;462;0;1;0;1;;;;0=Não disparado\1=Disparado;0=Not triggered\1=Triggered;;OLTD;;Público;Indicação de alarme por diferencial de temperatura filtrado do comutador;Indication of alarm by filtered temperature differential of OLTC;;;;;;Temperatura;Temperature;;Diferencial de temperatura;Temperature differential;;Alarme;;;;;
af8c07f244b741b7999635d04294dba0;1;R;Bit;TabLeituraBinDtc;Discrete input;11506;Binary input;463;0;1;0;1;;;;0=Não disparado\1=Disparado;0=Not triggered\1=Triggered;;OLTD;;Público;Indicação de memória de alarme por diferencial de temperatura filtrado do comutador;Indication of alarm memory by filtered temperature differential of OLTC;;;;;;Temperatura;Temperature;;Diferencial de temperatura;Temperature differential;;Debug;;;;;
c91af9551086409da569da6569d393b7;1;R;Bit;TabLeituraBinDtc;Discrete input;11507;;;0;1;0;1;;;;0=Ruim\1=Boa;0=Bad\1=Good;;OLTD;;Privado;Indicação de qualidade do diferencial de temperatura instantâneo;Indication of quality of instantaneous temperature differential;;;;;;;;;;;;;;;;;
9783520d89ea40cc8cb24497db3e8b7b;1;R;Bit;TabLeituraBinDtc;Discrete input;11508;;;0;1;0;1;;;;0=Ruim\1=Boa;0=Bad\1=Good;;OLTD;;Privado;Indicação de qualidade do menor diferencial de temperatura instantâneo;Indication of quality of the smallest instantaneous temperature differential;;;;;;;;;;;;;;;;;
b1a856f3d9bd427fb49f795f335ef220;1;R;Bit;TabLeituraBinDtc;Discrete input;11509;;;0;1;0;1;;;;0=Ruim\1=Boa;0=Bad\1=Good;;OLTD;;Privado;Indicação de qualidade do maior diferencial de temperatura instantâneo;Indication of quality of the highest instantaneous temperature differential;;;;;;;;;;;;;;;;;
d941539dbafa4bd78d92ebb53b73e7c2;1;R;Bit;TabLeituraBinDtc;Discrete input;11510;;;0;1;0;1;;;;0=Ruim\1=Boa;0=Bad\1=Good;;OLTD;;Privado;Indicação de qualidade do diferencial de temperatura filtrado;Indication of quality of filtered temperature differential;;;;;;;;;;;;;;;;;
2bd01a4cf92140069eaf0a1c02b5ed27;1;R;Bit;TabLeituraBinDtc;Discrete input;11511;;;0;1;0;1;;;;0=Ruim\1=Boa;0=Bad\1=Good;;OLTD;;Privado;Indicação de qualidade do menor diferencial de temperatura filtrado;Indication of quality of the smallest filtered temperature differential;;;;;;;;;;;;;;;;;
16a1c20e08da43b7bd2d0f5e9bd9f3ba;1;R;Bit;TabLeituraBinDtc;Discrete input;11512;;;0;1;0;1;;;;0=Ruim\1=Boa;0=Bad\1=Good;;OLTD;;Privado;Indicação de qualidade do maior diferencial de temperatura filtrado;Indication of quality of the highest filtered temperature differential;;;;;;;;;;;;;;;;;
;;;;;;;;;;;;;;;;;;;;;;;;;;;;;;;;;;;;;;;;
32c36568efc346b6b5b0192c0c01a816;1;R;16;TabLeituraDtc;Input register;11500;Analog input;116;0;43200;0;1;min;min;;;;;OLTD;;Público;Indicação de tempo restante para finalizar o aprendizado automático de alarmes diferenciais;Indication of time remaining for finishing automatic learning of differential alarms;;;;;;Temperatura;Temperature;;Diferencial de temperatura;Temperature differential;;Debug;;;;;
e9149730b56a476486bd818dc52d60ef;1;R;16;TabLeituraDtc;Input register;11501;Analog input;117;-550;2500;0;10;°C;°C;;;;;OLTD;;Público;Indicação de temperatura do óleo usado para diferencial de temperatura do comutador;Indication of temperature of oil used for OLTC temperature differential;;;;;;Temperatura;Temperature;;Diferencial de temperatura;Temperature differential;;Geral;;Sim;;;
7ab831ec3005409db0fb484a8e2415d9;1;R;16;TabLeituraDtc;Input register;11502;Analog input;118;-550;2500;0;10;°C;°C;;;;;OLTD;;Público;Indicação de temperatura do óleo do comutador;Indication of temperature of OLTC oil;;;;;;Temperatura;Temperature;;Diferencial de temperatura;Temperature differential;;Geral;Sim;Sim;;;
0d41afa5d4a44166973677baa7405116;1;R;16;TabLeituraDtc;Input register;11503;Analog input;119;-550;2500;0;10;°C;°C;;;;;OLTD;;Público;Indicação de temperatura máxima do óleo do comutador;Indication of maximum temperature of OLTC oil;;;;;;Temperatura;Temperature;;Diferencial de temperatura;Temperature differential;;Geral;;Sim;;;
ede41e3ff0d244d4901419a31369accf;1;R;16;TabLeituraDtc;Input register;11504;;;0;65535;0;1;ms;ms;;;;;OLTD;;Privado;Indicação de timestamp da temperatura máxima do óleo - H;Indication of maximum oil temperature timestamp - H;;;;;;;;;;;;;;;;;
fcf436b4d6ed4ff4bc5fbc2a8cae8c56;1;R;16;TabLeituraDtc;Input register;11505;;;0;65535;0;1;ms;ms;;;;;OLTD;;Privado;Indicação de timestamp da temperatura máxima do óleo - M;Indication of maximum oil temperature timestamp - M;;;;;;;;;;;;;;;;;
84ed3b35e1fd4c2196c0068f8936d31a;1;R;16;TabLeituraDtc;Input register;11506;;;0;65535;0;1;ms;ms;;;;;OLTD;;Privado;Indicação de timestamp da temperatura máxima do óleo - L;Indication of maximum oil temperature timestamp - L;;;;;;;;;;;;;;;;;
6ec6281a1fd14e3187f89af54ae43e78;1;R;16;TabLeituraDtc;Input register;11507;Analog input;120;-3100;3100;0;10;°C;°C;;;;;OLTD;;Público;Indicação de diferencial de temperatura instantâneo;Indication of instantaneous temperature differential;;;;;;Temperatura;Temperature;;Diferencial de temperatura;Temperature differential;;Geral;;Sim;;;
060e22754c2643a595bde1b5a1d24f36;1;R;16;TabLeituraDtc;Input register;11508;Analog input;121;-3100;3100;0;10;°C;°C;;;;;OLTD;;Público;Indicação de menor diferencial de temperatura instantâneo;Indication of the smallest instantaneous temperature differential;;;;;;Temperatura;Temperature;;Diferencial de temperatura;Temperature differential;;Geral;;Sim;;;
88862dc70d7d4897813bbad0bb3b5f68;1;R;16;TabLeituraDtc;Input register;11509;;;0;65535;0;1;ms;ms;;;;;OLTD;;Privado;Indicação de timestamp da menor diferencial de temperatura instantâneo - H;Indication of timestamp for smallest instantaneous temperature differential - H;;;;;;;;;;;;;;;;;
fa3416a3ee074a67b82614e3585ce230;1;R;16;TabLeituraDtc;Input register;11510;;;0;65535;0;1;ms;ms;;;;;OLTD;;Privado;Indicação de timestamp da menor diferencial de temperatura instantâneo - M;Indication of timestamp for smallest instantaneous temperature differential - M;;;;;;;;;;;;;;;;;
0871ecb0fd934d658f06a173773dc56e;1;R;16;TabLeituraDtc;Input register;11511;;;0;65535;0;1;ms;ms;;;;;OLTD;;Privado;Indicação de timestamp da menor diferencial de temperatura instantâneo - L;Indication of timestamp for smallest instantaneous temperature differential - L;;;;;;;;;;;;;;;;;
7abb66aa5d8547f3a1332672bb81a1cd;1;R;16;TabLeituraDtc;Input register;11512;Analog input;122;-3100;3100;0;10;°C;°C;;;;;OLTD;;Público;Indicação de maior diferencial de temperatura instantâneo;Indication of the highest instantaneous temperature differential;;;;;;Temperatura;Temperature;;Diferencial de temperatura;Temperature differential;;Geral;;Sim;;;
1cd3c8ce153349f7b6c22f510cfc6bc6;1;R;16;TabLeituraDtc;Input register;11513;;;0;65535;0;1;ms;ms;;;;;OLTD;;Privado;Indicação de timestamp do maior diferencial de temperatura instantâneo - H;Indication of timestamp for highest instantaneous temperature differential - H;;;;;;;;;;;;;;;;;
2992bbc4eaa44343b85be09c9214ac7b;1;R;16;TabLeituraDtc;Input register;11514;;;0;65535;0;1;ms;ms;;;;;OLTD;;Privado;Indicação de timestamp do maior diferencial de temperatura instantâneo - M;Indication of timestamp for highest instantaneous temperature differential - M;;;;;;;;;;;;;;;;;
f78c05f3650d4130a12182933d2dc70a;1;R;16;TabLeituraDtc;Input register;11515;;;0;65535;0;1;ms;ms;;;;;OLTD;;Privado;Indicação de timestamp do maior diferencial de temperatura instantâneo - L;Indication of timestamp for highest instantaneous temperature differential - L;;;;;;;;;;;;;;;;;
9a5967701ef1492680916d9189cddf48;1;R;16;TabLeituraDtc;Input register;11516;Analog input;123;-3100;3100;0;10;°C;°C;;;;;OLTD;;Público;Indicação de diferencial de temperatura filtrado;Indication of filtered temperature differential;;;;;;Temperatura;Temperature;;Diferencial de temperatura;Temperature differential;;Geral;;Sim;;;
68013df3fc144841981da23e1b77d30c;1;R;16;TabLeituraDtc;Input register;11517;Analog input;124;-3100;3100;0;10;°C;°C;;;;;OLTD;;Público;Indicação de menor diferencial de temperatura filtrado;Indication of the smallest filtered temperature differential;;;;;;Temperatura;Temperature;;Diferencial de temperatura;Temperature differential;;Geral;;Sim;;;
173bf17eddf34a33b9f5e5936b7b56ce;1;R;16;TabLeituraDtc;Input register;11518;;;0;65535;0;1;ms;ms;;;;;OLTD;;Privado;Indicação de timestamp do menor diferencial de temperatura filtrado - H;Indication of timestamp for smallest filtered temperature differential - H;;;;;;;;;;;;;;;;;
8ee981e69a3a4e2bb02b2f276517ff52;1;R;16;TabLeituraDtc;Input register;11519;;;0;65535;0;1;ms;ms;;;;;OLTD;;Privado;Indicação de timestamp do menor diferencial de temperatura filtrado - M;Indication of timestamp for smallest filtered temperature differential - M;;;;;;;;;;;;;;;;;
c4baa4b0c951406c8f1bf0d738d3467a;1;R;16;TabLeituraDtc;Input register;11520;;;0;65535;0;1;ms;ms;;;;;OLTD;;Privado;Indicação de timestamp do menor diferencial de temperatura filtrado - L;Indication of timestamp for smallest filtered temperature differential - L;;;;;;;;;;;;;;;;;
4d1ac6851e4840fb99942cd5490db1d5;1;R;16;TabLeituraDtc;Input register;11521;Analog input;125;-3100;3100;0;10;°C;°C;;;;;OLTD;;Público;Indicação de maior diferencial de temperatura filtrado;Indication of the highest filtered temperature differential;;;;;;Temperatura;Temperature;;Diferencial de temperatura;Temperature differential;;Geral;;Sim;;;
2f9fa291fc7c4e4987e74caaf236c183;1;R;16;TabLeituraDtc;Input register;11522;;;0;65535;0;1;ms;ms;;;;;OLTD;;Privado;Indicação de timestamp do maior diferencial de temperatura filtrado - H;Indication of timestamp for highest filtered temperature differential - H;;;;;;;;;;;;;;;;;
f8caed904c1a41c2a8c3943c7c0ce706;1;R;16;TabLeituraDtc;Input register;11523;;;0;65535;0;1;ms;ms;;;;;OLTD;;Privado;Indicação de timestamp do maior diferencial de temperatura filtrado - M;Indication of timestamp for highest filtered temperature differential - M;;;;;;;;;;;;;;;;;
41b1abc9e72c4070a5aa537f14b87cab;1;R;16;TabLeituraDtc;Input register;11524;;;0;65535;0;1;ms;ms;;;;;OLTD;;Privado;Indicação de timestamp do maior diferencial de temperatura filtrado - L;Indication of timestamp for highest filtered temperature differential - L;;;;;;;;;;;;;;;;;
;;;;;;;;;;;;;;;;;;;;;;;;;;;;;;;;;;;;;;;;
c70113841c594f93943862ae99dfb2aa;1;R;Bit;TabLeituraBinRegulacao;Discrete input;20000;Binary input;464;0;1;0;1;;;;0=Não disparado\1=Disparado;0=Not triggered\1=Triggered;;;;Público;Indicação de autodiagnóstico de medição de TP;Indication of self-diagnosis for PT measurement;;;;;;Regulação;Regulation;;Regulação;Regulation;;Autodiagnóstico;;;SDVSTD_$LPHD1$ST$VSenErr$stVal;;SPS
d049aad74e5a4fcab287ec7f3688a0c7;1;R;Bit;TabLeituraBinRegulacao;Discrete input;20001;Binary input;465;0;1;0;1;;;;0=Não disparado\1=Disparado;0=Not triggered\1=Triggered;;;;Público;Indicação de memória de autodiagnóstico de medição de TP;Indication of self-diagnosis memory for PT measurement;;;;;;Regulação;Regulation;;Regulação;Regulation;;Debug;;;;;SPS
4e88b8d997094d3cbcec0cb7194a3c40;1;R;Bit;TabLeituraBinRegulacao;Discrete input;20002;Binary input;466;0;1;0;1;;;;0=Não disparado\1=Disparado;0=Not triggered\1=Triggered;;;;Público;Indicação de autodiagnóstico de overflow de TP;Indication of self-diagnosis for PT overflow;;;;;;Regulação;Regulation;;Regulação;Regulation;;Autodiagnóstico;;;;;SPS
ad5a97bebc6e4f4bb3b7197d29f7e6df;1;R;Bit;TabLeituraBinRegulacao;Discrete input;20003;Binary input;467;0;1;0;1;;;;0=Não disparado\1=Disparado;0=Not triggered\1=Triggered;;;;Público;Indicação de memoria de autodiagnóstico de overflow de TP;Indication of self-diagnosis memory for PT overflow;;;;;;Regulação;Regulation;;Regulação;Regulation;;Debug;;;;;SPS
e36c32320ea24f2bb2d72a35a09a7554;1;R;Bit;TabLeituraBinRegulacao;Discrete input;20004;Binary input;468;0;1;0;1;;;;0=Não disparado\1=Disparado;0=Not triggered\1=Triggered;;;;Público;Indicação de alarme por sobretensão;Indication of alarm due to overvoltage;;;;;;Regulação;Regulation;;Regulação;Regulation;;Alarme;;;SDVSTD_$ATCC1$ST$OpOvV$stVal;;SPS
09ef8f5d8c1647d695e3770ab0fb1262;1;R;Bit;TabLeituraBinRegulacao;Discrete input;20005;Binary input;469;0;1;0;1;;;;0=Não disparado\1=Disparado;0=Not triggered\1=Triggered;;;;Público;Indicação de memória de alarme por sobre tensão;Indication of alarm memory by overvoltage;;;;;;Regulação;Regulation;;Regulação;Regulation;;Debug;;;;;SPS
88cc33d1661c4b86ad9d087e7ec4aba9;1;R;Bit;TabLeituraBinRegulacao;Discrete input;20006;Binary input;470;0;1;0;1;;;;0=Não disparado\1=Disparado;0=Not triggered\1=Triggered;;;;Público;Indicação de alarme por sobrecorrente;Indication of alarm due to overcurrent;;;;;;Regulação;Regulation;;Regulação;Regulation;;Alarme;;;SDVSTD_$ATCC1$ST$OpUnV$stVal;;SPS
9baef3b6d3be4f4a8dadc3385db5f8bf;1;R;Bit;TabLeituraBinRegulacao;Discrete input;20007;Binary input;471;0;1;0;1;;;;0=Não disparado\1=Disparado;0=Not triggered\1=Triggered;;;;Público;Indicação de memória de alarme por sobre corrente;Indication of alarm memory by overcurrent;;;;;;Regulação;Regulation;;Regulação;Regulation;;Debug;;;;;SPS
0ce121845cc14595a2cff5fe0465add5;1;R;Bit;TabLeituraBinRegulacao;Discrete input;20008;Binary input;472;0;1;0;1;;;;0=Não disparado\1=Disparado;0=Not triggered\1=Triggered;;;;Público;Indicação de alarme por subtensão;Indication of alarm due to undervoltage;;;;;;Regulação;Regulation;;Regulação;Regulation;;Alarme;;;SDVSTD_$ATCC1$ST$OpOvA$stVal;;SPS
263eb3829b4f477084fe8673fb18df85;1;R;Bit;TabLeituraBinRegulacao;Discrete input;20009;Binary input;473;0;1;0;1;;;;0=Não disparado\1=Disparado;0=Not triggered\1=Triggered;;;;Público;Indicação de memória de alarme por subtensão;Indication of alarm memory by undervoltage;;;;;;Regulação;Regulation;;Regulação;Regulation;;Debug;;;;;SPS
f9b9427a5d9f4f54af9765cc9bdaf0bc;1;R;Bit;TabLeituraBinRegulacao;Discrete input;20010;Binary input;474;0;1;0;1;;;;0=Não disparado\1=Disparado;0=Not triggered\1=Triggered;;;;Público;Indicação de alarme por bloqueio do comutador;Indication of alarm due to OLTC blocking;;;;;;Regulação;Regulation;;Regulação;Regulation;;Alarme;;;SDVSTD_$YLTC1$SPS$Blk$stVal;;SPS
3f3569d1d9b7428ab404e899c6bed8af;1;R;Bit;TabLeituraBinRegulacao;Discrete input;20011;Binary input;475;0;1;0;1;;;;0=Não disparado\1=Disparado;0=Not triggered\1=Triggered;;;;Público;Indicação de memória de alarme por bloqueio do comutador;Indication of alarm memory by OLTC blocking;;;;;;Regulação;Regulation;;Regulação;Regulation;;Debug;;;;;SPS
bd033b680c5344099bcebb6a48c0d3fe;1;R;Bit;TabLeituraBinRegulacao;Discrete input;20012;Binary input;476;0;1;0;1;;;;0=Não disparado\1=Disparado;0=Not triggered\1=Triggered;;;;Público;Indicação de alarme por checagem do comutador;Indication of alarm due to OLTC check;;;;;;Regulação;Regulation;;Regulação;Regulation;;Alarme;;;;;SPS
7d60953eb2df4381bb600fbd69f896ba;1;R;Bit;TabLeituraBinRegulacao;Discrete input;20013;Binary input;477;0;1;0;1;;;;0=Não disparado\1=Disparado;0=Not triggered\1=Triggered;;;;Público;Indicação de memória de alarme por checagem do comutador;Indication of alarm memory by OLTC check;;;;;;Regulação;Regulation;;Regulação;Regulation;;Debug;;;;;SPS
3180b3261ec541359a6d0fd8c2abe2f0;1;R;Bit;TabLeituraBinRegulacao;Discrete input;20014;;;0;1;0;1;;;;0=Ruim\1=Boa;0=Bad\1=Good;;;;Privado;Indicação de qualidade de medição do TP;Indication of quality of PT measurement;;;;;;;;;;;;;;;;;
a4e5937ce92c40c995cc1db898b0254f;1;R;Bit;TabLeituraBinRegulacao;Discrete input;20015;;;0;1;0;1;;;;0=Ruim\1=Boa;0=Bad\1=Good;;;;Privado;Indicação de qualidade de medição do TC;Indication of quality of CT measurement;;;;;;;;;;;;;;;;;
2c441388d52d4b73849b92e5f26fc44b;1;R;Bit;TabLeituraBinRegulacao;Discrete input;20016;;;0;1;0;1;;;;0=Ruim\1=Boa;0=Bad\1=Good;;;;Privado;Indicação de qualidade do ângulo de defasagem do TC de regulação em relação ao TP;Indication of quality of phase shift measurement of CT relative to PT;;;;;;;;;;;;;;;;;
39e5a1c4b26f45b4bec2343f0d6b6fdf;1;R;Bit;TabLeituraBinRegulacao;Discrete input;20017;;;0;1;0;1;;;;0=Ruim\1=Boa;0=Bad\1=Good;;;;Privado;Indicação de qualidade de medição de frequência;Indication of quality of frequency measurement;;;;;;;;;;;;;;;;;
77b401ebb2774cbcb9618ac4f0aea497;1;R;Bit;TabLeituraBinRegulacao;Discrete input;20018;;;0;1;0;1;;;;0=Ruim\1=Boa;0=Bad\1=Good;;;;Privado;Indicação de qualidade de medição da tensão de carga;Indication of quality of load voltage measurement;;;;;;;;;;;;;;;;;
ec7a052cc7e24b398661cf982106980f;1;R;Bit;TabLeituraBinRegulacao;Discrete input;20019;;;0;1;0;1;;;;0=Ruim\1=Boa;0=Bad\1=Good;;;;Privado;Indicação de qualidade de desvio de tensão;Indication of quality of voltage deviation;;;;;;;;;;;;;;;;;
7371f9a7f5924c17bffa6d64eb67d032;1;R;Bit;TabLeituraBinRegulacao;Discrete input;20020;;;0;1;0;1;;;;0=Ruim\1=Boa;0=Bad\1=Good;;;;Privado;Indicação de qualidade da tensão de linha;Indication of quality of line voltage;;;;;;;;;;;;;;;;;
a89abc939df440ec8295bfbf1d178a2f;1;R;Bit;TabLeituraBinRegulacao;Discrete input;20021;;;0;1;0;1;;;;0=Ruim\1=Boa;0=Bad\1=Good;;;;Privado;Indicação de qualidade da corrente de linha;Indication of quality of line current;;;;;;;;;;;;;;;;;
c9fcd001f51e4b4184800f2f7d147e1b;1;R;Bit;TabLeituraBinRegulacao;Discrete input;20022;;;0;1;0;1;;;;0=Ruim\1=Boa;0=Bad\1=Good;;;;Privado;Indicação de qualidade do fator de potência;Indication of quality of power factor;;;;;;;;;;;;;;;;;
1cbd15e67a874339924fc4422ae1932d;1;R;Bit;TabLeituraBinRegulacao;Discrete input;20023;Binary input;478;0;1;0;1;;;;0=Capacitivo\1=Indutivo;0=Capacitive\1=Indutive;;;;Público;Indicação de indicador do fator de potência indutivo ou capacitivo;Indication of inductive or capacitive power factor indicator;;;;;;Regulação;Regulation;;Potências;Power;;Geral;;Sim;;;SPS
c964d24ad711401483a3e3a3e4dbc2c3;1;R;Bit;TabLeituraBinRegulacao;Discrete input;20024;Binary input;479;0;1;0;1;;;;0=Normal\1=Invertido;0=Normal\1=Inverted;;;;Público;Indicação de inversão de fluxo de potência;Indication of power flow reversal;;;;;;Regulação;Regulation;;Regulação;Regulation;;Debug;;;SDVSTD_$ATCC1$ST$InvPwrFlw$stVal;;SPS
80b2b300f6ef4e0dbe791fcfb172d5ea;1;R;Bit;TabLeituraBinRegulacao;Discrete input;20025;Binary input;480;0;1;0;1;;;;0=Não\1=Sim;0=No\1=Yes;;;;Público;Indicação de bloqueio preventivo;Indication of preventive OLTC blocking;;;;;;Regulação;Regulation;;Regulação;Regulation;;Debug;;;;;SPS
dc4d910806b94990898d63244fae7364;1;R;Bit;TabLeituraBinRegulacao;Discrete input;20026;;;0;1;0;1;;;;0=Ruim\1=Boa;0=Bad\1=Good;;;;Privado;Indicação de qualidade da potência ativa;Indication of quality of active power;;;;;;;;;;;;;;;;;
808182d2dc374a7a94ce67f879f8716b;1;R;Bit;TabLeituraBinRegulacao;Discrete input;20027;;;0;1;0;1;;;;0=Ruim\1=Boa;0=Bad\1=Good;;;;Privado;Indicação de qualidade da potência reativa;Indication of quality of reactive power;;;;;;;;;;;;;;;;;
2fa39f7195d24a82a508ab7f2c49a77b;1;R;Bit;TabLeituraBinRegulacao;Discrete input;20028;;;0;1;0;1;;;;0=Ruim\1=Boa;0=Bad\1=Good;;;;Privado;Indicação de qualidade da potência aparente;Indication of quality of apparent power;;;;;;;;;;;;;;;;;
bd204a62fcb4480e90ca88043edd56b6;1;R;Bit;TabLeituraBinRegulacao;Discrete input;20029;;;0;1;0;1;;;;0=Ruim\1=Boa;0=Bad\1=Good;;;;Privado;Indicação de qualidade da carga de regulação;Indication of quality of regulation load;;;;;;;;;;;;;;;;;
038b7215d985401db1892f9fe6ddd86f;1;R;Bit;TabLeituraBinRegulacao;Discrete input;20030;;;0;1;0;1;;;;0=Ruim\1=Boa;0=Bad\1=Good;;;;Privado;Indicação de qualidade da carga aparente;Indication of quality of apparent load;;;;;;;;;;;;;;;;;
b1451b0ceae54da4812ca7bde0172365;1;R;Bit;TabLeituraBinRegulacao;Discrete input;20031;Binary input;481;0;1;0;1;;;;0=Não\1=Sim;0=No\1=Yes;;;;Público;Indicação de status de regulação para subir tensão;Indication of regulation status to raise voltage;;;;;;Regulação;Regulation;;Regulação;Regulation;;Debug;;;;;SPS
460b82f727664880bf604453091cd5df;1;R;Bit;TabLeituraBinRegulacao;Discrete input;20032;;;0;1;0;1;;;;0=Ruim\1=Boa;0=Bad\1=Good;;;;Privado;Indicação de qualidade de status de regulação para subir tensão;Indication of quality of regulation to raise voltage;;;;;;;;;;;;;;;;;
cd6d921ce22d48f59f7ed3a94fa40fb9;1;R;Bit;TabLeituraBinRegulacao;Discrete input;20033;Binary input;482;0;1;0;1;;;;0=Não\1=Sim;0=No\1=Yes;;;;Público;Indicação de status de regulação para baixar tensão;Indication of regulation status to lower voltage;;;;;;Regulação;Regulation;;Regulação;Regulation;;Debug;;;;;SPS
c99de99e8bfd4213a2bcbd659ebb0e55;1;R;Bit;TabLeituraBinRegulacao;Discrete input;20034;;;0;1;0;1;;;;0=Ruim\1=Boa;0=Bad\1=Good;;;;Privado;Indicação de qualidade de status de regulação para baixar tensão;Indication of quality of regulation to lower voltage;;;;;;;;;;;;;;;;;
8d948702dc6c439397f15c57cc379f10;1;R;Bit;TabLeituraBinRegulacao;Discrete input;20035;Binary input;483;0;1;0;1;;;;0=Não\1=Sim;0=No\1=Yes;;;;Público;Indicação de bloqueio instantâneo por disparo do CDC;Indication of instantaneous lock by OLTC switch;;;;;;Regulação;Regulation;;Regulação;Regulation;;Alarme;;;;;SPS
4fe2fbb90ef54e48ba983f2ad8eea255;1;R;Bit;TabLeituraBinRegulacao;Discrete input;20036;Binary input;484;0;1;0;1;;;;0=Não disparado\1=Disparado;0=Not triggered\1=Triggered;;;;Público;Indicação de alarme por bloqueio do comutador por sobretensão;Indication of lock alarm due to overvoltage;;;;;;Regulação;Regulation;;Regulação;Regulation;;Alarme;;;SDVSTD_$YLTC1$SPS$BlkOvVol$stVal;;
08b35dc849474733a96ca4269b53570d;1;R;Bit;TabLeituraBinRegulacao;Discrete input;20037;Binary input;485;0;1;0;1;;;;0=Não disparado\1=Disparado;0=Not triggered\1=Triggered;;;;Público;Indicação de alarme por bloqueio do comutador por subtensão;Indication of lock alarm due to undervoltage;;;;;;Regulação;Regulation;;Regulação;Regulation;;Alarme;;;SDVSTD_$YLTC1$SPS$BlkUnVol$stVal;;
85fc3e0e78d94f969437721048544ce9;1;R;Bit;TabLeituraBinRegulacao;Discrete input;20038;Binary input;486;0;1;0;1;;;;0=Não disparado\1=Disparado;0=Not triggered\1=Triggered;;;;Público;Indicação de alarme por bloqueio do comutador por sobrecorrente;Indication of lock alarm due to overcurrent;;;;;;Regulação;Regulation;;Regulação;Regulation;;Alarme;;;SDVSTD_$YLTC1$SPS$BlkOvAmp$stVal;;
f57e6451573446f4b64192cacfb27df7;1;R;Bit;TabLeituraBinRegulacao;Discrete input;20039;Binary input;487;0;1;0;1;;;;0=Não disparado\1=Disparado;0=Not triggered\1=Triggered;;;;Público;Indicação de alarme por bloqueio do comutador por disparo;Indication of lock alarm due to OLTC switch;;;;;;Regulação;Regulation;;Regulação;Regulation;;Alarme;;;SDVSTD_$YLTC1$SPS$BlkEETrg$stVal;;
fb2e351853004537a8bde0fdf5c620b0;1;R;Bit;TabLeituraBinRegulacao;Discrete input;20040;Binary input;488;0;1;0;1;;;;0=Não disparado\1=Disparado;0=Not triggered\1=Triggered;;;;Público;Indicação de alarme por bloqueio do comutador por inversão do fluxo de potência;Indication of lock alarm due to power flow inversion;;;;;;Regulação;Regulation;;Regulação;Regulation;;Alarme;;;SDVSTD_$YLTC1$SPS$BlkDirInv$stVal;;
e0c9d2506b87426b8c826ea9b9fc1b26;1;R;Bit;TabLeituraBinRegulacao;Discrete input;20041;Binary input;489;0;1;0;1;;;;0=Não disparado\1=Disparado;0=Not triggered\1=Triggered;;;;Público;Indicação de alarme por bloqueio preventivo do comutador;Indication of lock alarm due to prevention;;;;;;Regulação;Regulation;;Regulação;Regulation;;Alarme;;;;;
f0cb81e0d9744febac470af38326719d;1;R;Bit;TabLeituraBinRegulacao;Discrete input;20042;Binary input;490;0;1;0;1;;;;0=Não disparado\1=Disparado;0=Not triggered\1=Triggered;;;;Público;Indicação de alarme por bloqueio do comutador por comando via contato;Indication of lock alarm due to command via contact;;;;;;Regulação;Regulation;;Regulação;Regulation;;Alarme;;;;;
fd52684cfdcf45f2bb5d8ada2c02a7c5;1;R;Bit;TabLeituraBinRegulacao;Discrete input;20043;Binary input;491;0;1;0;1;;;;0=Padrão\1=Faixa horária;0=Standard\1=Timezone;;;;Público;Indicação de motivo da seleção do conjunto de regulação;Indication of reason for selecting the regulation set;;;;;;Regulação;Regulation;;Regulação;Regulation;;Debug;;;;;SPS
5c4941fb380e4de4a3ac055a6262e42c;1;R;Bit;TabLeituraBinRegulacao;Discrete input;20044;Binary input;492;0;1;1;1;;;;0=Não\1=Sim;0=No\1=Yes;;;;Público;Indicação de modo de regulação automático;Indication of automatic command mode;;;;;;Regulação;Regulation;;Status;Status;;Geral;;;;;
973af1f876f94be5bcdc2357b70de8b8;1;R;Bit;TabLeituraBinRegulacao;Discrete input;20045;Binary input;493;0;1;0;1;;;;0=Não\1=Sim;0=No\1=Yes;;;;Público;Indicação de modo de regulação manual;Indication of manual command mode;;;;;;Regulação;Regulation;;Status;Status;;Geral;;;;;
437d79fa75864eb9b1c0e3f0fd6e8b8f;1;R;Bit;TabLeituraBinRegulacao;Discrete input;20046;Binary input;494;0;1;1;1;;;;0=Não\1=Sim;0=No\1=Yes;;;;Público;Indicação de modo de operação remoto;Indication of remote operation mode;;;;;;Regulação;Regulation;;Status;Status;;Geral;;;;;
5eed7ab80b884de29bad7f28499a074f;1;R;Bit;TabLeituraBinRegulacao;Discrete input;20047;Binary input;495;0;1;0;1;;;;0=Não\1=Sim;0=No\1=Yes;;;;Público;Indicação de modo de operação local;Indication of local operation mode;;;;;;Regulação;Regulation;;Status;Status;;Geral;;;;;
;;;;;;;;;;;;;;;;;;;;;;;;;;;;;;;;;;;;;;;;
d39076f4da734a60b605bf6a3071d6c7;1;R;16;TabLeituraRegulacao;Input register;20000;Analog input;126;-32768;32767;0;10;%;%;;;;;;;Público;Indicação de desvio de tensão;Indication of voltage deviation;;;;;;Regulação;Regulation;;Regulação;Regulation;;Geral;;Sim;SDVSTD_$ATCC1$MX$VolDevPct$mag$f \ SDVSTD_$ATCC1$MX$VolDevPct$mag$i \ SDVSTD_$ATCC1$MX$VolDevPct$instMag$f \ SDVSTD_$ATCC1$MX$VolDevPct$instMag$i;;MV
301e96a2f8e040428dab54e2d98a24c6;1;R;16;TabLeituraRegulacao;Input register;20001;Analog input;127;-32768;32767;0;10;MW;MW;;;;;;;Público;Indicação de potência ativa;Indication of active power;;;;;;Regulação;Regulation;;Potências;Power;;Geral;Sim;Sim;SDVSTD_$ATCC1$MX$Watt$mag$f \ SDVSTD_$ATCC1$MX$Watt$mag$i \ SDVSTD_$ATCC1$MX$Watt$instMag$f \ SDVSTD_$ATCC1$MX$Watt$instMag$i;;MV
919cc5250e49483e9c4e4783abcaae0b;1;R;16;TabLeituraRegulacao;Input register;20002;Analog input;128;-32768;32767;0;10;MVAR;MVAR;;;;;;;Público;Indicação de potência reativa;Indication of reactive power;;;;;;Regulação;Regulation;;Potências;Power;;Geral;Sim;Sim;SDVSTD_$ATCC1$MX$VolAmpr$mag$f \ SDVSTD_$ATCC1$MX$VolAmpr$mag$i \ SDVSTD_$ATCC1$MX$VolAmpr$instMag$f \ SDVSTD_$ATCC1$MX$VolAmpr$instMag$i;;MV
eda5213edcea474cbef9d6746cd7a92d;1;R;16;TabLeituraRegulacao;Input register;20003;Analog input;129;-32768;32767;0;10;MVA;MVA;;;;;;;Público;Indicação de potência aparente;Indication of apparent power;;;;;;Regulação;Regulation;;Potências;Power;;Geral;Sim;Sim;SDVSTD_$ATCC1$MX$VolAmp$mag$f \ SDVSTD_$ATCC1$MX$VolAmp$mag$i \ SDVSTD_$ATCC1$MX$VolAmp$instMag$f \ SDVSTD_$ATCC1$MX$VolAmp$instMag$i;;MV
fe97e286e60c45c78041162ac3cb67cf;1;R;16;TabLeituraRegulacao;Input register;20004;Analog input;130;0;5000;0;10;%;%;;;;;;;Público;Indicação de percentual de carga aparente do transformador;Indication of percentage of transformer apparent load;;;;;;Regulação;Regulation;;Regulação;Regulation;;Geral;Sim;Sim;SDVSTD_$ATCC1$MX$VolAmpCT$mag$f \ SDVSTD_$ATCC1$MX$VolAmpCT$mag$i \ SDVSTD_$ATCC1$MX$VolAmpCT$instMag$f \ SDVSTD_$ATCC1$MX$VolAmpCT$instMag$i;;MV
8b8b290c3719487789e46d058e304b85;1;R;16;TabLeituraRegulacao;Input register;20005;Analog input;131;0;2400;0;10;V;V;;;;;;;Público;Indicação de tensão lida no secundário do transformador;Indication of voltage measured at the transformer secondary;;;;;;Regulação;Regulation;;Regulação;Regulation;;Geral;Sim;Sim;SDVSTD_$ATCC1$MX$Vol$mag$f \ SDVSTD_$ATCC1$MX$Vol$mag$i \ SDVSTD_$ATCC1$MX$Vol$instMag$f \ SDVSTD_$ATCC1$MX$Vol$instMag$i;;
3231e0fab87a44cf83a7637a73f21fdc;1;R;16;TabLeituraRegulacao;Input register;20006;Analog input;132;0;1500;0;100;A;A;;;;;;;Público;Indicação de corrente lida no secundário do transformador;Indication of current measured at the transformer secondary;;;;;;Regulação;Regulation;;Carregamento;Load;;Geral;Sim;Sim;;;
f8f56c45e396442abf04a603a706d613;1;R;16;TabLeituraRegulacao;Input register;20007;Analog input;133;0;3599;0;10;°;°;;;;;;;Público;Indicação de ângulo de defasagem do TC de regulação em relação ao TP;Indication of phase shift of the regulation CT in relation to the PT;;;;;;Regulação;Regulation;;Defasagem;Phase shift;;Geral;;Sim;;;
4b7d13b0859f4f259988e0385fbd1cfb;1;R;16;TabLeituraRegulacao;Input register;20008;Analog input;134;0;6200;0;100;Hz;Hz;;;;;;;Público;Indicação de frequência;Indication of frequency;;;;;;Regulação;Regulation;;Regulação;Regulation;;Geral;;Sim;SDVSTD_$ATCC1$MX$Hz$mag$f \ SDVSTD_$ATCC1$MX$Hz$mag$i \ SDVSTD_$ATCC1$MX$Hz$instMag$f \ SDVSTD_$ATCC1$MX$Hz$instMag$i;;MV
dd648931b35d42ebb42608cb2b79069b;1;R;16;TabLeituraRegulacao;Input register;20009;Analog input;135;0;65535;0;100;kV;kV;;;;;;;Público;Indicação de tensão calculada na carga (de acordo com o método de compensação de queda selecionado);Indication of calculated voltage at load (according to selected sag compensation method);;;;;;Regulação;Regulation;;Regulação;Regulation;;Geral;Sim;Sim;;;MV
b17795a03e474f02bf28b04c8e6ff2bc;1;R;16;TabLeituraRegulacao;Input register;20010;Analog input;136;0;65535;0;100;kV;kV;;;;;;;Público;Indicação de tensão calculada do primário do transformador;Indication of calculated voltage on the transformer primary;;;;;;Regulação;Regulation;;Regulação;Regulation;;Geral;;Sim;;;MV
be8906bca2934b02a299b3e9534d1214;1;R;32_ABCD\FLOAT;TabLeituraRegulacao;Input register;20011;Analog input;137;0;999999;0;1000;kA;kA;;;;;;;Público;Indicação de corrente calculada do primário do transformador;Indication of calculated current on the transformer primary;;;;;;Regulação;Regulation;;Carregamento;Load;;Geral;;Sim;;;MV
528ef7e640934608887f701361055390;1;R;16;TabLeituraRegulacao;Input register;20013;Analog input;138;0;1000;0;1000;;;;;;;;;Público;Indicação de fator de potência;Indication of power factor;;;;;;Regulação;Regulation;;Potências;Power;;Geral;;Sim;SDVSTD_$ATCC1$MX$PwrFact$mag$f \ SDVSTD_$ATCC1$MX$PwrFact$mag$i \ SDVSTD_$ATCC1$MX$PwrFact$instMag$f \ SDVSTD_$ATCC1$MX$PwrFact$instMag$i;;MV
c03fb542c1d341d0aa720146ec710739;1;R;16;TabLeituraRegulacao;Input register;20014;Analog input;139;0;65535;0;10;%;%;;;;;;;Público;Indicação de percentual de corrente do transformador em relação a nominal;Indication of percentage of transformer current in relation to rated current;;;;;;Regulação;Regulation;;Carregamento;Load;;Geral;;Sim;;;
c46c7e2d8abd473e90b730bcbcf423da;1;R;16;TabLeituraRegulacao;Input register;20015;Analog input;140;0;3599;0;10;°;°;;;;;;;Público;Indicação de ângulo de defasagem do TC do enrolamento 1 em relação ao TP;Indication of phase shift of winding 1 CT relative to PT;;;;;;Regulação;Regulation;;Defasagem;Phase shift;;Geral;;Sim;;;MV
6f096b43549a404ea5ea786aaa518802;1;R;16;TabLeituraRegulacao;Input register;20016;Analog input;141;0;3599;0;10;°;°;;;;;;;Público;Indicação de ângulo de defasagem do TC do enrolamento 2 em relação ao TP;Indication of phase shift of winding 2 CT relative to PT;;;;;;Regulação;Regulation;;Defasagem;Phase shift;;Geral;;Sim;;;
28b27426bd2748a6807df442823479bf;1;R;16;TabLeituraRegulacao;Input register;20017;Analog input;142;0;3599;0;10;°;°;;;;;;;Público;Indicação de ângulo de defasagem do TC do enrolamento 3 em relação ao TP;Indication of phase shift of winding 3 CT relative to PT;;;;;;Regulação;Regulation;;Defasagem;Phase shift;;Geral;;Sim;;;
bfbdb27427c44ce19dc15c161c119b07;1;R;16;TabLeituraRegulacao;Input register;20018;Analog input;143;1;10;1;1;;;;;;;;;Público;Indicação de conjunto de regulação ativo;Indication of active regulation set;;;;;;Regulação;Regulation;;Status;Status;;Geral;;Sim;SDVSTD_$ATCC1$MX$GrCtlV$mag$f \ SDVSTD_$ATCC1$MX$GrCtlV$mag$i \ SDVSTD_$ATCC1$MX$GrCtlV$instMag$f \ SDVSTD_$ATCC1$MX$GrCtlV$instMag$i;;INS
05b55942c03445a2abbf089550575258;1;R;16;TabLeituraRegulacao;Input register;20019;Analog input;144;-32768;32767;0;10;V;V;;;;;;;Público;Indicação de tensão que gerou o erro de overflow do TP;Indication of voltage that triggered the PT overflow error;;;;;;Regulação;Regulation;;Regulação;Regulation;;Debug;;;;;
;;;;;;;;;;;;;;;;;;;;;;;;;;;;;;;;;;;;;;;;
60084a4f3f1d4a53af6b67bad29bc6aa;1;R;Bit;TabLeituraBinManutOltc;Discrete input;21300;;;0;1;0;1;;;;0=Ruim\1=Boa;0=Bad\1=Good;;OLMT;;Privado;Indicação de qualidade da média diária de comutação;Indication of quality of average daily commutation;;;;;;;;;;;;;;;;;
1f5c39b727394835961f55540d932934;1;R;Bit;TabLeituraBinManutOltc;Discrete input;21301;;;0;1;0;1;;;;0=Ruim\1=Boa;0=Bad\1=Good;;OLMT;;Privado;Indicação de qualidade dos dias restante para manutenção do comutador por operação;Indication of quality of days remaining for OLTC maintenance due to operation;;;;;;;;;;;;;;;;;
951222cad862423298c6e2997ee390f7;1;R;Bit;TabLeituraBinManutOltc;Discrete input;21302;;;0;1;0;1;;;;0=Ruim\1=Boa;0=Bad\1=Good;;OLMT;;Privado;Indicação de qualidade da média diária soma I²;Indication of quality of daily average switched current square sum;;;;;;;;;;;;;;;;;
5285952a220d4e5ab19e304d8e9d678e;1;R;Bit;TabLeituraBinManutOltc;Discrete input;21303;;;0;1;0;1;;;;0=Ruim\1=Boa;0=Bad\1=Good;;OLMT;;Privado;Indicação de qualidade dos dias restantes para manutenção do comutador por somatória de corrente comutada ao quadrado;Indication of quality of days remaining for OLTC maintenance due to switched current square sum;;;;;;;;;;;;;;;;;
89e596fe04a942eea2708c89b55f8198;1;R;Bit;TabLeituraBinManutOltc;Discrete input;21304;Binary input;496;0;1;0;1;;;;0=Não disparado\1=Disparado;0=Not triggered\1=Triggered;;OLMT;;Público;Indicação de aviso de manutenção por número de operações;Indication of warning for maintenance due to the amount of operation;;;;;;Regulação;Regulation;;Manutenção do comutador;OLTC Maintenance;;Alarme;;;;;SPS
39c8cdeb467d44f0932139afb9ed1f27;1;R;Bit;TabLeituraBinManutOltc;Discrete input;21305;Binary input;497;0;1;0;1;;;;0=Não disparado\1=Disparado;0=Not triggered\1=Triggered;;OLMT;;Público;Indicação de memória de aviso de manutenção por quantidade de operação;Indication of warning memory for maintenance due to the amount of operation;;;;;;Regulação;Regulation;;Manutenção do comutador;OLTC Maintenance;;Debug;;;;;SPS
071ffcc9c6214ba88297379b06e0a829;1;R;Bit;TabLeituraBinManutOltc;Discrete input;21306;Binary input;498;0;1;0;1;;;;0=Não disparado\1=Disparado;0=Not triggered\1=Triggered;;OLMT;;Público;Indicação de aviso de dias restantes para manutenção por quantidade de operação;Indication of warning for days remaining for maintenance due to amount of operation;;;;;;Regulação;Regulation;;Manutenção do comutador;OLTC Maintenance;;Alarme;;;;;SPS
d8f612a6df4247e4b19d11b015d4d4b2;1;R;Bit;TabLeituraBinManutOltc;Discrete input;21307;Binary input;499;0;1;0;1;;;;0=Não disparado\1=Disparado;0=Not triggered\1=Triggered;;OLMT;;Público;Indicação de memória de aviso de dias restantes para manutenção por quantidade de operação;Indication of warning memory for days remaining for maintenance due to the amount of operation;;;;;;Regulação;Regulation;;Manutenção do comutador;OLTC Maintenance;;Debug;;;;;SPS
70a48b7a119e46b79ce77623920305af;1;R;Bit;TabLeituraBinManutOltc;Discrete input;21308;Binary input;500;0;1;0;1;;;;0=Não disparado\1=Disparado;0=Not triggered\1=Triggered;;OLMT;;Público;Indicação de aviso de manutenção por somatória de corrente comutada ao quadrado;Indication of warning for maintenance due to switched current square sum;;;;;;Regulação;Regulation;;Manutenção do comutador;OLTC Maintenance;;Alarme;;;;;SPS
53ae8ea85565442eba136adc4b9dfa40;1;R;Bit;TabLeituraBinManutOltc;Discrete input;21309;Binary input;501;0;1;0;1;;;;0=Não disparado\1=Disparado;0=Not triggered\1=Triggered;;OLMT;;Público;Indicação de memória de aviso de manutenção por somatória de corrente comutada ao quadrado;Indication of warning memory for maintenance due to switched current square sum;;;;;;Regulação;Regulation;;Manutenção do comutador;OLTC Maintenance;;Debug;;;;;SPS
ddd7d8c35e03499f9f6959396bad6ad2;1;R;Bit;TabLeituraBinManutOltc;Discrete input;21310;Binary input;502;0;1;0;1;;;;0=Não disparado\1=Disparado;0=Not triggered\1=Triggered;;OLMT;;Público;Indicação de aviso de dias restantes para manutenção por somatória de corrente comutada ao quadrado;Indication of warning for days remaining for maintenance due to switched current square sum;;;;;;Regulação;Regulation;;Manutenção do comutador;OLTC Maintenance;;Alarme;;;;;SPS
8419a449e8e5447f90ba3a67155c248c;1;R;Bit;TabLeituraBinManutOltc;Discrete input;21311;Binary input;503;0;1;0;1;;;;0=Não disparado\1=Disparado;0=Not triggered\1=Triggered;;OLMT;;Público;Indicação de memória de aviso de dias restantes para manutenção por somatória de corrente comutada ao quadrado;Indication of warning memory for days remaining for maintenance due to the switched current square sum;;;;;;Regulação;Regulation;;Manutenção do comutador;OLTC Maintenance;;Debug;;;;;SPS
6868745ae6544f6793e5b6e372d37c22;1;R;Bit;TabLeituraBinManutOltc;Discrete input;21312;Binary input;504;0;1;0;1;;;;0=Não\1=Sim;0=No\1=Yes;;OLMT;;Público;Indicação de bloqueio da exibição do aviso de dias restantes para manutenção por quantidade de operação;Indication of warning display block for days remaining for maintenance due to the amount of operation;;;;;;Regulação;Regulation;;Manutenção do comutador;OLTC Maintenance;;Debug;;;;;
580bb59f1c07412d8e6b6c8dc56dbaa6;1;R;Bit;TabLeituraBinManutOltc;Discrete input;21313;Binary input;505;0;1;0;1;;;;0=Não\1=Sim;0=No\1=Yes;;OLMT;;Público;Indicação de bloqueio da exibição do aviso de dias restantes para manutenção por somatória de corrente comutada ao quadrado;Indication of warning display block for days remaining for maintenance due to the switched current square sum;;;;;;Regulação;Regulation;;Manutenção do comutador;OLTC Maintenance;;Debug;;;;;
;;;;;;;;;;;;;;;;;;;;;;;;;;;;;;;;;;;;;;;;
c3e2a5738a6f460191651a83a81a7194;1;R;16;TabLeituraManutOltc;Input register;21300;Analog input;145;0;65535;0;10;operações/dia;operations/day;;;;;OLMT;;Público;Indicação de media de operações por dia;Indication of average daily commutation;;;;;;Regulação;Regulation;;Manutenção do comutador;OLTC Maintenance;;Geral;;Sim;;;
1542807552234b1ea4c645cfce668973;1;R;16;TabLeituraManutOltc;Input register;21301;Analog input;146;0;65535;0;1;dias;days;;;;;OLMT;;Público;Indicação de dias restantes para manutenção por número de operações;Indication of days remaining for maintenance due to number of operations;;;;;;Regulação;Regulation;;Manutenção do comutador;OLTC Maintenance;;Geral;;Sim;;;INS
ee84e4130b3b4201bce39411a7e98e39;1;R;16;TabLeituraManutOltc;Input register;21302;Analog input;147;0;65535;0;10;Ipu²/dia;Ipu²/day;;;;;OLMT;;Público;Indicação de média corrente comutada ao quadrado por dia;Indication of average daily switched current square;;;;;;Regulação;Regulation;;Manutenção do comutador;OLTC Maintenance;;Geral;;Sim;;;
83e839c11a3f4710bd2716c8ea6c9113;1;R;16;TabLeituraManutOltc;Input register;21303;Analog input;148;0;65535;0;1;dias;days;;;;;OLMT;;Público;Indicação de dias restantes para manutenção por corrente comutada ao quadrado;Indication of days remaining for maintenance due to switched current square;;;;;;Regulação;Regulation;;Manutenção do comutador;OLTC Maintenance;;Geral;;Sim;;;INS
;;;;;;;;;;;;;;;;;;;;;;;;;;;;;;;;;;;;;;;;
0e8f7d59157d42abbec523f4500b0223;1;R;16;TabVersionInfo;Input register;21400;Analog input;149;0;65535;0;1;;;;;;;;;Público;Indicação de versão do firmware da funcionalidade;Indication of functionality firmware version;;;;;;Geral;General;;Informações do IED;IED informations;;Geral;;;;;
5f233d53ad3b477a8301cc0d89bf11a6;1;R;16;TabVersionInfo;Input register;21401;Analog input;150;0;65535;0;1;;;;;;;;;Público;Indicação de release do firmware da funcionalidade;Indication of functionality firmware release;;;;;;Geral;General;;Informações do IED;IED informations;;Geral;;;;;
ed4333eb532b4458ba85f5c3a87ef29a;1;R;16;TabVersionInfo;Input register;21402;Analog input;151;0;65535;0;1;;;;;;;;;Público;Indicação de versão do mapa interno;Indication of internal map version;;;;;;Geral;General;;Informações do IED;IED informations;;Geral;;;;;
d11b36c032eb4b24a75ba762b3476804;1;R;16;TabVersionInfo;Input register;21403;Analog input;152;0;65535;0;1;;;;;;;;;Público;Indicação de versão do firmware do bootloader;Indication of firmware bootloader version;;;;;;Geral;General;;Informações do IED;IED informations;;Geral;;;;;
a679acbadd34488d82cc321977015eec;1;R;16;TabVersionInfo;Input register;21404;Analog input;153;0;65535;0;1;;;;;;;;;Público;Indicação de release do firmware do bootloader;Indication of firmware bootloader release;;;;;;Geral;General;;Informações do IED;IED informations;;Geral;;;;;
b122be4bd1ca479aa18333dbdad60b77;1;R;16;TabVersionInfo;Input register;21405;Analog input;154;0;65535;0;1;;;;;;;;;Público;Indicação de versão da funcionalidade;Indication of functionality version;;;;;;Geral;General;;Informações do IED;IED informations;;Geral;;;;;
917baff3dd6943fc81cacd9174d689e7;1;R;16;TabVersionInfo;Input register;21406;Analog input;155;0;65535;0;1;;;;;;;;;Público;Indicação de release da funcionalidade;Indication of functionality release;;;;;;Geral;General;;Informações do IED;IED informations;;Geral;;;;;
e7b9073d78fe4f368f93f6d9d1d61970;1;R;16;TabVersionInfo;Input register;21407;Analog input;156;0;65535;0;1;;;;;;;;;Público;Indicação de patch da funcionalidade;Indication of functionality patch;;;;;;Geral;General;;Informações do IED;IED informations;;Geral;;;;;
c732e9cca9b14fb1b4c7999a8fff42f3;1;R;16;TabVersionInfo;Input register;21408;Analog input;157;0;65535;0;1;;;;;;;;;Público;Indicação de versão do mapa;Indication of map version;;;;;;Geral;General;;Informações do IED;IED informations;;Geral;;;;;
5b868958c2784a499c711c1b8e173b57;1;R;32_ABCD\32;TabVersionInfo;Input register;21409;Analog input;158;0;9999999;0;1;;;;;;;;;Público;Indicação de número de série;Indication of serial number;;;;;;Geral;General;;Informações do IED;IED informations;;Geral;;;;;
;;;;;;;;;;;;;;;;;;;;;;;;;;;;;;;;;;;;;;;;
a59a04e255944c2bb0cf81cc3b9019aa;1;R;32_ABCD;TabLeituraInternalModbusStatistics;Input register;21500;;;0;4294967295;0;1;;;;;;;;;Privado;Indicação de número de mensagens recebidas;Indication of number of received messages;;;;;;Geral;General;;;;;Debug;;;;;
29544f710ae1438ea104b465154826b2;1;R;32_ABCD;TabLeituraInternalModbusStatistics;Input register;21502;;;0;4294967295;0;1;;;;;;;;;Privado;Indicação de número de mensagens de escrita recebidas;Indication of number of received write messages;;;;;;Geral;General;;;;;Debug;;;;;
40a139e9d7514aaeb709d1504df07f6c;1;R;32_ABCD;TabLeituraInternalModbusStatistics;Input register;21504;;;0;4294967295;0;1;;;;;;;;;Privado;Indicação de número de mensagens de leitura recebidas;Indication of number of received read messages;;;;;;Geral;General;;;;;Debug;;;;;
c2bef9a9bfb744c0b32999ff3eabc182;1;R;32_ABCD;TabLeituraInternalModbusStatistics;Input register;21506;;;0;4294967295;0;1;;;;;;;;;Privado;Indicação de número de leituras dos changebits;Indication of number of changebits reads;;;;;;Geral;General;;;;;Debug;;;;;
85595065515941d081e68f6df1f4d3d3;1;R;32_ABCD;TabLeituraInternalModbusStatistics;Input register;21508;;;0;4294967295;0;1;;;;;;;;;Privado;Indicação de número de notificações de mudanças enviado;Indication of number of sent change notification messages;;;;;;Geral;General;;;;;Debug;;;;;
e21b53ed549f486baa19620df70df821;1;R;32_ABCD;TabLeituraInternalModbusStatistics;Input register;21510;;;0;4294967295;0;1;;;;;;;;;Privado;Indicação de número de mudanças registradas com leitura de changebits pendentes;Indication of number of registered changes with pending changebits read;;;;;;Geral;General;;;;;Debug;;;;;
5ae7710dea3e4be7a37d472b8f1b7a34;1;R;32_ABCD;TabLeituraInternalModbusStatistics;Input register;21512;;;0;4294967295;0;1;;;;;;;;;Privado;Indicação de número de pacotes recebidos com erro;Indication of number of received packets with errors;;;;;;Geral;General;;;;;Debug;;;;;
5927bfab83aa4413bc44342d4e5c588c;1;R;32_ABCD;TabLeituraInternalModbusStatistics;Input register;21514;;;0;4294967295;0;1;;;;;;;;;Privado;Indicação de número de pacotes desconhecidos recebidos;Indication of number of received unknown packets;;;;;;Geral;General;;;;;Debug;;;;;
71a0a81c07a54b808a320843841dc5d6;1;R;32_ABCD;TabLeituraInternalModbusStatistics;Input register;21516;;;0;4294967295;0;1;;;;;;;;;Privado;Indicação de número de timeouts de leitura de changebits;Indication of number of changebits read timeouts;;;;;;Geral;General;;;;;Debug;;;;;
321f22e136364ccf957c58cd6f9dc361;1;R;32_ABCD;TabLeituraInternalModbusStatistics;Input register;21518;;;0;4294967295;0;1;;;;;;;;;Privado;Indicação de número de solicitação de notificação de changebits em estado inválido;Indication of number of changebits notification requests in an invalid state;;;;;;Geral;General;;;;;Debug;;;;;
90f61ce8fcce4f65a9ef1058b7aad63f;1;R;32_ABCD;TabLeituraInternalModbusStatistics;Input register;21520;;;0;4294967295;0;1;;;;;;;;;Privado;Indicação de número de registros adicionados em transaction;Indication of number of records added in transaction;;;;;;Geral;General;;;;;Debug;;;;;
5b9b4241f5eb4fa4b5c7206be54f9dee;1;R;32_ABCD;TabLeituraInternalModbusStatistics;Input register;21522;;;0;4294967295;0;1;;;;;;;;;Privado;Indicação de número de erros ao tentar iniciar um timer;Indication of number of errors when trying to start a timer;;;;;;Geral;General;;;;;Debug;;;;;
70ed69d793cd4ca3a95491d74fdbcf28;1;R;32_ABCD;TabLeituraInternalModbusStatistics;Input register;21524;;;0;4294967295;0;1;;;;;;;;;Privado;Indicação de número de erros ao tentar parar um timer;Indication of number of errors when trying to stop a timer;;;;;;Geral;General;;;;;Debug;;;;;
1d5b333961af4c9680ed325d28fe1f96;1;R;32_ABCD;TabLeituraInternalModbusStatistics;Input register;21526;;;0;4294967295;0;1;;;;;;;;;Privado;Indicação de largura mínima de pulso no pino de sinalização de mudanças;Indication of minimum pulse width on the change signaling pin;;;;;;Geral;General;;;;;Debug;;;;;
9e03061ab7d04d47a9e528c225b85f18;1;R;32_ABCD;TabLeituraInternalModbusStatistics;Input register;21528;;;0;4294967295;0;1;;;;;;;;;Privado;Indicação de largura máxima de pulso no pino de sinalização de mudanças;Indication of maximum pulse width on the change signaling pin;;;;;;Geral;General;;;;;Debug;;;;;
261f0f4acd7a47a0a262cb5d6f751c2e;1;R;32_ABCD;TabLeituraInternalModbusStatistics;Input register;21530;;;0;4294967295;0;1;;;;;;;;;Privado;Indicação de largura média de pulso no pino de sinalização de mudanças;Indication of average pulse width on the change signaling pin;;;;;;Geral;General;;;;;Debug;;;;;
45a1ab1718ce454fb2db008b6bd4ddcd;1;R;32_ABCD;TabLeituraInternalModbusStatistics;Input register;21532;;;0;4294967295;0;1;;;;;;;;;Privado;Indicação de intervalo mínimo entre pulsos no pino de sinalização de mudanças;Indication of minimum interval between pulses on the change signaling pin;;;;;;Geral;General;;;;;Debug;;;;;
72a40ac208584c949983947212363ae8;1;R;32_ABCD;TabLeituraInternalModbusStatistics;Input register;21534;;;0;4294967295;0;1;;;;;;;;;Privado;Indicação de intervalo máximo entre pulsos no pino de sinalização de mudanças;Indication of maximum interval between pulses on the change signaling pin;;;;;;Geral;General;;;;;Debug;;;;;
a82b80a6dd594515ab9c4645b473b380;1;R;32_ABCD;TabLeituraInternalModbusStatistics;Input register;21536;;;0;4294967295;0;1;;;;;;;;;Privado;Indicação de média de intervalo mínimo entre pulsos no pino de sinalização de mudanças;Indication of average minimum interval between pulses on the change signaling pin;;;;;;Geral;General;;;;;Debug;;;;;
cba4f9820c254f098e437052fd42fc5e;1;R;32_ABCD;TabLeituraInternalModbusStatistics;Input register;21538;;;0;4294967295;0;1;;;;;;;;;Privado;Indicação de resets da porta de comunicação entre placas;Indication of inter board communication port resets;;;;;;Cont. Reinicial.;Reboot Cnt.;;;;;Debug;;;;;
af553f4d2beb43a3bca9bffd2140d926;1;R;32_ABCD;TabLeituraInternalModbusStatistics;Input register;21540;;;0;4294967295;0;1;;;;;;;;;Privado;Indicação de resets da placa de controle;Indication of control board resets;;;;;;Cont. Reinicial.;Reboot Cnt.;;;;;Debug;;;;;
d30ba45bdb3449f89fef16309346d025;1;R;32_ABCD;TabLeituraInternalModbusStatistics;Input register;21542;;;0;4294967295;0;1;;;;;;;;;Privado;Indicação de número de inicializações da aplicação mw-sdv;Indication of mw-sdv aplication startups times;;;;;;Cont. Reinicial.;Reboot Cnt.;;;;;Debug;;;;;
e6bff9beb1d941bc9611251bff0ffb39;1;R;32_ABCD;TabLeituraInternalModbusStatistics;Input register;21544;;;0;4294967295;0;1;ms;ms;;;;;;;Privado;Indicação de tempo méd. relativo entre mensagens recebidas na com. interna;Indication of avg. relative interval between mess. on internal comm.;;;;;;Estat. Intercom.;Intercomm. Stats.;;;;;Debug;;;;;
8c52ca2debb84b0f99f121d792b64466;1;R;32_ABCD;TabLeituraInternalModbusStatistics;Input register;21546;;;0;4294967295;0;1;ms;ms;;;;;;;Privado;Indicação de tempo mín. relativo entre mensagens recebidas na com. Interna;Indication of min. relative interval between mess. on internal comm.;;;;;;Estat. Intercom.;Intercomm. Stats.;;;;;Debug;;;;;
670f336734744bd0bd5019f68b357f5c;1;R;32_ABCD;TabLeituraInternalModbusStatistics;Input register;21548;;;0;4294967295;0;1;ms;ms;;;;;;;Privado;Indicação de tempo máx. relativo entre mensagens recebidas na com. Interna;Indication of max. relative interval between mess. on internal comm.;;;;;;Estat. Intercom.;Intercomm. Stats.;;;;;Debug;;;;;
;;;;;;;;;;;;;;;;;;;;;;;;;;;;;;;;;;;;;;;;
19bfc9f1c3544589bba7659ea783ae54;1;R;16;TabLeituraInternalCommStats;Input register;21600;;;0;65535;0;1;;;;;;;;;Privado;Indicação de número de erros gerais na comunicação entre placas;Indication of number of internal communication general errors;;;;;;;;;;;;;;;;;
184c7cc0859b47068e0c586f5385a5ac;1;R;16;TabLeituraInternalCommStats;Input register;21601;;;0;65535;0;1;;;;;;;;;Privado;Indicação de número de erros de CRC na comunicação entre placas;Indication of number of internal communication CRC errors;;;;;;;;;;;;;;;;;
fe574047098b485088c80107f9fadafa;1;R;16;TabLeituraInternalCommStats;Input register;21602;;;0;65535;0;1;;;;;;;;;Privado;Indicação de número de exceções na comunicação entre placas;Indication of number of internal communication exception errors;;;;;;;;;;;;;;;;;
c63b4699ef4c4ca18a9cfee2aae0850a;1;R;16;TabLeituraInternalCommStats;Input register;21603;;;0;65535;0;1;;;;;;;;;Privado;Indicação de número de erros de timeout na comunicação entre placas;Indication of number of internal communication timeout errors;;;;;;;;;;;;;;;;;
c6d718df3e9c46298cd2cc402c59183b;1;R;16;TabLeituraInternalCommStats;Input register;21604;;;0;65535;0;1;;;;;;;;;Privado;Indicação de número de erros de resposta inválida na comunicação entre placas;Indication of number of internal communication response errors;;;;;;;;;;;;;;;;;
8a4c2e533085417c82dabe991ce7ae77;1;R;16;TabLeituraInternalCommStats;Input register;21605;;;0;65535;0;1;;;;;;;;;Privado;Indicação de número de transmissões na comunicação entre placas;Indication of number of internal communication transmissions;;;;;;;;;;;;;;;;;
52d36a8852aa4c1f837a27e2de8577a2;1;R;16;TabLeituraInternalCommStats;Input register;21606;;;0;65535;0;1;;;;;;;;;Privado;Indicação de número de interrupções no pino de sinalização de bits de alteração;Indication of number of change bits interrupts;;;;;;;;;;;;;;;;;
b10e51be9684437f82859e4323f9c8b9;1;R;16;TabLeituraInternalCommStats;Input register;21607;;;0;65535;0;1;;;;;;;;;Privado;Indicação de número máximo de erros gerais na comunicação entre placas;Indication of maximum number of internal communication general errors;;;;;;;;;;;;;;;;;
2f71d9e20b36401387a48749fb0005b9;1;R;16;TabLeituraInternalCommStats;Input register;21608;;;0;65535;0;1;;;;;;;;;Privado;Indicação de número máximo de erros de CRC na comunicação entre placas;Indication of maximum number of internal communication CRC errors;;;;;;;;;;;;;;;;;
7d653e3f46e84377ba650d7ed4114a15;1;R;16;TabLeituraInternalCommStats;Input register;21609;;;0;65535;0;1;;;;;;;;;Privado;Indicação de número máximo de exceções na comunicação entre placas;Indication of maximum number of internal communication exception errors;;;;;;;;;;;;;;;;;
9997ca145e0243d5832a8a045390d5e9;1;R;16;TabLeituraInternalCommStats;Input register;21610;;;0;65535;0;1;;;;;;;;;Privado;Indicação de número máximo de erros de timeout na comunicação entre placas;Indication of maximum number of internal communication timeout errors;;;;;;;;;;;;;;;;;
b1dd84c3606d4971826c0c73b4c7fe31;1;R;16;TabLeituraInternalCommStats;Input register;21611;;;0;65535;0;1;;;;;;;;;Privado;Indicação de número máximo de erros de resposta inválida na comunicação entre placas;Indication of maximum number of internal communication response errors;;;;;;;;;;;;;;;;;
;;;;;;;;;;;;;;;;;;;;;;;;;;;;;;;;;;;;;;;;
825d0b2395a640958e626a9501ac22b9;1;R;Bit;TabLeituraBinMedicoesGerais;Discrete input;30000;;;0;1;0;1;;;;0=Ruim\1=Boa;0=Bad\1=Good;;;;Fábrica;Indicação de qualidade instantânea da leitura do sensor de temperatura 1;Indication of instantaneous quality for temperature sensor 1;;;;;;;;;;;;;;;;;
62f4125a8844429a910a66be44f7346b;1;R;Bit;TabLeituraBinMedicoesGerais;Discrete input;30001;;;0;1;0;1;;;;0=Ruim\1=Boa;0=Bad\1=Good;;;;Fábrica;Indicação de qualidade instantânea da leitura do sensor de temperatura 2;Indication of instantaneous quality for temperature sensor 2;;;;;;;;;;;;;;;;;
58e2fd3b298746cfbeeb5ff460a90b1f;1;R;Bit;TabLeituraBinMedicoesGerais;Discrete input;30002;;;0;1;0;1;;;;0=Ruim\1=Boa;0=Bad\1=Good;;;;Fábrica;Indicação de qualidade instantânea da leitura do sensor de temperatura 3;Indication of instantaneous quality for temperature sensor 3;;;;;;;;;;;;;;;;;
949ecd2315244c9288e21a516707627b;1;R;Bit;TabLeituraBinMedicoesGerais;Discrete input;30003;;;0;1;0;1;;;;0=Ruim\1=Boa;0=Bad\1=Good;;;;Fábrica;Indicação de qualidade instantânea da leitura de tensão do TP;Indication of instantaneous quality for PT voltage;;;;;;;;;;;;;;;;;
6c9ccfc8bc9d497ca2b805ddaa9e8033;1;R;Bit;TabLeituraBinMedicoesGerais;Discrete input;30004;;;0;1;0;1;;;;0=Ruim\1=Boa;0=Bad\1=Good;;;;Fábrica;Indicação de qualidade instantânea da leitura de corrente do TC do enrolamento 1;Indication of instantaneous quality for electrical current of winding 1 CT;;;;;;;;;;;;;;;;;
2f5ef202b4db40d6b61e6ffad4c64054;1;R;Bit;TabLeituraBinMedicoesGerais;Discrete input;30005;;;0;1;0;1;;;;0=Ruim\1=Boa;0=Bad\1=Good;;;;Fábrica;Indicação de qualidade instantânea da leitura de corrente do TC do enrolamento 2;Indication of instantaneous quality for electrical current of winding 2 CT;;;;;;;;;;;;;;;;;
7f10346ec76a4f22b61a7ca21cfb885c;1;R;Bit;TabLeituraBinMedicoesGerais;Discrete input;30006;;;0;1;0;1;;;;0=Ruim\1=Boa;0=Bad\1=Good;;;;Fábrica;Indicação de qualidade instantânea da leitura de corrente do TC do enrolamento 3;Indication of instantaneous quality for electrical current of winding 3 CT;;;;;;;;;;;;;;;;;
c3346beb66874cb0a4aa7d785f4ae412;1;R;Bit;TabLeituraBinMedicoesGerais;Discrete input;30007;;;0;1;0;1;;;;0=Ruim\1=Boa;0=Bad\1=Good;;;;Fábrica;Indicação de qualidade instantânea da leitura de corrente do TC do grupo de resfriamento 1;Indication of instantaneous quality for electrical current of cooling group 1 CT;;;;;;;;;;;;;;;;;
737d54ca313c4ef29c6b629dba94bbb0;1;R;Bit;TabLeituraBinMedicoesGerais;Discrete input;30008;;;0;1;0;1;;;;0=Ruim\1=Boa;0=Bad\1=Good;;;;Fábrica;Indicação de qualidade instantânea da leitura de corrente do TC do grupo de resfriamento 2;Indication of instantaneous quality for electrical current of cooling group 2 CT;;;;;;;;;;;;;;;;;
d558ee924668447cb4ff391fff13bcbb;1;R;Bit;TabLeituraBinMedicoesGerais;Discrete input;30009;;;0;1;0;1;;;;0=Ruim\1=Boa;0=Bad\1=Good;;;;Fábrica;Indicação de qualidade instantânea da leitura de corrente do TC do grupo de resfriamento 3;Indication of instantaneous quality for electrical current of cooling group 3 CT;;;;;;;;;;;;;;;;;
b97d738df1ee4bd9afb2b6d96c02fd14;1;R;Bit;TabLeituraBinMedicoesGerais;Discrete input;30010;;;0;1;0;1;;;;0=Ruim\1=Boa;0=Bad\1=Good;;;;Fábrica;Indicação de qualidade instantânea da leitura de corrente do TC do grupo de resfriamento 4;Indication of instantaneous quality for electrical current of cooling group 4 CT;;;;;;;;;;;;;;;;;
9e74c0fb666e40539fa8d8428c12d830;1;R;Bit;TabLeituraBinMedicoesGerais;Discrete input;30011;;;0;1;0;1;;;;0=Ruim\1=Boa;0=Bad\1=Good;;;;Fábrica;Indicação de qualidade instantânea da leitura de defasagem do TC do enrolamento 1;Indication of instantaneous quality for winding 1 CT phase;;;;;;;;;;;;;;;;;
61a8ef30d02248d686e50d0c95511f64;1;R;Bit;TabLeituraBinMedicoesGerais;Discrete input;30012;;;0;1;0;1;;;;0=Ruim\1=Boa;0=Bad\1=Good;;;;Fábrica;Indicação de qualidade instantânea da leitura de defasagem do TC do enrolamento 2;Indication of instantaneous quality for winding 2 CT phase;;;;;;;;;;;;;;;;;
d669b069d2954559a46deb8c3ecda3bd;1;R;Bit;TabLeituraBinMedicoesGerais;Discrete input;30013;;;0;1;0;1;;;;0=Ruim\1=Boa;0=Bad\1=Good;;;;Fábrica;Indicação de qualidade instantânea da leitura de defasagem do TC do enrolamento 3;Indication of instantaneous quality for winding 3 CT phase;;;;;;;;;;;;;;;;;
413dca655b8345cb9c70321f558e26ed;1;R;Bit;TabLeituraBinMedicoesGerais;Discrete input;30014;;;0;1;0;1;;;;0=Ruim\1=Boa;0=Bad\1=Good;;;;Fábrica;Indicação de qualidade instantânea da leitura de frequência;Indication of instantaneous quality for frequency;;;;;;;;;;;;;;;;;
8e88242249e9412cb193a2411d1557d0;1;R;Bit;TabLeituraBinMedicoesGerais;Discrete input;30015;;;0;1;0;1;;;;0=Ruim\1=Boa;0=Bad\1=Good;;;;Fábrica;Indicação de qualidade instantânea da leitura de posição de tap;Indication of instantaneous quality for tap position;;;;;;;;;;;;;;;;;
;;;;;;;;;;;;;;;;;;;;;;;;;;;;;;;;;;;;;;;;
e4c23355189345d5abdf76d8948a2a29;1;R;16;TabLeituraMedicoesGerais;Input register;30000;;;-550;2500;0;10;°C;°C;;;;;;;Fábrica;Indicação de medição do sensor de temperatura 1;Indication of measurement for temperature sensor 1;;;;;;;;;;;;;;;;;
8d91cbb970b94a8b90bbc7f36f0d765f;1;R;16;TabLeituraMedicoesGerais;Input register;30001;;;-550;2500;0;10;°C;°C;;;;;;;Fábrica;Indicação de medição do sensor de temperatura 2;Indication of measurement for temperature sensor 2;;;;;;;;;;;;;;;;;
fbc08804a8624b14945d6348521fbb88;1;R;16;TabLeituraMedicoesGerais;Input register;30002;;;-550;2500;0;10;°C;°C;;;;;;;Fábrica;Indicação de medição do sensor de temperatura 3;Indication of measurement for temperature sensor 3;;;;;;;;;;;;;;;;;
90d540c1994e481ea7daa934e620bddd;1;R;16;TabLeituraMedicoesGerais;Input register;30003;;;0;2400;0;10;V;V;;;;;;;Fábrica;Indicação de tensão calibrada do TP;Indication of PT calibrated voltage;;;;;;;;;;;;;;;;;
bde1c144726a41c6ac55c3c396c8070d;1;R;16;TabLeituraMedicoesGerais;Input register;30004;;;0;2400;0;10;V;V;;;;;;;Fábrica;Indicação de tensão bruta do TP;Indication of PT raw voltage;;;;;;;;;;;;;;;;;
46ae5fa54c7348fbbab865e09752c2f8;1;R;16;TabLeituraMedicoesGerais;Input register;30005;;;0;65535;0;100;A;A;;;;;;;Fábrica;Indicação de corrente calibrada do TC do enrolamento 1;Indication of winding 1 CT calibrated electrical current;;;;;;;;;;;;;;;;;
6cf5db0304af44a8b860f1a883a5da97;1;R;16;TabLeituraMedicoesGerais;Input register;30006;;;0;65535;0;100;A;A;;;;;;;Fábrica;Indicação de corrente calibrada do TC do enrolamento 2;Indication of winding 2 CT calibrated electrical current;;;;;;;;;;;;;;;;;
b6adb0b4c58b4b1d9e0131712170a037;1;R;16;TabLeituraMedicoesGerais;Input register;30007;;;0;65535;0;100;A;A;;;;;;;Fábrica;Indicação de corrente calibrada do TC do enrolamento 3;Indication of winding 3 CT calibrated electrical current;;;;;;;;;;;;;;;;;
625b7df7e36f46eda6c8c9e3cf850562;1;R;16;TabLeituraMedicoesGerais;Input register;30008;;;0;65535;0;100;A;A;;;;;;;Fábrica;Indicação de corrente calibrada do TC do grupo de resfriamento 1;Indication of cooling group 1 CT calibrated electrical current;;;;;;;;;;;;;;;;;
130dc2bbc3324e9f96e1d0e369cd2e7d;1;R;16;TabLeituraMedicoesGerais;Input register;30009;;;0;65535;0;100;A;A;;;;;;;Fábrica;Indicação de corrente calibrada do TC do grupo de resfriamento 2;Indication of cooling group 2 CT calibrated electrical current;;;;;;;;;;;;;;;;;
aeb710d8af6d409caa759baf6d274d60;1;R;16;TabLeituraMedicoesGerais;Input register;30010;;;0;65535;0;100;A;A;;;;;;;Fábrica;Indicação de corrente calibrada do TC do grupo de resfriamento 3;Indication of cooling group 3 CT calibrated electrical current;;;;;;;;;;;;;;;;;
629844ca1acf47a1941e92948b38e65e;1;R;16;TabLeituraMedicoesGerais;Input register;30011;;;0;65535;0;100;A;A;;;;;;;Fábrica;Indicação de corrente calibrada do TC do grupo de resfriamento 4;Indication of cooling group 4 CT calibrated electrical current;;;;;;;;;;;;;;;;;
47ba94f641ea4eb084099833eaf8d97e;1;R;16;TabLeituraMedicoesGerais;Input register;30012;;;0;65535;0;100;A;A;;;;;;;Fábrica;Indicação de corrente bruta do TC do enrolamento 1;Indication of winding 1 CT raw electrical current;;;;;;;;;;;;;;;;;
c3aae64c32c64deda3410ce256cce97c;1;R;16;TabLeituraMedicoesGerais;Input register;30013;;;0;65535;0;100;A;A;;;;;;;Fábrica;Indicação de corrente bruta do TC do enrolamento 2;Indication of winding 2 CT raw electrical current;;;;;;;;;;;;;;;;;
d7c967a52ae044818fc71d5ccece9326;1;R;16;TabLeituraMedicoesGerais;Input register;30014;;;0;65535;0;100;A;A;;;;;;;Fábrica;Indicação de corrente bruta do TC do enrolamento 3;Indication of winding 3 CT raw electrical current;;;;;;;;;;;;;;;;;
3702f1c70bb14f9e946458a7fce2d484;1;R;16;TabLeituraMedicoesGerais;Input register;30015;;;0;65535;0;100;A;A;;;;;;;Fábrica;Indicação de corrente bruta do TC do grupo de resfriamento 1;Indication of cooling group 1 CT raw electrical current;;;;;;;;;;;;;;;;;
d36ce3f22b544d91af7d8ca6c7e3cb89;1;R;16;TabLeituraMedicoesGerais;Input register;30016;;;0;65535;0;100;A;A;;;;;;;Fábrica;Indicação de corrente bruta do TC do grupo de resfriamento 2;Indication of cooling group 2 CT raw electrical current;;;;;;;;;;;;;;;;;
8c9bf66e8fd34ad4b66d287c272043e6;1;R;16;TabLeituraMedicoesGerais;Input register;30017;;;0;65535;0;100;A;A;;;;;;;Fábrica;Indicação de corrente bruta do TC do grupo de resfriamento 3;Indication of cooling group 3 CT raw electrical current;;;;;;;;;;;;;;;;;
de4c588672514fc6ac4adcdbc00eb41f;1;R;16;TabLeituraMedicoesGerais;Input register;30018;;;0;65535;0;100;A;A;;;;;;;Fábrica;Indicação de corrente bruta do TC do grupo de resfriamento 4;Indication of cooling group 4 CT raw electrical current;;;;;;;;;;;;;;;;;
4a1f8af7a61147e2acd0498c2684cf32;1;R;16;TabLeituraMedicoesGerais;Input register;30019;;;0;3599;0;10;°;°;;;;;;;Fábrica;Indicação de ângulo de defasagem do TC do enrolamento 1 em relação ao TP;Indication of phase shift for winding 1 CT in relation to PT;;;;;;;;;;;;;;;;;
9174505531d94ef79f4ce1ce53b054b0;1;R;16;TabLeituraMedicoesGerais;Input register;30020;;;0;3599;0;10;°;°;;;;;;;Fábrica;Indicação de ângulo de defasagem do TC do enrolamento 2 em relação ao TP;Indication of phase shift for winding 2 CT in relation to PT;;;;;;;;;;;;;;;;;
521ec3d10de448368d3b313e1dc9cdaf;1;R;16;TabLeituraMedicoesGerais;Input register;30021;;;0;3599;0;10;°;°;;;;;;;Fábrica;Indicação de ângulo de defasagem do TC do enrolamento 3 em relação ao TP;Indication of phase shift for winding 3 CT in relation to PT;;;;;;;;;;;;;;;;;
3a9c5308965d4c42b4e10b75e7ee6839;1;R;16;TabLeituraMedicoesGerais;Input register;30022;;;0;6200;0;100;Hz;Hz;;;;;;;Fábrica;Indicação de frequência;Indication of frequency;;;;;;;;;;;;;;;;;
c19820dfcab74d0593e5f4770d206bf3;1;R;16;TabLeituraMedicoesGerais;Input register;30023;;;0;49;0;1;;;;;;;;;Fábrica;Indicação de tap absoluto;Indication of absolute tap position;;;;;;;;;;;;;;;;;
61ede2bb4b344709a6896f08a150ceef;1;R;16;TabLeituraMedicoesGerais;Input register;30024;;;0;20000;0;1000;mA;mA;;;;;;;Fábrica;Indicação de corrente calibrada do tap mA;Indication of mA tap calibrated electrical current;;;;;;;;;;;;;;;;;
4ea55af1f8954eee986a51b4ba445eb5;1;R;16;TabLeituraMedicoesGerais;Input register;30025;;;0;20000;0;1000;mA;mA;;;;;;;Fábrica;Indicação de corrente bruta do tap mA;Indication of mA tap raw electrical current;;;;;;;;;;;;;;;;;
;;;;;;;;;;;;;;;;;;;;;;;;;;;;;;;;;;;;;;;;
4f09b4aacff44238a68e34cab521e70b;1;R;Bit;TabLeituraBinFabAccess;Discrete input;30200;;;0;1;0;1;;;;;;;;;Fábrica;Indicação de status de acesso aos registros de fábrica.;Indication of access status for factory parameters.;;;;;;;;;;;;;;;;;
eb988bc4861c46a397ef3fa22bdcda6b;1;R;Bit;TabLeituraBinFabAccess;Discrete input;30201;;;0;1;0;1;;;;;;;;;Fábrica;Indicação de espera de entrada de senha para acesso aos registros de fábrica.;Indication of waiting input password for factory parameters access.;;;;;;;;;;;;;;;;;
;;;;;;;;;;;;;;;;;;;;;;;;;;;;;;;;;;;;;;;;
8a69ea331261406f947c0eb116d959fb;1;R;16;TabLeituraFabAccess;Input register;30200;;;0;65535;0;1;;;;;;;;;Fábrica;Indicação de contrassenha para acessar os registros de fábrica.;Indication of counter password for factory registers access.;;;;;;;;;;;;;;;;;
efdc99d20cde4aa682f60484a4519e4e;1;R;16;TabLeituraFabAccess;Input register;30201;;;0;65535;0;1;s;;;;;;;;Fábrica;Indicação de tempo restante de acesso aos registros de fábrica.;Indication of time left of access granted for factory registers.;;;;;;;;;;;;;;;;;
472f8371085f45cda415b1345fe61aed;1;R;16;TabLeituraFabAccess;Input register;30202;;;0;65535;0;1;s;;;;;;;;Fábrica;Indicação de tempo restante de bloqueio por violação.;Indication of time left of access block due to violation.;;;;;;;;;;;;;;;;;
;;;;;;;;;;;;;;;;;;;;;;;;;;;;;;;;;;;;;;;;
91bba94d9aa8431e9b542eb35a588ea1;1;R;16;TabLeituraAbstractStats;Input register;65100;;;0;65535;0;1;save/s;save/s;;;;;;;Privado;Saves por segundo;Saves por segundo;;;;;;;;;;;;;;;;;
a5b6bdcdcfc74992a063568fd5b32a2a;1;R;16;TabLeituraAbstractStats;Input register;65101;;;0;65535;0;1;abs/s;abs/s;;;;;;;Privado;Abstratos por segundo;Abstratos por segundo;;;;;;;;;;;;;;;;;
;;;;;;;;;;;;;;;;;;;;;;;;;;;;;;;;;;;;;;;;
5096036695cf4884a23b87adb135bfd9;1;R;16;TabLeituraDebugPmc;Input register;65200;;;0;65535;0;1;;;;;;;;;Privado;sp_num;sp_num;;;;;;;;;;;;;;;;;
1a7a97db306d400b84a907f30ffb5752;1;R;16;TabLeituraDebugPmc;Input register;65201;;;0;65535;0;1;;;;;;;;;Privado;nodos;nodos;;;;;;;;;;;;;;;;;
f94d0d2224024ead8fae5ca6289b13ea;1;R;16;TabLeituraDebugPmc;Input register;65202;;;0;65535;0;1;;;;;;;;;Privado;Global[0].b;Global[0].b;;;;;;;;;;;;;;;;;
4872a7bb9b1141e5b0b59d42dbedfd56;1;R;16;TabLeituraDebugPmc;Input register;65203;;;0;65535;0;1;;;;;;;;;Privado;Global[1].b;Global[1].b;;;;;;;;;;;;;;;;;
7d6ca7db816a4aaabc7c12b189816af4;1;R;16;TabLeituraDebugPmc;Input register;65204;;;0;65535;0;1;;;;;;;;;Privado;Global[2].b;Global[2].b;;;;;;;;;;;;;;;;;
403fa91981c5446ea2094068bdcb02e2;1;R;16;TabLeituraDebugPmc;Input register;65205;;;0;65535;0;1;;;;;;;;;Privado;GlobalMem[0].b;GlobalMem[0].b;;;;;;;;;;;;;;;;;
428d55dc191b4169932a5b109df33492;1;R;16;TabLeituraDebugPmc;Input register;65206;;;0;65535;0;1;;;;;;;;;Privado;GlobalMem[1].b;GlobalMem[1].b;;;;;;;;;;;;;;;;;
7e7a597c905c477785afc93dddcea7c8;1;R;16;TabLeituraDebugPmc;Input register;65207;;;0;65535;0;1;;;;;;;;;Privado;GlobalMem[2].b;GlobalMem[2].b;;;;;;;;;;;;;;;;;
b5036cfcca89413f9277018b40b6dfc6;1;R;16;TabLeituraDebugPmc;Input register;65208;;;0;65535;0;1;;;;;;;;;Privado;tap_mestre[0];tap_mestre[0];;;;;;;;;;;;;;;;;
e972b8c8c35446949558a84827345e3b;1;R;16;TabLeituraDebugPmc;Input register;65209;;;0;65535;0;1;;;;;;;;;Privado;tap_mestre[1];tap_mestre[1];;;;;;;;;;;;;;;;;
051ef6777bcc45e5b6964e012c356212;1;R;16;TabLeituraDebugPmc;Input register;65210;;;0;65535;0;1;;;;;;;;;Privado;tap_mestre[2];tap_mestre[2];;;;;;;;;;;;;;;;;
eb12e227502b4158b0240d7fdd79e32f;1;R;16;TabLeituraDebugPmc;Input register;65211;;;0;65535;0;1;;;;;;;;;Privado;Locais[0].w;Locais[0].w;;;;;;;;;;;;;;;;;
205871737ab5412b9f8dde96a7a334cb;1;R;16;TabLeituraDebugPmc;Input register;65212;;;0;65535;0;1;;;;;;;;;Privado;Locais[1].w;Locais[1].w;;;;;;;;;;;;;;;;;
cfb890f55ce04a0791a532f729977e2b;1;R;16;TabLeituraDebugPmc;Input register;65213;;;0;65535;0;1;;;;;;;;;Privado;Locais[2].w;Locais[2].w;;;;;;;;;;;;;;;;;
93f73712715642e6969f3890630b36fa;1;R;16;TabLeituraDebugPmc;Input register;65214;;;0;65535;0;1;;;;;;;;;Privado;Locais[3].w;Locais[3].w;;;;;;;;;;;;;;;;;
9384910c375f4d6bb10be69dae4d04c8;1;R;16;TabLeituraDebugPmc;Input register;65215;;;0;65535;0;1;;;;;;;;;Privado;Locais[4].w;Locais[4].w;;;;;;;;;;;;;;;;;
1ca9e55216704ed4a808e7fc68594d1e;1;R;16;TabLeituraDebugPmc;Input register;65216;;;0;65535;0;1;;;;;;;;;Privado;Locais[5].w;Locais[5].w;;;;;;;;;;;;;;;;;
1bf02e205e384fbab0680b964b8ebc2d;1;R;16;TabLeituraDebugPmc;Input register;65217;;;0;65535;0;1;;;;;;;;;Privado;Locais[6].w;Locais[6].w;;;;;;;;;;;;;;;;;
def6e008068d4b378766ceae19bf1f8b;1;R;16;TabLeituraDebugPmc;Input register;65218;;;0;65535;0;1;;;;;;;;;Privado;Locais[7].w;Locais[7].w;;;;;;;;;;;;;;;;;
76812d10eb9844abb9024a63b4f1725e;1;R;16;TabLeituraDebugPmc;Input register;65219;;;0;65535;0;1;;;;;;;;;Privado;Locais[8].w;Locais[8].w;;;;;;;;;;;;;;;;;
bfb76f91d92a429490b76aa61e8fab2f;1;R;16;TabLeituraDebugPmc;Input register;65220;;;0;65535;0;1;;;;;;;;;Privado;Locais[9].w;Locais[9].w;;;;;;;;;;;;;;;;;
b317a76a42eb4a8dadd9759174e95ca6;1;R;16;TabLeituraDebugPmc;Input register;65221;;;0;65535;0;1;;;;;;;;;Privado;Locais[10].w;Locais[10].w;;;;;;;;;;;;;;;;;
4a8e8195aeb346329dd36790a0b47509;1;R;16;TabLeituraDebugPmc;Input register;65222;;;0;65535;0;1;;;;;;;;;Privado;Locais[11].w;Locais[11].w;;;;;;;;;;;;;;;;;
9612906de9254101925b71046bbd8afd;1;R;16;TabLeituraDebugPmc;Input register;65223;;;0;65535;0;1;;;;;;;;;Privado;Locais[12].w;Locais[12].w;;;;;;;;;;;;;;;;;
1069749f46844d3287840c00ae1b6abd;1;R;16;TabLeituraDebugPmc;Input register;65224;;;0;65535;0;1;;;;;;;;;Privado;Locais[13].w;Locais[13].w;;;;;;;;;;;;;;;;;
d757d8d3ae134ee783a4c0bddd961c4d;1;R;16;TabLeituraDebugPmc;Input register;65225;;;0;65535;0;1;;;;;;;;;Privado;Locais[14].w;Locais[14].w;;;;;;;;;;;;;;;;;
0db7802310794919b9d5d2751993d539;1;R;16;TabLeituraDebugPmc;Input register;65226;;;0;65535;0;1;;;;;;;;;Privado;Locais[15].w;Locais[15].w;;;;;;;;;;;;;;;;;
f529529ef1374ef5bbdba52dc2446feb;1;R;16;TabLeituraDebugPmc;Input register;65227;;;0;65535;0;1;;;;;;;;;Privado;Locais[16].w;Locais[16].w;;;;;;;;;;;;;;;;;
7e5891e2178d4a75861b128d5369d902;1;R;16;TabLeituraDebugPmc;Input register;65228;;;0;65535;0;1;;;;;;;;;Privado;Locais[17].w;Locais[17].w;;;;;;;;;;;;;;;;;
bdd3d2f321f944eaa4e5eb43f9e0b1d4;1;R;16;TabLeituraDebugPmc;Input register;65229;;;0;65535;0;1;;;;;;;;;Privado;Bancos[0].w;Bancos[0].w;;;;;;;;;;;;;;;;;
3597af23c1514e1ea9e9954533352b80;1;R;16;TabLeituraDebugPmc;Input register;65230;;;0;65535;0;1;;;;;;;;;Privado;Bancos[1].w;Bancos[1].w;;;;;;;;;;;;;;;;;
91727531c7834be883cb35ad1ecd5ae4;1;R;16;TabLeituraDebugPmc;Input register;65231;;;0;65535;0;1;;;;;;;;;Privado;Bancos[2].w;Bancos[2].w;;;;;;;;;;;;;;;;;
423b4e1269884dd5b76aa85d32d3f3de;1;R;16;TabLeituraDebugPmc;Input register;65232;;;0;65535;0;1;;;;;;;;;Privado;Bancos[3].w;Bancos[3].w;;;;;;;;;;;;;;;;;
c0746d41f5d84a74bb812e59b476f152;1;R;16;TabLeituraDebugPmc;Input register;65233;;;0;65535;0;1;;;;;;;;;Privado;Bancos[4].w;Bancos[4].w;;;;;;;;;;;;;;;;;
d926411f71b54ce082a5d2d789c9edaf;1;R;16;TabLeituraDebugPmc;Input register;65234;;;0;65535;0;1;;;;;;;;;Privado;Bancos[5].w;Bancos[5].w;;;;;;;;;;;;;;;;;
37126c822e694158a040ff026d73e905;1;R;16;TabLeituraDebugPmc;Input register;65235;;;0;65535;0;1;;;;;;;;;Privado;sps_cont;sps_cont;;;;;;;;;;;;;;;;;
a16dcb3f714245d7b0b61a6842bd7624;1;R;16;TabLeituraDebugPmc;Input register;65236;;;0;65535;0;1;;;;;;;;;Privado;status_mc.w;status_mc.w;;;;;;;;;;;;;;;;;
;;;;;;;;;;;;;;;;;;;;;;;;;;;;;;;;;;;;;;;;
2ded16ae4d1c49a3a9fd33c60adfb99a;1;R;32_ABCD;TabLeituraProcessingStats;Input register;65300;;;0;4294967295;0;1;us;us;;;;;;;Privado;Monitor de temp - mín. tempo de processamento;Monitor de temp - mín. tempo de processamento;;;;;;;;;;;;;;;;;
44a1c3620bf14460b2f4f4ac8b4a4202;1;R;32_ABCD;TabLeituraProcessingStats;Input register;65302;;;0;4294967295;0;1;us;us;;;;;;;Privado;Monitor de temp - max. tempo de processamento;Monitor de temp - max. tempo de processamento;;;;;;;;;;;;;;;;;
2063d54b6445441088e681f405ae150b;1;R;32_ABCD;TabLeituraProcessingStats;Input register;65304;;;0;4294967295;0;1;us;us;;;;;;;Privado;Monitor de temp - méd. tempo de processamento;Monitor de temp - méd. tempo de processamento;;;;;;;;;;;;;;;;;
5ace1bedc3c4412d8fd09ebb2c479737;1;R;32_ABCD;TabLeituraProcessingStats;Input register;65306;;;0;4294967295;0;1;us;us;;;;;;;Privado;Monitor de temp - mín. tempo de descanso;Monitor de temp - mín. tempo de descanso;;;;;;;;;;;;;;;;;
4d961f06d06649a89c67b55a31852fca;1;R;32_ABCD;TabLeituraProcessingStats;Input register;65308;;;0;4294967295;0;1;us;us;;;;;;;Privado;Monitor de temp - max. tempo de descanso;Monitor de temp - max. tempo de descanso;;;;;;;;;;;;;;;;;
49b3e9f84d164c4c8cf7f6c0dc02c3d5;1;R;32_ABCD;TabLeituraProcessingStats;Input register;65310;;;0;4294967295;0;1;us;us;;;;;;;Privado;Monitor de temp - méd. tempo de descanso;Monitor de temp - méd. tempo de descanso;;;;;;;;;;;;;;;;;
fa668b4744b54f8ea1244a43864e2c1a;1;R;32_ABCD;TabLeituraProcessingStats;Input register;65312;;;0;4294967295;0;1;us;us;;;;;;;Privado;Monitor de temp - mín. tempo de atualização;Monitor de temp - mín. tempo de atualização;;;;;;;;;;;;;;;;;
a11cf69938af4fd0a3ff90be2c539ccf;1;R;32_ABCD;TabLeituraProcessingStats;Input register;65314;;;0;4294967295;0;1;us;us;;;;;;;Privado;Monitor de temp - max. tempo de atualização;Monitor de temp - max. tempo de atualização;;;;;;;;;;;;;;;;;
d07bc61adfa34e989988e53628f73bc2;1;R;32_ABCD;TabLeituraProcessingStats;Input register;65316;;;0;4294967295;0;1;us;us;;;;;;;Privado;Monitor de temp - méd. tempo de atualização;Monitor de temp - méd. tempo de atualização;;;;;;;;;;;;;;;;;
2d5f9982543b403f81903546564e9b82;1;R;32_ABCD;TabLeituraProcessingStats;Input register;65318;;;0;4294967295;0;1;us;us;;;;;;;Privado;Voltage Reg - mín. tempo de processamento;Voltage Reg - mín. tempo de processamento;;;;;;;;;;;;;;;;;
d517b16323ca45d2ada79f3dc0f1dab0;1;R;32_ABCD;TabLeituraProcessingStats;Input register;65320;;;0;4294967295;0;1;us;us;;;;;;;Privado;Voltage Reg - max. tempo de processamento;Voltage Reg - max. tempo de processamento;;;;;;;;;;;;;;;;;
df4def6c6965463284ee1cba97bc93af;1;R;32_ABCD;TabLeituraProcessingStats;Input register;65322;;;0;4294967295;0;1;us;us;;;;;;;Privado;Voltage Reg - méd. tempo de processamento;Voltage Reg - méd. tempo de processamento;;;;;;;;;;;;;;;;;
2401c3758aae479890fc37c46dff387c;1;R;32_ABCD;TabLeituraProcessingStats;Input register;65324;;;0;4294967295;0;1;us;us;;;;;;;Privado;Voltage Reg - mín. tempo de descanso;Voltage Reg - mín. tempo de descanso;;;;;;;;;;;;;;;;;
f9735202f2d4484ab434e17358dd1d52;1;R;32_ABCD;TabLeituraProcessingStats;Input register;65326;;;0;4294967295;0;1;us;us;;;;;;;Privado;Voltage Reg - max. tempo de descanso;Voltage Reg - max. tempo de descanso;;;;;;;;;;;;;;;;;
7c86a6a0ae364c378960b56d9008fcf9;1;R;32_ABCD;TabLeituraProcessingStats;Input register;65328;;;0;4294967295;0;1;us;us;;;;;;;Privado;Voltage Reg - méd. tempo de descanso;Voltage Reg - méd. tempo de descanso;;;;;;;;;;;;;;;;;
50c17fa260c44ea69d475c76ac838c06;1;R;32_ABCD;TabLeituraProcessingStats;Input register;65330;;;0;4294967295;0;1;us;us;;;;;;;Privado;Voltage Reg - mín. tempo de atualização;Voltage Reg - mín. tempo de atualização;;;;;;;;;;;;;;;;;
23c6938dcea44c949b825b34043591b0;1;R;32_ABCD;TabLeituraProcessingStats;Input register;65332;;;0;4294967295;0;1;us;us;;;;;;;Privado;Voltage Reg - max. tempo de atualização;Voltage Reg - max. tempo de atualização;;;;;;;;;;;;;;;;;
3bde0c47b7b24e729b649c64f6cef7e5;1;R;32_ABCD;TabLeituraProcessingStats;Input register;65334;;;0;4294967295;0;1;us;us;;;;;;;Privado;Voltage Reg - méd. tempo de atualização;Voltage Reg - méd. tempo de atualização;;;;;;;;;;;;;;;;;
483e61664bbb405d92699dc1fe66ef97;1;R;32_ABCD;TabLeituraProcessingStats;Input register;65336;;;0;4294967295;0;1;us;us;;;;;;;Privado;GenCtrl - mín. tempo de processamento;GenCtrl - mín. tempo de processamento;;;;;;;;;;;;;;;;;
d3439bf33ecd47168bd03bb72b181bfe;1;R;32_ABCD;TabLeituraProcessingStats;Input register;65338;;;0;4294967295;0;1;us;us;;;;;;;Privado;GenCtrl - max. tempo de processamento;GenCtrl - max. tempo de processamento;;;;;;;;;;;;;;;;;
6e6af160596449728a851b3de5899bc1;1;R;32_ABCD;TabLeituraProcessingStats;Input register;65340;;;0;4294967295;0;1;us;us;;;;;;;Privado;GenCtrl - méd. tempo de processamento;GenCtrl - méd. tempo de processamento;;;;;;;;;;;;;;;;;
3d4525043d5e4f98944554c5f099b3e0;1;R;32_ABCD;TabLeituraProcessingStats;Input register;65342;;;0;4294967295;0;1;us;us;;;;;;;Privado;GenCtrl - mín. tempo de descanso;GenCtrl - mín. tempo de descanso;;;;;;;;;;;;;;;;;
e9f230b0c04f4605954665d9a8dd5e13;1;R;32_ABCD;TabLeituraProcessingStats;Input register;65344;;;0;4294967295;0;1;us;us;;;;;;;Privado;GenCtrl - max. tempo de descanso;GenCtrl - max. tempo de descanso;;;;;;;;;;;;;;;;;
8c3a77db627a435dbe78744fe548963d;1;R;32_ABCD;TabLeituraProcessingStats;Input register;65346;;;0;4294967295;0;1;us;us;;;;;;;Privado;GenCtrl - méd. tempo de descanso;GenCtrl - méd. tempo de descanso;;;;;;;;;;;;;;;;;
3402007d24c44d4bb75b80673ecf779b;1;R;32_ABCD;TabLeituraProcessingStats;Input register;65348;;;0;4294967295;0;1;us;us;;;;;;;Privado;GenCtrl - mín. tempo de atualização;GenCtrl - mín. tempo de atualização;;;;;;;;;;;;;;;;;
361c407b76784b8d9cd926fe544dee53;1;R;32_ABCD;TabLeituraProcessingStats;Input register;65350;;;0;4294967295;0;1;us;us;;;;;;;Privado;GenCtrl - max. tempo de atualização;GenCtrl - max. tempo de atualização;;;;;;;;;;;;;;;;;
a65a3e398589401fa5a6e908c7db6d27;1;R;32_ABCD;TabLeituraProcessingStats;Input register;65352;;;0;4294967295;0;1;us;us;;;;;;;Privado;GenCtrl - méd. tempo de atualização;GenCtrl - méd. tempo de atualização;;;;;;;;;;;;;;;;;
0725ef7f7a4049f79a9d2c833e3e4bb0;1;R;32_ABCD;TabLeituraProcessingStats;Input register;65354;;;0;4294967295;0;1;us;us;;;;;;;Privado;HMI - mín. tempo de processamento;HMI - mín. tempo de processamento;;;;;;;;;;;;;;;;;
1feb054c79e74d4096246b38aa2111c3;1;R;32_ABCD;TabLeituraProcessingStats;Input register;65356;;;0;4294967295;0;1;us;us;;;;;;;Privado;HMI - max. tempo de processamento;HMI - max. tempo de processamento;;;;;;;;;;;;;;;;;
5174e1b82fbe4032ba7a2f06ec784e3e;1;R;32_ABCD;TabLeituraProcessingStats;Input register;65358;;;0;4294967295;0;1;us;us;;;;;;;Privado;HMI - méd. tempo de processamento;HMI - méd. tempo de processamento;;;;;;;;;;;;;;;;;
9da70f0f9bbb424fb6c71f0dad80bef8;1;R;32_ABCD;TabLeituraProcessingStats;Input register;65360;;;0;4294967295;0;1;us;us;;;;;;;Privado;HMI - mín. tempo de descanso;HMI - mín. tempo de descanso;;;;;;;;;;;;;;;;;
cbf382c6df4b44e6aa8567052868452f;1;R;32_ABCD;TabLeituraProcessingStats;Input register;65362;;;0;4294967295;0;1;us;us;;;;;;;Privado;HMI - max. tempo de descanso;HMI - max. tempo de descanso;;;;;;;;;;;;;;;;;
b9e5c1412e7b4b03ae86402b0b2b5d9d;1;R;32_ABCD;TabLeituraProcessingStats;Input register;65364;;;0;4294967295;0;1;us;us;;;;;;;Privado;HMI - méd. tempo de descanso;HMI - méd. tempo de descanso;;;;;;;;;;;;;;;;;
db023d215dc7458d9de77c1dd9cbadc5;1;R;32_ABCD;TabLeituraProcessingStats;Input register;65366;;;0;4294967295;0;1;us;us;;;;;;;Privado;HMI - mín. tempo de atualização;HMI - mín. tempo de atualização;;;;;;;;;;;;;;;;;
8b06edbb3520455d9557498d5fabcc8c;1;R;32_ABCD;TabLeituraProcessingStats;Input register;65368;;;0;4294967295;0;1;us;us;;;;;;;Privado;HMI - max. tempo de atualização;HMI - max. tempo de atualização;;;;;;;;;;;;;;;;;
4d55768a75af453c8774012c6f9581a6;1;R;32_ABCD;TabLeituraProcessingStats;Input register;65370;;;0;4294967295;0;1;us;us;;;;;;;Privado;HMI - méd. tempo de atualização;HMI - méd. tempo de atualização;;;;;;;;;;;;;;;;;
ebc8b3d3566648b4acd4aad846e62d32;1;R;32_ABCD;TabLeituraProcessingStats;Input register;65372;;;0;4294967295;0;1;us;us;;;;;;;Privado;PowerCtrl - mín. tempo de processamento;PowerCtrl - mín. tempo de processamento;;;;;;;;;;;;;;;;;
3a6ebced430a42b0bb611f32b566e557;1;R;32_ABCD;TabLeituraProcessingStats;Input register;65374;;;0;4294967295;0;1;us;us;;;;;;;Privado;PowerCtrl - max. tempo de processamento;PowerCtrl - max. tempo de processamento;;;;;;;;;;;;;;;;;
57833c075d944768acd8a00b50e62a01;1;R;32_ABCD;TabLeituraProcessingStats;Input register;65376;;;0;4294967295;0;1;us;us;;;;;;;Privado;PowerCtrl - méd. tempo de processamento;PowerCtrl - méd. tempo de processamento;;;;;;;;;;;;;;;;;
fdb74157819944eba236708240431604;1;R;32_ABCD;TabLeituraProcessingStats;Input register;65378;;;0;4294967295;0;1;us;us;;;;;;;Privado;PowerCtrl - mín. tempo de descanso;PowerCtrl - mín. tempo de descanso;;;;;;;;;;;;;;;;;
c00c8a3f87dd4e6aa040188dd87535ac;1;R;32_ABCD;TabLeituraProcessingStats;Input register;65380;;;0;4294967295;0;1;us;us;;;;;;;Privado;PowerCtrl - max. tempo de descanso;PowerCtrl - max. tempo de descanso;;;;;;;;;;;;;;;;;
0a9acef954974b9eacc3174cf3b96c26;1;R;32_ABCD;TabLeituraProcessingStats;Input register;65382;;;0;4294967295;0;1;us;us;;;;;;;Privado;PowerCtrl - méd. tempo de descanso;PowerCtrl - méd. tempo de descanso;;;;;;;;;;;;;;;;;
ae979fbbe6934bf691b598b65ae3beeb;1;R;32_ABCD;TabLeituraProcessingStats;Input register;65384;;;0;4294967295;0;1;us;us;;;;;;;Privado;PowerCtrl - mín. tempo de atualização;PowerCtrl - mín. tempo de atualização;;;;;;;;;;;;;;;;;
b29a28f77e424f09b2110c0fa72e317e;1;R;32_ABCD;TabLeituraProcessingStats;Input register;65386;;;0;4294967295;0;1;us;us;;;;;;;Privado;PowerCtrl - max. tempo de atualização;PowerCtrl - max. tempo de atualização;;;;;;;;;;;;;;;;;
3988d9c92325457c943359fc5388bf4a;1;R;32_ABCD;TabLeituraProcessingStats;Input register;65388;;;0;4294967295;0;1;us;us;;;;;;;Privado;PowerCtrl - méd. tempo de atualização;PowerCtrl - méd. tempo de atualização;;;;;;;;;;;;;;;;;
;;;;;;;;;;;;;;;;;;;;;;;;;;;;;;;;;;;;;;;;
17bedcb9110d4883be4fb435bb18071b;1;R;32_ABCD;TabLeituraProcessingStats2;Input register;65400;;;0;4294967295;0;1;us;us;;;;;;;Privado;Concentrator - mín. tempo de processamento;Concentrator - mín. tempo de processamento;;;;;;;;;;;;;;;;;
e9600e462a424cc096b82664aaa51a77;1;R;32_ABCD;TabLeituraProcessingStats2;Input register;65402;;;0;4294967295;0;1;us;us;;;;;;;Privado;Concentrator - max. tempo de processamento;Concentrator - max. tempo de processamento;;;;;;;;;;;;;;;;;
6d1bca997a20426d8b33a15d4ae53c94;1;R;32_ABCD;TabLeituraProcessingStats2;Input register;65404;;;0;4294967295;0;1;us;us;;;;;;;Privado;Concentrator - méd. tempo de processamento;Concentrator - méd. tempo de processamento;;;;;;;;;;;;;;;;;
3badbe205c854420ab103663da6bd8dc;1;R;32_ABCD;TabLeituraProcessingStats2;Input register;65406;;;0;4294967295;0;1;us;us;;;;;;;Privado;Concentrator - mín. tempo de descanso;Concentrator - mín. tempo de descanso;;;;;;;;;;;;;;;;;
b2012cabb87947a480eb9732b51968a2;1;R;32_ABCD;TabLeituraProcessingStats2;Input register;65408;;;0;4294967295;0;1;us;us;;;;;;;Privado;Concentrator - max. tempo de descanso;Concentrator - max. tempo de descanso;;;;;;;;;;;;;;;;;
8389b436e54741878dfcfa191e8fce77;1;R;32_ABCD;TabLeituraProcessingStats2;Input register;65410;;;0;4294967295;0;1;us;us;;;;;;;Privado;Concentrator - méd. tempo de descanso;Concentrator - méd. tempo de descanso;;;;;;;;;;;;;;;;;
234203a718d24526bbc3f7dd4d855467;1;R;32_ABCD;TabLeituraProcessingStats2;Input register;65412;;;0;4294967295;0;1;us;us;;;;;;;Privado;Concentrator - mín. tempo de atualização;Concentrator - mín. tempo de atualização;;;;;;;;;;;;;;;;;
b353cdb7b24c40c782d0fd2d41657715;1;R;32_ABCD;TabLeituraProcessingStats2;Input register;65414;;;0;4294967295;0;1;us;us;;;;;;;Privado;Concentrator - max. tempo de atualização;Concentrator - max. tempo de atualização;;;;;;;;;;;;;;;;;
ad3fe1c9307a412aa28a85f88aaacdcc;1;R;32_ABCD;TabLeituraProcessingStats2;Input register;65416;;;0;4294967295;0;1;us;us;;;;;;;Privado;Concentrator - méd. tempo de atualização;Concentrator - méd. tempo de atualização;;;;;;;;;;;;;;;;;
a2058d737b424f87a2639715a697f2aa;1;R;32_ABCD;TabLeituraProcessingStats2;Input register;65418;;;0;4294967295;0;1;us;us;;;;;;;Privado;WetContact - mín. tempo de processamento;WetContact - mín. tempo de processamento;;;;;;;;;;;;;;;;;
e67db6108d1c4e13a4fcc48032f45c16;1;R;32_ABCD;TabLeituraProcessingStats2;Input register;65420;;;0;4294967295;0;1;us;us;;;;;;;Privado;WetContact - max. tempo de processamento;WetContact - max. tempo de processamento;;;;;;;;;;;;;;;;;
95c6c3d342ae43c7b7d54161bdb7d5dc;1;R;32_ABCD;TabLeituraProcessingStats2;Input register;65422;;;0;4294967295;0;1;us;us;;;;;;;Privado;WetContact - méd. tempo de processamento;WetContact - méd. tempo de processamento;;;;;;;;;;;;;;;;;
05983d93f1864b18b8739090647f0375;1;R;32_ABCD;TabLeituraProcessingStats2;Input register;65424;;;0;4294967295;0;1;us;us;;;;;;;Privado;WetContact - mín. tempo de descanso;WetContact - mín. tempo de descanso;;;;;;;;;;;;;;;;;
a7db626e5bf04b61b3a5f2b3df06b7ef;1;R;32_ABCD;TabLeituraProcessingStats2;Input register;65426;;;0;4294967295;0;1;us;us;;;;;;;Privado;WetContact - max. tempo de descanso;WetContact - max. tempo de descanso;;;;;;;;;;;;;;;;;
3815a36697d347e8b64fefa80643b192;1;R;32_ABCD;TabLeituraProcessingStats2;Input register;65428;;;0;4294967295;0;1;us;us;;;;;;;Privado;WetContact - méd. tempo de descanso;WetContact - méd. tempo de descanso;;;;;;;;;;;;;;;;;
db708de030d14687b1136466ddcc3ef4;1;R;32_ABCD;TabLeituraProcessingStats2;Input register;65430;;;0;4294967295;0;1;us;us;;;;;;;Privado;WetContact - mín. tempo de atualização;WetContact - mín. tempo de atualização;;;;;;;;;;;;;;;;;
08003e0d6b2444c1a941fcc880951be2;1;R;32_ABCD;TabLeituraProcessingStats2;Input register;65432;;;0;4294967295;0;1;us;us;;;;;;;Privado;WetContact - max. tempo de atualização;WetContact - max. tempo de atualização;;;;;;;;;;;;;;;;;
1906985223054213aa5fb6fdd19801e4;1;R;32_ABCD;TabLeituraProcessingStats2;Input register;65434;;;0;4294967295;0;1;us;us;;;;;;;Privado;WetContact - méd. tempo de atualização;WetContact - méd. tempo de atualização;;;;;;;;;;;;;;;;;
;;;;;;;;;;;;;;;;;;;;;;;;;;;;;;;;;;;;;;;;
095b41c84a6e45248ba09097cf3478f1;1;RW;Bit;TabEscritaBinGenerica;Coil;0;Binary output;0;0;1;0;1;;;;0=Sem comando\1=Efetua reset;0=No command\1=Perform reset;;;;Público;Comando de reset da temperatura máxima do óleo;Command of reset maximum oil temperature;;;;;;Temperatura;Temperature;;;;;Comando;;;;;
a8b49dea01274baca18b250134e76be2;1;RW;Bit;TabEscritaBinGenerica;Coil;1;Binary output;1;0;1;0;1;;;;0=Sem comando\1=Efetua reset;0=No command\1=Perform reset;;;;Público;Comando de reset da temperatura máxima do RTD1;Command of reset RTD 1 maximum temperature;;;;;;Temperatura;Temperature;;;;;Comando;;;;;
0424f066e3524b95851995a7c7345843;1;RW;Bit;TabEscritaBinGenerica;Coil;2;Binary output;2;0;1;0;1;;;;0=Sem comando\1=Efetua reset;0=No command\1=Perform reset;;;;Público;Comando de reset da temperatura máxima do RTD2;Command of reset RTD 2 maximum temperature;;;;;;Temperatura;Temperature;;;;;Comando;;;;;
7429db0e31104960abc8aaef36390669;1;RW;Bit;TabEscritaBinGenerica;Coil;3;Binary output;3;0;1;0;1;;;;0=Sem comando\1=Efetua reset;0=No command\1=Perform reset;;;;Público;Comando de reset da temperatura máxima do RTD3;Command of reset RTD 3 maximum temperature;;;;;;Temperatura;Temperature;;;;;Comando;;;;;
e4117445f36240b18ab40cf40013494a;1;RW;Bit;TabEscritaBinGenerica;Coil;4;Binary output;4;0;1;0;1;;;;0=Automático\1=Manual;0=Automatic\1=Manual;;;;Público;Parâmetro de configuração do modo de regulação;Parameter of regulation mode configuration;;;;;;Regulação;Regulation;;Configuração;Configurations;;Parâmetro;;;;;
7f880accce0942b49420d6b1966a9893;1;RW;Bit;TabEscritaBinGenerica;Coil;5;Binary output;5;0;1;0;1;;;;0=Remoto\1=Local;0=Remote\1=Local;;;;Público;Parâmetro de configuração do modo de comando;Parameter of command mode configuration;;;;;;Regulação;Regulation;;Configuração;Configurations;;Parâmetro;;;;;
e2774f256cb14de5bbb18e610c927b61;1;RW;Bit;TabEscritaBinGenerica;Coil;6;Binary output;6;0;1;0;1;;;;0=Sem comando\1=Efetua reset;0=No command\1=Perform reset;;;;Público;Comando de reset salto de temperatura - RTD1;Command of reset temperature jump - RTD 1;;;;;;Geral;General;;;;;Comando;;;;;
473fbf75fe5c42ba9a48bb6f2d667d33;1;RW;Bit;TabEscritaBinGenerica;Coil;7;Binary output;7;0;1;0;1;;;;0=Sem comando\1=Efetua reset;0=No command\1=Perform reset;;;;Público;Comando de reset salto de temperatura - RTD2;Command of reset temperature jump - RTD 2;;;;;;Geral;General;;;;;Comando;;;;;
6c5cedd4d0ba4bccabfb1aa905e22795;1;RW;Bit;TabEscritaBinGenerica;Coil;8;Binary output;8;0;1;0;1;;;;0=Sem comando\1=Efetua reset;0=No command\1=Perform reset;;;;Público;Comando de reset salto de temperatura - RTD3;Command of reset temperature jump - RTD 3;;;;;;Geral;General;;;;;Comando;;;;;
a973cbdcb7cb407dbd9cd40049904284;1;RW;Bit;TabEscritaBinGenerica;Coil;9;Binary output;9;0;1;0;1;;;;0=Sem comando\1=Efetua reset;0=No command\1=Perform reset;;;;Público;Comando de reset da temperatura máxima do enrolamento 1;Command of reset maximum temperature of winding 1;;;;;;Temperatura;Temperature;;;;;Comando;;;;;
0e977930d48e4acab1d891667b688edd;1;RW;Bit;TabEscritaBinGenerica;Coil;10;Binary output;10;0;1;0;1;;;;0=Sem comando\1=Efetua reset;0=No command\1=Perform reset;;;;Público;Comando de reset da temperatura máxima do enrolamento 2;Command of reset maximum temperature of winding 2;;;;;;Temperatura;Temperature;;;;;Comando;;;;;
a168779319de4d779b73d317ae82c0c6;1;RW;Bit;TabEscritaBinGenerica;Coil;11;Binary output;11;0;1;0;1;;;;0=Sem comando\1=Efetua reset;0=No command\1=Perform reset;;;;Público;Comando de reset da temperatura máxima do enrolamento 3;Command of reset maximum temperature of winding 3;;;;;;Temperatura;Temperature;;;;;Comando;;;;;
3c6e46ba24fe4e6db5b215e0db92c0d1;1;RW;Bit;TabEscritaBinGenerica;Coil;12;Binary output;12;0;1;0;1;;;;0=Sem comando\1=Efetua reset;0=No command\1=Perform reset;;OLTD;;Público;Comando de reset da temperatura mínima do diferencial instantâneo;Command of reset the minimum temperature of the instantaneous differential;;;;;;Temperatura;Temperature;;;;;Comando;;;;;
98424ba69e484d97a377e97f4704183c;1;RW;Bit;TabEscritaBinGenerica;Coil;13;Binary output;13;0;1;0;1;;;;0=Sem comando\1=Efetua reset;0=No command\1=Perform reset;;OLTD;;Público;Comando de reset da temperatura mínima do diferencial filtrado;Command of reset the minimum temperature of the filtered differential;;;;;;Temperatura;Temperature;;;;;Comando;;;;;
3a9c0f627bd14c8c8145bf8b695e39bd;1;RW;Bit;TabEscritaBinGenerica;Coil;14;Binary output;14;0;1;0;1;;;;0=Sem comando\1=Efetua reset;0=No command\1=Perform reset;;OLTD;;Público;Comando de reset da temperatura máxima do diferencial instantâneo;Command of reset the maximum temperature of the instantaneous differential;;;;;;Temperatura;Temperature;;;;;Comando;;;;;
2067046f1cd7410faaeb690cbcd66662;1;RW;Bit;TabEscritaBinGenerica;Coil;15;Binary output;15;0;1;0;1;;;;0=Sem comando\1=Efetua reset;0=No command\1=Perform reset;;OLTD;;Público;Comando de reset da temperatura máxima do diferencial filtrado;Command of reset the maximum temperature of the filtered differential;;;;;;Temperatura;Temperature;;;;;Comando;;;;;
9364ff07f8c640ef953cb314bb5ff148;1;RW;Bit;TabEscritaBinGenerica;Coil;16;Binary output;16;0;1;0;1;;;;0=Sem comando\1=Efetua reset;0=No command\1=Perform reset;;OLTD;;Público;Comando de reset da temperatura máxima do óleo do comutador;Command of reset the maximum temperature of tap changer oil;;;;;;Temperatura;Temperature;;;;;Comando;;;;;
299466ead75b4784ae83a0e43370d16d;1;RW;Bit;TabEscritaBinGenerica;Coil;17;Binary output;17;0;1;0;1;;;;0=Sem comando\1=Efetua reset;0=No command\1=Perform reset;;;;Público;Comando de reset da memória de autodiagnósticos;Command of self-diagnosis memory reset;;;;;;Geral;General;;;;;Comando;;;;;
cdaa6581ab384585bb12a9a6f132a716;1;RW;Bit;TabEscritaBinGenerica;Coil;18;Binary output;18;0;1;0;1;;;;0=Sem comando\1=Efetua reset;0=No command\1=Perform reset;;;;Público;Comando de reset da memória de alarmes;Command of alarm memory reset;;;;;;Geral;General;;;;;Comando;;;;;
e3e7842366b345dab00a14c8712d0728;0;RW;Bit;TabEscritaBinGenerica;Coil;19;Binary output;19;0;1;0;1;;;;0=Sem comando\1=Efetua reset;0=No command\1=Perform reset;;MMEM;;Público;Comando de reset da memória de massa;Command of mass memory reset;;;;;;Geral;General;;;;;Comando;;;;;
4c1705800d7c4b1d8d9c4d95331d09b1;0;RW;Bit;TabEscritaBinGenerica;Coil;20;;;0;1;0;1;;;;0=Sem comando\1=Adiciona relatório;0=No command\1=Adds Report;;;;Privado;Comando de adicionar relatório de processos aos logs de debug;Command of add process report to debug logs;;;;;;Geral;General;;;;;Comando;;;;;
;;;;;;;;;;;;;;;;;;;;;;;;;;;;;;;;;;;;;;;;
d0ada323792844b0ad2d043196c85908;1;RW;16;TabEscritaGenerica;Holding register;0;Analog output;0;1;9999;60;1;min;min;;;;;MMEM;;Público;Parâmetro de tempo entre gravações da memória de massa;Parameter of time between mass memory writes;;;;;;Geral;General;;Memória de massa;Mass memory;;Parâmetro;;;;;
639550bffd0f472baa2dd7b40e5e01ac;1;RW;16;TabEscritaGenerica;Holding register;1;Analog output;1;1;20;5;1;°C;°C;;;;;MMEM;;Público;Parâmetro de limite de variação da temperatura do óleo para gravação da memória de massa;Parameter of oil temperature variation limit for mass memory recording;;;;;;Geral;General;;Memória de massa;Mass memory;;Parâmetro;;;;;
f2af91aae3894559a12d6878268f0ddd;1;RW;16;TabEscritaGenerica;Holding register;2;Analog output;2;10;60;30;1;s;s;;;;;MMEM;;Público;Parâmetro de período de gravação do log de sanidade;Parameter of period for health log save;;;;;;Geral;General;;Memória de massa;Mass memory;;Parâmetro;;;;;
;;;;;;;;;;;;;;;;;;;;;;;;;;;;;;;;;;;;;;;;
25bde893ee2c48baa12dac6f31453db3;1;RW;Bit;TabEscritaBinRele;Coil;100;Binary output;20;0;1;0;1;;;;0=Normal\1=Invertido;0=Normal\1=Inverted;;;;Público;Parâmetro de configuração do modo do relé 1;Parameter of relay 1 mode setting;;;;;;;;;;;;Parâmetro;;;;;
4c24cc0adbfb476581b8de5d7b53cbb4;1;RW;Bit;TabEscritaBinRele;Coil;101;Binary output;21;0;1;0;1;;;;0=Normal\1=Invertido;0=Normal\1=Inverted;;;;Público;Parâmetro de configuração do modo do relé 2;Parameter of relay 2 mode setting;;;;;;;;;;;;Parâmetro;;;;;
5398b689bd5e44f492a941220084b03f;1;RW;Bit;TabEscritaBinRele;Coil;102;Binary output;22;0;1;0;1;;;;0=Normal\1=Invertido;0=Normal\1=Inverted;;;;Público;Parâmetro de configuração do modo do relé 3;Parameter of relay 3 mode setting;;;;;;;;;;;;Parâmetro;;;;;
9d5ba4af71c2424e91d5ada6d5a9914f;1;RW;Bit;TabEscritaBinRele;Coil;103;Binary output;23;0;1;0;1;;;;0=Normal\1=Invertido;0=Normal\1=Inverted;;;;Público;Parâmetro de configuração do modo do relé 4;Parameter of relay 4 mode setting;;;;;;;;;;;;Parâmetro;;;;;
6466b9dba5474ed5813f251abb58c9fb;1;RW;Bit;TabEscritaBinRele;Coil;104;Binary output;24;0;1;0;1;;;;0=Normal\1=Invertido;0=Normal\1=Inverted;;;;Público;Parâmetro de configuração do modo do relé 5;Parameter of relay 5 mode setting;;;;;;;;;;;;Parâmetro;;;;;
251b39b15fff417c8fd16b9c4f20213d;1;RW;Bit;TabEscritaBinRele;Coil;105;Binary output;25;0;1;0;1;;;;0=Normal\1=Invertido;0=Normal\1=Inverted;;;;Público;Parâmetro de configuração do modo do relé de bloqueio do comutador;Parameter of configuration of OLTC block relay mode;;;;;;;;;;;;Parâmetro;;;;;
9a411e2fa3da410883430404ea2987e5;1;RW;Bit;TabEscritaBinRele;Coil;106;Binary output;26;0;1;0;1;;;;0=Não\1=Sim;0=No\1=Yes;;;;Público;Parâmetro de associação do relé 1 aos alarmes de classificação verde;Parameter of relay 1 setting for green rating alarms;;;;;;;;;;;;Debug;;;;;
84ca62602f7949cdb4044c94e15cb747;1;RW;Bit;TabEscritaBinRele;Coil;107;Binary output;27;0;1;0;1;;;;0=Não\1=Sim;0=No\1=Yes;;;;Público;Parâmetro de associação do relé 2 aos alarmes de classificação verde;Parameter of relay 2 setting for green rating alarms;;;;;;;;;;;;Debug;;;;;
b64f3931a6854ec88e97c1a75a0f5c7b;1;RW;Bit;TabEscritaBinRele;Coil;108;Binary output;28;0;1;0;1;;;;0=Não\1=Sim;0=No\1=Yes;;;;Público;Parâmetro de associação do relé 3 aos alarmes de classificação verde;Parameter of relay 3 setting for green rating alarms;;;;;;;;;;;;Debug;;;;;
f5bc41ee54e3432fb96d8c9827be3eb9;1;RW;Bit;TabEscritaBinRele;Coil;109;Binary output;29;0;1;0;1;;;;0=Não\1=Sim;0=No\1=Yes;;;;Público;Parâmetro de associação do relé 4 aos alarmes de classificação verde;Parameter of relay 4 setting for green rating alarms;;;;;;;;;;;;Debug;;;;;
f9a4c0cdb1c444aaab6d8105c5afa387;1;RW;Bit;TabEscritaBinRele;Coil;110;Binary output;30;0;1;0;1;;;;0=Não\1=Sim;0=No\1=Yes;;;;Público;Parâmetro de associação do relé 5 aos alarmes de classificação verde;Parameter of relay 5 setting for green rating alarms;;;;;;;;;;;;Debug;;;;;
8f9e1ab30678499eb8cac3f9b7231492;1;RW;Bit;TabEscritaBinRele;Coil;111;Binary output;31;0;1;0;1;;;;0=Não\1=Sim;0=No\1=Yes;;;;Público;Parâmetro de associação do relé 1 aos alarmes de classificação amarela;Parameter of relay 1 setting for yellow rating alarms;;;;;;;;;;;;Debug;;;;;
f9ad7f35c09a426383db26b678abc3af;1;RW;Bit;TabEscritaBinRele;Coil;112;Binary output;32;0;1;0;1;;;;0=Não\1=Sim;0=No\1=Yes;;;;Público;Parâmetro de associação do relé 2 aos alarmes de classificação amarela;Parameter of relay 2 setting for yellow rating alarms;;;;;;;;;;;;Debug;;;;;
7ecc7cd3c2f441c3b710cca4fdbb60b5;1;RW;Bit;TabEscritaBinRele;Coil;113;Binary output;33;0;1;0;1;;;;0=Não\1=Sim;0=No\1=Yes;;;;Público;Parâmetro de associação do relé 3 aos alarmes de classificação amarela;Parameter of relay 3 setting for yellow rating alarms;;;;;;;;;;;;Debug;;;;;
7d6f0c091ea948efbe8b5c01bf077852;1;RW;Bit;TabEscritaBinRele;Coil;114;Binary output;34;0;1;0;1;;;;0=Não\1=Sim;0=No\1=Yes;;;;Público;Parâmetro de associação do relé 4 aos alarmes de classificação amarela;Parameter of relay 4 setting for yellow rating alarms;;;;;;;;;;;;Debug;;;;;
805619fb8c1b40f48209588a90bc467c;1;RW;Bit;TabEscritaBinRele;Coil;115;Binary output;35;0;1;0;1;;;;0=Não\1=Sim;0=No\1=Yes;;;;Público;Parâmetro de associação do relé 5 aos alarmes de classificação amarela;Parameter of relay 5 setting for yellow rating alarms;;;;;;;;;;;;Debug;;;;;
696151b0fc2e442f89eac4ce01be4417;1;RW;Bit;TabEscritaBinRele;Coil;116;Binary output;36;0;1;0;1;;;;0=Não\1=Sim;0=No\1=Yes;;;;Público;Parâmetro de associação do relé 1 aos alarmes de classificação azul;Parameter of relay 1 setting for blue rating alarms;;;;;;;;;;;;Debug;;;;;
6624fa4f79214c4a967b378ae47345d3;1;RW;Bit;TabEscritaBinRele;Coil;117;Binary output;37;0;1;0;1;;;;0=Não\1=Sim;0=No\1=Yes;;;;Público;Parâmetro de associação do relé 2 aos alarmes de classificação azul;Parameter of relay 2 setting for blue rating alarms;;;;;;;;;;;;Debug;;;;;
71ad61b05f964da2b52e7d09ffa174c5;1;RW;Bit;TabEscritaBinRele;Coil;118;Binary output;38;0;1;0;1;;;;0=Não\1=Sim;0=No\1=Yes;;;;Público;Parâmetro de associação do relé 3 aos alarmes de classificação azul;Parameter of relay 3 setting for blue rating alarms;;;;;;;;;;;;Debug;;;;;
36fd3a939a904969b3c1b933a4d00c02;1;RW;Bit;TabEscritaBinRele;Coil;119;Binary output;39;0;1;0;1;;;;0=Não\1=Sim;0=No\1=Yes;;;;Público;Parâmetro de associação do relé 4 aos alarmes de classificação azul;Parameter of relay 4 setting for blue rating alarms;;;;;;;;;;;;Debug;;;;;
e6972c6ae2bd4ba794809c27dd18911e;1;RW;Bit;TabEscritaBinRele;Coil;120;Binary output;40;0;1;0;1;;;;0=Não\1=Sim;0=No\1=Yes;;;;Público;Parâmetro de associação do relé 5 aos alarmes de classificação azul;Parameter of relay 5 setting for blue rating alarms;;;;;;;;;;;;Debug;;;;;
18ec2f2c3af84f9bb7bbea9321aa0af8;1;RW;Bit;TabEscritaBinRele;Coil;121;Binary output;41;0;1;0;1;;;;0=Não\1=Sim;0=No\1=Yes;;;;Público;Parâmetro de associação do relé 1 aos alarmes de classificação vermelha;Parameter of relay 1 setting for red rating alarms;;;;;;;;;;;;Debug;;;;;
48550aefb64640e3b3cc713dd2ca79f0;1;RW;Bit;TabEscritaBinRele;Coil;122;Binary output;42;0;1;0;1;;;;0=Não\1=Sim;0=No\1=Yes;;;;Público;Parâmetro de associação do relé 2 aos alarmes de classificação vermelha;Parameter of relay 2 setting for red rating alarms;;;;;;;;;;;;Debug;;;;;
d0cbc38314584e46a372fa8a9b986c60;1;RW;Bit;TabEscritaBinRele;Coil;123;Binary output;43;0;1;0;1;;;;0=Não\1=Sim;0=No\1=Yes;;;;Público;Parâmetro de associação do relé 3 aos alarmes de classificação vermelha;Parameter of relay 3 setting for red rating alarms;;;;;;;;;;;;Debug;;;;;
9261277ad9a74e9596b4312c8cafee3e;1;RW;Bit;TabEscritaBinRele;Coil;124;Binary output;44;0;1;0;1;;;;0=Não\1=Sim;0=No\1=Yes;;;;Público;Parâmetro de associação do relé 4 aos alarmes de classificação vermelha;Parameter of relay 4 setting for red rating alarms;;;;;;;;;;;;Debug;;;;;
fca421632d8648b7982d0669e0195c1e;1;RW;Bit;TabEscritaBinRele;Coil;125;Binary output;45;0;1;0;1;;;;0=Não\1=Sim;0=No\1=Yes;;;;Público;Parâmetro de associação do relé 5 aos alarmes de classificação vermelha;Parameter of relay 5 setting for red rating alarms;;;;;;;;;;;;Debug;;;;;
8ebe472805684c82ba410b5c09b8896e;1;RW;Bit;TabEscritaBinRele;Coil;126;Binary output;46;0;1;0;1;;;;0=Não\1=Sim;0=No\1=Yes;;;;Público;Parâmetro de configuração do relé 1 para modo automático;Parameter of relay 1 setting for automatic mode;;;;;;Geral;General;;Relés;Relays;;Parâmetro;;;;;
891b0c126269437ab01eda8679ad8fef;1;RW;Bit;TabEscritaBinRele;Coil;127;Binary output;47;0;1;0;1;;;;0=Não\1=Sim;0=No\1=Yes;;;;Público;Parâmetro de configuração do relé 2 para modo automático;Parameter of relay 2 setting for automatic mode;;;;;;Geral;General;;Relés;Relays;;Parâmetro;;;;;
fac9b2efce8a41e2ad52b481a73ac3b7;1;RW;Bit;TabEscritaBinRele;Coil;128;Binary output;48;0;1;0;1;;;;0=Não\1=Sim;0=No\1=Yes;;;;Público;Parâmetro de configuração do relé 3 para modo automático;Parameter of relay 3 setting for automatic mode;;;;;;Geral;General;;Relés;Relays;;Parâmetro;;;;;
5afc4e1b59d04dc6a46b69141c63f7a4;1;RW;Bit;TabEscritaBinRele;Coil;129;Binary output;49;0;1;0;1;;;;0=Não\1=Sim;0=No\1=Yes;;;;Público;Parâmetro de configuração do relé 4 para modo automático;Parameter of relay 4 setting for automatic mode;;;;;;Geral;General;;Relés;Relays;;Parâmetro;;;;;
f06d47f578fa4645bcd67bce4c33022c;1;RW;Bit;TabEscritaBinRele;Coil;130;Binary output;50;0;1;0;1;;;;0=Não\1=Sim;0=No\1=Yes;;;;Público;Parâmetro de configuração do relé 5 para modo automático;Parameter of relay 5 setting for automatic mode;;;;;;Geral;General;;Relés;Relays;;Parâmetro;;;;;
cbca882007ce48f9a507e414626717a0;1;RW;Bit;TabEscritaBinRele;Coil;131;Binary output;51;0;1;0;1;;;;0=Não\1=Sim;0=No\1=Yes;;;;Público;Parâmetro de configuração do relé 1 para modo manual;Parameter of relay 1 setting for manual mode;;;;;;Geral;General;;Relés;Relays;;Parâmetro;;;;;
280582ffdc784d6aa3ce013b7446bbde;1;RW;Bit;TabEscritaBinRele;Coil;132;Binary output;52;0;1;0;1;;;;0=Não\1=Sim;0=No\1=Yes;;;;Público;Parâmetro de configuração do relé 2 para modo manual;Parameter of relay 2 setting for manual mode;;;;;;Geral;General;;Relés;Relays;;Parâmetro;;;;;
efafcf3ccd694809a4cf5d84ef431e58;1;RW;Bit;TabEscritaBinRele;Coil;133;Binary output;53;0;1;0;1;;;;0=Não\1=Sim;0=No\1=Yes;;;;Público;Parâmetro de configuração do relé 3 para modo manual;Parameter of relay 3 setting for manual mode;;;;;;Geral;General;;Relés;Relays;;Parâmetro;;;;;
28107b7304ed44d892f7e95ce6b50877;1;RW;Bit;TabEscritaBinRele;Coil;134;Binary output;54;0;1;0;1;;;;0=Não\1=Sim;0=No\1=Yes;;;;Público;Parâmetro de configuração do relé 4 para modo manual;Parameter of relay 4 setting for manual mode;;;;;;Geral;General;;Relés;Relays;;Parâmetro;;;;;
73905cb3a16644889e8ea017c13aa022;1;RW;Bit;TabEscritaBinRele;Coil;135;Binary output;55;0;1;0;1;;;;0=Não\1=Sim;0=No\1=Yes;;;;Público;Parâmetro de configuração do relé 5 para modo manual;Parameter of relay 5 setting for manual mode;;;;;;Geral;General;;Relés;Relays;;Parâmetro;;;;;
4d17840acc254e0ebbc618b91553be2d;1;RW;Bit;TabEscritaBinRele;Coil;136;Binary output;56;0;1;0;1;;;;0=Não\1=Sim;0=No\1=Yes;;;;Público;Parâmetro de configuração do relé 1 para modo local;Parameter of relay 1 setting for local mode;;;;;;Geral;General;;Relés;Relays;;Parâmetro;;;;;
487989b36e7a4b1abfe8df75ac2023ed;1;RW;Bit;TabEscritaBinRele;Coil;137;Binary output;57;0;1;0;1;;;;0=Não\1=Sim;0=No\1=Yes;;;;Público;Parâmetro de configuração do relé 2 para modo local;Parameter of relay 2 setting for local mode;;;;;;Geral;General;;Relés;Relays;;Parâmetro;;;;;
01eeebeef0604c6f914d02977f620654;1;RW;Bit;TabEscritaBinRele;Coil;138;Binary output;58;0;1;0;1;;;;0=Não\1=Sim;0=No\1=Yes;;;;Público;Parâmetro de configuração do relé 3 para modo local;Parameter of relay 3 setting for local mode;;;;;;Geral;General;;Relés;Relays;;Parâmetro;;;;;
ae8140354920461580af6dd24ea3823c;1;RW;Bit;TabEscritaBinRele;Coil;139;Binary output;59;0;1;0;1;;;;0=Não\1=Sim;0=No\1=Yes;;;;Público;Parâmetro de configuração do relé 4 para modo local;Parameter of relay 4 setting for local mode;;;;;;Geral;General;;Relés;Relays;;Parâmetro;;;;;
7ab396dd1cd3410aa1bb71e2a05bb7ee;1;RW;Bit;TabEscritaBinRele;Coil;140;Binary output;60;0;1;0;1;;;;0=Não\1=Sim;0=No\1=Yes;;;;Público;Parâmetro de configuração do relé 5 para modo local;Parameter of relay 5 setting for local mode;;;;;;Geral;General;;Relés;Relays;;Parâmetro;;;;;
e489f5b588994641a3ca978402b7cc6d;1;RW;Bit;TabEscritaBinRele;Coil;141;Binary output;61;0;1;0;1;;;;0=Não\1=Sim;0=No\1=Yes;;;;Público;Parâmetro de configuração do relé 1 para modo remoto;Parameter of relay 1 setting for remote mode;;;;;;Geral;General;;Relés;Relays;;Parâmetro;;;;;
3452c2889ff4461cabf74acb258241ca;1;RW;Bit;TabEscritaBinRele;Coil;142;Binary output;62;0;1;0;1;;;;0=Não\1=Sim;0=No\1=Yes;;;;Público;Parâmetro de configuração do relé 2 para modo remoto;Parameter of relay 2 setting for remote mode;;;;;;Geral;General;;Relés;Relays;;Parâmetro;;;;;
39f206b48fe6442580b1d86e6846ad58;1;RW;Bit;TabEscritaBinRele;Coil;143;Binary output;63;0;1;0;1;;;;0=Não\1=Sim;0=No\1=Yes;;;;Público;Parâmetro de configuração do relé 3 para modo remoto;Parameter of relay 3 setting for remote mode;;;;;;Geral;General;;Relés;Relays;;Parâmetro;;;;;
0fda8ef7388b4930b947f464b4398d17;1;RW;Bit;TabEscritaBinRele;Coil;144;Binary output;64;0;1;0;1;;;;0=Não\1=Sim;0=No\1=Yes;;;;Público;Parâmetro de configuração do relé 4 para modo remoto;Parameter of relay 4 setting for remote mode;;;;;;Geral;General;;Relés;Relays;;Parâmetro;;;;;
c78ad43bfde64317a5571e8966614d92;1;RW;Bit;TabEscritaBinRele;Coil;145;Binary output;65;0;1;0;1;;;;0=Não\1=Sim;0=No\1=Yes;;;;Público;Parâmetro de configuração do relé 5 para modo remoto;Parameter of relay 5 setting for remote mode;;;;;;Geral;General;;Relés;Relays;;Parâmetro;;;;;
;;;;;;;;;;;;;;;;;;;;;;;;;;;;;;;;;;;;;;;;
b1b940f0aa80453d8220459cc8af8af1;1;RW;16;TabEscritaContatoMolhado;Holding register;200;Analog output;3;0;6;0;1;;;;0=-=Desabilitado\1=Remoto/Local\2=Autom./Manual\3=Subir tap\4=Baixar tap\5=Bloquear Comutador\6=Habilitar concentrador de paralelismo;0=Disable\1=Remote/Local\2=Autom./Manual\3=Raise tap\4=Lower tap\5=Block OLTC\6=Enable parallelism concentrator;;DIGI;;Público;Parâmetro de configuração do contato molhado 1;Parameter of configuration of wet contact 1;;;;;;Geral;General;;Contatos digitais;Digital contacts;;Parâmetro;;;SDVDIGI_$GGIO1$SP$SPCSO1$setMag$i \ SDVDIGI_$GGIO1$SP$SPCSO1$setMag$f;;
f22d743f099f4734b9592bf0666a1c44;1;RW;16;TabEscritaContatoMolhado;Holding register;201;Analog output;4;0;6;0;1;;;;0=-=Desabilitado\1=Remoto/Local\2=Autom./Manual\3=Subir tap\4=Baixar tap\5=Bloquear Comutador\6=Habilitar concentrador de paralelismo;0=Disable\1=Remote/Local\2=Autom./Manual\3=Raise tap\4=Lower tap\5=Block OLTC\6=Enable parallelism concentrator;;DIGI;;Público;Parâmetro de configuração do contato molhado 2;Parameter of configuration of wet contact 2;;;;;;Geral;General;;Contatos digitais;Digital contacts;;Parâmetro;;;SDVDIGI_$GGIO1$SP$SPCSO2$setMag$i \ SDVDIGI_$GGIO1$SP$SPCSO2$setMag$f;;
dbcdd4131a354028898ba945b1864e5d;1;RW;16;TabEscritaContatoMolhado;Holding register;202;Analog output;5;0;6;0;1;;;;0=-=Desabilitado\1=Remoto/Local\2=Autom./Manual\3=Subir tap\4=Baixar tap\5=Bloquear Comutador\6=Habilitar concentrador de paralelismo;0=Disable\1=Remote/Local\2=Autom./Manual\3=Raise tap\4=Lower tap\5=Block OLTC\6=Enable parallelism concentrator;;DIGI;;Público;Parâmetro de configuração do contato molhado 3;Parameter of configuration of wet contact 3;;;;;;Geral;General;;Contatos digitais;Digital contacts;;Parâmetro;;;SDVDIGI_$GGIO1$SP$SPCSO3$setMag$i \ SDVDIGI_$GGIO1$SP$SPCSO3$setMag$f;;
441f60cc8fd8497db5eb1ef919fe2b7e;1;RW;16;TabEscritaContatoMolhado;Holding register;203;Analog output;6;0;6;0;1;;;;0=-=Desabilitado\1=Remoto/Local\2=Autom./Manual\3=Subir tap\4=Baixar tap\5=Bloquear Comutador\6=Habilitar concentrador de paralelismo;0=Disable\1=Remote/Local\2=Autom./Manual\3=Raise tap\4=Lower tap\5=Block OLTC\6=Enable parallelism concentrator;;DIGI;;Público;Parâmetro de configuração do contato molhado 4;Parameter of configuration of wet contact 4;;;;;;Geral;General;;Contatos digitais;Digital contacts;;Parâmetro;;;SDVDIGI_$GGIO1$SP$SPCSO4$setMag$i \ SDVDIGI_$GGIO1$SP$SPCSO4$setMag$f;;
bf04c7fd7f55465ab4be72046876852e;1;RW;16;TabEscritaContatoMolhado;Holding register;204;Analog output;7;0;6;0;1;;;;0=-=Desabilitado\1=Remoto/Local\2=Autom./Manual\3=Subir tap\4=Baixar tap\5=Bloquear Comutador\6=Habilitar concentrador de paralelismo;0=Disable\1=Remote/Local\2=Autom./Manual\3=Raise tap\4=Lower tap\5=Block OLTC\6=Enable parallelism concentrator;;DIGI;;Público;Parâmetro de configuração do contato molhado 5;Parameter of configuration of wet contact 5;;;;;;Geral;General;;Contatos digitais;Digital contacts;;Parâmetro;;;SDVDIGI_$GGIO1$SP$SPCSO5$setMag$i \ SDVDIGI_$GGIO1$SP$SPCSO5$setMag$f;;
0316ad09a91e42978996201295c0572c;1;RW;16;TabEscritaContatoMolhado;Holding register;205;Analog output;8;0;6;0;1;;;;0=-=Desabilitado\1=Remoto/Local\2=Autom./Manual\3=Subir tap\4=Baixar tap\5=Bloquear Comutador\6=Habilitar concentrador de paralelismo;0=Disable\1=Remote/Local\2=Autom./Manual\3=Raise tap\4=Lower tap\5=Block OLTC\6=Enable parallelism concentrator;;DIGI;;Público;Parâmetro de configuração do contato molhado 6;Parameter of configuration of wet contact 6;;;;;;Geral;General;;Contatos digitais;Digital contacts;;Parâmetro;;;SDVDIGI_$GGIO1$SP$SPCSO6$setMag$i \ SDVDIGI_$GGIO1$SP$SPCSO6$setMag$f;;
05ecb24d87e2456d8635ac4a0e35857d;1;RW;16;TabEscritaContatoMolhado;Holding register;206;Analog output;9;0;1;0;1;;;;0=Latch\1=Pulse;0=Latch\1=Pulse;;DIGI;;Público;Parâmetro de modo de leitura das entradas digitais;Parameter of digital input reading mode;;;;;;Geral;General;;Contatos digitais;Digital contacts;;Parâmetro;;;SDVDIGI_$GGIO1$SP$SPCSO0$setMag$i \ SDVDIGI_$GGIO1$SP$SPCSO0$setMag$f;;
;;;;;;;;;;;;;;;;;;;;;;;;;;;;;;;;;;;;;;;;
bc28368366a14b74afa3c386ee50e34f;1;RW;Bit;TabEscritaBinCoroaPot;Coil;300;Binary output;66;0;1;1;1;;;;0=Não\1=Sim;0=No\1=Yes;;TAPP;;Público;Parâmetro de habilitar leitura de tap;Parameter of enable tap reading;;;;;;Regulação;Regulation;;Comutador;OLTC;;Parâmetro;;;;;
a168df06117c4454a13ec0de3814cfe8;1;RW;Bit;TabEscritaBinCoroaPot;Coil;301;Binary output;67;0;1;0;1;;;;0=Subir tensão\1=Baixar tensão;0=Raise voltage\1=Lower voltage;;TAPP;;Público;Parâmetro de configuração de comando para definir se subir o tap aumenta ou reduz a tensão;Parameter of command configuration to define whether raising the tap increases or decreases the voltage;;;;;;Regulação;Regulation;;Comutador;OLTC;;Parâmetro;;;;;
d95355e7346b47d680c39618ab7f8f46;1;RW;Bit;TabEscritaBinCoroaPot;Coil;302;Binary output;68;0;1;0;1;;;;0=Sem comando\1=Efetua reset;0=No command\1=Perform reset;;TAPP;;Público;Comando de reset tap mínimo;Command of minimum tap reset;;;;;;Regulação;Regulation;;;;;Comando;;;SDVTAPP_$YLTC1$SPC$MinRs$Oper$ctlVal;;
0d75c5f29a93429590dc348cf7cce1ac;1;RW;Bit;TabEscritaBinCoroaPot;Coil;303;Binary output;69;0;1;0;1;;;;0=Sem comando\1=Efetua reset;0=No command\1=Perform reset;;TAPP;;Público;Comando de reset tap máximo;Command of maximum tap reset;;;;;;Regulação;Regulation;;;;;Comando;;;SDVTAPP_$YLTC1$SPC$MaxRs$Oper$ctlVal;;
6a98eac9e82a48bb81fe44c34aefcc99;1;RW;Bit;TabEscritaBinCoroaPot;Coil;304;Binary output;70;0;1;0;1;;;;0=Sem comando\1=Baixar;0=No command\1=Lower;;TAPP;;Público;Comando de baixar tap;Command of decrease tap;;;;;;Regulação;Regulation;;;;;Comando;;;SDVTAPP_$YLTC1$SPC$TapChgL$Oper$ctlVal;;
b164e9ecdfe445a685bbd756609850c4;1;RW;Bit;TabEscritaBinCoroaPot;Coil;305;Binary output;71;0;1;0;1;;;;0=Sem comando\1=Subir;0=No command\1=Raise;;TAPP;;Público;Comando de subir tap;Command of increase tap;;;;;;Regulação;Regulation;;;;;Comando;;;SDVTAPP_$YLTC1$SPC$TapChgR$Oper$ctlVal;;
63b09b0462f143e194c1010479021eb2;1;RW;Bit;TabEscritaBinCoroaPot;Coil;306;Binary output;72;0;1;0;1;;;;0=Não\1=Sim;0=No\1=Yes;;TAPP;;Público;Parâmetro de ativar regra 1 das posições do tap de transição;Parameter of enable rule 1 of transition tap positions;;;;;;Regulação;Regulation;;Comutador;OLTC;;Parâmetro;;;;;
e14810542bab464db1636e1b6dedb46d;1;RW;Bit;TabEscritaBinCoroaPot;Coil;307;Binary output;73;0;1;0;1;;;;0=Não\1=Sim;0=No\1=Yes;;TAPP;;Público;Parâmetro de ativar regra 2 das posições do tap de transição;Parameter of enable rule 2 of transition tap positions;;;;;;Regulação;Regulation;;Comutador;OLTC;;Parâmetro;;;;;
25fe3f2e82f34dd181deced7fab15d03;1;RW;Bit;TabEscritaBinCoroaPot;Coil;308;Binary output;74;0;1;0;1;;;;0=Não\1=Sim;0=No\1=Yes;;TAPP;;Público;Parâmetro de ativar regra 3 das posições do tap de transição;Parameter of enable rule 3 of transition tap positions;;;;;;Regulação;Regulation;;Comutador;OLTC;;Parâmetro;;;;;
01b47d642ddf40abae10de9d64ab48bd;1;RW;Bit;TabEscritaBinCoroaPot;Coil;309;Binary output;75;0;1;0;1;;;;0=Não\1=Sim;0=No\1=Yes;;TAPP;;Público;Parâmetro de habilitar resistência nos taps intermediários - Regra 1;Parameter of enable resistance on intermediate taps - Rule 1;;;;;;Regulação;Regulation;;Comutador;OLTC;;Parâmetro;;;;;
0bba01e29ded4c688b61104f29f00d58;1;RW;Bit;TabEscritaBinCoroaPot;Coil;310;Binary output;76;0;1;0;1;;;;0=Não\1=Sim;0=No\1=Yes;;TAPP;;Público;Parâmetro de habilitar resistência nos taps intermediários - Regra 2;Command of enable resistance on intermediate taps - Rule 2;;;;;;Regulação;Regulation;;Comutador;OLTC;;Parâmetro;;;;;
50c5581ebeb54d3cb192322ae8df1a68;1;RW;Bit;TabEscritaBinCoroaPot;Coil;311;Binary output;77;0;1;0;1;;;;0=Não\1=Sim;0=No\1=Yes;;TAPP;;Público;Parâmetro de habilitar resistência nos taps intermediários - Regra 3;Command of enable resistance on intermediate taps - Rule 3;;;;;;Regulação;Regulation;;Comutador;OLTC;;Parâmetro;;;;;
2dfb760bf468486c9dbe28a0670f5b5e;1;RW;Bit;TabEscritaBinCoroaPot;Coil;312;Binary output;78;0;1;0;1;;;;0=Sem comando\1=Calibrar;0=No command\1=Calibrate;;TAPP;;Público;Comando de calibrar a coroa potenciométrica (curto na parte baixa);Command of potentiometric transmitter calibration - Short circuit in the lower part;;;;;;Regulação;Regulation;;;;;Comando;;;;;
c65da47fbd724feaba1a104a1004287c;1;RW;Bit;TabEscritaBinCoroaPot;Coil;313;Binary output;79;0;1;0;1;;;;0=Sem comando\1=Calibrar;0=No command\1=Calibrate;;TAPP;;Público;Comando de calibrar a coroa potenciométrica (curto na parte alta);Command of potentiometric transmitter calibration - Short circuit in the upper part;;;;;;Regulação;Regulation;;;;;Comando;;;;;
aa8d708e4f884ffcb1ae7dc27483883a;1;RW;Bit;TabEscritaBinCoroaPot;Coil;314;Binary output;80;0;1;0;1;;;;0=Não\1=Sim;0=No\1=Yes;;TAPP;;Público;Parâmetro de associação do relé 1 para autodiagnóstico de leitura de tap;Parameter of relay 1 assignment to tap reading self-diagnosis;;;;;;;;;;;;Debug;;;;;
ff41da839bb04fa99c3b355296995dad;1;RW;Bit;TabEscritaBinCoroaPot;Coil;315;Binary output;81;0;1;0;1;;;;0=Não\1=Sim;0=No\1=Yes;;TAPP;;Público;Parâmetro de associação do relé 2 para autodiagnóstico de leitura de tap;Parameter of relay 2 assignment to tap reading self-diagnosis;;;;;;;;;;;;Debug;;;;;
c4924151391d4ca8b31327fc75b498fd;1;RW;Bit;TabEscritaBinCoroaPot;Coil;316;Binary output;82;0;1;0;1;;;;0=Não\1=Sim;0=No\1=Yes;;TAPP;;Público;Parâmetro de associação do relé 3 para autodiagnóstico de leitura de tap;Parameter of relay 3 assignment to tap reading self-diagnosis;;;;;;;;;;;;Debug;;;;;
f95dc4479a9b4c20bc14b11f0bd9f501;1;RW;Bit;TabEscritaBinCoroaPot;Coil;317;Binary output;83;0;1;0;1;;;;0=Não\1=Sim;0=No\1=Yes;;TAPP;;Público;Parâmetro de associação do relé 4 para autodiagnóstico de leitura de tap;Parameter of relay 4 assignment to tap reading self-diagnosis;;;;;;;;;;;;Debug;;;;;
736850a104a243a6bf5235faddd00027;1;RW;Bit;TabEscritaBinCoroaPot;Coil;318;Binary output;84;0;1;0;1;;;;0=Não\1=Sim;0=No\1=Yes;;TAPP;;Público;Parâmetro de associação do relé 5 para autodiagnóstico de leitura de tap;Parameter of relay 5 assignment to tap reading self-diagnosis;;;;;;;;;;;;Debug;;;;;
;;;;;;;;;;;;;;;;;;;;;;;;;;;;;;;;;;;;;;;;
2bf20f0825ed4388a3d2f9bdf16b17dc;1;RW;16;TabEscritaCoroaPot;Holding register;300;Analog output;10;0;2;0;1;;;;0=Coroa Potenciométrica\1=BCD\2=Loop de corrente mA;0=Potentiometric crown\1=BCD\2=mA current loop;;TAPP;;Público;Parâmetro de seleção do tipo do sensor de medição de posição do comutador;Parameter of selecting the type of the OLTC position measuring sensor;;;;;;Regulação;Regulation;;Comutador;OLTC;;Parâmetro;;;;;
fe7cb88a8f35464db88c5db69cd3dced;1;RW;16;TabEscritaCoroaPot;Holding register;301;Analog output;11;1;49;33;1;;;;;;;TAPP;;Público;Parâmetro de número de taps que o comutador possui;Parameter of number of taps the OLTC has;;;;;;Regulação;Regulation;;Comutador;OLTC;;Parâmetro;;;;;
77a485aad1734970be36d1a4f7526a26;1;RW;16;TabEscritaCoroaPot;Holding register;302;Analog output;12;0;4;4;1;;;;0=Bilateral\1=Bilateral inverso\2=Alfanumérico\3=Alfanumérico inverso\4=Numérico simples;0=Bilateral\1=Inverse Bilateral\2=Alphanumeric\3=Inverse Alphanumeric\4=Simple Numeric;0=Bilateral\1=Bilateral Inverso\2=Alfanumerico\3=Alfanumerico Inverso\4=Numerico Simple;TAPP;;Público;Parâmetro de configuração do tipo de indicação de tap;Parameter of configuration of tap indication type;;;;;;Regulação;Regulation;;Comutador;OLTC;;Parâmetro;;;;;
abb0ea2304fc4d4b80c35b33e7442eed;1;RW;16;TabEscritaCoroaPot;Holding register;303;Analog output;13;47;200;100;10;ohms;ohms;;;;;TAPP;;Público;Parâmetro de configuração da resistência entre passos da coroa potenciométrica;Parameter of setting the resistance between potentiometric transmitter steps;;;;;;Regulação;Regulation;;Comutador;OLTC;;Parâmetro;;;;;
d49bb588edc4493db3066c3b8e43fe77;1;RW;16;TabEscritaCoroaPot;Holding register;304;Analog output;14;1;100;10;1;s;s;;;;;TAPP;;Público;Parâmetro de configuração do tempo de comutação;Parameter of configuration of tap changing time;;;;;;Regulação;Regulation;;Comutador;OLTC;;Parâmetro;;;;;
894de3b92bcc41b7acb1aaa5d3584977;1;RW;16;TabEscritaCoroaPot;Holding register;305;Analog output;15;2;34;17;1;;;;;;;TAPP;;Público;Parâmetro de tap central;Parameter of central tap;;;;;;Regulação;Regulation;;Comutador;OLTC;;Parâmetro;;;;;
e47accd885194071a5f5f37180531162;1;RW;16;TabEscritaCoroaPot;Holding register;306;Analog output;16;1;49;1;1;;;;;;;TAPP;;Público;Parâmetro de tap mínimo;Parameter of minimum tap;;;;;;Regulação;Regulation;;Comutador;OLTC;;Parâmetro;;;;;
9ddafff896b24392b1315eeceeea7c3d;1;RW;16;TabEscritaCoroaPot;Holding register;307;Analog output;17;1;49;33;1;;;;;;;TAPP;;Público;Parâmetro de tap máximo;Parameter of maximum tap;;;;;;Regulação;Regulation;;Comutador;OLTC;;Parâmetro;;;;;
2f0892b68c974565b2f4e16ffba28519;1;RW;16;TabEscritaCoroaPot;Holding register;308;Analog output;18;0;2;0;1;;;;0=Stop\1=Baixar\2=Subir;0=Stop\1=Lower\2=Raise;;TAPP;;Público;Comando de tap;Command of tap;;;;;;Regulação;Regulation;;;;;Comando;;;;;
b3e7f3626c35456080e51975daa6e9da;1;RW;16;TabEscritaCoroaPot;Holding register;309;Analog output;19;0;5;0;1;;;;;;;TAPP;;Público;Parâmetro de configuração do offset inicial da coroa potenciométrica;Parameter of setting the initial offset of the potentiometric transmitter;;;;;;Regulação;Regulation;;Comutador;OLTC;;Parâmetro;;;;;
91353ddd3df9406fb28aec5ae80969bc;1;RW;16;TabEscritaCoroaPot;Holding register;310;Analog output;20;0;5;0;1;;;;;;;TAPP;;Público;Parâmetro de configuração do offset final da coroa potenciométrica;Parameter of setting the final offset of the potentiometric transmitter;;;;;;Regulação;Regulation;;Comutador;OLTC;;Parâmetro;;;;;
1e249de2e9ba424984b03f4e51cf8218;1;RW;16;TabEscritaCoroaPot;Holding register;311;Analog output;21;1;48;1;1;;;;;;;TAPP;;Público;Parâmetro de posição do tap intermediário - Regra 1;Parameter of intermediate tap position - Rule 1;;;;;;Regulação;Regulation;;Comutador;OLTC;;Parâmetro;;;;;
e4acabb0ea304538878153d3c0ac68af;1;RW;16;TabEscritaCoroaPot;Holding register;312;Analog output;22;2;5;2;1;;;;;;;TAPP;;Público;Parâmetro de quantidade de taps intermediários - Regra 1;Parameter of number of intermediate taps - Rule 1;;;;;;Regulação;Regulation;;Comutador;OLTC;;Parâmetro;;;;;
9b6e8513643a4f2e901ba14ef53650a5;1;RW;16;TabEscritaCoroaPot;Holding register;313;Analog output;23;1;48;1;1;;;;;;;TAPP;;Público;Parâmetro de posição do tap intermediário - Regra 2;Parameter of intermediate tap position - Rule 2;;;;;;Regulação;Regulation;;Comutador;OLTC;;Parâmetro;;;;;
337e0079b6ec48b392df8e8411d9f9ec;1;RW;16;TabEscritaCoroaPot;Holding register;314;Analog output;24;2;5;2;1;;;;;;;TAPP;;Público;Parâmetro de quantidade de taps intermediários - Regra 2;Parameter of number of intermediate taps - Rule 2;;;;;;Regulação;Regulation;;Comutador;OLTC;;Parâmetro;;;;;
8d95d5994eb24e33b3add32ff4dae3dc;1;RW;16;TabEscritaCoroaPot;Holding register;315;Analog output;25;1;48;1;1;;;;;;;TAPP;;Público;Parâmetro de posição do tap intermediário - Regra 3;Parameter of intermediate tap position - Rule 3;;;;;;Regulação;Regulation;;Comutador;OLTC;;Parâmetro;;;;;
af766014131c4bf5b0d8a091994b0d4d;1;RW;16;TabEscritaCoroaPot;Holding register;316;Analog output;26;2;5;2;1;;;;;;;TAPP;;Público;Parâmetro de quantidade de taps intermediários - Regra 3;Parameter of number of intermediate taps - Rule 3;;;;;;Regulação;Regulation;;Comutador;OLTC;;Parâmetro;;;;;
72ef3a5bf6d940aaa82ebe895b780ef1;1;RW;16;TabEscritaCoroaPot;Holding register;317;Analog output;27;0;2;0;1;;;;0=Normal\1=Cal. simples\2=Cal. Avançada;0=Normal\1=simple\2=advanced;;TAPP;;Público;Parâmetro de método de medição da coroa potenciométrica;Parameter of potentiometric transmitter measurement method;;;;;;Regulação;Regulation;;Comutador;OLTC;;Parâmetro;;;;;
48cbb7c6e7ef495fbf6e9b2b4e33c016;1;RW;16;TabEscritaCoroaPot;Holding register;318;Analog output;28;1;49;1;1;;;;;;;TAPP;;Público;Parâmetro de posição do tap no momento da calibração;Parameter of tap position at calibration;;;;;;Regulação;Regulation;;Comutador;OLTC;;Parâmetro;;;;;
e828f5cd4f1449309acd919f27935044;1;RW;16;TabEscritaCoroaPot;Holding register;319;Analog output;29;-55;200;25;1;°C;°C;;;;;TAPP;;Público;Parâmetro de temperatura da coroa no momento da calibração;Parameter of transmitter temperature at time of calibration;;;;;;Regulação;Regulation;;Comutador;OLTC;;Parâmetro;;;;;
ad3c339d0f9d4d0ca722d1f145d16567;1;RW;16;TabEscritaCoroaPot;Holding register;320;Analog output;30;-55;200;25;1;°C;°C;;;;;TAPP;;Público;Parâmetro de temperatura dos fios de ligação da coroa no momento da calibração;Parameter of temperature of the transmitter connection wires at the time of calibration;;;;;;Regulação;Regulation;;Comutador;OLTC;;Parâmetro;;;;;
d5343d6cbfc64335825c0a3ab941aebd;1;RW;16;TabEscritaCoroaPot;Holding register;321;Analog output;31;60;150;100;10;V;V;;;;;TAPP;;Público;Parâmetro de alarme por tensão alta no cursor da coroa potenciométrica;Parameter of alarm due to high voltage on the potentiometric transmitter cursor;;;;;;Regulação;Regulation;;Comutador;OLTC;;Parâmetro;;;;;
cbfeb08372dd47efb28a672095f6fa8c;1;RW;16;TabEscritaCoroaPot;Holding register;322;Analog output;32;0;3;2;1;;;;0=0..5 mA\1=0..10 mA\2=0..20 mA\3=4..20 mA ;0=0..5 mA\1=0..10 mA\2=0..20 mA\3=4..20 mA ;;TAPP;;Público;Parâmetro de escala da corrente do sensor de tap mA ;Parameter of current scale of the mA tap sensor;;;;;;Regulação;Regulation;;Comutador;OLTC;;Parâmetro;;;;;
;;;;;;;;;;;;;;;;;;;;;;;;;;;;;;;;;;;;;;;;
a419696dc1634b7ca726ceff9c37931e;1;RW;16;TabEscritaTc;Holding register;400;Analog output;33;1;10000;3030;1;;;;;;;;;Público;Parâmetro de relação do TC1;Parameter of CT1 ratio;;;;;;Geral;General;;Geral;General;;Parâmetro;;;;;
4380153bad874ba487fd0a0e4d69214b;1;RW;16;TabEscritaTc;Holding register;401;Analog output;34;1;10000;3030;1;;;;;;;;;Público;Parâmetro de relação do TC2;Parameter of CT2 ratio;;;;;;Geral;General;;Geral;General;;Parâmetro;;;;;
5e10eeddf6654a6494e7ce726085939a;1;RW;16;TabEscritaTc;Holding register;402;Analog output;35;1;10000;3030;1;;;;;;;;;Público;Parâmetro de relação do TC3;Parameter of CT3 ratio;;;;;;Geral;General;;Geral;General;;Parâmetro;;;;;
c7eace3e8e134371861ecfb382e1e766;1;RW;16;TabEscritaTc;Holding register;403;Analog output;36;1;65535;3030;1;;;;;;;;;Público;Parâmetro de relação do TC do grupo de resfriamento 1;Parameter of CT ratio of cooling group 1;;;;;;Temperatura;Temperature;;Configuração;Configurations;;Parâmetro;;;;;
6dca7de14c5b45ba9bd3a758ef852925;1;RW;16;TabEscritaTc;Holding register;404;Analog output;37;1;65535;3030;1;;;;;;;;;Público;Parâmetro de relação do TC do grupo de resfriamento 2;Parameter of CT ratio of cooling group 2;;;;;;Temperatura;Temperature;;Configuração;Configurations;;Parâmetro;;;;;
b144e15d5b414d51a062aeb36bf87a3e;1;RW;16;TabEscritaTc;Holding register;405;Analog output;38;1;65535;3030;1;;;;;;;;;Público;Parâmetro de relação do TC do grupo de resfriamento 3;Parameter of CT ratio of cooling group 3;;;;;;Temperatura;Temperature;;Configuração;Configurations;;Parâmetro;;;;;
8fafd45071b249868693dff23265d18f;1;RW;16;TabEscritaTc;Holding register;406;Analog output;39;1;65535;3030;1;;;;;;;;;Público;Parâmetro de relação do TC do grupo de resfriamento 4;Parameter of CT ratio of cooling group 4;;;;;;Temperatura;Temperature;;Configuração;Configurations;;Parâmetro;;;;;
;;;;;;;;;;;;;;;;;;;;;;;;;;;;;;;;;;;;;;;;
ce07f05cb3354d29a7c7be5f43b8a638;1;RW;Bit;TabEscritaBinConcentrador;Coil;500;Binary output;85;0;1;0;1;;;;0=Não\1=Sim;0=No\1=Yes;;CONC;;Público;Parâmetro de habilitar concentrador de paralelismo;Parameter of enable parallelism concentrator;;;;;;Concentrador;Concentrator;;Paralelismo;Parallelism;;Parâmetro;;;;;
3f17b59ea5a04f7fb2c598970324a9aa;1;RW;Bit;TabEscritaBinConcentrador;Coil;501;Binary output;466;0;1;0;1;;;;0=Não\1=Sim;0=No\1=Yes;;CONC;;Público;Parâmetro de habilitar funcionalidade If Down Up;Parameter of enable If Down Up;;;;;;Concentrador;Concentrator;;Paralelismo;Parallelism;;Parâmetro;;;;;
;;;;;;;;;;;;;;;;;;;;;;;;;;;;;;;;;;;;;;;;
a8bde194a9de4343b8dbac9d649bed3b;1;RW;16;TabEscritaConcentrador;Holding register;500;Analog output;40;1;65535;1;1;;;;;;;CONC;;Público;Parâmetro de ID do concentrador de paralelismo;Parameter of parallelism concentrator ID;;;;;;Concentrador;Concentrator;;Paralelismo;Parallelism;;Parâmetro;;;SDVCONC_$LPHD1$SP$ParConcID$setMag$i \ SDVCONC_$LPHD1$SP$ParConcID$setMag$f;;
;;;;;;;;;;;;;;;;;;;;;;;;;;;;;;;;;;;;;;;;
0751a266a96e41f5be23f3022fd2a39a;1;RW;Bit;TabEscritaBinSps1;Coil;600;Binary output;86;0;1;0;1;;;;0=Banco\1=Fase Individual;0=Bank\1=Individual Phase;;CONC;;Público;Parâmetro de funcionamento do SPS endereço 1 - Modo banco ou fase individual;Parameter of SPS address 1 operation - Individual phase or bank;;;;;;Concentrador;Concentrator;;Paralelismo;Parallelism;;Parâmetro;;;SDVCONC_$YLTC1$SP$SetAuto$setMag$i \ SDVCONC_$YLTC1$SP$SetAuto$setMag$f;;
ea977ffa1867428b8f69080d00ca9bcc;1;RW;Bit;TabEscritaBinSps1;Coil;601;Binary output;87;0;1;0;1;;;;0=Remoto\1=Local;0=Remote\1=Local;;CONC;;Público;Parâmetro de funcionamento do SPS endereço 1 - Modo remoto ou local;Parameter of SPS address 1 operation - Remote or local;;;;;;Concentrador;Concentrator;;Paralelismo;Parallelism;;Parâmetro;;;SDVCONC_$YLTC1$SP$SetLoc$setMag$i \ SDVCONC_$YLTC1$SP$SetLoc$setMag$f;;
f29e7e41958a42fdb32732ecbee089aa;1;RW;Bit;TabEscritaBinSps1;Coil;602;Binary output;88;0;1;0;1;;;;0=Sem comando\1=Baixar;0=No command\1=Lower;;CONC;;Público;Parâmetro de funcionamento do SPS endereço 1 - Comando de baixar tap;Parameter of SPS address 1 operation - Command to lower tap;;;;;;Concentrador;Concentrator;;Parallelism;Parallelism;;Comando;;;SDVCONC_$YLTC1$SPC$TapChgL$Oper$ctlVal;;
2465f4d2befb4072861f81446f82188f;1;RW;Bit;TabEscritaBinSps1;Coil;603;Binary output;89;0;1;0;1;;;;0=Sem comando\1=Subir;0=No command\1=Raise;;CONC;;Público;Parâmetro de funcionamento do SPS endereço 1 - Comando de subir tap;Parameter of SPS address 1 operation - Command to raise tap;;;;;;Concentrador;Concentrator;;Parallelism;Parallelism;;Comando;;;SDVCONC_$YLTC1$CO$TapChgR$Oper$ctlVal;;
;;;;;;;;;;;;;;;;;;;;;;;;;;;;;;;;;;;;;;;;
94ec014dbdd34594a0a09153d69bc5d1;1;RW;Bit;TabEscritaBinSps2;Coil;700;Binary output;90;0;1;0;1;;;;0=Banco\1=Fase Individual;0=Bank\1=Individual Phase;;CONC;;Público;Parâmetro de funcionamento do SPS endereço 2 - Modo banco ou fase individual;Parameter of SPS address 2 operation - Individual phase or bank;;;;;;Concentrador;Concentrator;;Paralelismo;Parallelism;;Parâmetro;;;SDVCONC_$YLTC2$SP$SetAuto$setMag$i \ SDVCONC_$YLTC2$SP$SetAuto$setMag$f;;
3b34a95b452840c09ad6d6f6b02b3bb9;1;RW;Bit;TabEscritaBinSps2;Coil;701;Binary output;91;0;1;0;1;;;;0=Remoto\1=Local;0=Remote\1=Local;;CONC;;Público;Parâmetro de funcionamento do SPS endereço 2 - Modo remoto ou local;Parameter of SPS address 2 operation - Remote or local;;;;;;Concentrador;Concentrator;;Paralelismo;Parallelism;;Parâmetro;;;SDVCONC_$YLTC2$SP$SetLoc$setMag$i \ SDVCONC_$YLTC2$SP$SetLoc$setMag$f;;
651d6c275bda401b891722932fe67349;1;RW;Bit;TabEscritaBinSps2;Coil;702;Binary output;92;0;1;0;1;;;;0=Sem comando\1=Baixar;0=No command\1=Lower;;CONC;;Público;Parâmetro de funcionamento do SPS endereço 2 - Comando de baixar tap;Parameter of SPS address 2 operation - Command to lower tap;;;;;;Concentrador;Concentrator;;Parallelism;Parallelism;;Comando;;;SDVCONC_$YLTC2$CO$TapChgL$Oper$ctlVal;;
c0185ff840e9475bb67b4dea627cf2c3;1;RW;Bit;TabEscritaBinSps2;Coil;703;Binary output;93;0;1;0;1;;;;0=Sem comando\1=Subir;0=No command\1=Raise;;CONC;;Público;Parâmetro de funcionamento do SPS endereço 2 - Comando de subir tap;Parameter of SPS address 2 operation - Command to raise tap;;;;;;Concentrador;Concentrator;;Parallelism;Parallelism;;Comando;;;SDVCONC_$YLTC2$CO$TapChgR$Oper$ctlVal;;
;;;;;;;;;;;;;;;;;;;;;;;;;;;;;;;;;;;;;;;;
94f3dd7904f346e3a5f72e43fe65462d;1;RW;Bit;TabEscritaBinSps3;Coil;800;Binary output;94;0;1;0;1;;;;0=Automático\1=Manual;0=Automatic\1=Manual;;CONC;;Público;Parâmetro de funcionamento do SPS endereço 3 - Modo automático ou manual;Parameter of SPS address 3 operation - Automatic or manual mode;;;;;;Concentrador;Concentrator;;Paralelismo;Parallelism;;Parâmetro;;;SDVCONC_$YLTC3$SP$SetAuto$setMag$i \ SDVCONC_$YLTC3$SP$SetAuto$setMag$f;;
ec89d80c7c0c4103935afbaf6ffc3429;1;RW;Bit;TabEscritaBinSps3;Coil;801;Binary output;95;0;1;0;1;;;;0=Remoto\1=Local;0=Remote\1=Local;;CONC;;Público;Parâmetro de funcionamento do SPS endereço 3 - Modo remoto ou local;Parameter of SPS address 3 operation - Remote or local;;;;;;Concentrador;Concentrator;;Paralelismo;Parallelism;;Parâmetro;;;SDVCONC_$YLTC3$SP$SetLoc$setMag$i \ SDVCONC_$YLTC3$SP$SetLoc$setMag$f;;
1a52f9d3ba844ea8baf7ea186cc4598b;1;RW;Bit;TabEscritaBinSps3;Coil;802;Binary output;96;0;1;0;1;;;;0=Sem comando\1=Baixar;0=No command\1=Lower;;CONC;;Público;Parâmetro de funcionamento do SPS endereço 3 - Comando de baixar tap;Parameter of SPS address 3 operation - Command to lower tap;;;;;;Concentrador;Concentrator;;Parallelism;Parallelism;;Comando;;;SDVCONC_$YLTC3$CO$TapChgL$Oper$ctlVal;;
00ae921e7d3845bb97f636cad7df7401;1;RW;Bit;TabEscritaBinSps3;Coil;803;Binary output;97;0;1;0;1;;;;0=Sem comando\1=Subir;0=No command\1=Raise;;CONC;;Público;Parâmetro de funcionamento do SPS endereço 3 - Comando de subir tap;Parameter of SPS address 3 operation - Command to raise tap;;;;;;Concentrador;Concentrator;;Parallelism;Parallelism;;Comando;;;SDVCONC_$YLTC3$CO$TapChgR$Oper$ctlVal;;
2aa446ffb56442ab95c37e9546b29ae0;1;RW;Bit;TabEscritaBinSps3;Coil;804;Binary output;98;0;1;0;1;;;;0=Não\1=Sim;0=No\1=Yes;;CONC;;Público;Parâmetro de funcionamento do SPS endereço 3 - Configuração individual;Parameter of SPS address 3 operation - Set as individual;;;;;;Concentrador;Concentrator;;Configuração;Configuration;;Comando;;;SDVCONC_$YLTC3$SP$CtlIndv$setMag$i \ SDVCONC_$YLTC3$SP$CtlIndv$setMag$f;;
3fd6d4d338c64e4284d4b60eb95d8d78;1;RW;Bit;TabEscritaBinSps3;Coil;805;Binary output;99;0;1;0;1;;;;0=Não\1=Sim;0=No\1=Yes;;CONC;;Público;Parâmetro de funcionamento do SPS endereço 3 - Configuração mestre;Parameter of SPS address 3 operation - Set as master;;;;;;Concentrador;Concentrator;;Configuração;Configuration;;Comando;;;SDVCONC_$YLTC3$SP$CtlMstr$setMag$i \ SDVCONC_$YLTC3$SP$CtlMstr$setMag$f;;
bfcaaad6e3844040822529a81a0a3b08;1;RW;Bit;TabEscritaBinSps3;Coil;806;Binary output;100;0;1;0;1;;;;0=Não\1=Sim;0=No\1=Yes;;CONC;;Público;Parâmetro de funcionamento do SPS endereço 3 - Configuração comandado;Parameter of SPS address 3 operation - Set as follower;;;;;;Concentrador;Concentrator;;Configuração;Configuration;;Comando;;;SDVCONC_$YLTC3$SP$CtlFlwr$setMag$i \ SDVCONC_$YLTC3$SP$CtlFlwr$setMag$f;;
;;;;;;;;;;;;;;;;;;;;;;;;;;;;;;;;;;;;;;;;
eefaa48ae36a4dc7af58d7db2d688a19;1;RW;Bit;TabEscritaBinSps4;Coil;900;Binary output;101;0;1;0;1;;;;0=Banco\1=Fase Individual;0=Bank\1=Individual Phase;;CONC;;Público;Parâmetro de funcionamento do SPS endereço 4 - Modo banco ou fase individual;Parameter of SPS address 4 operation - Individual phase or bank;;;;;;Concentrador;Concentrator;;Paralelismo;Parallelism;;Parâmetro;;;SDVCONC_$YLTC4$SP$SetAuto$setMag$i \ SDVCONC_$YLTC4$SP$SetAuto$setMag$f;;
403665f6dc6646dda908fec780c7f2cc;1;RW;Bit;TabEscritaBinSps4;Coil;901;Binary output;102;0;1;0;1;;;;0=Remoto\1=Local;0=Remote\1=Local;;CONC;;Público;Parâmetro de funcionamento do SPS endereço 4 - Modo remoto ou local;Parameter of SPS address 4 operation - Remote or local;;;;;;Concentrador;Concentrator;;Paralelismo;Parallelism;;Parâmetro;;;SDVCONC_$YLTC4$SP$SetLoc$setMag$i \ SDVCONC_$YLTC4$SP$SetLoc$setMag$f;;
f0c3f72b2b634673914851da79efb00f;1;RW;Bit;TabEscritaBinSps4;Coil;902;Binary output;103;0;1;0;1;;;;0=Sem comando\1=Baixar;0=No command\1=Lower;;CONC;;Público;Parâmetro de funcionamento do SPS endereço 4 - Comando de baixar tap;Parameter of SPS address 4 operation - Command to lower tap;;;;;;Concentrador;Concentrator;;Parallelism;Parallelism;;Comando;;;SDVCONC_$YLTC4$CO$TapChgL$Oper$ctlVal;;
57a13feb3b47400d95dc8faa3690fd90;1;RW;Bit;TabEscritaBinSps4;Coil;903;Binary output;104;0;1;0;1;;;;0=Sem comando\1=Subir;0=No command\1=Raise;;CONC;;Público;Parâmetro de funcionamento do SPS endereço 4 - Comando de subir tap;Parameter of SPS address 4 operation - Command to raise tap;;;;;;Concentrador;Concentrator;;Parallelism;Parallelism;;Comando;;;SDVCONC_$YLTC4$CO$TapChgR$Oper$ctlVal;;
;;;;;;;;;;;;;;;;;;;;;;;;;;;;;;;;;;;;;;;;
783232f564014ebea697b997c024a79c;1;RW;Bit;TabEscritaBinSps5;Coil;1000;Binary output;105;0;1;0;1;;;;0=Banco\1=Fase Individual;0=Bank\1=Individual Phase;;CONC;;Público;Parâmetro de funcionamento do SPS endereço 5 - Modo banco ou fase individual;Parameter of SPS address 5 operation - Individual phase or bank;;;;;;Concentrador;Concentrator;;Paralelismo;Parallelism;;Parâmetro;;;SDVCONC_$YLTC5$SP$SetAuto$setMag$i \ SDVCONC_$YLTC5$SP$SetAuto$setMag$f;;
017d19e2d89d492285496fc6dc4cdd20;1;RW;Bit;TabEscritaBinSps5;Coil;1001;Binary output;106;0;1;0;1;;;;0=Remoto\1=Local;0=Remote\1=Local;;CONC;;Público;Parâmetro de funcionamento do SPS endereço 5 - Modo remoto ou local;Parameter of SPS address 5 operation - Remote or local;;;;;;Concentrador;Concentrator;;Paralelismo;Parallelism;;Parâmetro;;;SDVCONC_$YLTC5$SP$SetLoc$setMag$i \ SDVCONC_$YLTC5$SP$SetLoc$setMag$f;;
4c2a796a66084200b428d12993adfd98;1;RW;Bit;TabEscritaBinSps5;Coil;1002;Binary output;107;0;1;0;1;;;;0=Sem comando\1=Baixar;0=No command\1=Lower;;CONC;;Público;Parâmetro de funcionamento do SPS endereço 5 - Comando de baixar tap;Parameter of SPS address 5 operation - Command to lower tap;;;;;;Concentrador;Concentrator;;Parallelism;Parallelism;;Comando;;;SDVCONC_$YLTC5$CO$TapChgL$Oper$ctlVal;;
972931b3bd8b49baa76e258f7d8d4649;1;RW;Bit;TabEscritaBinSps5;Coil;1003;Binary output;108;0;1;0;1;;;;0=Sem comando\1=Subir;0=No command\1=Raise;;CONC;;Público;Parâmetro de funcionamento do SPS endereço 5 - Comando de subir tap;Parameter of SPS address 5 operation - Command to raise tap;;;;;;Concentrador;Concentrator;;Parallelism;Parallelism;;Comando;;;SDVCONC_$YLTC5$CO$TapChgR$Oper$ctlVal;;
;;;;;;;;;;;;;;;;;;;;;;;;;;;;;;;;;;;;;;;;
522a0e4185fc49f9a1f75a88310709dc;1;RW;Bit;TabEscritaBinSps6;Coil;1100;Binary output;109;0;1;0;1;;;;0=Automático\1=Manual;0=Automatic\1=Manual;;CONC;;Público;Parâmetro de funcionamento do SPS endereço 6 - Modo automático ou manual;Parameter of SPS address 6 operation - Automatic or manual mode;;;;;;Concentrador;Concentrator;;Paralelismo;Parallelism;;Parâmetro;;;SDVCONC_$YLTC6$SP$SetAuto$setMag$i \ SDVCONC_$YLTC6$SP$SetAuto$setMag$f;;
d56689eecdf34e4fa949c434cfda804c;1;RW;Bit;TabEscritaBinSps6;Coil;1101;Binary output;110;0;1;0;1;;;;0=Remoto\1=Local;0=Remote\1=Local;;CONC;;Público;Parâmetro de funcionamento do SPS endereço 6 - Modo remoto ou local;Parameter of SPS address 6 operation - Remote or local;;;;;;Concentrador;Concentrator;;Paralelismo;Parallelism;;Parâmetro;;;SDVCONC_$YLTC6$SP$SetLoc$setMag$i \ SDVCONC_$YLTC6$SP$SetLoc$setMag$f;;
92ec4e63c5674ad39efee6c7325b1071;1;RW;Bit;TabEscritaBinSps6;Coil;1102;Binary output;111;0;1;0;1;;;;0=Sem comando\1=Baixar;0=No command\1=Lower;;CONC;;Público;Parâmetro de funcionamento do SPS endereço 6 - Comando de baixar tap;Parameter of SPS address 6 operation - Command to lower tap;;;;;;Concentrador;Concentrator;;Parallelism;Parallelism;;Comando;;;SDVCONC_$YLTC6$CO$TapChgL$Oper$ctlVal;;
5668f8711a1a4f81807dd3c6afc6f6d1;1;RW;Bit;TabEscritaBinSps6;Coil;1103;Binary output;112;0;1;0;1;;;;0=Sem comando\1=Subir;0=No command\1=Raise;;CONC;;Público;Parâmetro de funcionamento do SPS endereço 6 - Comando de subir tap;Parameter of SPS address 6 operation - Command to raise tap;;;;;;Concentrador;Concentrator;;Parallelism;Parallelism;;Comando;;;SDVCONC_$YLTC6$CO$TapChgR$Oper$ctlVal;;
2f190cd7ba844f5fad2f0e7156bb1875;1;RW;Bit;TabEscritaBinSps6;Coil;1104;Binary output;113;0;1;0;1;;;;0=Não\1=Sim;0=No\1=Yes;;CONC;;Público;Parâmetro de funcionamento do SPS endereço 6 - Configuração individual;Parameter of SPS address 6 operation - Set as individual;;;;;;Concentrador;Concentrator;;Configuração;Configuration;;Comando;;;SDVCONC_$YLTC6$SP$CtlIndv$setMag$i \ SDVCONC_$YLTC6$SP$CtlIndv$setMag$f;;
c0c5fb3aac7146c682ce63ad562b6da3;1;RW;Bit;TabEscritaBinSps6;Coil;1105;Binary output;114;0;1;0;1;;;;0=Não\1=Sim;0=No\1=Yes;;CONC;;Público;Parâmetro de funcionamento do SPS endereço 6 - Configuração mestre;Parameter of SPS address 6 operation - Set as master;;;;;;Concentrador;Concentrator;;Configuração;Configuration;;Comando;;;SDVCONC_$YLTC6$SP$CtlMstr$setMag$i \ SDVCONC_$YLTC6$SP$CtlMstr$setMag$f;;
2e45cbcc83764ed78eb9559fa69a4e0c;1;RW;Bit;TabEscritaBinSps6;Coil;1106;Binary output;115;0;1;0;1;;;;0=Não\1=Sim;0=No\1=Yes;;CONC;;Público;Parâmetro de funcionamento do SPS endereço 6 - Configuração comandado;Parameter of SPS address 6 operation - Set as follower;;;;;;Concentrador;Concentrator;;Configuração;Configuration;;Comando;;;SDVCONC_$YLTC6$SP$CtlFlwr$setMag$i \ SDVCONC_$YLTC6$SP$CtlFlwr$setMag$f;;
;;;;;;;;;;;;;;;;;;;;;;;;;;;;;;;;;;;;;;;;
13b03f59aed04ad586cd3033e65cb1d6;1;RW;Bit;TabEscritaBinSps7;Coil;1200;Binary output;116;0;1;0;1;;;;0=Banco\1=Fase Individual;0=Bank\1=Individual Phase;;CONC;;Público;Parâmetro de funcionamento do SPS endereço 7 - Modo banco ou fase individual;Parameter of SPS address 7 operation - Individual phase or bank;;;;;;Concentrador;Concentrator;;Paralelismo;Parallelism;;Parâmetro;;;SDVCONC_$YLTC7$SP$SetAuto$setMag$i \ SDVCONC_$YLTC7$SP$SetAuto$setMag$f;;
43ede972b51a4df5a0149e27af183c7a;1;RW;Bit;TabEscritaBinSps7;Coil;1201;Binary output;117;0;1;0;1;;;;0=Remoto\1=Local;0=Remote\1=Local;;CONC;;Público;Parâmetro de funcionamento do SPS endereço 7 - Modo remoto ou local;Parameter of SPS address 7 operation - Remote or local;;;;;;Concentrador;Concentrator;;Paralelismo;Parallelism;;Parâmetro;;;SDVCONC_$YLTC7$SP$SetLoc$setMag$i \ SDVCONC_$YLTC7$SP$SetLoc$setMag$f;;
a7e11fd0263b4d758bc24db6b6e77e13;1;RW;Bit;TabEscritaBinSps7;Coil;1202;Binary output;118;0;1;0;1;;;;0=Sem comando\1=Baixar;0=No command\1=Lower;;CONC;;Público;Parâmetro de funcionamento do SPS endereço 7 - Comando de baixar tap;Parameter of SPS address 7 operation - Command to lower tap;;;;;;Concentrador;Concentrator;;Parallelism;Parallelism;;Comando;;;SDVCONC_$YLTC7$CO$TapChgL$Oper$ctlVal;;
6260ec6d64324a95bfb56ca94ae53c11;1;RW;Bit;TabEscritaBinSps7;Coil;1203;Binary output;119;0;1;0;1;;;;0=Sem comando\1=Subir;0=No command\1=Raise;;CONC;;Público;Parâmetro de funcionamento do SPS endereço 7 - Comando de subir tap;Parameter of SPS address 7 operation - Command to raise tap;;;;;;Concentrador;Concentrator;;Parallelism;Parallelism;;Comando;;;SDVCONC_$YLTC7$CO$TapChgR$Oper$ctlVal;;
;;;;;;;;;;;;;;;;;;;;;;;;;;;;;;;;;;;;;;;;
2f6abb7b568f443899d848f36abd6792;1;RW;Bit;TabEscritaBinSps8;Coil;1300;Binary output;120;0;1;0;1;;;;0=Banco\1=Fase Individual;0=Bank\1=Individual Phase;;CONC;;Público;Parâmetro de funcionamento do SPS endereço 8 - Modo banco ou fase individual;Parameter of SPS address 8 operation - Individual phase or bank;;;;;;Concentrador;Concentrator;;Paralelismo;Parallelism;;Parâmetro;;;SDVCONC_$YLTC8$SP$SetAuto$setMag$i \ SDVCONC_$YLTC8$SP$SetAuto$setMag$f;;
df7632fcaebc49a3bbe1e2b9462adf1f;1;RW;Bit;TabEscritaBinSps8;Coil;1301;Binary output;121;0;1;0;1;;;;0=Remoto\1=Local;0=Remote\1=Local;;CONC;;Público;Parâmetro de funcionamento do SPS endereço 8 - Modo remoto ou local;Parameter of SPS address 8 operation - Remote or local;;;;;;Concentrador;Concentrator;;Paralelismo;Parallelism;;Parâmetro;;;SDVCONC_$YLTC8$SP$SetLoc$setMag$i \ SDVCONC_$YLTC8$SP$SetLoc$setMag$f;;
0486baf96405495fbc965d06790bbc56;1;RW;Bit;TabEscritaBinSps8;Coil;1302;Binary output;122;0;1;0;1;;;;0=Sem comando\1=Baixar;0=No command\1=Lower;;CONC;;Público;Parâmetro de funcionamento do SPS endereço 8 - Comando de baixar tap;Parameter of SPS address 8 operation - Command to lower tap;;;;;;Concentrador;Concentrator;;Parallelism;Parallelism;;Comando;;;SDVCONC_$YLTC8$CO$TapChgL$Oper$ctlVal;;
0732b52e986f431dad75a093084aa158;1;RW;Bit;TabEscritaBinSps8;Coil;1303;Binary output;123;0;1;0;1;;;;0=Sem comando\1=Subir;0=No command\1=Raise;;CONC;;Público;Parâmetro de funcionamento do SPS endereço 8 - Comando de subir tap;Parameter of SPS address 8 operation - Command to raise tap;;;;;;Concentrador;Concentrator;;Parallelism;Parallelism;;Comando;;;SDVCONC_$YLTC8$CO$TapChgR$Oper$ctlVal;;
;;;;;;;;;;;;;;;;;;;;;;;;;;;;;;;;;;;;;;;;
b2024d9ac5ab4df5914f913284106863;1;RW;Bit;TabEscritaBinSps9;Coil;1400;Binary output;124;0;1;0;1;;;;0=Automático\1=Manual;0=Automatic\1=Manual;;CONC;;Público;Parâmetro de funcionamento do SPS endereço 9 - Modo automático ou manual;Parameter of SPS address 9 operation - Automatic or manual mode;;;;;;Concentrador;Concentrator;;Paralelismo;Parallelism;;Parâmetro;;;SDVCONC_$YLTC9$SP$SetAuto$setMag$i \ SDVCONC_$YLTC9$SP$SetAuto$setMag$f;;
6d3a69e0d2464104b3655bc2d317cc6d;1;RW;Bit;TabEscritaBinSps9;Coil;1401;Binary output;125;0;1;0;1;;;;0=Remoto\1=Local;0=Remote\1=Local;;CONC;;Público;Parâmetro de funcionamento do SPS endereço 9 - Modo remoto ou local;Parameter of SPS address 9 operation - Remote or local;;;;;;Concentrador;Concentrator;;Paralelismo;Parallelism;;Parâmetro;;;SDVCONC_$YLTC9$SP$SetLoc$setMag$i \ SDVCONC_$YLTC9$SP$SetLoc$setMag$f;;
cfc57aee221e45f983ed739b3528cb3e;1;RW;Bit;TabEscritaBinSps9;Coil;1402;Binary output;126;0;1;0;1;;;;0=Sem comando\1=Baixar;0=No command\1=Lower;;CONC;;Público;Parâmetro de funcionamento do SPS endereço 9 - Comando de baixar tap;Parameter of SPS address 9 operation - Command to lower tap;;;;;;Concentrador;Concentrator;;Parallelism;Parallelism;;Comando;;;SDVCONC_$YLTC9$CO$TapChgL$Oper$ctlVal;;
b0252cf589094fa6bed3417c5901cb49;1;RW;Bit;TabEscritaBinSps9;Coil;1403;Binary output;127;0;1;0;1;;;;0=Sem comando\1=Subir;0=No command\1=Raise;;CONC;;Público;Parâmetro de funcionamento do SPS endereço 9 - Comando de subir tap;Parameter of SPS address 9 operation - Command to raise tap;;;;;;Concentrador;Concentrator;;Parallelism;Parallelism;;Comando;;;SDVCONC_$YLTC9$CO$TapChgR$Oper$ctlVal;;
34c7899fa4e846289ad2443c1b8773d4;1;RW;Bit;TabEscritaBinSps9;Coil;1404;Binary output;128;0;1;0;1;;;;0=Não\1=Sim;0=No\1=Yes;;CONC;;Público;Parâmetro de funcionamento do SPS endereço 9 - Configuração individual;Parameter of SPS address 9 operation - Set as individual;;;;;;Concentrador;Concentrator;;Configuração;Configuration;;Comando;;;SDVCONC_$YLTC9$SP$CtlIndv$setMag$i \ SDVCONC_$YLTC9$SP$CtlIndv$setMag$f;;
ca55888906af4ddd9eada7b1be31f87e;1;RW;Bit;TabEscritaBinSps9;Coil;1405;Binary output;129;0;1;0;1;;;;0=Não\1=Sim;0=No\1=Yes;;CONC;;Público;Parâmetro de funcionamento do SPS endereço 9 - Configuração mestre;Parameter of SPS address 9 operation - Set as master;;;;;;Concentrador;Concentrator;;Configuração;Configuration;;Comando;;;SDVCONC_$YLTC9$SP$CtlMstr$setMag$i \ SDVCONC_$YLTC9$SP$CtlMstr$setMag$f;;
f231b986cb5245ee8fa6f16b85d6f192;1;RW;Bit;TabEscritaBinSps9;Coil;1406;Binary output;130;0;1;0;1;;;;0=Não\1=Sim;0=No\1=Yes;;CONC;;Público;Parâmetro de funcionamento do SPS endereço 9 - Configuração comandado;Parameter of SPS address 9 operation - Set as follower;;;;;;Concentrador;Concentrator;;Configuração;Configuration;;Comando;;;SDVCONC_$YLTC9$SP$CtlFlwr$setMag$i \ SDVCONC_$YLTC9$SP$CtlFlwr$setMag$f;;
;;;;;;;;;;;;;;;;;;;;;;;;;;;;;;;;;;;;;;;;
3b988483c0f947708fcb11acf7dfd089;1;RW;Bit;TabEscritaBinSps10;Coil;1500;Binary output;131;0;1;0;1;;;;0=Banco\1=Fase Individual;0=Bank\1=Individual Phase;;CONC;;Público;Parâmetro de funcionamento do SPS endereço 10 - Modo banco ou fase individual;Parameter of SPS address 10 operation - Individual phase or bank;;;;;;Concentrador;Concentrator;;Paralelismo;Parallelism;;Parâmetro;;;SDVCONC_$YLTC10$SP$SetAuto$setMag$i \ SDVCONC_$YLTC10$SP$SetAuto$setMag$f;;
b53e52e2a9f84dfe93304d58bceeea4f;1;RW;Bit;TabEscritaBinSps10;Coil;1501;Binary output;132;0;1;0;1;;;;0=Remoto\1=Local;0=Remote\1=Local;;CONC;;Público;Parâmetro de funcionamento do SPS endereço 10 - Modo remoto ou local;Parameter of SPS address 10 operation - Remote or local;;;;;;Concentrador;Concentrator;;Paralelismo;Parallelism;;Parâmetro;;;SDVCONC_$YLTC10$SP$SetLoc$setMag$i \ SDVCONC_$YLTC10$SP$SetLoc$setMag$f;;
2a721e7585de4acca3358e1803621dfa;1;RW;Bit;TabEscritaBinSps10;Coil;1502;Binary output;133;0;1;0;1;;;;0=Sem comando\1=Baixar;0=No command\1=Lower;;CONC;;Público;Parâmetro de funcionamento do SPS endereço 10 - Comando de baixar tap;Parameter of SPS address 10 operation - Command to lower tap;;;;;;Concentrador;Concentrator;;Parallelism;Parallelism;;Comando;;;SDVCONC_$YLTC10$CO$TapChgL$Oper$ctlVal;;
6532316a9758402e864e39abd24e0b12;1;RW;Bit;TabEscritaBinSps10;Coil;1503;Binary output;134;0;1;0;1;;;;0=Sem comando\1=Subir;0=No command\1=Raise;;CONC;;Público;Parâmetro de funcionamento do SPS endereço 10 - Comando de subir tap;Parameter of SPS address 10 operation - Command to raise tap;;;;;;Concentrador;Concentrator;;Parallelism;Parallelism;;Comando;;;SDVCONC_$YLTC10$CO$TapChgR$Oper$ctlVal;;
;;;;;;;;;;;;;;;;;;;;;;;;;;;;;;;;;;;;;;;;
681c0e0d955c4763a5cac9a76783c559;1;RW;Bit;TabEscritaBinSps11;Coil;1600;Binary output;135;0;1;0;1;;;;0=Banco\1=Fase Individual;0=Bank\1=Individual Phase;;CONC;;Público;Parâmetro de funcionamento do SPS endereço 11 - Modo banco ou fase individual;Parameter of SPS address 11 operation - Individual phase or bank;;;;;;Concentrador;Concentrator;;Paralelismo;Parallelism;;Parâmetro;;;SDVCONC_$YLTC11$SP$SetAuto$setMag$i \ SDVCONC_$YLTC11$SP$SetAuto$setMag$f;;
9b55384a4a614af6a5e6595be53bd515;1;RW;Bit;TabEscritaBinSps11;Coil;1601;Binary output;136;0;1;0;1;;;;0=Remoto\1=Local;0=Remote\1=Local;;CONC;;Público;Parâmetro de funcionamento do SPS endereço 11- Modo remoto ou local;Parameter of SPS address 11 operation - Remote or local;;;;;;Concentrador;Concentrator;;Paralelismo;Parallelism;;Parâmetro;;;SDVCONC_$YLTC11$SP$SetLoc$setMag$i \ SDVCONC_$YLTC11$SP$SetLoc$setMag$f;;
e7380ec0100f4efcad2c6ad630ca0acf;1;RW;Bit;TabEscritaBinSps11;Coil;1602;Binary output;137;0;1;0;1;;;;0=Sem comando\1=Baixar;0=No command\1=Lower;;CONC;;Público;Parâmetro de funcionamento do SPS endereço 11 - Comando de baixar tap;Parameter of SPS address 11 operation - Command to lower tap;;;;;;Concentrador;Concentrator;;Parallelism;Parallelism;;Comando;;;SDVCONC_$YLTC11$CO$TapChgL$Oper$ctlVal;;
7746c82d8a38412799abfc3dd20e8baa;1;RW;Bit;TabEscritaBinSps11;Coil;1603;Binary output;138;0;1;0;1;;;;0=Sem comando\1=Subir;0=No command\1=Raise;;CONC;;Público;Parâmetro de funcionamento do SPS endereço 11 - Comando de subir tap;Parameter of SPS address 11 operation - Command to raise tap;;;;;;Concentrador;Concentrator;;Parallelism;Parallelism;;Comando;;;SDVCONC_$YLTC11$CO$TapChgR$Oper$ctlVal;;
;;;;;;;;;;;;;;;;;;;;;;;;;;;;;;;;;;;;;;;;
c3b385a8172b4bc5853fa5980c4947d4;1;RW;Bit;TabEscritaBinSps12;Coil;1700;Binary output;139;0;1;0;1;;;;0=Automático\1=Manual;0=Automatic\1=Manual;;CONC;;Público;Parâmetro de funcionamento do SPS endereço 12 - Modo automático ou manual;Parameter of SPS address 12 operation - Automatic or manual mode;;;;;;Concentrador;Concentrator;;Paralelismo;Parallelism;;Parâmetro;;;SDVCONC_$YLTC12$SP$SetAuto$setMag$i \ SDVCONC_$YLTC12$SP$SetAuto$setMag$f;;
75d787321f6446f5b3ea6e3db1f46e4d;1;RW;Bit;TabEscritaBinSps12;Coil;1701;Binary output;140;0;1;0;1;;;;0=Remoto\1=Local;0=Remote\1=Local;;CONC;;Público;Parâmetro de funcionamento do SPS endereço 12 - Modo remoto ou local;Parameter of SPS address 12 operation - Remote or local;;;;;;Concentrador;Concentrator;;Paralelismo;Parallelism;;Parâmetro;;;SDVCONC_$YLTC12$SP$SetLoc$setMag$i \ SDVCONC_$YLTC12$SP$SetLoc$setMag$f;;
7b197e12b44b47b0b5925417e3bbd50d;1;RW;Bit;TabEscritaBinSps12;Coil;1702;Binary output;141;0;1;0;1;;;;0=Sem comando\1=Baixar;0=No command\1=Lower;;CONC;;Público;Parâmetro de funcionamento do SPS endereço 12 - Comando de baixar tap;Parameter of SPS address 12 operation - Command to lower tap;;;;;;Concentrador;Concentrator;;Parallelism;Parallelism;;Comando;;;SDVCONC_$YLTC12$CO$TapChgL$Oper$ctlVal;;
1ec97f6ba3c0464284349b4ff3187e68;1;RW;Bit;TabEscritaBinSps12;Coil;1703;Binary output;142;0;1;0;1;;;;0=Sem comando\1=Subir;0=No command\1=Raise;;CONC;;Público;Parâmetro de funcionamento do SPS endereço 12 - Comando de subir tap;Parameter of SPS address 12 operation - Command to raise tap;;;;;;Concentrador;Concentrator;;Parallelism;Parallelism;;Comando;;;SDVCONC_$YLTC12$CO$TapChgR$Oper$ctlVal;;
a889f32d838344ec9b675a4389fbf14f;1;RW;Bit;TabEscritaBinSps12;Coil;1704;Binary output;143;0;1;0;1;;;;0=Não\1=Sim;0=No\1=Yes;;CONC;;Público;Parâmetro de funcionamento do SPS endereço 12 - Configuração individual;Parameter of SPS address 12 operation - Set as individual;;;;;;Concentrador;Concentrator;;Configuração;Configuration;;Comando;;;SDVCONC_$YLTC12$SP$CtlIndv$setMag$i \ SDVCONC_$YLTC12$SP$CtlIndv$setMag$f;;
04a17bd49cee4c02a051d4e5879dcb54;1;RW;Bit;TabEscritaBinSps12;Coil;1705;Binary output;144;0;1;0;1;;;;0=Não\1=Sim;0=No\1=Yes;;CONC;;Público;Parâmetro de funcionamento do SPS endereço 12 - Configuração mestre;Parameter of SPS address 12 operation - Set as master;;;;;;Concentrador;Concentrator;;Configuração;Configuration;;Comando;;;SDVCONC_$YLTC12$SP$CtlMstr$setMag$i \ SDVCONC_$YLTC12$SP$CtlMstr$setMag$f;;
3050237b23e34727a86efd31ef4ef365;1;RW;Bit;TabEscritaBinSps12;Coil;1706;Binary output;145;0;1;0;1;;;;0=Não\1=Sim;0=No\1=Yes;;CONC;;Público;Parâmetro de funcionamento do SPS endereço 12 - Configuração comandado;Parameter of SPS address 12 operation - Set as follower;;;;;;Concentrador;Concentrator;;Configuração;Configuration;;Comando;;;SDVCONC_$YLTC12$SP$CtlFlwr$setMag$i \ SDVCONC_$YLTC12$SP$CtlFlwr$setMag$f;;
;;;;;;;;;;;;;;;;;;;;;;;;;;;;;;;;;;;;;;;;
fd4b563bf01141829e22af849e487178;1;RW;Bit;TabEscritaBinSps13;Coil;1800;Binary output;146;0;1;0;1;;;;0=Banco\1=Fase Individual;0=Bank\1=Individual Phase;;CONC;;Público;Parâmetro de funcionamento do SPS endereço 13 - Modo banco ou fase individual;Parameter of SPS address 13 operation - Individual phase or bank;;;;;;Concentrador;Concentrator;;Paralelismo;Parallelism;;Parâmetro;;;SDVCONC_$YLTC13$SP$SetAuto$setMag$i \ SDVCONC_$YLTC13$SP$SetAuto$setMag$f;;
d42dceb8ad1e49e991ede842356ff277;1;RW;Bit;TabEscritaBinSps13;Coil;1801;Binary output;147;0;1;0;1;;;;0=Remoto\1=Local;0=Remote\1=Local;;CONC;;Público;Parâmetro de funcionamento do SPS endereço 13 - Modo remoto ou local;Parameter of SPS address 13 operation - Remote or local;;;;;;Concentrador;Concentrator;;Paralelismo;Parallelism;;Parâmetro;;;SDVCONC_$YLTC13$SP$SetLoc$setMag$i \ SDVCONC_$YLTC13$SP$SetLoc$setMag$f;;
18935812d5084c12a4612b2c07dfda6e;1;RW;Bit;TabEscritaBinSps13;Coil;1802;Binary output;148;0;1;0;1;;;;0=Sem comando\1=Baixar;0=No command\1=Lower;;CONC;;Público;Parâmetro de funcionamento do SPS endereço 13 - Comando de baixar tap;Parameter of SPS address 13 operation - Command to lower tap;;;;;;Concentrador;Concentrator;;Parallelism;Parallelism;;Comando;;;SDVCONC_$YLTC13$CO$TapChgL$Oper$ctlVal;;
bb668fb257374b5d8f770af375e5cdcc;1;RW;Bit;TabEscritaBinSps13;Coil;1803;Binary output;149;0;1;0;1;;;;0=Sem comando\1=Subir;0=No command\1=Raise;;CONC;;Público;Parâmetro de funcionamento do SPS endereço 13 - Comando de subir tap;Parameter of SPS address 13 operation - Command to raise tap;;;;;;Concentrador;Concentrator;;Parallelism;Parallelism;;Comando;;;SDVCONC_$YLTC13$CO$TapChgR$Oper$ctlVal;;
;;;;;;;;;;;;;;;;;;;;;;;;;;;;;;;;;;;;;;;;
cca583908ed34dac9dfa628cc82ec58f;1;RW;Bit;TabEscritaBinSps14;Coil;1900;Binary output;150;0;1;0;1;;;;0=Banco\1=Fase Individual;0=Bank\1=Individual Phase;;CONC;;Público;Parâmetro de funcionamento do SPS endereço 14 - Modo banco ou fase individual;Parameter of SPS address 14 operation - Individual phase or bank;;;;;;Concentrador;Concentrator;;Paralelismo;Parallelism;;Parâmetro;;;SDVCONC_$YLTC14$SP$SetAuto$setMag$i \ SDVCONC_$YLTC14$SP$SetAuto$setMag$f;;
137a0103f9c841d395fa005165f53251;1;RW;Bit;TabEscritaBinSps14;Coil;1901;Binary output;151;0;1;0;1;;;;0=Remoto\1=Local;0=Remote\1=Local;;CONC;;Público;Parâmetro de funcionamento do SPS endereço 14 - Modo remoto ou local;Parameter of SPS address 14 operation - Remote or local;;;;;;Concentrador;Concentrator;;Paralelismo;Parallelism;;Parâmetro;;;SDVCONC_$YLTC14$SP$SetLoc$setMag$i \ SDVCONC_$YLTC14$SP$SetLoc$setMag$f;;
8f637abea1d84d4a8a074bf833f5d132;1;RW;Bit;TabEscritaBinSps14;Coil;1902;Binary output;152;0;1;0;1;;;;0=Sem comando\1=Baixar;0=No command\1=Lower;;CONC;;Público;Parâmetro de funcionamento do SPS endereço 14 - Comando de baixar tap;Parameter of SPS address 14 operation - Command to lower tap;;;;;;Concentrador;Concentrator;;Parallelism;Parallelism;;Comando;;;SDVCONC_$YLTC14$CO$TapChgL$Oper$ctlVal;;
d098e21b826842fb8b5f47818a679b7a;1;RW;Bit;TabEscritaBinSps14;Coil;1903;Binary output;153;0;1;0;1;;;;0=Sem comando\1=Subir;0=No command\1=Raise;;CONC;;Público;Parâmetro de funcionamento do SPS endereço 14 - Comando de subir tap;Parameter of SPS address 14 operation - Command to raise tap;;;;;;Concentrador;Concentrator;;Parallelism;Parallelism;;Comando;;;SDVCONC_$YLTC14$CO$TapChgR$Oper$ctlVal;;
;;;;;;;;;;;;;;;;;;;;;;;;;;;;;;;;;;;;;;;;
e04aeb7f6219434db10f878145b13147;1;RW;Bit;TabEscritaBinSps15;Coil;2000;Binary output;154;0;1;0;1;;;;0=Automático\1=Manual;0=Automatic\1=Manual;;CONC;;Público;Parâmetro de funcionamento do SPS endereço 15 - Modo automático ou manual;Parameter of SPS address 15 operation - Automatic or manual mode;;;;;;Concentrador;Concentrator;;Paralelismo;Parallelism;;Parâmetro;;;SDVCONC_$YLTC15$SP$SetAuto$setMag$i \ SDVCONC_$YLTC15$SP$SetAuto$setMag$f;;
bdb7a0e2a46d4b2bafe72ee0f0472fb7;1;RW;Bit;TabEscritaBinSps15;Coil;2001;Binary output;155;0;1;0;1;;;;0=Remoto\1=Local;0=Remote\1=Local;;CONC;;Público;Parâmetro de funcionamento do SPS endereço 15 - Modo remoto ou local;Parameter of SPS address 15 operation - Remote or local;;;;;;Concentrador;Concentrator;;Paralelismo;Parallelism;;Parâmetro;;;SDVCONC_$YLTC15$SP$SetLoc$setMag$i \ SDVCONC_$YLTC15$SP$SetLoc$setMag$f;;
27f300dd150a474ba23e75814495ffb4;1;RW;Bit;TabEscritaBinSps15;Coil;2002;Binary output;156;0;1;0;1;;;;0=Sem comando\1=Baixar;0=No command\1=Lower;;CONC;;Público;Parâmetro de funcionamento do SPS endereço 15 - Comando de baixar tap;Parameter of SPS address 15 operation - Command to lower tap;;;;;;Concentrador;Concentrator;;Parallelism;Parallelism;;Comando;;;SDVCONC_$YLTC15$CO$TapChgL$Oper$ctlVal;;
f8af9c383f104efc96a852c3f1440ded;1;RW;Bit;TabEscritaBinSps15;Coil;2003;Binary output;157;0;1;0;1;;;;0=Sem comando\1=Subir;0=No command\1=Raise;;CONC;;Público;Parâmetro de funcionamento do SPS endereço 15 - Comando de subir tap;Parameter of SPS address 15 operation - Command to raise tap;;;;;;Concentrador;Concentrator;;Parallelism;Parallelism;;Comando;;;SDVCONC_$YLTC15$CO$TapChgR$Oper$ctlVal;;
4f1a28be6c084c48a175ab860a44a65b;1;RW;Bit;TabEscritaBinSps15;Coil;2004;Binary output;158;0;1;0;1;;;;0=Não\1=Sim;0=No\1=Yes;;CONC;;Público;Parâmetro de funcionamento do SPS endereço 15 - Configuração individual;Parameter of SPS address 15 operation - Set as individual;;;;;;Concentrador;Concentrator;;Configuração;Configuration;;Comando;;;SDVCONC_$YLTC15$SP$CtlIndv$setMag$i \ SDVCONC_$YLTC15$SP$CtlIndv$setMag$f;;
55300194f0094fa29053421dbe88e403;1;RW;Bit;TabEscritaBinSps15;Coil;2005;Binary output;159;0;1;0;1;;;;0=Não\1=Sim;0=No\1=Yes;;CONC;;Público;Parâmetro de funcionamento do SPS endereço 15 - Configuração mestre;Parameter of SPS address 15 operation - Set as master;;;;;;Concentrador;Concentrator;;Configuração;Configuration;;Comando;;;SDVCONC_$YLTC15$SP$CtlMstr$setMag$i \ SDVCONC_$YLTC15$SP$CtlMstr$setMag$f;;
d482e9626ab441a28f69a750915cc4a8;1;RW;Bit;TabEscritaBinSps15;Coil;2006;Binary output;160;0;1;0;1;;;;0=Não\1=Sim;0=No\1=Yes;;CONC;;Público;Parâmetro de funcionamento do SPS endereço 15 - Configuração comandado;Parameter of SPS address 15 operation - Set as follower;;;;;;Concentrador;Concentrator;;Configuração;Configuration;;Comando;;;SDVCONC_$YLTC15$SP$CtlFlwr$setMag$i \ SDVCONC_$YLTC15$SP$CtlFlwr$setMag$f;;
;;;;;;;;;;;;;;;;;;;;;;;;;;;;;;;;;;;;;;;;
af0c0daafc014d439c8ae9eda0314ccd;1;RW;Bit;TabEscritaBinSps16;Coil;2100;Binary output;161;0;1;0;1;;;;0=Banco\1=Fase Individual;0=Bank\1=Individual Phase;;CONC;;Público;Parâmetro de funcionamento do SPS endereço 16 - Modo banco ou fase individual;Parameter of SPS address 16 operation - Individual phase or bank;;;;;;Concentrador;Concentrator;;Paralelismo;Parallelism;;Parâmetro;;;SDVCONC_$YLTC16$SP$SetAuto$setMag$i \ SDVCONC_$YLTC16$SP$SetAuto$setMag$f;;
df31a9c34da54dcda41f9ee5b2bb0a5b;1;RW;Bit;TabEscritaBinSps16;Coil;2101;Binary output;162;0;1;0;1;;;;0=Remoto\1=Local;0=Remote\1=Local;;CONC;;Público;Parâmetro de funcionamento do SPS endereço 16 - Modo remoto ou local;Parameter of SPS address 16 operation - Remote or local;;;;;;Concentrador;Concentrator;;Paralelismo;Parallelism;;Parâmetro;;;SDVCONC_$YLTC16$SP$SetLoc$setMag$i \ SDVCONC_$YLTC16$SP$SetLoc$setMag$f;;
06b7e053a4ac4f2f8a6d368a5659e336;1;RW;Bit;TabEscritaBinSps16;Coil;2102;Binary output;163;0;1;0;1;;;;0=Sem comando\1=Baixar;0=No command\1=Lower;;CONC;;Público;Parâmetro de funcionamento do SPS endereço 16 - Comando de baixar tap;Parameter of SPS address 16 operation - Command to lower tap;;;;;;Concentrador;Concentrator;;Parallelism;Parallelism;;Comando;;;SDVCONC_$YLTC16$CO$TapChgL$Oper$ctlVal;;
88dff460d474440b85efdba2f7d57d8d;1;RW;Bit;TabEscritaBinSps16;Coil;2103;Binary output;164;0;1;0;1;;;;0=Sem comando\1=Subir;0=No command\1=Raise;;CONC;;Público;Parâmetro de funcionamento do SPS endereço 16 - Comando de subir tap;Parameter of SPS address 16 operation - Command to raise tap;;;;;;Concentrador;Concentrator;;Parallelism;Parallelism;;Comando;;;SDVCONC_$YLTC16$CO$TapChgR$Oper$ctlVal;;
;;;;;;;;;;;;;;;;;;;;;;;;;;;;;;;;;;;;;;;;
8fd0749f747a469ba0869882616a7be1;1;RW;Bit;TabEscritaBinSps17;Coil;2200;Binary output;165;0;1;0;1;;;;0=Banco\1=Fase Individual;0=Bank\1=Individual Phase;;CONC;;Público;Parâmetro de funcionamento do SPS endereço 17 - Modo banco ou fase individual;Parameter of SPS address 17 operation - Individual phase or bank;;;;;;Concentrador;Concentrator;;Paralelismo;Parallelism;;Parâmetro;;;SDVCONC_$YLTC17$SP$SetAuto$setMag$i \ SDVCONC_$YLTC17$SP$SetAuto$setMag$f;;
4cce0653fb9348e58d85ec91004b7711;1;RW;Bit;TabEscritaBinSps17;Coil;2201;Binary output;166;0;1;0;1;;;;0=Remoto\1=Local;0=Remote\1=Local;;CONC;;Público;Parâmetro de funcionamento do SPS endereço 17 - Modo remoto ou local;Parameter of SPS address 17 operation - Remote or local;;;;;;Concentrador;Concentrator;;Paralelismo;Parallelism;;Parâmetro;;;SDVCONC_$YLTC17$SP$SetLoc$setMag$i \ SDVCONC_$YLTC17$SP$SetLoc$setMag$f;;
f8925120c0484eedbfc9e6c0b3023283;1;RW;Bit;TabEscritaBinSps17;Coil;2202;Binary output;167;0;1;0;1;;;;0=Sem comando\1=Baixar;0=No command\1=Lower;;CONC;;Público;Parâmetro de funcionamento do SPS endereço 17 - Comando de baixar tap;Parameter of SPS address 17 operation - Command to lower tap;;;;;;Concentrador;Concentrator;;Parallelism;Parallelism;;Comando;;;SDVCONC_$YLTC17$CO$TapChgL$Oper$ctlVal;;
cd5002268dc147d98030a0cbd8ca2b90;1;RW;Bit;TabEscritaBinSps17;Coil;2203;Binary output;168;0;1;0;1;;;;0=Sem comando\1=Subir;0=No command\1=Raise;;CONC;;Público;Parâmetro de funcionamento do SPS endereço 17 - Comando de subir tap;Parameter of SPS address 17 operation - Command to raise tap;;;;;;Concentrador;Concentrator;;Parallelism;Parallelism;;Comando;;;SDVCONC_$YLTC17$CO$TapChgR$Oper$ctlVal;;
;;;;;;;;;;;;;;;;;;;;;;;;;;;;;;;;;;;;;;;;
710e7668d7fb4ff3befce70647373a25;1;RW;Bit;TabEscritaBinSps18;Coil;2300;Binary output;169;0;1;0;1;;;;0=Automático\1=Manual;0=Automatic\1=Manual;;CONC;;Público;Parâmetro de funcionamento do SPS endereço 18 - Modo automático ou manual;Parameter of SPS address 18 operation - Automatic or manual mode;;;;;;Concentrador;Concentrator;;Paralelismo;Parallelism;;Parâmetro;;;SDVCONC_$YLTC18$SP$SetAuto$setMag$i \ SDVCONC_$YLTC18$SP$SetAuto$setMag$f;;
8a1062cc9a4945bfabf7bbd30cf82060;1;RW;Bit;TabEscritaBinSps18;Coil;2301;Binary output;170;0;1;0;1;;;;0=Remoto\1=Local;0=Remote\1=Local;;CONC;;Público;Parâmetro de funcionamento do SPS endereço 18 - Modo remoto ou local;Parameter of SPS address 18 operation - Remote or local;;;;;;Concentrador;Concentrator;;Paralelismo;Parallelism;;Parâmetro;;;SDVCONC_$YLTC18$SP$SetLoc$setMag$i \ SDVCONC_$YLTC18$SP$SetLoc$setMag$f;;
a85372672e404bd3887b4b7c55d93478;1;RW;Bit;TabEscritaBinSps18;Coil;2302;Binary output;171;0;1;0;1;;;;0=Sem comando\1=Baixar;0=No command\1=Lower;;CONC;;Público;Parâmetro de funcionamento do SPS endereço 18 - Comando de baixar tap;Parameter of SPS address 18 operation - Command to lower tap;;;;;;Concentrador;Concentrator;;Parallelism;Parallelism;;Comando;;;SDVCONC_$YLTC18$CO$TapChgL$Oper$ctlVal;;
16e707b091ba429b8c20abf1df59af66;1;RW;Bit;TabEscritaBinSps18;Coil;2303;Binary output;172;0;1;0;1;;;;0=Sem comando\1=Subir;0=No command\1=Raise;;CONC;;Público;Parâmetro de funcionamento do SPS endereço 18 - Comando de subir tap;Parameter of SPS address 18 operation - Command to raise tap;;;;;;Concentrador;Concentrator;;Parallelism;Parallelism;;Comando;;;SDVCONC_$YLTC18$CO$TapChgR$Oper$ctlVal;;
3cf4afef8ffd4ac3a0cc537c534b4162;1;RW;Bit;TabEscritaBinSps18;Coil;2304;Binary output;173;0;1;0;1;;;;0=Não\1=Sim;0=No\1=Yes;;CONC;;Público;Parâmetro de funcionamento do SPS endereço 18 - Configuração individual;Parameter of SPS address 18 operation - Set as individual;;;;;;Concentrador;Concentrator;;Configuração;Configuration;;Comando;;;SDVCONC_$YLTC18$SP$CtlIndv$setMag$i \ SDVCONC_$YLTC18$SP$CtlIndv$setMag$f;;
d95c5a39ab684c1ebf71c63915ae00cf;1;RW;Bit;TabEscritaBinSps18;Coil;2305;Binary output;174;0;1;0;1;;;;0=Não\1=Sim;0=No\1=Yes;;CONC;;Público;Parâmetro de funcionamento do SPS endereço 18 - Configuração mestre;Parameter of SPS address 18 operation - Set as master;;;;;;Concentrador;Concentrator;;Configuração;Configuration;;Comando;;;SDVCONC_$YLTC18$SP$CtlMstr$setMag$i \ SDVCONC_$YLTC18$SP$CtlMstr$setMag$f;;
41909d589869442ba459b5bb85ac856c;1;RW;Bit;TabEscritaBinSps18;Coil;2306;Binary output;175;0;1;0;1;;;;0=Não\1=Sim;0=No\1=Yes;;CONC;;Público;Parâmetro de funcionamento do SPS endereço 18 - Configuração comandado;Parameter of SPS address 18 operation - Set as follower;;;;;;Concentrador;Concentrator;;Configuração;Configuration;;Comando;;;SDVCONC_$YLTC18$SP$CtlFlwr$setMag$i \ SDVCONC_$YLTC18$SP$CtlFlwr$setMag$f;;
;;;;;;;;;;;;;;;;;;;;;;;;;;;;;;;;;;;;;;;;
072cf20c4b48413db402c8bf72bd5263;1;RW;16;TabEscritaSps1;Holding register;600;Analog output;41;0;2;0;1;;;;0=Indicador de posição\1=Monofásico;0=Position indicator\1=Single-phase;;CONC;;Público;Parâmetro de funcionamento do SPS endereço 1 - Modo de operação (MOD);Parameter of SPS address 1 operation - Operation mode (MOD);;;;;;Concentrador;Concentrator;;Paralelismo;Parallelism;;Parâmetro;;;;;
76145d61a8ad41378a8c252aa3490239;1;RW;16;TabEscritaSps1;Holding register;601;Analog output;42;2;50;2;1;;;;;;;CONC;;Público;Parâmetro de funcionamento do SPS endereço 1 - Número de taps (TAP);Parameter of SPS address 1 operation - Tap quantity (TAP);;;;;;Concentrador;Concentrator;;Paralelismo;Parallelism;;Parâmetro;;;;;
3aa6bfeef5a24895ab30643ccad685ac;1;RW;16;TabEscritaSps1;Holding register;602;Analog output;43;0;4;0;1;;;;0=Bilateral\1=Bilateral inverso\2=Alfanumérico\3=Alfanumérico inverso\4=Numérico simples;0=Bilateral\1=Inverse Bilateral\2=Alphanumeric\3=Inverse Alphanumeric\4=Simple Numeric;0=Bilateral\1=Bilateral Inverso\2=Alfanumerico\3=Alfanumerico Inverso\4=Numerico Simple;CONC;;Público;Parâmetro de funcionamento do SPS endereço 1 - Tipo de indicação de tap (IDC);Parameter of SPS address 1 operation - Tap indication type (IDC);;;;;;Concentrador;Concentrator;;Paralelismo;Parallelism;;Parâmetro;;;;;
417c8f62ad074aebac3fb926d6713a22;1;RW;16;TabEscritaSps1;Holding register;603;Analog output;44;2;50;2;1;;;;;;;CONC;;Público;Parâmetro de funcionamento do SPS endereço 1 - Posição do tap central (CNT);Parameter of SPS address 1 operation - Middle tap position (CNT);;;;;;Concentrador;Concentrator;;Paralelismo;Parallelism;;Parâmetro;;;;;
55f0dbd0ab78495b922bba23d2f3f24e;1;RW;16;TabEscritaSps1;Holding register;604;Analog output;45;47;200;47;10;ohms;ohms;;;;;CONC;;Público;Parâmetro de funcionamento do SPS endereço 1 - Resistência por passo (RES);Parameter of SPS address 1 operation - Resistence per step (RES);;;;;;Concentrador;Concentrator;;Paralelismo;Parallelism;;Parâmetro;;;;;
8fefae5eeafd44479bd03de828ee20b3;1;RW;16;TabEscritaSps1;Holding register;605;Analog output;46;1;100;1;1;s;s;;;;;CONC;;Público;Parâmetro de funcionamento do SPS endereço 1 - Tempo para sincronismo (SNC);Parameter of SPS address 1 operation - Synchronism time (SNC);;;;;;Concentrador;Concentrator;;Paralelismo;Parallelism;;Parâmetro;;;;;
ad838bdaf8214886a05cdc9b11532997;1;RW;16;TabEscritaSps1;Holding register;606;Analog output;47;2;25;2;1;s;s;;;;;CONC;;Público;Parâmetro de funcionamento do SPS endereço 1 - Tempo para alarme E04 (PRG);Parameter of SPS address 1 operation - Time for alarm E04 (PRG);;;;;;Concentrador;Concentrator;;Paralelismo;Parallelism;;Parâmetro;;;;;
9fc69490443744a7aa3b325a05349b32;1;RW;16;TabEscritaSps1;Holding register;607;Analog output;48;0;34;0;1;;;;;;;CONC;;Público;Parâmetro de funcionamento do SPS endereço 1 - Função do relé 1 (RL1);Parameter of SPS address 1 operation - Relay 1 operation (RL1);;;;;;Concentrador;Concentrator;;Relés;Relays;;Parâmetro;;;;;
e08cd6a1bd244657b003e9ff3322cef5;1;RW;16;TabEscritaSps1;Holding register;608;Analog output;49;0;34;0;1;;;;;;;CONC;;Público;Parâmetro de funcionamento do SPS endereço 1 - Função do relé 2 (RL2);Parameter of SPS address 1 operation - Relay 2 operation (RL2);;;;;;Concentrador;Concentrator;;Relés;Relays;;Parâmetro;;;;;
3e363258afcd4e018bd91ed0d8b30e43;1;RW;16;TabEscritaSps1;Holding register;609;Analog output;50;0;34;0;1;;;;;;;CONC;;Público;Parâmetro de funcionamento do SPS endereço 1 - Função do relé 3 (RL3);Parameter of SPS address 1 operation - Relay 3 operation (RL3);;;;;;Concentrador;Concentrator;;Relés;Relays;;Parâmetro;;;;;
47f16fc8affe44a6b3f61b532876bb4a;1;RW;16;TabEscritaSps1;Holding register;610;Analog output;51;0;34;0;1;;;;;;;CONC;;Público;Parâmetro de funcionamento do SPS endereço 1 - Função do relé 4 (RL4);Parameter of SPS address 1 operation - Relay 4 operation (RL4);;;;;;Concentrador;Concentrator;;Relés;Relays;;Parâmetro;;;;;
998eb3f5102341448bca9da7eaf93b75;1;RW;16;TabEscritaSps1;Holding register;611;Analog output;52;0;9;0;1;;;;1=0...1mA\2=-1...+1mA\3=0...5mA\4=-5...+5mA\5=0...10mA\6=-10...+10mA\7=0...20mA\8=-20...+20mA\9=4...20mA;1=0...1mA\2=-1...+1mA\3=0...5mA\4=-5...+5mA\5=0...10mA\6=-10...+10mA\7=0...20mA\8=-20...+20mA\9=4...20mA;;CONC;;Público;Parâmetro de funcionamento do SPS endereço 1 - Opção de saída mA (OCS);Parameter of SPS address 1 operation - MA output option (OSC);;;;;;Concentrador;Concentrator;;Saída mA;Analog output;;Parâmetro;;;;;
a31836a875304297b92cfa6de2c25e7d;1;RW;16;TabEscritaSps1;Holding register;612;Analog output;53;1;3;1;1;;;;1=Português\2=Inglês\3=Espanhol;1=Portuguese\2=English\3=Spanish;;CONC;;Público;Parâmetro de funcionamento do SPS endereço 1 - Opção de idioma (LNG);Parameter of SPS address 1 operation - Language option (TAP);;;;;;;;;;;;Parâmetro;;;;;
3aba27537bb646b0a73e37f10dcaec59;1;RW;16;TabEscritaSps1;Holding register;613;Analog output;54;0;2;0;1;;;;0=Stop\1=Baixar\2=Subir;0=Stop\1=Lower\2=Raise;;CONC;;Público;Parâmetro de funcionamento do SPS endereço 1 - Comandar tap;Parameter of SPS address 1 operation - Command tap;;;;;;Concentrador;Concentrator;;Paralelismo;Parallelism;;Comando;;;;;
;;;;;;;;;;;;;;;;;;;;;;;;;;;;;;;;;;;;;;;;
a238ab6617ed45a4bb3d233b64a784e5;1;RW;16;TabEscritaSps2;Holding register;700;Analog output;55;0;2;0;1;;;;0=Indicador de posição\1=Monofásico;0=Position indicator\1=Single-phase;;CONC;;Público;Parâmetro de funcionamento do SPS endereço 2 - Modo de operação (MOD);Parameter of SPS address 2 operation - Operation mode (MOD);;;;;;Concentrador;Concentrator;;Paralelismo;Parallelism;;Parâmetro;;;;;
92de7c462757467a956b7d84696c89e9;1;RW;16;TabEscritaSps2;Holding register;701;Analog output;56;2;50;2;1;;;;;;;CONC;;Público;Parâmetro de funcionamento do SPS endereço 2 - Número de taps (TAP);Parameter of SPS address 2 operation - Tap quantity (TAP);;;;;;Concentrador;Concentrator;;Paralelismo;Parallelism;;Parâmetro;;;;;
6fd3aac34a994a8fa3f88eac2cf20d76;1;RW;16;TabEscritaSps2;Holding register;702;Analog output;57;0;4;0;1;;;;0=Bilateral\1=Bilateral inverso\2=Alfanumérico\3=Alfanumérico inverso\4=Numérico simples;0=Bilateral\1=Inverse Bilateral\2=Alphanumeric\3=Inverse Alphanumeric\4=Simple Numeric;0=Bilateral\1=Bilateral Inverso\2=Alfanumerico\3=Alfanumerico Inverso\4=Numerico Simple;CONC;;Público;Parâmetro de funcionamento do SPS endereço 2 - Tipo de indicação de tap (IDC);Parameter of SPS address 2 operation - Tap indication type (IDC);;;;;;Concentrador;Concentrator;;Paralelismo;Parallelism;;Parâmetro;;;;;
96b9e4317e4e401b8d0e7f9a4a9a9d8f;1;RW;16;TabEscritaSps2;Holding register;703;Analog output;58;2;50;2;1;;;;;;;CONC;;Público;Parâmetro de funcionamento do SPS endereço 2 - Posição do tap central (CNT);Parameter of SPS address 2 operation - Middle tap position (CNT);;;;;;Concentrador;Concentrator;;Paralelismo;Parallelism;;Parâmetro;;;;;
5720adf791f7413dad4b08780885630e;1;RW;16;TabEscritaSps2;Holding register;704;Analog output;59;47;200;47;10;ohms;ohms;;;;;CONC;;Público;Parâmetro de funcionamento do SPS endereço 2 - Resistência por passo (RES);Parameter of SPS address 2 operation - Resistence per step (RES);;;;;;Concentrador;Concentrator;;Paralelismo;Parallelism;;Parâmetro;;;;;
fe805693ac134d7892f622ef980a36e7;1;RW;16;TabEscritaSps2;Holding register;705;Analog output;60;1;100;1;1;s;s;;;;;CONC;;Público;Parâmetro de funcionamento do SPS endereço 2 - Tempo para sincronismo (SNC);Parameter of SPS address 2 operation - Synchronism time (SNC);;;;;;Concentrador;Concentrator;;Paralelismo;Parallelism;;Parâmetro;;;;;
4663a26de82a4584b96cf912b50b3482;1;RW;16;TabEscritaSps2;Holding register;706;Analog output;61;2;25;2;1;s;s;;;;;CONC;;Público;Parâmetro de funcionamento do SPS endereço 2 - Tempo para alarme E04 (PRG);Parameter of SPS address 2 operation - Time for alarm E04 (PRG);;;;;;Concentrador;Concentrator;;Paralelismo;Parallelism;;Parâmetro;;;;;
d8c801d2e5a94facaa144c7ee65a4a55;1;RW;16;TabEscritaSps2;Holding register;707;Analog output;62;0;34;0;1;;;;;;;CONC;;Público;Parâmetro de funcionamento do SPS endereço 2 - Função do relé 1 (RL1);Parameter of SPS address 2 operation - Relay 1 operation (RL1);;;;;;Concentrador;Concentrator;;Relés;Relays;;Parâmetro;;;;;
894af11206594218a1a36c10c7bfb042;1;RW;16;TabEscritaSps2;Holding register;708;Analog output;63;0;34;0;1;;;;;;;CONC;;Público;Parâmetro de funcionamento do SPS endereço 2 - Função do relé 2 (RL2);Parameter of SPS address 2 operation - Relay 2 operation (RL2);;;;;;Concentrador;Concentrator;;Relés;Relays;;Parâmetro;;;;;
0bf95c7bdf494f93bf4d0241f97d4852;1;RW;16;TabEscritaSps2;Holding register;709;Analog output;64;0;34;0;1;;;;;;;CONC;;Público;Parâmetro de funcionamento do SPS endereço 2 - Função do relé 3 (RL3);Parameter of SPS address 2 operation - Relay 3 operation (RL3);;;;;;Concentrador;Concentrator;;Relés;Relays;;Parâmetro;;;;;
c8a61335ea8f468a839f0a3c5db44144;1;RW;16;TabEscritaSps2;Holding register;710;Analog output;65;0;34;0;1;;;;;;;CONC;;Público;Parâmetro de funcionamento do SPS endereço 2 - Função do relé 4 (RL4);Parameter of SPS address 2 operation - Relay 4 operation (RL4);;;;;;Concentrador;Concentrator;;Relés;Relays;;Parâmetro;;;;;
1db12899139f40eb8309e8588dad6d03;1;RW;16;TabEscritaSps2;Holding register;711;Analog output;66;0;9;0;1;;;;1=0...1mA\2=-1...+1mA\3=0...5mA\4=-5...+5mA\5=0...10mA\6=-10...+10mA\7=0...20mA\8=-20...+20mA\9=4...20mA;1=0...1mA\2=-1...+1mA\3=0...5mA\4=-5...+5mA\5=0...10mA\6=-10...+10mA\7=0...20mA\8=-20...+20mA\9=4...20mA;;CONC;;Público;Parâmetro de funcionamento do SPS endereço 2 - Opção de saída mA (OCS);Parameter of SPS address 2 operation - MA output option (OSC);;;;;;Concentrador;Concentrator;;Saída mA;Analog output;;Parâmetro;;;;;
e52fcb90d06a47ceb14652e2230391d4;1;RW;16;TabEscritaSps2;Holding register;712;Analog output;67;1;3;1;1;;;;1=Português\2=Inglês\3=Espanhol;1=Portuguese\2=English\3=Spanish;;CONC;;Público;Parâmetro de funcionamento do SPS endereço 2 - Opção de idioma (LNG);Parameter of SPS address 2 operation - Language option (TAP);;;;;;;;;;;;Parâmetro;;;;;
9dd76ae0ece84260b7d3d848b4add941;1;RW;16;TabEscritaSps2;Holding register;713;Analog output;68;0;2;0;1;;;;0=Stop\1=Baixar\2=Subir;0=Stop\1=Lower\2=Raise;;CONC;;Público;Parâmetro de funcionamento do SPS endereço 2 - Comandar tap;Parameter of SPS address 2 operation - Command tap;;;;;;Concentrador;Concentrator;;Paralelismo;Parallelism;;Comando;;;;;
;;;;;;;;;;;;;;;;;;;;;;;;;;;;;;;;;;;;;;;;
aa4600deaa604991b39b6d4173e4326d;1;RW;16;TabEscritaSps3;Holding register;800;Analog output;69;0;2;0;1;;;;0=Indicador de posição\1=Monofásico\2=Trifásico;0=Position indicator\1=Single-phase\2=Three-phase;;CONC;;Público;Parâmetro de funcionamento do SPS endereço 3 - Modo de operação (MOD);Parameter of SPS address 3 operation - Operation mode (MOD);;;;;;Concentrador;Concentrator;;Paralelismo;Parallelism;;Parâmetro;;;;;
621c42fb087441b2867a92f6f80cc07e;1;RW;16;TabEscritaSps3;Holding register;801;Analog output;70;2;50;2;1;;;;;;;CONC;;Público;Parâmetro de funcionamento do SPS endereço 3 - Número de taps (TAP);Parameter of SPS address 3 operation - Tap quantity (TAP);;;;;;Concentrador;Concentrator;;Paralelismo;Parallelism;;Parâmetro;;;;;
df5424a5626e403e814f4710dc0fbd56;1;RW;16;TabEscritaSps3;Holding register;802;Analog output;71;0;4;0;1;;;;0=Bilateral\1=Bilateral inverso\2=Alfanumérico\3=Alfanumérico inverso\4=Numérico simples;0=Bilateral\1=Inverse Bilateral\2=Alphanumeric\3=Inverse Alphanumeric\4=Simple Numeric;0=Bilateral\1=Bilateral Inverso\2=Alfanumerico\3=Alfanumerico Inverso\4=Numerico Simple;CONC;;Público;Parâmetro de funcionamento do SPS endereço 3 - Tipo de indicação de tap (IDC);Parameter of SPS address 3 operation - Tap indication type (IDC);;;;;;Concentrador;Concentrator;;Paralelismo;Parallelism;;Parâmetro;;;;;
f56ad62bfa7f485594723f0cf621c845;1;RW;16;TabEscritaSps3;Holding register;803;Analog output;72;2;50;2;1;;;;;;;CONC;;Público;Parâmetro de funcionamento do SPS endereço 3 - Posição do tap central (CNT);Parameter of SPS address 3 operation - Middle tap position (CNT);;;;;;Concentrador;Concentrator;;Paralelismo;Parallelism;;Parâmetro;;;;;
82b51e59f6be4255958dae30851224c4;1;RW;16;TabEscritaSps3;Holding register;804;Analog output;73;47;200;47;10;ohms;ohms;;;;;CONC;;Público;Parâmetro de funcionamento do SPS endereço 3 - Resistência por passo (RES);Parameter of SPS address 3 operation - Resistence per step (RES);;;;;;Concentrador;Concentrator;;Paralelismo;Parallelism;;Parâmetro;;;;;
2187f1e3bd0b4675b53ef62a30dbe1e3;1;RW;16;TabEscritaSps3;Holding register;805;Analog output;74;1;100;1;1;s;s;;;;;CONC;;Público;Parâmetro de funcionamento do SPS endereço 3 - Tempo para sincronismo (SNC);Parameter of SPS address 3 operation - Synchronism time (SNC);;;;;;Concentrador;Concentrator;;Paralelismo;Parallelism;;Parâmetro;;;;;
b3ac800af0f74e768ee25d1feb2fc631;1;RW;16;TabEscritaSps3;Holding register;806;Analog output;75;2;25;2;1;s;s;;;;;CONC;;Público;Parâmetro de funcionamento do SPS endereço 3 - Tempo para alarme E04 (PRG);Parameter of SPS address 3 operation - Time for alarm E04 (PRG);;;;;;Concentrador;Concentrator;;Paralelismo;Parallelism;;Parâmetro;;;;;
40f34c25e0174a0a84872c133d42569f;1;RW;16;TabEscritaSps3;Holding register;807;Analog output;76;0;34;0;1;;;;;;;CONC;;Público;Parâmetro de funcionamento do SPS endereço 3 - Função do relé 1 (RL1);Parameter of SPS address 3 operation - Relay 1 operation (RL1);;;;;;Concentrador;Concentrator;;Relés;Relays;;Parâmetro;;;;;
333a41ef4bbf4a6f9d116bcee21da3bc;1;RW;16;TabEscritaSps3;Holding register;808;Analog output;77;0;34;0;1;;;;;;;CONC;;Público;Parâmetro de funcionamento do SPS endereço 3 - Função do relé 2 (RL2);Parameter of SPS address 3 operation - Relay 2 operation (RL2);;;;;;Concentrador;Concentrator;;Relés;Relays;;Parâmetro;;;;;
d8e41ce7381d4eff95fd58ed500e627f;1;RW;16;TabEscritaSps3;Holding register;809;Analog output;78;0;34;0;1;;;;;;;CONC;;Público;Parâmetro de funcionamento do SPS endereço 3 - Função do relé 3 (RL3);Parameter of SPS address 3 operation - Relay 3 operation (RL3);;;;;;Concentrador;Concentrator;;Relés;Relays;;Parâmetro;;;;;
6fca8e2813354abf904e5f40c7822cdc;1;RW;16;TabEscritaSps3;Holding register;810;Analog output;79;0;9;0;1;;;;1=0...1mA\2=-1...+1mA\3=0...5mA\4=-5...+5mA\5=0...10mA\6=-10...+10mA\7=0...20mA\8=-20...+20mA\9=4...20mA;1=0...1mA\2=-1...+1mA\3=0...5mA\4=-5...+5mA\5=0...10mA\6=-10...+10mA\7=0...20mA\8=-20...+20mA\9=4...20mA;;CONC;;Público;Parâmetro de funcionamento do SPS endereço 3 - Opção de saída mA (OCS);Parameter of SPS address 3 operation - MA output option (OSC);;;;;;Concentrador;Concentrator;;Saída mA;Analog output;;Parâmetro;;;;;
9ebafd67294d4908b1efd3cd5911703b;1;RW;16;TabEscritaSps3;Holding register;811;Analog output;80;1;3;1;1;;;;1=Português\2=Inglês\3=Espanhol;1=Portuguese\2=English\3=Spanish;;CONC;;Público;Parâmetro de funcionamento do SPS endereço 3 - Opção de idioma (LNG);Parameter of SPS address 3 operation - Language option (TAP);;;;;;;;;;;;Parâmetro;;;;;
78c02800dad54cb8a1c134041faa9248;1;RW;16;TabEscritaSps3;Holding register;812;Analog output;81;1;3;1;1;;;;1=Individual\2=Mestre\3=Comandado;1=Individual\2=Master\3=Follower;;CONC;;Público;Parâmetro de funcionamento do SPS endereço 3 - Configuração individual ou mestre ou comandado;Parameter of SPS address 3 operation - Configuration individual or master or follower;;;;;;Concentrador;Concentrator;;Paralelismo;Parallelism;;Parâmetro;;;;;
32fcba09e53a42958067fbdeee6b147f;1;RW;16;TabEscritaSps3;Holding register;813;Analog output;82;0;2;0;1;;;;0=Stop\1=Baixar\2=Subir;0=Stop\1=Lower\2=Raise;;CONC;;Público;Parâmetro de funcionamento do SPS endereço 3 - Comandar tap;Parameter of SPS address 3 operation - Command tap;;;;;;Concentrador;Concentrator;;Paralelismo;Parallelism;;Comando;;;;;
;;;;;;;;;;;;;;;;;;;;;;;;;;;;;;;;;;;;;;;;
3f19f5e9336a41e6a8d4f27b7f7c3635;1;RW;16;TabEscritaSps4;Holding register;900;Analog output;83;0;2;0;1;;;;0=Indicador de posição\1=Monofásico;0=Position indicator\1=Single-phase;;CONC;;Público;Parâmetro de funcionamento do SPS endereço 4 - Modo de operação (MOD);Parameter of SPS address 4 operation - Operation mode (MOD);;;;;;Concentrador;Concentrator;;Paralelismo;Parallelism;;Parâmetro;;;;;
1e578232e1c041dcb5fe119976ea0e4c;1;RW;16;TabEscritaSps4;Holding register;901;Analog output;84;2;50;2;1;;;;;;;CONC;;Público;Parâmetro de funcionamento do SPS endereço 4 - Número de taps (TAP);Parameter of SPS address 4 operation - Tap quantity (TAP);;;;;;Concentrador;Concentrator;;Paralelismo;Parallelism;;Parâmetro;;;;;
fc9821d15d9f48dcb535f363feb6c36f;1;RW;16;TabEscritaSps4;Holding register;902;Analog output;85;0;4;0;1;;;;0=Bilateral\1=Bilateral inverso\2=Alfanumérico\3=Alfanumérico inverso\4=Numérico simples;0=Bilateral\1=Inverse Bilateral\2=Alphanumeric\3=Inverse Alphanumeric\4=Simple Numeric;0=Bilateral\1=Bilateral Inverso\2=Alfanumerico\3=Alfanumerico Inverso\4=Numerico Simple;CONC;;Público;Parâmetro de funcionamento do SPS endereço 4 - Tipo de indicação de tap (IDC);Parameter of SPS address 4 operation - Tap indication type (IDC);;;;;;Concentrador;Concentrator;;Paralelismo;Parallelism;;Parâmetro;;;;;
1d250b866ad44e71ba9921983fe9a8ee;1;RW;16;TabEscritaSps4;Holding register;903;Analog output;86;2;50;2;1;;;;;;;CONC;;Público;Parâmetro de funcionamento do SPS endereço 4 - Posição do tap central (CNT);Parameter of SPS address 4 operation - Middle tap position (CNT);;;;;;Concentrador;Concentrator;;Paralelismo;Parallelism;;Parâmetro;;;;;
1951a93892794d24962cb836635d5e3a;1;RW;16;TabEscritaSps4;Holding register;904;Analog output;87;47;200;47;10;ohms;ohms;;;;;CONC;;Público;Parâmetro de funcionamento do SPS endereço 4 - Resistência por passo (RES);Parameter of SPS address 4 operation - Resistence per step (RES);;;;;;Concentrador;Concentrator;;Paralelismo;Parallelism;;Parâmetro;;;;;
83ddf9a26ec44380b988f53a164e4760;1;RW;16;TabEscritaSps4;Holding register;905;Analog output;88;1;100;1;1;s;s;;;;;CONC;;Público;Parâmetro de funcionamento do SPS endereço 4 - Tempo para sincronismo (SNC);Parameter of SPS address 4 operation - Synchronism time (SNC);;;;;;Concentrador;Concentrator;;Paralelismo;Parallelism;;Parâmetro;;;;;
ba569dcb168145988728f65ee1f1da00;1;RW;16;TabEscritaSps4;Holding register;906;Analog output;89;2;25;2;1;s;s;;;;;CONC;;Público;Parâmetro de funcionamento do SPS endereço 4 - Tempo para alarme E04 (PRG);Parameter of SPS address 4 operation - Time for alarm E04 (PRG);;;;;;Concentrador;Concentrator;;Paralelismo;Parallelism;;Parâmetro;;;;;
de66b3e230e04e1a85fc03e6b23e2398;1;RW;16;TabEscritaSps4;Holding register;907;Analog output;90;0;34;0;1;;;;;;;CONC;;Público;Parâmetro de funcionamento do SPS endereço 4 - Função do relé 1 (RL1);Parameter of SPS address 4 operation - Relay 1 operation (RL1);;;;;;Concentrador;Concentrator;;Relés;Relays;;Parâmetro;;;;;
2ad8ff4b7eb9451ea5758fcfecb7fab1;1;RW;16;TabEscritaSps4;Holding register;908;Analog output;91;0;34;0;1;;;;;;;CONC;;Público;Parâmetro de funcionamento do SPS endereço 4 - Função do relé 2 (RL2);Parameter of SPS address 4 operation - Relay 2 operation (RL2);;;;;;Concentrador;Concentrator;;Relés;Relays;;Parâmetro;;;;;
e463a1e52a944c91b702e8e971cb6487;1;RW;16;TabEscritaSps4;Holding register;909;Analog output;92;0;34;0;1;;;;;;;CONC;;Público;Parâmetro de funcionamento do SPS endereço 4 - Função do relé 3 (RL3);Parameter of SPS address 4 operation - Relay 3 operation (RL3);;;;;;Concentrador;Concentrator;;Relés;Relays;;Parâmetro;;;;;
027f185e5a0b4e8c8b586ec1c7bc3d71;1;RW;16;TabEscritaSps4;Holding register;910;Analog output;93;0;34;0;1;;;;;;;CONC;;Público;Parâmetro de funcionamento do SPS endereço 4 - Função do relé 4 (RL4);Parameter of SPS address 4 operation - Relay 4 operation (RL4);;;;;;Concentrador;Concentrator;;Relés;Relays;;Parâmetro;;;;;
e5e4c935bef0454c929441eb757a98d3;1;RW;16;TabEscritaSps4;Holding register;911;Analog output;94;0;9;0;1;;;;1=0...1mA\2=-1...+1mA\3=0...5mA\4=-5...+5mA\5=0...10mA\6=-10...+10mA\7=0...20mA\8=-20...+20mA\9=4...20mA;1=0...1mA\2=-1...+1mA\3=0...5mA\4=-5...+5mA\5=0...10mA\6=-10...+10mA\7=0...20mA\8=-20...+20mA\9=4...20mA;;CONC;;Público;Parâmetro de funcionamento do SPS endereço 4 - Opção de saída mA (OCS);Parameter of SPS address 4 operation - MA output option (OSC);;;;;;Concentrador;Concentrator;;Saída mA;Analog output;;Parâmetro;;;;;
113f5565c6264fe1aba976379b9a5e92;1;RW;16;TabEscritaSps4;Holding register;912;Analog output;95;1;3;1;1;;;;1=Português\2=Inglês\3=Espanhol;1=Portuguese\2=English\3=Spanish;;CONC;;Público;Parâmetro de funcionamento do SPS endereço 4 - Opção de idioma (LNG);Parameter of SPS address 4 operation - Language option (TAP);;;;;;;;;;;;Parâmetro;;;;;
0b9fc4a46775407a9008615a7575899a;1;RW;16;TabEscritaSps4;Holding register;913;Analog output;96;0;2;0;1;;;;0=Stop\1=Baixar\2=Subir;0=Stop\1=Lower\2=Raise;;CONC;;Público;Parâmetro de funcionamento do SPS endereço 4 - Comandar tap;Parameter of SPS address 4 operation - Command tap;;;;;;Concentrador;Concentrator;;Paralelismo;Parallelism;;Comando;;;;;
;;;;;;;;;;;;;;;;;;;;;;;;;;;;;;;;;;;;;;;;
b9cd1ff1d03f4ea5856754890254b0dd;1;RW;16;TabEscritaSps5;Holding register;1000;Analog output;97;0;2;0;1;;;;0=Indicador de posição\1=Monofásico;0=Position indicator\1=Single-phase;;CONC;;Público;Parâmetro de funcionamento do SPS endereço 5 - Modo de operação (MOD);Parameter of SPS address 5 operation - Operation mode (MOD);;;;;;Concentrador;Concentrator;;Paralelismo;Parallelism;;Parâmetro;;;;;
53fcfb727d1e411e84a9f83e72c7ee36;1;RW;16;TabEscritaSps5;Holding register;1001;Analog output;98;2;50;2;1;;;;;;;CONC;;Público;Parâmetro de funcionamento do SPS endereço 5 - Número de taps (TAP);Parameter of SPS address 5 operation - Tap quantity (TAP);;;;;;Concentrador;Concentrator;;Paralelismo;Parallelism;;Parâmetro;;;;;
d1d77ffb1bf941b8b1c30c3863cd64e9;1;RW;16;TabEscritaSps5;Holding register;1002;Analog output;99;0;4;0;1;;;;0=Bilateral\1=Bilateral inverso\2=Alfanumérico\3=Alfanumérico inverso\4=Numérico simples;0=Bilateral\1=Inverse Bilateral\2=Alphanumeric\3=Inverse Alphanumeric\4=Simple Numeric;0=Bilateral\1=Bilateral Inverso\2=Alfanumerico\3=Alfanumerico Inverso\4=Numerico Simple;CONC;;Público;Parâmetro de funcionamento do SPS endereço 5 - Tipo de indicação de tap (IDC);Parameter of SPS address 5 operation - Tap indication type (IDC);;;;;;Concentrador;Concentrator;;Paralelismo;Parallelism;;Parâmetro;;;;;
6c0fd4f2ea324ddb8770dc36fd27bd11;1;RW;16;TabEscritaSps5;Holding register;1003;Analog output;100;2;50;2;1;;;;;;;CONC;;Público;Parâmetro de funcionamento do SPS endereço 5 - Posição do tap central (CNT);Parameter of SPS address 5 operation - Middle tap position (CNT);;;;;;Concentrador;Concentrator;;Paralelismo;Parallelism;;Parâmetro;;;;;
0ee677e601964016844dd59b8088901d;1;RW;16;TabEscritaSps5;Holding register;1004;Analog output;101;47;200;47;10;ohms;ohms;;;;;CONC;;Público;Parâmetro de funcionamento do SPS endereço 5 - Resistência por passo (RES);Parameter of SPS address 5 operation - Resistence per step (RES);;;;;;Concentrador;Concentrator;;Paralelismo;Parallelism;;Parâmetro;;;;;
9402a177d8084f9ea16890d93903d73b;1;RW;16;TabEscritaSps5;Holding register;1005;Analog output;102;1;100;1;1;s;s;;;;;CONC;;Público;Parâmetro de funcionamento do SPS endereço 5 - Tempo para sincronismo (SNC);Parameter of SPS address 5 operation - Synchronism time (SNC);;;;;;Concentrador;Concentrator;;Paralelismo;Parallelism;;Parâmetro;;;;;
04efefbcf1bc49c2ac0f428e50efb3ff;1;RW;16;TabEscritaSps5;Holding register;1006;Analog output;103;2;25;2;1;s;s;;;;;CONC;;Público;Parâmetro de funcionamento do SPS endereço 5 - Tempo para alarme E04 (PRG);Parameter of SPS address 5 operation - Time for alarm E04 (PRG);;;;;;Concentrador;Concentrator;;Paralelismo;Parallelism;;Parâmetro;;;;;
3b814664f33943699cfa2b4422eacfc6;1;RW;16;TabEscritaSps5;Holding register;1007;Analog output;104;0;34;0;1;;;;;;;CONC;;Público;Parâmetro de funcionamento do SPS endereço 5 - Função do relé 1 (RL1);Parameter of SPS address 5 operation - Relay 1 operation (RL1);;;;;;Concentrador;Concentrator;;Relés;Relays;;Parâmetro;;;;;
01d1bc2de5f445998d3da98338758129;1;RW;16;TabEscritaSps5;Holding register;1008;Analog output;105;0;34;0;1;;;;;;;CONC;;Público;Parâmetro de funcionamento do SPS endereço 5 - Função do relé 2 (RL2);Parameter of SPS address 5 operation - Relay 2 operation (RL2);;;;;;Concentrador;Concentrator;;Relés;Relays;;Parâmetro;;;;;
b7d73bd6bd834cff93a4fabdadbb0f25;1;RW;16;TabEscritaSps5;Holding register;1009;Analog output;106;0;34;0;1;;;;;;;CONC;;Público;Parâmetro de funcionamento do SPS endereço 5 - Função do relé 3 (RL3);Parameter of SPS address 5 operation - Relay 3 operation (RL3);;;;;;Concentrador;Concentrator;;Relés;Relays;;Parâmetro;;;;;
c3095e5224f341ad86e7fdea14c010f1;1;RW;16;TabEscritaSps5;Holding register;1010;Analog output;107;0;34;0;1;;;;;;;CONC;;Público;Parâmetro de funcionamento do SPS endereço 5 - Função do relé 4 (RL4);Parameter of SPS address 5 operation - Relay 4 operation (RL4);;;;;;Concentrador;Concentrator;;Relés;Relays;;Parâmetro;;;;;
6de1de43086b4339a8894893e1d9ef68;1;RW;16;TabEscritaSps5;Holding register;1011;Analog output;108;0;9;0;1;;;;1=0...1mA\2=-1...+1mA\3=0...5mA\4=-5...+5mA\5=0...10mA\6=-10...+10mA\7=0...20mA\8=-20...+20mA\9=4...20mA;1=0...1mA\2=-1...+1mA\3=0...5mA\4=-5...+5mA\5=0...10mA\6=-10...+10mA\7=0...20mA\8=-20...+20mA\9=4...20mA;;CONC;;Público;Parâmetro de funcionamento do SPS endereço 5 - Opção de saída mA (OCS);Parameter of SPS address 5 operation - MA output option (OSC);;;;;;Concentrador;Concentrator;;Saída mA;Analog output;;Parâmetro;;;;;
5a84af3ec60e4716a64971948c0d4fa5;1;RW;16;TabEscritaSps5;Holding register;1012;Analog output;109;1;3;1;1;;;;1=Português\2=Inglês\3=Espanhol;1=Portuguese\2=English\3=Spanish;;CONC;;Público;Parâmetro de funcionamento do SPS endereço 5 - Opção de idioma (LNG);Parameter of SPS address 5 operation - Language option (TAP);;;;;;;;;;;;Parâmetro;;;;;
97d7438f1f0a4966a5841a29f5ead40b;1;RW;16;TabEscritaSps5;Holding register;1013;Analog output;110;0;2;0;1;;;;0=Stop\1=Baixar\2=Subir;0=Stop\1=Lower\2=Raise;;CONC;;Público;Parâmetro de funcionamento do SPS endereço 5 - Comandar tap;Parameter of SPS address 5 operation - Command tap;;;;;;Concentrador;Concentrator;;Paralelismo;Parallelism;;Comando;;;;;
;;;;;;;;;;;;;;;;;;;;;;;;;;;;;;;;;;;;;;;;
6a6884adc98243ffba42997730c7330a;1;RW;16;TabEscritaSps6;Holding register;1100;Analog output;111;0;2;0;1;;;;0=Indicador de posição\1=Monofásico\2=Trifásico;0=Position indicator\1=Single-phase\2=Three-phase;;CONC;;Público;Parâmetro de funcionamento do SPS endereço 6 - Modo de operação (MOD);Parameter of SPS address 6 operation - Operation mode (MOD);;;;;;Concentrador;Concentrator;;Paralelismo;Parallelism;;Parâmetro;;;;;
3ff5c68db6f643969e3868d711c153ee;1;RW;16;TabEscritaSps6;Holding register;1101;Analog output;112;2;50;2;1;;;;;;;CONC;;Público;Parâmetro de funcionamento do SPS endereço 6 - Número de taps (TAP);Parameter of SPS address 6 operation - Tap quantity (TAP);;;;;;Concentrador;Concentrator;;Paralelismo;Parallelism;;Parâmetro;;;;;
23f82cc3f75e43718012502010ad8a50;1;RW;16;TabEscritaSps6;Holding register;1102;Analog output;113;0;4;0;1;;;;0=Bilateral\1=Bilateral inverso\2=Alfanumérico\3=Alfanumérico inverso\4=Numérico simples;0=Bilateral\1=Inverse Bilateral\2=Alphanumeric\3=Inverse Alphanumeric\4=Simple Numeric;0=Bilateral\1=Bilateral Inverso\2=Alfanumerico\3=Alfanumerico Inverso\4=Numerico Simple;CONC;;Público;Parâmetro de funcionamento do SPS endereço 6 - Tipo de indicação de tap (IDC);Parameter of SPS address 6 operation - Tap indication type (IDC);;;;;;Concentrador;Concentrator;;Paralelismo;Parallelism;;Parâmetro;;;;;
dfec9fdeabc94919a95d7e73f54b9734;1;RW;16;TabEscritaSps6;Holding register;1103;Analog output;114;2;50;2;1;;;;;;;CONC;;Público;Parâmetro de funcionamento do SPS endereço 6 - Posição do tap central (CNT);Parameter of SPS address 6 operation - Middle tap position (CNT);;;;;;Concentrador;Concentrator;;Paralelismo;Parallelism;;Parâmetro;;;;;
9be132a27ef64d7da6f310374261ea1b;1;RW;16;TabEscritaSps6;Holding register;1104;Analog output;115;47;200;47;10;ohms;ohms;;;;;CONC;;Público;Parâmetro de funcionamento do SPS endereço 6 - Resistência por passo (RES);Parameter of SPS address 6 operation - Resistence per step (RES);;;;;;Concentrador;Concentrator;;Paralelismo;Parallelism;;Parâmetro;;;;;
f944bb1d3bf7472f847f4374468bf3bb;1;RW;16;TabEscritaSps6;Holding register;1105;Analog output;116;1;100;1;1;s;s;;;;;CONC;;Público;Parâmetro de funcionamento do SPS endereço 6 - Tempo para sincronismo (SNC);Parameter of SPS address 6 operation - Synchronism time (SNC);;;;;;Concentrador;Concentrator;;Paralelismo;Parallelism;;Parâmetro;;;;;
eb793a93607849fa87f059dc8be1742b;1;RW;16;TabEscritaSps6;Holding register;1106;Analog output;117;2;25;2;1;s;s;;;;;CONC;;Público;Parâmetro de funcionamento do SPS endereço 6 - Tempo para alarme E04 (PRG);Parameter of SPS address 6 operation - Time for alarm E04 (PRG);;;;;;Concentrador;Concentrator;;Paralelismo;Parallelism;;Parâmetro;;;;;
a2655174c8e04ab8904a79f3a4e13b85;1;RW;16;TabEscritaSps6;Holding register;1107;Analog output;118;0;34;0;1;;;;;;;CONC;;Público;Parâmetro de funcionamento do SPS endereço 6 - Função do relé 1 (RL1);Parameter of SPS address 6 operation - Relay 1 operation (RL1);;;;;;Concentrador;Concentrator;;Relés;Relays;;Parâmetro;;;;;
44eb3ece3c194d12a69ecfcdd1526b52;1;RW;16;TabEscritaSps6;Holding register;1108;Analog output;119;0;34;0;1;;;;;;;CONC;;Público;Parâmetro de funcionamento do SPS endereço 6 - Função do relé 2 (RL2);Parameter of SPS address 6 operation - Relay 2 operation (RL2);;;;;;Concentrador;Concentrator;;Relés;Relays;;Parâmetro;;;;;
c7419514b78948ca8161367300d204a0;1;RW;16;TabEscritaSps6;Holding register;1109;Analog output;120;0;34;0;1;;;;;;;CONC;;Público;Parâmetro de funcionamento do SPS endereço 6 - Função do relé 3 (RL3);Parameter of SPS address 6 operation - Relay 3 operation (RL3);;;;;;Concentrador;Concentrator;;Relés;Relays;;Parâmetro;;;;;
1c24c145a7994804aa024582f10fc5e3;1;RW;16;TabEscritaSps6;Holding register;1110;Analog output;121;0;9;0;1;;;;1=0...1mA\2=-1...+1mA\3=0...5mA\4=-5...+5mA\5=0...10mA\6=-10...+10mA\7=0...20mA\8=-20...+20mA\9=4...20mA;1=0...1mA\2=-1...+1mA\3=0...5mA\4=-5...+5mA\5=0...10mA\6=-10...+10mA\7=0...20mA\8=-20...+20mA\9=4...20mA;;CONC;;Público;Parâmetro de funcionamento do SPS endereço 6 - Opção de saída mA (OCS);Parameter of SPS address 6 operation - MA output option (OSC);;;;;;Concentrador;Concentrator;;Saída mA;Analog output;;Parâmetro;;;;;
ad6d6f37ad2c46bbb73f28030659fa0e;1;RW;16;TabEscritaSps6;Holding register;1111;Analog output;122;1;3;1;1;;;;1=Português\2=Inglês\3=Espanhol;1=Portuguese\2=English\3=Spanish;;CONC;;Público;Parâmetro de funcionamento do SPS endereço 6 - Opção de idioma (LNG);Parameter of SPS address 6 operation - Language option (TAP);;;;;;;;;;;;Parâmetro;;;;;
9eeb1edd1328427193acb3c65187b962;1;RW;16;TabEscritaSps6;Holding register;1112;Analog output;123;1;3;1;1;;;;1=Individual\2=Mestre\3=Comandado;1=Individual\2=Master\3=Follower;;CONC;;Público;Parâmetro de funcionamento do SPS endereço 6 - Configuração individual ou mestre ou comandado;Parameter of SPS address 6 operation - Configuration individual or master or follower;;;;;;Concentrador;Concentrator;;Paralelismo;Parallelism;;Parâmetro;;;;;
4b4b8213c51b4a05a6afb1edc19db0e7;1;RW;16;TabEscritaSps6;Holding register;1113;Analog output;124;0;2;0;1;;;;0=Stop\1=Baixar\2=Subir;0=Stop\1=Lower\2=Raise;;CONC;;Público;Parâmetro de funcionamento do SPS endereço 6 - Comandar tap;Parameter of SPS address 6 operation - Command tap;;;;;;Concentrador;Concentrator;;Paralelismo;Parallelism;;Comando;;;;;
;;;;;;;;;;;;;;;;;;;;;;;;;;;;;;;;;;;;;;;;
d6f884e4cf884573a93bea900ba73ec1;1;RW;16;TabEscritaSps7;Holding register;1200;Analog output;125;0;2;0;1;;;;0=Indicador de posição\1=Monofásico;0=Position indicator\1=Single-phase;;CONC;;Público;Parâmetro de funcionamento do SPS endereço 7 - Modo de operação (MOD);Parameter of SPS address 7 operation - Operation mode (MOD);;;;;;Concentrador;Concentrator;;Paralelismo;Parallelism;;Parâmetro;;;;;
51163025b04e46c9803e42b00b8f1e6e;1;RW;16;TabEscritaSps7;Holding register;1201;Analog output;126;2;50;2;1;;;;;;;CONC;;Público;Parâmetro de funcionamento do SPS endereço 7 - Número de taps (TAP);Parameter of SPS address 7 operation - Tap quantity (TAP);;;;;;Concentrador;Concentrator;;Paralelismo;Parallelism;;Parâmetro;;;;;
03f4edaf79cf4113bdebb5f8cf6bb1ce;1;RW;16;TabEscritaSps7;Holding register;1202;Analog output;127;0;4;0;1;;;;0=Bilateral\1=Bilateral inverso\2=Alfanumérico\3=Alfanumérico inverso\4=Numérico simples;0=Bilateral\1=Inverse Bilateral\2=Alphanumeric\3=Inverse Alphanumeric\4=Simple Numeric;0=Bilateral\1=Bilateral Inverso\2=Alfanumerico\3=Alfanumerico Inverso\4=Numerico Simple;CONC;;Público;Parâmetro de funcionamento do SPS endereço 7 - Tipo de indicação de tap (IDC);Parameter of SPS address 7 operation - Tap indication type (IDC);;;;;;Concentrador;Concentrator;;Paralelismo;Parallelism;;Parâmetro;;;;;
4474daa61a0444c8b260578132c27db6;1;RW;16;TabEscritaSps7;Holding register;1203;Analog output;128;2;50;2;1;;;;;;;CONC;;Público;Parâmetro de funcionamento do SPS endereço 7 - Posição do tap central (CNT);Parameter of SPS address 7 operation - Middle tap position (CNT);;;;;;Concentrador;Concentrator;;Paralelismo;Parallelism;;Parâmetro;;;;;
d803db206c784ad99f563cc25693dfc7;1;RW;16;TabEscritaSps7;Holding register;1204;Analog output;129;47;200;47;10;ohms;ohms;;;;;CONC;;Público;Parâmetro de funcionamento do SPS endereço 7 - Resistência por passo (RES);Parameter of SPS address 7 operation - Resistence per step (RES);;;;;;Concentrador;Concentrator;;Paralelismo;Parallelism;;Parâmetro;;;;;
1a6b88b71d7f48199492fe4d4341fb47;1;RW;16;TabEscritaSps7;Holding register;1205;Analog output;130;1;100;1;1;s;s;;;;;CONC;;Público;Parâmetro de funcionamento do SPS endereço 7 - Tempo para sincronismo (SNC);Parameter of SPS address 7 operation - Synchronism time (SNC);;;;;;Concentrador;Concentrator;;Paralelismo;Parallelism;;Parâmetro;;;;;
6ee7c8d17a914ff8a438d37c50b0fc30;1;RW;16;TabEscritaSps7;Holding register;1206;Analog output;131;2;25;2;1;s;s;;;;;CONC;;Público;Parâmetro de funcionamento do SPS endereço 7 - Tempo para alarme E04 (PRG);Parameter of SPS address 7 operation - Time for alarm E04 (PRG);;;;;;Concentrador;Concentrator;;Paralelismo;Parallelism;;Parâmetro;;;;;
92fceb5c135d4605bf16b7980ae370f0;1;RW;16;TabEscritaSps7;Holding register;1207;Analog output;132;0;34;0;1;;;;;;;CONC;;Público;Parâmetro de funcionamento do SPS endereço 7 - Função do relé 1 (RL1);Parameter of SPS address 7 operation - Relay 1 operation (RL1);;;;;;Concentrador;Concentrator;;Relés;Relays;;Parâmetro;;;;;
e70c520665104a8d92289e32aea1a333;1;RW;16;TabEscritaSps7;Holding register;1208;Analog output;133;0;34;0;1;;;;;;;CONC;;Público;Parâmetro de funcionamento do SPS endereço 7 - Função do relé 2 (RL2);Parameter of SPS address 7 operation - Relay 2 operation (RL2);;;;;;Concentrador;Concentrator;;Relés;Relays;;Parâmetro;;;;;
08556a8ef3014d319fcd940eef79d956;1;RW;16;TabEscritaSps7;Holding register;1209;Analog output;134;0;34;0;1;;;;;;;CONC;;Público;Parâmetro de funcionamento do SPS endereço 7 - Função do relé 3 (RL3);Parameter of SPS address 7 operation - Relay 3 operation (RL3);;;;;;Concentrador;Concentrator;;Relés;Relays;;Parâmetro;;;;;
0f34c0ef0238497ca7e0a97599c60361;1;RW;16;TabEscritaSps7;Holding register;1210;Analog output;135;0;34;0;1;;;;;;;CONC;;Público;Parâmetro de funcionamento do SPS endereço 7 - Função do relé 4 (RL4);Parameter of SPS address 7 operation - Relay 4 operation (RL4);;;;;;Concentrador;Concentrator;;Relés;Relays;;Parâmetro;;;;;
2ce0c07d834743e19562089085fe088c;1;RW;16;TabEscritaSps7;Holding register;1211;Analog output;136;0;9;0;1;;;;1=0...1mA\2=-1...+1mA\3=0...5mA\4=-5...+5mA\5=0...10mA\6=-10...+10mA\7=0...20mA\8=-20...+20mA\9=4...20mA;1=0...1mA\2=-1...+1mA\3=0...5mA\4=-5...+5mA\5=0...10mA\6=-10...+10mA\7=0...20mA\8=-20...+20mA\9=4...20mA;;CONC;;Público;Parâmetro de funcionamento do SPS endereço 7 - Opção de saída mA (OCS);Parameter of SPS address 7 operation - MA output option (OSC);;;;;;Concentrador;Concentrator;;Saída mA;Analog output;;Parâmetro;;;;;
060f12457ec84686815d541f7636332c;1;RW;16;TabEscritaSps7;Holding register;1212;Analog output;137;1;3;1;1;;;;1=Português\2=Inglês\3=Espanhol;1=Portuguese\2=English\3=Spanish;;CONC;;Público;Parâmetro de funcionamento do SPS endereço 7 - Opção de idioma (LNG);Parameter of SPS address 7 operation - Language option (TAP);;;;;;;;;;;;Parâmetro;;;;;
6a5eca7c3ee94a2da5b998f019faef7c;1;RW;16;TabEscritaSps7;Holding register;1213;Analog output;138;0;2;0;1;;;;0=Stop\1=Baixar\2=Subir;0=Stop\1=Lower\2=Raise;;CONC;;Público;Parâmetro de funcionamento do SPS endereço 7 - Comandar tap;Parameter of SPS address 7 operation - Command tap;;;;;;Concentrador;Concentrator;;Paralelismo;Parallelism;;Comando;;;;;
;;;;;;;;;;;;;;;;;;;;;;;;;;;;;;;;;;;;;;;;
1a8152983a4c4ddc9358417c75acc4b4;1;RW;16;TabEscritaSps8;Holding register;1300;Analog output;139;0;2;0;1;;;;0=Indicador de posição\1=Monofásico;0=Position indicator\1=Single-phase;;CONC;;Público;Parâmetro de funcionamento do SPS endereço 8 - Modo de operação (MOD);Parameter of SPS address 8 operation - Operation mode (MOD);;;;;;Concentrador;Concentrator;;Paralelismo;Parallelism;;Parâmetro;;;;;
0774c761c0e04265890efe8e11488c3e;1;RW;16;TabEscritaSps8;Holding register;1301;Analog output;140;2;50;2;1;;;;;;;CONC;;Público;Parâmetro de funcionamento do SPS endereço 8 - Número de taps (TAP);Parameter of SPS address 8 operation - Tap quantity (TAP);;;;;;Concentrador;Concentrator;;Paralelismo;Parallelism;;Parâmetro;;;;;
58576d78f1024395b18304b88ca310f1;1;RW;16;TabEscritaSps8;Holding register;1302;Analog output;141;0;4;0;1;;;;0=Bilateral\1=Bilateral inverso\2=Alfanumérico\3=Alfanumérico inverso\4=Numérico simples;0=Bilateral\1=Inverse Bilateral\2=Alphanumeric\3=Inverse Alphanumeric\4=Simple Numeric;0=Bilateral\1=Bilateral Inverso\2=Alfanumerico\3=Alfanumerico Inverso\4=Numerico Simple;CONC;;Público;Parâmetro de funcionamento do SPS endereço 8 - Tipo de indicação de tap (IDC);Parameter of SPS address 8 operation - Tap indication type (IDC);;;;;;Concentrador;Concentrator;;Paralelismo;Parallelism;;Parâmetro;;;;;
65f312258a744c9bb5fe6c8cf017c342;1;RW;16;TabEscritaSps8;Holding register;1303;Analog output;142;2;50;2;1;;;;;;;CONC;;Público;Parâmetro de funcionamento do SPS endereço 8 - Posição do tap central (CNT);Parameter of SPS address 8 operation - Middle tap position (CNT);;;;;;Concentrador;Concentrator;;Paralelismo;Parallelism;;Parâmetro;;;;;
c0b319502c874be2837239c6d788dfcd;1;RW;16;TabEscritaSps8;Holding register;1304;Analog output;143;47;200;47;10;ohms;ohms;;;;;CONC;;Público;Parâmetro de funcionamento do SPS endereço 8 - Resistência por passo (RES);Parameter of SPS address 8 operation - Resistence per step (RES);;;;;;Concentrador;Concentrator;;Paralelismo;Parallelism;;Parâmetro;;;;;
e148e0aa42b34511a556c94011de00e5;1;RW;16;TabEscritaSps8;Holding register;1305;Analog output;144;1;100;1;1;s;s;;;;;CONC;;Público;Parâmetro de funcionamento do SPS endereço 8 - Tempo para sincronismo (SNC);Parameter of SPS address 8 operation - Synchronism time (SNC);;;;;;Concentrador;Concentrator;;Paralelismo;Parallelism;;Parâmetro;;;;;
35413dac556f42ec92214f9ba05cffb8;1;RW;16;TabEscritaSps8;Holding register;1306;Analog output;145;2;25;2;1;s;s;;;;;CONC;;Público;Parâmetro de funcionamento do SPS endereço 8 - Tempo para alarme E04 (PRG);Parameter of SPS address 8 operation - Time for alarm E04 (PRG);;;;;;Concentrador;Concentrator;;Paralelismo;Parallelism;;Parâmetro;;;;;
3051fdb47f674ceeb23346d764a979cc;1;RW;16;TabEscritaSps8;Holding register;1307;Analog output;146;0;34;0;1;;;;;;;CONC;;Público;Parâmetro de funcionamento do SPS endereço 8 - Função do relé 1 (RL1);Parameter of SPS address 8 operation - Relay 1 operation (RL1);;;;;;Concentrador;Concentrator;;Relés;Relays;;Parâmetro;;;;;
d9169c46d60f44b79273d3fe3e338c54;1;RW;16;TabEscritaSps8;Holding register;1308;Analog output;147;0;34;0;1;;;;;;;CONC;;Público;Parâmetro de funcionamento do SPS endereço 8 - Função do relé 2 (RL2);Parameter of SPS address 8 operation - Relay 2 operation (RL2);;;;;;Concentrador;Concentrator;;Relés;Relays;;Parâmetro;;;;;
7f560e95f82c4732af2c62b40ab0243b;1;RW;16;TabEscritaSps8;Holding register;1309;Analog output;148;0;34;0;1;;;;;;;CONC;;Público;Parâmetro de funcionamento do SPS endereço 8 - Função do relé 3 (RL3);Parameter of SPS address 8 operation - Relay 3 operation (RL3);;;;;;Concentrador;Concentrator;;Relés;Relays;;Parâmetro;;;;;
0910f4ce1622400fb17545b8a47c0ddd;1;RW;16;TabEscritaSps8;Holding register;1310;Analog output;149;0;34;0;1;;;;;;;CONC;;Público;Parâmetro de funcionamento do SPS endereço 8 - Função do relé 4 (RL4);Parameter of SPS address 8 operation - Relay 4 operation (RL4);;;;;;Concentrador;Concentrator;;Relés;Relays;;Parâmetro;;;;;
53560fc6bc924c02be820a01d3ba7d94;1;RW;16;TabEscritaSps8;Holding register;1311;Analog output;150;0;9;0;1;;;;1=0...1mA\2=-1...+1mA\3=0...5mA\4=-5...+5mA\5=0...10mA\6=-10...+10mA\7=0...20mA\8=-20...+20mA\9=4...20mA;1=0...1mA\2=-1...+1mA\3=0...5mA\4=-5...+5mA\5=0...10mA\6=-10...+10mA\7=0...20mA\8=-20...+20mA\9=4...20mA;;CONC;;Público;Parâmetro de funcionamento do SPS endereço 8 - Opção de saída mA (OCS);Parameter of SPS address 8 operation - MA output option (OSC);;;;;;Concentrador;Concentrator;;Saída mA;Analog output;;Parâmetro;;;;;
aa44bbb8fdba4c99ac2a8fdf3e212a70;1;RW;16;TabEscritaSps8;Holding register;1312;Analog output;151;1;3;1;1;;;;1=Português\2=Inglês\3=Espanhol;1=Portuguese\2=English\3=Spanish;;CONC;;Público;Parâmetro de funcionamento do SPS endereço 8 - Opção de idioma (LNG);Parameter of SPS address 8 operation - Language option (TAP);;;;;;;;;;;;Parâmetro;;;;;
a46e1aa18ef448758e63ae5037c41881;1;RW;16;TabEscritaSps8;Holding register;1313;Analog output;152;0;2;0;1;;;;0=Stop\1=Baixar\2=Subir;0=Stop\1=Lower\2=Raise;;CONC;;Público;Parâmetro de funcionamento do SPS endereço 8 - Comandar tap;Parameter of SPS address 8 operation - Command tap;;;;;;Concentrador;Concentrator;;Paralelismo;Parallelism;;Comando;;;;;
;;;;;;;;;;;;;;;;;;;;;;;;;;;;;;;;;;;;;;;;
0d6e9a4631df4a528222d67acbed7bee;1;RW;16;TabEscritaSps9;Holding register;1400;Analog output;153;0;2;0;1;;;;0=Indicador de posição\1=Monofásico\2=Trifásico;0=Position indicator\1=Single-phase\2=Three-phase;;CONC;;Público;Parâmetro de funcionamento do SPS endereço 9 - Modo de operação (MOD);Parameter of SPS address 9 operation - Operation mode (MOD);;;;;;Concentrador;Concentrator;;Paralelismo;Parallelism;;Parâmetro;;;;;
291968643db448c681792f3006fcdb26;1;RW;16;TabEscritaSps9;Holding register;1401;Analog output;154;2;50;2;1;;;;;;;CONC;;Público;Parâmetro de funcionamento do SPS endereço 9 - Número de taps (TAP);Parameter of SPS address 9 operation - Tap quantity (TAP);;;;;;Concentrador;Concentrator;;Paralelismo;Parallelism;;Parâmetro;;;;;
27922b71b9cc434cacc8eef4c2ca90d2;1;RW;16;TabEscritaSps9;Holding register;1402;Analog output;155;0;4;0;1;;;;0=Bilateral\1=Bilateral inverso\2=Alfanumérico\3=Alfanumérico inverso\4=Numérico simples;0=Bilateral\1=Inverse Bilateral\2=Alphanumeric\3=Inverse Alphanumeric\4=Simple Numeric;0=Bilateral\1=Bilateral Inverso\2=Alfanumerico\3=Alfanumerico Inverso\4=Numerico Simple;CONC;;Público;Parâmetro de funcionamento do SPS endereço 9 - Tipo de indicação de tap (IDC);Parameter of SPS address 9 operation - Tap indication type (IDC);;;;;;Concentrador;Concentrator;;Paralelismo;Parallelism;;Parâmetro;;;;;
068541166de84feea33f0529678c9332;1;RW;16;TabEscritaSps9;Holding register;1403;Analog output;156;2;50;2;1;;;;;;;CONC;;Público;Parâmetro de funcionamento do SPS endereço 9 - Posição do tap central (CNT);Parameter of SPS address 9 operation - Middle tap position (CNT);;;;;;Concentrador;Concentrator;;Paralelismo;Parallelism;;Parâmetro;;;;;
9ec74194ae0c4aa78a5902d41bb88853;1;RW;16;TabEscritaSps9;Holding register;1404;Analog output;157;47;200;47;10;ohms;ohms;;;;;CONC;;Público;Parâmetro de funcionamento do SPS endereço 9 - Resistência por passo (RES);Parameter of SPS address 9 operation - Resistence per step (RES);;;;;;Concentrador;Concentrator;;Paralelismo;Parallelism;;Parâmetro;;;;;
7b081b2f8e834227930f1af3aec74dbc;1;RW;16;TabEscritaSps9;Holding register;1405;Analog output;158;1;100;1;1;s;s;;;;;CONC;;Público;Parâmetro de funcionamento do SPS endereço 9 - Tempo para sincronismo (SNC);Parameter of SPS address 9 operation - Synchronism time (SNC);;;;;;Concentrador;Concentrator;;Paralelismo;Parallelism;;Parâmetro;;;;;
778e500ca6964b30ab1005dc341c99c7;1;RW;16;TabEscritaSps9;Holding register;1406;Analog output;159;2;25;2;1;s;s;;;;;CONC;;Público;Parâmetro de funcionamento do SPS endereço 9 - Tempo para alarme E04 (PRG);Parameter of SPS address 9 operation - Time for alarm E04 (PRG);;;;;;Concentrador;Concentrator;;Paralelismo;Parallelism;;Parâmetro;;;;;
25f3ef8d7f494f2db381158272cffd01;1;RW;16;TabEscritaSps9;Holding register;1407;Analog output;160;0;34;0;1;;;;;;;CONC;;Público;Parâmetro de funcionamento do SPS endereço 9 - Função do relé 1 (RL1);Parameter of SPS address 9 operation - Relay 1 operation (RL1);;;;;;Concentrador;Concentrator;;Relés;Relays;;Parâmetro;;;;;
909ab98cba7040dab903ad824aa1c1c9;1;RW;16;TabEscritaSps9;Holding register;1408;Analog output;161;0;34;0;1;;;;;;;CONC;;Público;Parâmetro de funcionamento do SPS endereço 9 - Função do relé 2 (RL2);Parameter of SPS address 9 operation - Relay 2 operation (RL2);;;;;;Concentrador;Concentrator;;Relés;Relays;;Parâmetro;;;;;
920e7089233f4e1493c93d1f2155866f;1;RW;16;TabEscritaSps9;Holding register;1409;Analog output;162;0;34;0;1;;;;;;;CONC;;Público;Parâmetro de funcionamento do SPS endereço 9 - Função do relé 3 (RL3);Parameter of SPS address 9 operation - Relay 3 operation (RL3);;;;;;Concentrador;Concentrator;;Relés;Relays;;Parâmetro;;;;;
95a4586d3cad4e00aadec31208b94e43;1;RW;16;TabEscritaSps9;Holding register;1410;Analog output;163;0;9;0;1;;;;1=0...1mA\2=-1...+1mA\3=0...5mA\4=-5...+5mA\5=0...10mA\6=-10...+10mA\7=0...20mA\8=-20...+20mA\9=4...20mA;1=0...1mA\2=-1...+1mA\3=0...5mA\4=-5...+5mA\5=0...10mA\6=-10...+10mA\7=0...20mA\8=-20...+20mA\9=4...20mA;;CONC;;Público;Parâmetro de funcionamento do SPS endereço 9 - Opção de saída mA (OCS);Parameter of SPS address 9 operation - MA output option (OSC);;;;;;Concentrador;Concentrator;;Saída mA;Analog output;;Parâmetro;;;;;
afff194d733e4511a787034290e1de8d;1;RW;16;TabEscritaSps9;Holding register;1411;Analog output;164;1;3;1;1;;;;1=Português\2=Inglês\3=Espanhol;1=Portuguese\2=English\3=Spanish;;CONC;;Público;Parâmetro de funcionamento do SPS endereço 9 - Opção de idioma (LNG);Parameter of SPS address 9 operation - Language option (TAP);;;;;;;;;;;;Parâmetro;;;;;
d5e21c420f4e4966861e09059dd43e71;1;RW;16;TabEscritaSps9;Holding register;1412;Analog output;165;1;3;1;1;;;;1=Individual\2=Mestre\3=Comandado;1=Individual\2=Master\3=Follower;;CONC;;Público;Parâmetro de funcionamento do SPS endereço 9 - Configuração individual ou mestre ou comandado;Parameter of SPS address 9 operation - Configuration individual or master or follower;;;;;;Concentrador;Concentrator;;Paralelismo;Parallelism;;Parâmetro;;;;;
1d0cb41a474f467b9028d87f3f25b833;1;RW;16;TabEscritaSps9;Holding register;1413;Analog output;166;0;2;0;1;;;;0=Stop\1=Baixar\2=Subir;0=Stop\1=Lower\2=Raise;;CONC;;Público;Parâmetro de funcionamento do SPS endereço 9 - Comandar tap;Parameter of SPS address 9 operation - Command tap;;;;;;Concentrador;Concentrator;;Paralelismo;Parallelism;;Comando;;;;;
;;;;;;;;;;;;;;;;;;;;;;;;;;;;;;;;;;;;;;;;
216e42b59c754b56aa3db6a84f8e2211;1;RW;16;TabEscritaSps10;Holding register;1500;Analog output;167;0;2;0;1;;;;0=Indicador de posição\1=Monofásico;0=Position indicator\1=Single-phase;;CONC;;Público;Parâmetro de funcionamento do SPS endereço 10 - Modo de operação (MOD);Parameter of SPS address 10 operation - Operation mode (MOD);;;;;;Concentrador;Concentrator;;Paralelismo;Parallelism;;Parâmetro;;;;;
a7f9280267754f7c871798df1af8efcf;1;RW;16;TabEscritaSps10;Holding register;1501;Analog output;168;2;50;2;1;;;;;;;CONC;;Público;Parâmetro de funcionamento do SPS endereço 10 - Número de taps (TAP);Parameter of SPS address 10 operation - Tap quantity (TAP);;;;;;Concentrador;Concentrator;;Paralelismo;Parallelism;;Parâmetro;;;;;
701bebf6371c48debe42d2a629efdf82;1;RW;16;TabEscritaSps10;Holding register;1502;Analog output;169;0;4;0;1;;;;0=Bilateral\1=Bilateral inverso\2=Alfanumérico\3=Alfanumérico inverso\4=Numérico simples;0=Bilateral\1=Inverse Bilateral\2=Alphanumeric\3=Inverse Alphanumeric\4=Simple Numeric;0=Bilateral\1=Bilateral Inverso\2=Alfanumerico\3=Alfanumerico Inverso\4=Numerico Simple;CONC;;Público;Parâmetro de funcionamento do SPS endereço 10 - Tipo de indicação de tap (IDC);Parameter of SPS address 10 operation - Tap indication type (IDC);;;;;;Concentrador;Concentrator;;Paralelismo;Parallelism;;Parâmetro;;;;;
20c91073ec0045f99d2a89358b8956c8;1;RW;16;TabEscritaSps10;Holding register;1503;Analog output;170;2;50;2;1;;;;;;;CONC;;Público;Parâmetro de funcionamento do SPS endereço 10 - Posição do tap central (CNT);Parameter of SPS address 10 operation - Middle tap position (CNT);;;;;;Concentrador;Concentrator;;Paralelismo;Parallelism;;Parâmetro;;;;;
2c65e66efc8b46ea9547bf42f2e28cff;1;RW;16;TabEscritaSps10;Holding register;1504;Analog output;171;47;200;47;10;ohms;ohms;;;;;CONC;;Público;Parâmetro de funcionamento do SPS endereço 10 - Resistência por passo (RES);Parameter of SPS address 10 operation - Resistence per step (RES);;;;;;Concentrador;Concentrator;;Paralelismo;Parallelism;;Parâmetro;;;;;
ed72b8f5aa9d4a3f87c94fb9e967fed5;1;RW;16;TabEscritaSps10;Holding register;1505;Analog output;172;1;100;1;1;s;s;;;;;CONC;;Público;Parâmetro de funcionamento do SPS endereço 10 - Tempo para sincronismo (SNC);Parameter of SPS address 10 operation - Synchronism time (SNC);;;;;;Concentrador;Concentrator;;Paralelismo;Parallelism;;Parâmetro;;;;;
a0dec2923d504dca80af9730a2db50bc;1;RW;16;TabEscritaSps10;Holding register;1506;Analog output;173;2;25;2;1;s;s;;;;;CONC;;Público;Parâmetro de funcionamento do SPS endereço 10 - Tempo para alarme E04 (PRG);Parameter of SPS address 10 operation - Time for alarm E04 (PRG);;;;;;Concentrador;Concentrator;;Paralelismo;Parallelism;;Parâmetro;;;;;
80e84bc9a5d14a29af425e8747896773;1;RW;16;TabEscritaSps10;Holding register;1507;Analog output;174;0;34;0;1;;;;;;;CONC;;Público;Parâmetro de funcionamento do SPS endereço 10 - Função do relé 1 (RL1);Parameter of SPS address 10 operation - Relay 1 operation (RL1);;;;;;Concentrador;Concentrator;;Relés;Relays;;Parâmetro;;;;;
b2d60ce1d4b54017828f67c74afad2dd;1;RW;16;TabEscritaSps10;Holding register;1508;Analog output;175;0;34;0;1;;;;;;;CONC;;Público;Parâmetro de funcionamento do SPS endereço 10 - Função do relé 2 (RL2);Parameter of SPS address 10 operation - Relay 2 operation (RL2);;;;;;Concentrador;Concentrator;;Relés;Relays;;Parâmetro;;;;;
2dbb3591c8cb42c7b733fe56b743b6ba;1;RW;16;TabEscritaSps10;Holding register;1509;Analog output;176;0;34;0;1;;;;;;;CONC;;Público;Parâmetro de funcionamento do SPS endereço 10 - Função do relé 3 (RL3);Parameter of SPS address 10 operation - Relay 3 operation (RL3);;;;;;Concentrador;Concentrator;;Relés;Relays;;Parâmetro;;;;;
89d8df0af8a24ff9930fcd8dfcde642e;1;RW;16;TabEscritaSps10;Holding register;1510;Analog output;177;0;34;0;1;;;;;;;CONC;;Público;Parâmetro de funcionamento do SPS endereço 10 - Função do relé 4 (RL4);Parameter of SPS address 10 operation - Relay 4 operation (RL4);;;;;;Concentrador;Concentrator;;Relés;Relays;;Parâmetro;;;;;
aa99e273270e4366a87b5b29b30180f1;1;RW;16;TabEscritaSps10;Holding register;1511;Analog output;178;0;9;0;1;;;;1=0...1mA\2=-1...+1mA\3=0...5mA\4=-5...+5mA\5=0...10mA\6=-10...+10mA\7=0...20mA\8=-20...+20mA\9=4...20mA;1=0...1mA\2=-1...+1mA\3=0...5mA\4=-5...+5mA\5=0...10mA\6=-10...+10mA\7=0...20mA\8=-20...+20mA\9=4...20mA;;CONC;;Público;Parâmetro de funcionamento do SPS endereço 10 - Opção de saída mA (OCS);Parameter of SPS address 10 operation - MA output option (OSC);;;;;;Concentrador;Concentrator;;Saída mA;Analog output;;Parâmetro;;;;;
3cce55a5ed56498fbb0e851b8b379a2c;1;RW;16;TabEscritaSps10;Holding register;1512;Analog output;179;1;3;1;1;;;;1=Português\2=Inglês\3=Espanhol;1=Portuguese\2=English\3=Spanish;;CONC;;Público;Parâmetro de funcionamento do SPS endereço 10 - Opção de idioma (LNG);Parameter of SPS address 10 operation - Language option (TAP);;;;;;;;;;;;Parâmetro;;;;;
c60547d3e1584ba286426d66d5c0e7e6;1;RW;16;TabEscritaSps10;Holding register;1513;Analog output;180;0;2;0;1;;;;0=Stop\1=Baixar\2=Subir;0=Stop\1=Lower\2=Raise;;CONC;;Público;Parâmetro de funcionamento do SPS endereço 10 - Comandar tap;Parameter of SPS address 10 operation - Command tap;;;;;;Concentrador;Concentrator;;Paralelismo;Parallelism;;Comando;;;;;
;;;;;;;;;;;;;;;;;;;;;;;;;;;;;;;;;;;;;;;;
eb408167dde04747adf000098e8bc4eb;1;RW;16;TabEscritaSps11;Holding register;1600;Analog output;181;0;2;0;1;;;;0=Indicador de posição\1=Monofásico;0=Position indicator\1=Single-phase;;CONC;;Público;Parâmetro de funcionamento do SPS endereço 11 - Modo de operação (MOD);Parameter of SPS address 11 operation - Operation mode (MOD);;;;;;Concentrador;Concentrator;;Paralelismo;Parallelism;;Parâmetro;;;;;
2986d2e9f84643c6870faaedac879397;1;RW;16;TabEscritaSps11;Holding register;1601;Analog output;182;2;50;2;1;;;;;;;CONC;;Público;Parâmetro de funcionamento do SPS endereço 11 - Número de taps (TAP);Parameter of SPS address 11 operation - Tap quantity (TAP);;;;;;Concentrador;Concentrator;;Paralelismo;Parallelism;;Parâmetro;;;;;
cac38b1915964f09b36be0102d94c25e;1;RW;16;TabEscritaSps11;Holding register;1602;Analog output;183;0;4;0;1;;;;0=Bilateral\1=Bilateral inverso\2=Alfanumérico\3=Alfanumérico inverso\4=Numérico simples;0=Bilateral\1=Inverse Bilateral\2=Alphanumeric\3=Inverse Alphanumeric\4=Simple Numeric;0=Bilateral\1=Bilateral Inverso\2=Alfanumerico\3=Alfanumerico Inverso\4=Numerico Simple;CONC;;Público;Parâmetro de funcionamento do SPS endereço 11 - Tipo de indicação de tap (IDC);Parameter of SPS address 11 operation - Tap indication type (IDC);;;;;;Concentrador;Concentrator;;Paralelismo;Parallelism;;Parâmetro;;;;;
e243516e44bf4a4fa71206fe6a0dae1c;1;RW;16;TabEscritaSps11;Holding register;1603;Analog output;184;2;50;2;1;;;;;;;CONC;;Público;Parâmetro de funcionamento do SPS endereço 11 - Posição do tap central (CNT);Parameter of SPS address 11 operation - Middle tap position (CNT);;;;;;Concentrador;Concentrator;;Paralelismo;Parallelism;;Parâmetro;;;;;
449895973c7b4db5bd9f68c52d68fe1c;1;RW;16;TabEscritaSps11;Holding register;1604;Analog output;185;47;200;47;10;ohms;ohms;;;;;CONC;;Público;Parâmetro de funcionamento do SPS endereço 11 - Resistência por passo (RES);Parameter of SPS address 11 operation - Resistence per step (RES);;;;;;Concentrador;Concentrator;;Paralelismo;Parallelism;;Parâmetro;;;;;
06bf7727ff044b7e9e96dc87bc2fc537;1;RW;16;TabEscritaSps11;Holding register;1605;Analog output;186;1;100;1;1;s;s;;;;;CONC;;Público;Parâmetro de funcionamento do SPS endereço 11 - Tempo para sincronismo (SNC);Parameter of SPS address 11 operation - Synchronism time (SNC);;;;;;Concentrador;Concentrator;;Paralelismo;Parallelism;;Parâmetro;;;;;
c6a7a46e74f64abf9bebb1f40afb5bfd;1;RW;16;TabEscritaSps11;Holding register;1606;Analog output;187;2;25;2;1;s;s;;;;;CONC;;Público;Parâmetro de funcionamento do SPS endereço 11 - Tempo para alarme E04 (PRG);Parameter of SPS address 11 operation - Time for alarm E04 (PRG);;;;;;Concentrador;Concentrator;;Paralelismo;Parallelism;;Parâmetro;;;;;
5a2e48eacdbb45999c53c2581117dcd1;1;RW;16;TabEscritaSps11;Holding register;1607;Analog output;188;0;34;0;1;;;;;;;CONC;;Público;Parâmetro de funcionamento do SPS endereço 11 - Função do relé 1 (RL1);Parameter of SPS address 11 operation - Relay 1 operation (RL1);;;;;;Concentrador;Concentrator;;Relés;Relays;;Parâmetro;;;;;
304d2bf659be4d80a06315c704b43de5;1;RW;16;TabEscritaSps11;Holding register;1608;Analog output;189;0;34;0;1;;;;;;;CONC;;Público;Parâmetro de funcionamento do SPS endereço 11 - Função do relé 2 (RL2);Parameter of SPS address 11 operation - Relay 2 operation (RL2);;;;;;Concentrador;Concentrator;;Relés;Relays;;Parâmetro;;;;;
03d4dc71fe3c406cb3e15578ce38edef;1;RW;16;TabEscritaSps11;Holding register;1609;Analog output;190;0;34;0;1;;;;;;;CONC;;Público;Parâmetro de funcionamento do SPS endereço 11 - Função do relé 3 (RL3);Parameter of SPS address 11 operation - Relay 3 operation (RL3);;;;;;Concentrador;Concentrator;;Relés;Relays;;Parâmetro;;;;;
faeca27c081e4b56a7fb0ce3554d4adb;1;RW;16;TabEscritaSps11;Holding register;1610;Analog output;191;0;34;0;1;;;;;;;CONC;;Público;Parâmetro de funcionamento do SPS endereço 11 - Função do relé 4 (RL4);Parameter of SPS address 11 operation - Relay 4 operation (RL4);;;;;;Concentrador;Concentrator;;Relés;Relays;;Parâmetro;;;;;
e294269cbfe84245bccfb6b7f3f92e58;1;RW;16;TabEscritaSps11;Holding register;1611;Analog output;192;0;9;0;1;;;;1=0...1mA\2=-1...+1mA\3=0...5mA\4=-5...+5mA\5=0...10mA\6=-10...+10mA\7=0...20mA\8=-20...+20mA\9=4...20mA;1=0...1mA\2=-1...+1mA\3=0...5mA\4=-5...+5mA\5=0...10mA\6=-10...+10mA\7=0...20mA\8=-20...+20mA\9=4...20mA;;CONC;;Público;Parâmetro de funcionamento do SPS endereço 11 - Opção de saída mA (OCS);Parameter of SPS address 11 operation - MA output option (OSC);;;;;;Concentrador;Concentrator;;Saída mA;Analog output;;Parâmetro;;;;;
5f6a77769da340cca6e8ce4925da6453;1;RW;16;TabEscritaSps11;Holding register;1612;Analog output;193;1;3;1;1;;;;1=Português\2=Inglês\3=Espanhol;1=Portuguese\2=English\3=Spanish;;CONC;;Público;Parâmetro de funcionamento do SPS endereço 11 - Opção de idioma (LNG);Parameter of SPS address 11 operation - Language option (TAP);;;;;;;;;;;;Parâmetro;;;;;
a747d6d188904545a5093b4413f12715;1;RW;16;TabEscritaSps11;Holding register;1613;Analog output;194;0;2;0;1;;;;0=Stop\1=Baixar\2=Subir;0=Stop\1=Lower\2=Raise;;CONC;;Público;Parâmetro de funcionamento do SPS endereço 11 - Comandar tap;Parameter of SPS address 11 operation - Command tap;;;;;;Concentrador;Concentrator;;Paralelismo;Parallelism;;Comando;;;;;
;;;;;;;;;;;;;;;;;;;;;;;;;;;;;;;;;;;;;;;;
1c6bc0fb20c34feea717e1b7245604d5;1;RW;16;TabEscritaSps12;Holding register;1700;Analog output;195;0;2;0;1;;;;0=Indicador de posição\1=Monofásico\2=Trifásico;0=Position indicator\1=Single-phase\2=Three-phase;;CONC;;Público;Parâmetro de funcionamento do SPS endereço 12 - Modo de operação (MOD);Parameter of SPS address 12 operation - Operation mode (MOD);;;;;;Concentrador;Concentrator;;Paralelismo;Parallelism;;Parâmetro;;;;;
958aeabfb032491c89c67c84aff3af88;1;RW;16;TabEscritaSps12;Holding register;1701;Analog output;196;2;50;2;1;;;;;;;CONC;;Público;Parâmetro de funcionamento do SPS endereço 12 - Número de taps (TAP);Parameter of SPS address 12 operation - Tap quantity (TAP);;;;;;Concentrador;Concentrator;;Paralelismo;Parallelism;;Parâmetro;;;;;
c6945e0d41234c55a206772dab0af5ea;1;RW;16;TabEscritaSps12;Holding register;1702;Analog output;197;0;4;0;1;;;;0=Bilateral\1=Bilateral inverso\2=Alfanumérico\3=Alfanumérico inverso\4=Numérico simples;0=Bilateral\1=Inverse Bilateral\2=Alphanumeric\3=Inverse Alphanumeric\4=Simple Numeric;0=Bilateral\1=Bilateral Inverso\2=Alfanumerico\3=Alfanumerico Inverso\4=Numerico Simple;CONC;;Público;Parâmetro de funcionamento do SPS endereço 12 - Tipo de indicação de tap (IDC);Parameter of SPS address 12 operation - Tap indication type (IDC);;;;;;Concentrador;Concentrator;;Paralelismo;Parallelism;;Parâmetro;;;;;
5fa8a12536954072a3aab5d47d555f76;1;RW;16;TabEscritaSps12;Holding register;1703;Analog output;198;2;50;2;1;;;;;;;CONC;;Público;Parâmetro de funcionamento do SPS endereço 12 - Posição do tap central (CNT);Parameter of SPS address 12 operation - Middle tap position (CNT);;;;;;Concentrador;Concentrator;;Paralelismo;Parallelism;;Parâmetro;;;;;
9c63ae61eb6b49c58fa715fe6c7fa679;1;RW;16;TabEscritaSps12;Holding register;1704;Analog output;199;47;200;47;10;ohms;ohms;;;;;CONC;;Público;Parâmetro de funcionamento do SPS endereço 12 - Resistência por passo (RES);Parameter of SPS address 12 operation - Resistence per step (RES);;;;;;Concentrador;Concentrator;;Paralelismo;Parallelism;;Parâmetro;;;;;
032c229c45514a6e92e42f6531a6a792;1;RW;16;TabEscritaSps12;Holding register;1705;Analog output;200;1;100;1;1;s;s;;;;;CONC;;Público;Parâmetro de funcionamento do SPS endereço 12 - Tempo para sincronismo (SNC);Parameter of SPS address 12 operation - Synchronism time (SNC);;;;;;Concentrador;Concentrator;;Paralelismo;Parallelism;;Parâmetro;;;;;
b30bf86d5773454a8d906741df218dbd;1;RW;16;TabEscritaSps12;Holding register;1706;Analog output;201;2;25;2;1;s;s;;;;;CONC;;Público;Parâmetro de funcionamento do SPS endereço 12 - Tempo para alarme E04 (PRG);Parameter of SPS address 12 operation - Time for alarm E04 (PRG);;;;;;Concentrador;Concentrator;;Paralelismo;Parallelism;;Parâmetro;;;;;
fd74c309c2b0441fa85ac8d5edc12aea;1;RW;16;TabEscritaSps12;Holding register;1707;Analog output;202;0;34;0;1;;;;;;;CONC;;Público;Parâmetro de funcionamento do SPS endereço 12 - Função do relé 1 (RL1);Parameter of SPS address 12 operation - Relay 1 operation (RL1);;;;;;Concentrador;Concentrator;;Relés;Relays;;Parâmetro;;;;;
53a03afee21b4438ac6f2bf3a62c0f46;1;RW;16;TabEscritaSps12;Holding register;1708;Analog output;203;0;34;0;1;;;;;;;CONC;;Público;Parâmetro de funcionamento do SPS endereço 12 - Função do relé 2 (RL2);Parameter of SPS address 12 operation - Relay 2 operation (RL2);;;;;;Concentrador;Concentrator;;Relés;Relays;;Parâmetro;;;;;
ee94bc4bf4ad474591eb67ee64e9e6d1;1;RW;16;TabEscritaSps12;Holding register;1709;Analog output;204;0;34;0;1;;;;;;;CONC;;Público;Parâmetro de funcionamento do SPS endereço 12 - Função do relé 3 (RL3);Parameter of SPS address 12 operation - Relay 3 operation (RL3);;;;;;Concentrador;Concentrator;;Relés;Relays;;Parâmetro;;;;;
f8ed042e1de84b54a797743dc943414a;1;RW;16;TabEscritaSps12;Holding register;1710;Analog output;205;0;9;0;1;;;;1=0...1mA\2=-1...+1mA\3=0...5mA\4=-5...+5mA\5=0...10mA\6=-10...+10mA\7=0...20mA\8=-20...+20mA\9=4...20mA;1=0...1mA\2=-1...+1mA\3=0...5mA\4=-5...+5mA\5=0...10mA\6=-10...+10mA\7=0...20mA\8=-20...+20mA\9=4...20mA;;CONC;;Público;Parâmetro de funcionamento do SPS endereço 12 - Opção de saída mA (OCS);Parameter of SPS address 12 operation - MA output option (OSC);;;;;;Concentrador;Concentrator;;Saída mA;Analog output;;Parâmetro;;;;;
3b5d87c31a21446ea07e2f84d388a0fc;1;RW;16;TabEscritaSps12;Holding register;1711;Analog output;206;1;3;1;1;;;;1=Português\2=Inglês\3=Espanhol;1=Portuguese\2=English\3=Spanish;;CONC;;Público;Parâmetro de funcionamento do SPS endereço 12 - Opção de idioma (LNG);Parameter of SPS address 12 operation - Language option (TAP);;;;;;;;;;;;Parâmetro;;;;;
941be6dcc30c40f79d7893d35ed22750;1;RW;16;TabEscritaSps12;Holding register;1712;Analog output;207;1;3;1;1;;;;1=Individual\2=Mestre\3=Comandado;1=Individual\2=Master\3=Follower;;CONC;;Público;Parâmetro de funcionamento do SPS endereço 12 - Configuração individual ou mestre ou comandado;Parameter of SPS address 12 operation - Configuration individual or master or follower;;;;;;Concentrador;Concentrator;;Paralelismo;Parallelism;;Parâmetro;;;;;
56ee45a8e2774ffdaa4741465dd1af58;1;RW;16;TabEscritaSps12;Holding register;1713;Analog output;208;0;2;0;1;;;;0=Stop\1=Baixar\2=Subir;0=Stop\1=Lower\2=Raise;;CONC;;Público;Parâmetro de funcionamento do SPS endereço 12 - Comandar tap;Parameter of SPS address 12 operation - Command tap;;;;;;Concentrador;Concentrator;;Paralelismo;Parallelism;;Comando;;;;;
;;;;;;;;;;;;;;;;;;;;;;;;;;;;;;;;;;;;;;;;
35402daef34b49beb9c6ce7b4fa2a98a;1;RW;16;TabEscritaSps13;Holding register;1800;Analog output;209;0;2;0;1;;;;0=Indicador de posição\1=Monofásico;0=Position indicator\1=Single-phase;;CONC;;Público;Parâmetro de funcionamento do SPS endereço 13 - Modo de operação (MOD);Parameter of SPS address 13 operation - Operation mode (MOD);;;;;;Concentrador;Concentrator;;Paralelismo;Parallelism;;Parâmetro;;;;;
fd93ce3cc5414bbeba94a4b2af7b3c78;1;RW;16;TabEscritaSps13;Holding register;1801;Analog output;210;2;50;2;1;;;;;;;CONC;;Público;Parâmetro de funcionamento do SPS endereço 13 - Número de taps (TAP);Parameter of SPS address 13 operation - Tap quantity (TAP);;;;;;Concentrador;Concentrator;;Paralelismo;Parallelism;;Parâmetro;;;;;
95c906f132e3478f9f1e63dce0cf921b;1;RW;16;TabEscritaSps13;Holding register;1802;Analog output;211;0;4;0;1;;;;0=Bilateral\1=Bilateral inverso\2=Alfanumérico\3=Alfanumérico inverso\4=Numérico simples;0=Bilateral\1=Inverse Bilateral\2=Alphanumeric\3=Inverse Alphanumeric\4=Simple Numeric;0=Bilateral\1=Bilateral Inverso\2=Alfanumerico\3=Alfanumerico Inverso\4=Numerico Simple;CONC;;Público;Parâmetro de funcionamento do SPS endereço 13 - Tipo de indicação de tap (IDC);Parameter of SPS address 13 operation - Tap indication type (IDC);;;;;;Concentrador;Concentrator;;Paralelismo;Parallelism;;Parâmetro;;;;;
d57ea9d0bcf84b7089785e647657ee3a;1;RW;16;TabEscritaSps13;Holding register;1803;Analog output;212;2;50;2;1;;;;;;;CONC;;Público;Parâmetro de funcionamento do SPS endereço 13 - Posição do tap central (CNT);Parameter of SPS address 13 operation - Middle tap position (CNT);;;;;;Concentrador;Concentrator;;Paralelismo;Parallelism;;Parâmetro;;;;;
949c9133a2f24ce2a5d82382f4e2110c;1;RW;16;TabEscritaSps13;Holding register;1804;Analog output;213;47;200;47;10;ohms;ohms;;;;;CONC;;Público;Parâmetro de funcionamento do SPS endereço 13 - Resistência por passo (RES);Parameter of SPS address 13 operation - Resistence per step (RES);;;;;;Concentrador;Concentrator;;Paralelismo;Parallelism;;Parâmetro;;;;;
c0375e641de34e3d986e0cbeef836831;1;RW;16;TabEscritaSps13;Holding register;1805;Analog output;214;1;100;1;1;s;s;;;;;CONC;;Público;Parâmetro de funcionamento do SPS endereço 13 - Tempo para sincronismo (SNC);Parameter of SPS address 13 operation - Synchronism time (SNC);;;;;;Concentrador;Concentrator;;Paralelismo;Parallelism;;Parâmetro;;;;;
eef491faa5944cf5b3bc131237426d3b;1;RW;16;TabEscritaSps13;Holding register;1806;Analog output;215;2;25;2;1;s;s;;;;;CONC;;Público;Parâmetro de funcionamento do SPS endereço 13 - Tempo para alarme E04 (PRG);Parameter of SPS address 13 operation - Time for alarm E04 (PRG);;;;;;Concentrador;Concentrator;;Paralelismo;Parallelism;;Parâmetro;;;;;
cf6559c7f32a4a9f92c5cb9beb1f8d38;1;RW;16;TabEscritaSps13;Holding register;1807;Analog output;216;0;34;0;1;;;;;;;CONC;;Público;Parâmetro de funcionamento do SPS endereço 13 - Função do relé 1 (RL1);Parameter of SPS address 13 operation - Relay 1 operation (RL1);;;;;;Concentrador;Concentrator;;Relés;Relays;;Parâmetro;;;;;
145b0fce08a54047964f4c27caedde0e;1;RW;16;TabEscritaSps13;Holding register;1808;Analog output;217;0;34;0;1;;;;;;;CONC;;Público;Parâmetro de funcionamento do SPS endereço 13 - Função do relé 2 (RL2);Parameter of SPS address 13 operation - Relay 2 operation (RL2);;;;;;Concentrador;Concentrator;;Relés;Relays;;Parâmetro;;;;;
f6b78d78e2274f43988bd570d02e9425;1;RW;16;TabEscritaSps13;Holding register;1809;Analog output;218;0;34;0;1;;;;;;;CONC;;Público;Parâmetro de funcionamento do SPS endereço 13 - Função do relé 3 (RL3);Parameter of SPS address 13 operation - Relay 3 operation (RL3);;;;;;Concentrador;Concentrator;;Relés;Relays;;Parâmetro;;;;;
a594077d34164bef998e53b698b7c599;1;RW;16;TabEscritaSps13;Holding register;1810;Analog output;219;0;34;0;1;;;;;;;CONC;;Público;Parâmetro de funcionamento do SPS endereço 13 - Função do relé 4 (RL4);Parameter of SPS address 13 operation - Relay 4 operation (RL4);;;;;;Concentrador;Concentrator;;Relés;Relays;;Parâmetro;;;;;
05d786cc951c4a37966cd41de698b1f4;1;RW;16;TabEscritaSps13;Holding register;1811;Analog output;220;0;9;0;1;;;;1=0...1mA\2=-1...+1mA\3=0...5mA\4=-5...+5mA\5=0...10mA\6=-10...+10mA\7=0...20mA\8=-20...+20mA\9=4...20mA;1=0...1mA\2=-1...+1mA\3=0...5mA\4=-5...+5mA\5=0...10mA\6=-10...+10mA\7=0...20mA\8=-20...+20mA\9=4...20mA;;CONC;;Público;Parâmetro de funcionamento do SPS endereço 13 - Opção de saída mA (OCS);Parameter of SPS address 13 operation - MA output option (OSC);;;;;;Concentrador;Concentrator;;Saída mA;Analog output;;Parâmetro;;;;;
92151a0acd534051a41823619619fde6;1;RW;16;TabEscritaSps13;Holding register;1812;Analog output;221;1;3;1;1;;;;1=Português\2=Inglês\3=Espanhol;1=Portuguese\2=English\3=Spanish;;CONC;;Público;Parâmetro de funcionamento do SPS endereço 13 - Opção de idioma (LNG);Parameter of SPS address 13 operation - Language option (TAP);;;;;;;;;;;;Parâmetro;;;;;
ccd9d3204a984020b03050d7dff8dec4;1;RW;16;TabEscritaSps13;Holding register;1813;Analog output;222;0;2;0;1;;;;0=Stop\1=Baixar\2=Subir;0=Stop\1=Lower\2=Raise;;CONC;;Público;Parâmetro de funcionamento do SPS endereço 13 - Comandar tap;Parameter of SPS address 13 operation - Command tap;;;;;;Concentrador;Concentrator;;Paralelismo;Parallelism;;Comando;;;;;
;;;;;;;;;;;;;;;;;;;;;;;;;;;;;;;;;;;;;;;;
e01837b9cf29485481360c3ee4a69fcf;1;RW;16;TabEscritaSps14;Holding register;1900;Analog output;223;0;2;0;1;;;;0=Indicador de posição\1=Monofásico;0=Position indicator\1=Single-phase;;CONC;;Público;Parâmetro de funcionamento do SPS endereço 14 - Modo de operação (MOD);Parameter of SPS address 14 operation - Operation mode (MOD);;;;;;Concentrador;Concentrator;;Paralelismo;Parallelism;;Parâmetro;;;;;
10ce95a524554de68e9a35d3b6d1ac44;1;RW;16;TabEscritaSps14;Holding register;1901;Analog output;224;2;50;2;1;;;;;;;CONC;;Público;Parâmetro de funcionamento do SPS endereço 14 - Número de taps (TAP);Parameter of SPS address 14 operation - Tap quantity (TAP);;;;;;Concentrador;Concentrator;;Paralelismo;Parallelism;;Parâmetro;;;;;
bfe0977117d94b0db4f98b263188d5ae;1;RW;16;TabEscritaSps14;Holding register;1902;Analog output;225;0;4;0;1;;;;0=Bilateral\1=Bilateral inverso\2=Alfanumérico\3=Alfanumérico inverso\4=Numérico simples;0=Bilateral\1=Inverse Bilateral\2=Alphanumeric\3=Inverse Alphanumeric\4=Simple Numeric;0=Bilateral\1=Bilateral Inverso\2=Alfanumerico\3=Alfanumerico Inverso\4=Numerico Simple;CONC;;Público;Parâmetro de funcionamento do SPS endereço 14 - Tipo de indicação de tap (IDC);Parameter of SPS address 14 operation - Tap indication type (IDC);;;;;;Concentrador;Concentrator;;Paralelismo;Parallelism;;Parâmetro;;;;;
355b1c88376d426daf450b5c14772f42;1;RW;16;TabEscritaSps14;Holding register;1903;Analog output;226;2;50;2;1;;;;;;;CONC;;Público;Parâmetro de funcionamento do SPS endereço 14 - Posição do tap central (CNT);Parameter of SPS address 14 operation - Middle tap position (CNT);;;;;;Concentrador;Concentrator;;Paralelismo;Parallelism;;Parâmetro;;;;;
11ced678e9fd47b7a8b1b3c6259e6244;1;RW;16;TabEscritaSps14;Holding register;1904;Analog output;227;47;200;47;10;ohms;ohms;;;;;CONC;;Público;Parâmetro de funcionamento do SPS endereço 14 - Resistência por passo (RES);Parameter of SPS address 14 operation - Resistence per step (RES);;;;;;Concentrador;Concentrator;;Paralelismo;Parallelism;;Parâmetro;;;;;
f15fa2f34f6c4d029333c90c2e9fe887;1;RW;16;TabEscritaSps14;Holding register;1905;Analog output;228;1;100;1;1;s;s;;;;;CONC;;Público;Parâmetro de funcionamento do SPS endereço 14 - Tempo para sincronismo (SNC);Parameter of SPS address 14 operation - Synchronism time (SNC);;;;;;Concentrador;Concentrator;;Paralelismo;Parallelism;;Parâmetro;;;;;
655db9f52ba74e8487908cdeba8f547d;1;RW;16;TabEscritaSps14;Holding register;1906;Analog output;229;2;25;2;1;s;s;;;;;CONC;;Público;Parâmetro de funcionamento do SPS endereço 14 - Tempo para alarme E04 (PRG);Parameter of SPS address 14 operation - Time for alarm E04 (PRG);;;;;;Concentrador;Concentrator;;Paralelismo;Parallelism;;Parâmetro;;;;;
229832c1efba46dbab38adea99a8a15e;1;RW;16;TabEscritaSps14;Holding register;1907;Analog output;230;0;34;0;1;;;;;;;CONC;;Público;Parâmetro de funcionamento do SPS endereço 14 - Função do relé 1 (RL1);Parameter of SPS address 14 operation - Relay 1 operation (RL1);;;;;;Concentrador;Concentrator;;Relés;Relays;;Parâmetro;;;;;
98e44079a32a45109ad82b1a5839cd81;1;RW;16;TabEscritaSps14;Holding register;1908;Analog output;231;0;34;0;1;;;;;;;CONC;;Público;Parâmetro de funcionamento do SPS endereço 14 - Função do relé 2 (RL2);Parameter of SPS address 14 operation - Relay 2 operation (RL2);;;;;;Concentrador;Concentrator;;Relés;Relays;;Parâmetro;;;;;
d4a87b6b665a44ea87d7d3993dc2ecd3;1;RW;16;TabEscritaSps14;Holding register;1909;Analog output;232;0;34;0;1;;;;;;;CONC;;Público;Parâmetro de funcionamento do SPS endereço 14 - Função do relé 3 (RL3);Parameter of SPS address 14 operation - Relay 3 operation (RL3);;;;;;Concentrador;Concentrator;;Relés;Relays;;Parâmetro;;;;;
1080b0fd11db4324a6377b74015525ea;1;RW;16;TabEscritaSps14;Holding register;1910;Analog output;233;0;34;0;1;;;;;;;CONC;;Público;Parâmetro de funcionamento do SPS endereço 14 - Função do relé 4 (RL4);Parameter of SPS address 14 operation - Relay 4 operation (RL4);;;;;;Concentrador;Concentrator;;Relés;Relays;;Parâmetro;;;;;
403c254991ac45c6b1b2aebccbe9ee80;1;RW;16;TabEscritaSps14;Holding register;1911;Analog output;234;0;9;0;1;;;;1=0...1mA\2=-1...+1mA\3=0...5mA\4=-5...+5mA\5=0...10mA\6=-10...+10mA\7=0...20mA\8=-20...+20mA\9=4...20mA;1=0...1mA\2=-1...+1mA\3=0...5mA\4=-5...+5mA\5=0...10mA\6=-10...+10mA\7=0...20mA\8=-20...+20mA\9=4...20mA;;CONC;;Público;Parâmetro de funcionamento do SPS endereço 14 - Opção de saída mA (OCS);Parameter of SPS address 14 operation - MA output option (OSC);;;;;;Concentrador;Concentrator;;Saída mA;Analog output;;Parâmetro;;;;;
930b8f4adaa9478a8526f19f2fd6c4ca;1;RW;16;TabEscritaSps14;Holding register;1912;Analog output;235;1;3;1;1;;;;1=Português\2=Inglês\3=Espanhol;1=Portuguese\2=English\3=Spanish;;CONC;;Público;Parâmetro de funcionamento do SPS endereço 14 - Opção de idioma (LNG);Parameter of SPS address 14 operation - Language option (TAP);;;;;;;;;;;;Parâmetro;;;;;
81dc8b417fa348dca42e2a713ad355f2;1;RW;16;TabEscritaSps14;Holding register;1913;Analog output;236;0;2;0;1;;;;0=Stop\1=Baixar\2=Subir;0=Stop\1=Lower\2=Raise;;CONC;;Público;Parâmetro de funcionamento do SPS endereço 14 - Comandar tap;Parameter of SPS address 14 operation - Command tap;;;;;;Concentrador;Concentrator;;Paralelismo;Parallelism;;Comando;;;;;
;;;;;;;;;;;;;;;;;;;;;;;;;;;;;;;;;;;;;;;;
04e88e0870da416c9b8aab051531f463;1;RW;16;TabEscritaSps15;Holding register;2000;Analog output;237;0;2;0;1;;;;0=Indicador de posição\1=Monofásico\2=Trifásico;0=Position indicator\1=Single-phase\2=Three-phase;;CONC;;Público;Parâmetro de funcionamento do SPS endereço 15 - Modo de operação (MOD);Parameter of SPS address 15 operation - Operation mode (MOD);;;;;;Concentrador;Concentrator;;Paralelismo;Parallelism;;Parâmetro;;;;;
f598d3a674c7470997829c830301f289;1;RW;16;TabEscritaSps15;Holding register;2001;Analog output;238;2;50;2;1;;;;;;;CONC;;Público;Parâmetro de funcionamento do SPS endereço 15 - Número de taps (TAP);Parameter of SPS address 15 operation - Tap quantity (TAP);;;;;;Concentrador;Concentrator;;Paralelismo;Parallelism;;Parâmetro;;;;;
3708276e7b8747d5a070c50c44fa6548;1;RW;16;TabEscritaSps15;Holding register;2002;Analog output;239;0;4;0;1;;;;0=Bilateral\1=Bilateral inverso\2=Alfanumérico\3=Alfanumérico inverso\4=Numérico simples;0=Bilateral\1=Inverse Bilateral\2=Alphanumeric\3=Inverse Alphanumeric\4=Simple Numeric;0=Bilateral\1=Bilateral Inverso\2=Alfanumerico\3=Alfanumerico Inverso\4=Numerico Simple;CONC;;Público;Parâmetro de funcionamento do SPS endereço 15 - Tipo de indicação de tap (IDC);Parameter of SPS address 15 operation - Tap indication type (IDC);;;;;;Concentrador;Concentrator;;Paralelismo;Parallelism;;Parâmetro;;;;;
1859b813c124472c9def8a916fe8a9fb;1;RW;16;TabEscritaSps15;Holding register;2003;Analog output;240;2;50;2;1;;;;;;;CONC;;Público;Parâmetro de funcionamento do SPS endereço 15 - Posição do tap central (CNT);Parameter of SPS address 15 operation - Middle tap position (CNT);;;;;;Concentrador;Concentrator;;Paralelismo;Parallelism;;Parâmetro;;;;;
cfbde81db02b43f1ab4e1435a5b1ea56;1;RW;16;TabEscritaSps15;Holding register;2004;Analog output;241;47;200;47;10;ohms;ohms;;;;;CONC;;Público;Parâmetro de funcionamento do SPS endereço 15 - Resistência por passo (RES);Parameter of SPS address 15 operation - Resistence per step (RES);;;;;;Concentrador;Concentrator;;Paralelismo;Parallelism;;Parâmetro;;;;;
83340caa18ca4efeb438dd2cb802fb43;1;RW;16;TabEscritaSps15;Holding register;2005;Analog output;242;1;100;1;1;s;s;;;;;CONC;;Público;Parâmetro de funcionamento do SPS endereço 15 - Tempo para sincronismo (SNC);Parameter of SPS address 15 operation - Synchronism time (SNC);;;;;;Concentrador;Concentrator;;Paralelismo;Parallelism;;Parâmetro;;;;;
8babb2ccec1944eb8609a2c89237bba4;1;RW;16;TabEscritaSps15;Holding register;2006;Analog output;243;2;25;2;1;s;s;;;;;CONC;;Público;Parâmetro de funcionamento do SPS endereço 15 - Tempo para alarme E04 (PRG);Parameter of SPS address 15 operation - Time for alarm E04 (PRG);;;;;;Concentrador;Concentrator;;Paralelismo;Parallelism;;Parâmetro;;;;;
737af478e8444e5daf847a512ac1bc44;1;RW;16;TabEscritaSps15;Holding register;2007;Analog output;244;0;34;0;1;;;;;;;CONC;;Público;Parâmetro de funcionamento do SPS endereço 15 - Função do relé 1 (RL1);Parameter of SPS address 15 operation - Relay 1 operation (RL1);;;;;;Concentrador;Concentrator;;Relés;Relays;;Parâmetro;;;;;
c93d4b5fe0af487dae49b86ec0a3eeae;1;RW;16;TabEscritaSps15;Holding register;2008;Analog output;245;0;34;0;1;;;;;;;CONC;;Público;Parâmetro de funcionamento do SPS endereço 15 - Função do relé 2 (RL2);Parameter of SPS address 15 operation - Relay 2 operation (RL2);;;;;;Concentrador;Concentrator;;Relés;Relays;;Parâmetro;;;;;
2696353d484f42cc916037bd67811f6e;1;RW;16;TabEscritaSps15;Holding register;2009;Analog output;246;0;34;0;1;;;;;;;CONC;;Público;Parâmetro de funcionamento do SPS endereço 15 - Função do relé 3 (RL3);Parameter of SPS address 15 operation - Relay 3 operation (RL3);;;;;;Concentrador;Concentrator;;Relés;Relays;;Parâmetro;;;;;
c558a7ae1b5741889f25f4a563013f66;1;RW;16;TabEscritaSps15;Holding register;2010;Analog output;247;0;9;0;1;;;;1=0...1mA\2=-1...+1mA\3=0...5mA\4=-5...+5mA\5=0...10mA\6=-10...+10mA\7=0...20mA\8=-20...+20mA\9=4...20mA;1=0...1mA\2=-1...+1mA\3=0...5mA\4=-5...+5mA\5=0...10mA\6=-10...+10mA\7=0...20mA\8=-20...+20mA\9=4...20mA;;CONC;;Público;Parâmetro de funcionamento do SPS endereço 15 - Opção de saída mA (OCS);Parameter of SPS address 15 operation - MA output option (OSC);;;;;;Concentrador;Concentrator;;Saída mA;Analog output;;Parâmetro;;;;;
623d454bdc3d40afbb1a8db2d72a360c;1;RW;16;TabEscritaSps15;Holding register;2011;Analog output;248;1;3;1;1;;;;1=Português\2=Inglês\3=Espanhol;1=Portuguese\2=English\3=Spanish;;CONC;;Público;Parâmetro de funcionamento do SPS endereço 15 - Opção de idioma (LNG);Parameter of SPS address 15 operation - Language option (TAP);;;;;;;;;;;;Parâmetro;;;;;
b5de6c7a5cd34916a8c2dbddd812e454;1;RW;16;TabEscritaSps15;Holding register;2012;Analog output;249;1;3;1;1;;;;1=Individual\2=Mestre\3=Comandado;1=Individual\2=Master\3=Follower;;CONC;;Público;Parâmetro de funcionamento do SPS endereço 15 - Configuração individual ou mestre ou comandado;Parameter of SPS address 15 operation - Configuration individual or master or follower;;;;;;Concentrador;Concentrator;;Paralelismo;Parallelism;;Parâmetro;;;;;
3bb73b2adc3a4bc2a658bd7b63b1cd19;1;RW;16;TabEscritaSps15;Holding register;2013;Analog output;250;0;2;0;1;;;;0=Stop\1=Baixar\2=Subir;0=Stop\1=Lower\2=Raise;;CONC;;Público;Parâmetro de funcionamento do SPS endereço 15 - Comandar tap;Parameter of SPS address 15 operation - Command tap;;;;;;Concentrador;Concentrator;;Paralelismo;Parallelism;;Comando;;;;;
;;;;;;;;;;;;;;;;;;;;;;;;;;;;;;;;;;;;;;;;
a75ef32d046e4e12a7bee2f8ddc1b3f0;1;RW;16;TabEscritaSps16;Holding register;2100;Analog output;251;0;2;0;1;;;;0=Indicador de posição\1=Monofásico;0=Position indicator\1=Single-phase;;CONC;;Público;Parâmetro de funcionamento do SPS endereço 16 - Modo de operação (MOD);Parameter of SPS address 16 operation - Operation mode (MOD);;;;;;Concentrador;Concentrator;;Paralelismo;Parallelism;;Parâmetro;;;;;
4c48dfd7c0d247dbb02b1b628d852813;1;RW;16;TabEscritaSps16;Holding register;2101;Analog output;252;2;50;2;1;;;;;;;CONC;;Público;Parâmetro de funcionamento do SPS endereço 16 - Número de taps (TAP);Parameter of SPS address 16 operation - Tap quantity (TAP);;;;;;Concentrador;Concentrator;;Paralelismo;Parallelism;;Parâmetro;;;;;
6eef940780464cebba6e51d4964d0a04;1;RW;16;TabEscritaSps16;Holding register;2102;Analog output;253;0;4;0;1;;;;0=Bilateral\1=Bilateral inverso\2=Alfanumérico\3=Alfanumérico inverso\4=Numérico simples;0=Bilateral\1=Inverse Bilateral\2=Alphanumeric\3=Inverse Alphanumeric\4=Simple Numeric;0=Bilateral\1=Bilateral Inverso\2=Alfanumerico\3=Alfanumerico Inverso\4=Numerico Simple;CONC;;Público;Parâmetro de funcionamento do SPS endereço 16 - Tipo de indicação de tap (IDC);Parameter of SPS address 16 operation - Tap indication type (IDC);;;;;;Concentrador;Concentrator;;Paralelismo;Parallelism;;Parâmetro;;;;;
0fd45f7f6e9b44bba2023d7df068296b;1;RW;16;TabEscritaSps16;Holding register;2103;Analog output;254;2;50;2;1;;;;;;;CONC;;Público;Parâmetro de funcionamento do SPS endereço 16 - Posição do tap central (CNT);Parameter of SPS address 16 operation - Middle tap position (CNT);;;;;;Concentrador;Concentrator;;Paralelismo;Parallelism;;Parâmetro;;;;;
037f69afb88e47dabd1015534a1c1986;1;RW;16;TabEscritaSps16;Holding register;2104;Analog output;255;47;200;47;10;ohms;ohms;;;;;CONC;;Público;Parâmetro de funcionamento do SPS endereço 16 - Resistência por passo (RES);Parameter of SPS address 16 operation - Resistence per step (RES);;;;;;Concentrador;Concentrator;;Paralelismo;Parallelism;;Parâmetro;;;;;
5410a09ce2c24e6380eee29d9b84fc78;1;RW;16;TabEscritaSps16;Holding register;2105;Analog output;256;1;100;1;1;s;s;;;;;CONC;;Público;Parâmetro de funcionamento do SPS endereço 16 - Tempo para sincronismo (SNC);Parameter of SPS address 16 operation - Synchronism time (SNC);;;;;;Concentrador;Concentrator;;Paralelismo;Parallelism;;Parâmetro;;;;;
309bd34465c3435697a1798a812401f4;1;RW;16;TabEscritaSps16;Holding register;2106;Analog output;257;2;25;2;1;s;s;;;;;CONC;;Público;Parâmetro de funcionamento do SPS endereço 16 - Tempo para alarme E04 (PRG);Parameter of SPS address 16 operation - Time for alarm E04 (PRG);;;;;;Concentrador;Concentrator;;Paralelismo;Parallelism;;Parâmetro;;;;;
9bc084e1044a4fec8f0972aed56a041b;1;RW;16;TabEscritaSps16;Holding register;2107;Analog output;258;0;34;0;1;;;;;;;CONC;;Público;Parâmetro de funcionamento do SPS endereço 16 - Função do relé 1 (RL1);Parameter of SPS address 16 operation - Relay 1 operation (RL1);;;;;;Concentrador;Concentrator;;Relés;Relays;;Parâmetro;;;;;
f81a1cbed3094ec0be48f38a5c0ab488;1;RW;16;TabEscritaSps16;Holding register;2108;Analog output;259;0;34;0;1;;;;;;;CONC;;Público;Parâmetro de funcionamento do SPS endereço 16 - Função do relé 2 (RL2);Parameter of SPS address 16 operation - Relay 2 operation (RL2);;;;;;Concentrador;Concentrator;;Relés;Relays;;Parâmetro;;;;;
49132b03efdb4ac4b04b76f2971f4cd2;1;RW;16;TabEscritaSps16;Holding register;2109;Analog output;260;0;34;0;1;;;;;;;CONC;;Público;Parâmetro de funcionamento do SPS endereço 16 - Função do relé 3 (RL3);Parameter of SPS address 16 operation - Relay 3 operation (RL3);;;;;;Concentrador;Concentrator;;Relés;Relays;;Parâmetro;;;;;
8371df12c9e8432692e4fb49123d9919;1;RW;16;TabEscritaSps16;Holding register;2110;Analog output;261;0;34;0;1;;;;;;;CONC;;Público;Parâmetro de funcionamento do SPS endereço 16 - Função do relé 4 (RL4);Parameter of SPS address 16 operation - Relay 4 operation (RL4);;;;;;Concentrador;Concentrator;;Relés;Relays;;Parâmetro;;;;;
f9b1de50e94149d1b9b33e9876d691bb;1;RW;16;TabEscritaSps16;Holding register;2111;Analog output;262;0;9;0;1;;;;1=0...1mA\2=-1...+1mA\3=0...5mA\4=-5...+5mA\5=0...10mA\6=-10...+10mA\7=0...20mA\8=-20...+20mA\9=4...20mA;1=0...1mA\2=-1...+1mA\3=0...5mA\4=-5...+5mA\5=0...10mA\6=-10...+10mA\7=0...20mA\8=-20...+20mA\9=4...20mA;;CONC;;Público;Parâmetro de funcionamento do SPS endereço 16 - Opção de saída mA (OCS);Parameter of SPS address 16 operation - MA output option (OSC);;;;;;Concentrador;Concentrator;;Saída mA;Analog output;;Parâmetro;;;;;
88411199f4524db2aa898be637729004;1;RW;16;TabEscritaSps16;Holding register;2112;Analog output;263;1;3;1;1;;;;1=Português\2=Inglês\3=Espanhol;1=Portuguese\2=English\3=Spanish;;CONC;;Público;Parâmetro de funcionamento do SPS endereço 16 - Opção de idioma (LNG);Parameter of SPS address 16 operation - Language option (TAP);;;;;;;;;;;;Parâmetro;;;;;
1df1d81d6efe42029c59e2ca69ad713b;1;RW;16;TabEscritaSps16;Holding register;2113;Analog output;264;0;2;0;1;;;;0=Stop\1=Baixar\2=Subir;0=Stop\1=Lower\2=Raise;;CONC;;Público;Parâmetro de funcionamento do SPS endereço 16 - Comandar tap;Parameter of SPS address 16 operation - Command tap;;;;;;Concentrador;Concentrator;;Paralelismo;Parallelism;;Comando;;;;;
;;;;;;;;;;;;;;;;;;;;;;;;;;;;;;;;;;;;;;;;
400b3dcd44e845bda194b9c4f0f8fbef;1;RW;16;TabEscritaSps17;Holding register;2200;Analog output;265;0;2;0;1;;;;0=Indicador de posição\1=Monofásico;0=Position indicator\1=Single-phase;;CONC;;Público;Parâmetro de funcionamento do SPS endereço 17 - Modo de operação (MOD);Parameter of SPS address 17 operation - Operation mode (MOD);;;;;;Concentrador;Concentrator;;Paralelismo;Parallelism;;Parâmetro;;;;;
fc0588784b6b47d79e01ecf5bc9247a3;1;RW;16;TabEscritaSps17;Holding register;2201;Analog output;266;2;50;2;1;;;;;;;CONC;;Público;Parâmetro de funcionamento do SPS endereço 17 - Número de taps (TAP);Parameter of SPS address 17 operation - Tap quantity (TAP);;;;;;Concentrador;Concentrator;;Paralelismo;Parallelism;;Parâmetro;;;;;
237c8afae6174b0eb94cd00846311882;1;RW;16;TabEscritaSps17;Holding register;2202;Analog output;267;0;4;0;1;;;;0=Bilateral\1=Bilateral inverso\2=Alfanumérico\3=Alfanumérico inverso\4=Numérico simples;0=Bilateral\1=Inverse Bilateral\2=Alphanumeric\3=Inverse Alphanumeric\4=Simple Numeric;0=Bilateral\1=Bilateral Inverso\2=Alfanumerico\3=Alfanumerico Inverso\4=Numerico Simple;CONC;;Público;Parâmetro de funcionamento do SPS endereço 17 - Tipo de indicação de tap (IDC);Parameter of SPS address 17 operation - Tap indication type (IDC);;;;;;Concentrador;Concentrator;;Paralelismo;Parallelism;;Parâmetro;;;;;
fa749bf6462a4162b51a4d8431988a5c;1;RW;16;TabEscritaSps17;Holding register;2203;Analog output;268;2;50;2;1;;;;;;;CONC;;Público;Parâmetro de funcionamento do SPS endereço 17 - Posição do tap central (CNT);Parameter of SPS address 17 operation - Middle tap position (CNT);;;;;;Concentrador;Concentrator;;Paralelismo;Parallelism;;Parâmetro;;;;;
1d00ecb6fdff45fcb2001b46142fd035;1;RW;16;TabEscritaSps17;Holding register;2204;Analog output;269;47;200;47;10;ohms;ohms;;;;;CONC;;Público;Parâmetro de funcionamento do SPS endereço 17 - Resistência por passo (RES);Parameter of SPS address 17 operation - Resistence per step (RES);;;;;;Concentrador;Concentrator;;Paralelismo;Parallelism;;Parâmetro;;;;;
887bed7fa2254c43a073477c3660cbb3;1;RW;16;TabEscritaSps17;Holding register;2205;Analog output;270;1;100;1;1;s;s;;;;;CONC;;Público;Parâmetro de funcionamento do SPS endereço 17 - Tempo para sincronismo (SNC);Parameter of SPS address 17 operation - Synchronism time (SNC);;;;;;Concentrador;Concentrator;;Paralelismo;Parallelism;;Parâmetro;;;;;
4fda038f219e4015a0a09285d27a5e78;1;RW;16;TabEscritaSps17;Holding register;2206;Analog output;271;2;25;2;1;s;s;;;;;CONC;;Público;Parâmetro de funcionamento do SPS endereço 17 - Tempo para alarme E04 (PRG);Parameter of SPS address 17 operation - Time for alarm E04 (PRG);;;;;;Concentrador;Concentrator;;Paralelismo;Parallelism;;Parâmetro;;;;;
e76ab0144474414ebffa31bba56e7d39;1;RW;16;TabEscritaSps17;Holding register;2207;Analog output;272;0;34;0;1;;;;;;;CONC;;Público;Parâmetro de funcionamento do SPS endereço 17 - Função do relé 1 (RL1);Parameter of SPS address 17 operation - Relay 1 operation (RL1);;;;;;Concentrador;Concentrator;;Relés;Relays;;Parâmetro;;;;;
af9fa64317a848f680710660e870da22;1;RW;16;TabEscritaSps17;Holding register;2208;Analog output;273;0;34;0;1;;;;;;;CONC;;Público;Parâmetro de funcionamento do SPS endereço 17 - Função do relé 2 (RL2);Parameter of SPS address 17 operation - Relay 2 operation (RL2);;;;;;Concentrador;Concentrator;;Relés;Relays;;Parâmetro;;;;;
f1debe83046649608a145ccdc7660abc;1;RW;16;TabEscritaSps17;Holding register;2209;Analog output;274;0;34;0;1;;;;;;;CONC;;Público;Parâmetro de funcionamento do SPS endereço 17 - Função do relé 3 (RL3);Parameter of SPS address 17 operation - Relay 3 operation (RL3);;;;;;Concentrador;Concentrator;;Relés;Relays;;Parâmetro;;;;;
6b305315bd7c45c0b7ce56c5a9b92c0d;1;RW;16;TabEscritaSps17;Holding register;2210;Analog output;275;0;34;0;1;;;;;;;CONC;;Público;Parâmetro de funcionamento do SPS endereço 17 - Função do relé 4 (RL4);Parameter of SPS address 17 operation - Relay 4 operation (RL4);;;;;;Concentrador;Concentrator;;Relés;Relays;;Parâmetro;;;;;
a20911df4ef64e519478ac79da961816;1;RW;16;TabEscritaSps17;Holding register;2211;Analog output;276;0;9;0;1;;;;1=0...1mA\2=-1...+1mA\3=0...5mA\4=-5...+5mA\5=0...10mA\6=-10...+10mA\7=0...20mA\8=-20...+20mA\9=4...20mA;1=0...1mA\2=-1...+1mA\3=0...5mA\4=-5...+5mA\5=0...10mA\6=-10...+10mA\7=0...20mA\8=-20...+20mA\9=4...20mA;;CONC;;Público;Parâmetro de funcionamento do SPS endereço 17 - Opção de saída mA (OCS);Parameter of SPS address 17 operation - MA output option (OSC);;;;;;Concentrador;Concentrator;;Saída mA;Analog output;;Parâmetro;;;;;
a931bba56e3a4f14a3fb64200ef344c0;1;RW;16;TabEscritaSps17;Holding register;2212;Analog output;277;1;3;1;1;;;;1=Português\2=Inglês\3=Espanhol;1=Portuguese\2=English\3=Spanish;;CONC;;Público;Parâmetro de funcionamento do SPS endereço 17 - Opção de idioma (LNG);Parameter of SPS address 17 operation - Language option (TAP);;;;;;;;;;;;Parâmetro;;;;;
c3a58f0a66d4413488087fe0e837fb16;1;RW;16;TabEscritaSps17;Holding register;2213;Analog output;278;0;2;0;1;;;;0=Stop\1=Baixar\2=Subir;0=Stop\1=Lower\2=Raise;;CONC;;Público;Parâmetro de funcionamento do SPS endereço 17 - Comandar tap;Parameter of SPS address 17 operation - Command tap;;;;;;Concentrador;Concentrator;;Paralelismo;Parallelism;;Comando;;;;;
;;;;;;;;;;;;;;;;;;;;;;;;;;;;;;;;;;;;;;;;
921c38cb1b4a42a0b1a05120eab20893;1;RW;16;TabEscritaSps18;Holding register;2300;Analog output;279;0;2;0;1;;;;0=Indicador de posição\1=Monofásico\2=Trifásico;0=Position indicator\1=Single-phase\2=Three-phase;;CONC;;Público;Parâmetro de funcionamento do SPS endereço 18 - Modo de operação (MOD);Parameter of SPS address 18 operation - Operation mode (MOD);;;;;;Concentrador;Concentrator;;Paralelismo;Parallelism;;Parâmetro;;;;;
9aba0d1b0d8c47bebe9292980d57987b;1;RW;16;TabEscritaSps18;Holding register;2301;Analog output;280;2;50;2;1;;;;;;;CONC;;Público;Parâmetro de funcionamento do SPS endereço 18 - Número de taps (TAP);Parameter of SPS address 18 operation - Tap quantity (TAP);;;;;;Concentrador;Concentrator;;Paralelismo;Parallelism;;Parâmetro;;;;;
ced3b6cb88344a11a46cc2b79441257d;1;RW;16;TabEscritaSps18;Holding register;2302;Analog output;281;0;4;0;1;;;;0=Bilateral\1=Bilateral inverso\2=Alfanumérico\3=Alfanumérico inverso\4=Numérico simples;0=Bilateral\1=Inverse Bilateral\2=Alphanumeric\3=Inverse Alphanumeric\4=Simple Numeric;0=Bilateral\1=Bilateral Inverso\2=Alfanumerico\3=Alfanumerico Inverso\4=Numerico Simple;CONC;;Público;Parâmetro de funcionamento do SPS endereço 18 - Tipo de indicação de tap (IDC);Parameter of SPS address 18 operation - Tap indication type (IDC);;;;;;Concentrador;Concentrator;;Paralelismo;Parallelism;;Parâmetro;;;;;
7dc84784a72544bcab92bf188352e9fb;1;RW;16;TabEscritaSps18;Holding register;2303;Analog output;282;2;50;2;1;;;;;;;CONC;;Público;Parâmetro de funcionamento do SPS endereço 18 - Posição do tap central (CNT);Parameter of SPS address 18 operation - Middle tap position (CNT);;;;;;Concentrador;Concentrator;;Paralelismo;Parallelism;;Parâmetro;;;;;
57c3e1b1868a4c1b87ba72b40ccc431c;1;RW;16;TabEscritaSps18;Holding register;2304;Analog output;283;47;200;47;10;ohms;ohms;;;;;CONC;;Público;Parâmetro de funcionamento do SPS endereço 18 - Resistência por passo (RES);Parameter of SPS address 18 operation - Resistence per step (RES);;;;;;Concentrador;Concentrator;;Paralelismo;Parallelism;;Parâmetro;;;;;
dcc0396d234b4e1d86f921b48ca26c0b;1;RW;16;TabEscritaSps18;Holding register;2305;Analog output;284;1;100;1;1;s;s;;;;;CONC;;Público;Parâmetro de funcionamento do SPS endereço 18 - Tempo para sincronismo (SNC);Parameter of SPS address 18 operation - Synchronism time (SNC);;;;;;Concentrador;Concentrator;;Paralelismo;Parallelism;;Parâmetro;;;;;
75594c657a4f4db2b64e99bfbcb50d9a;1;RW;16;TabEscritaSps18;Holding register;2306;Analog output;285;2;25;2;1;s;s;;;;;CONC;;Público;Parâmetro de funcionamento do SPS endereço 18 - Tempo para alarme E04 (PRG);Parameter of SPS address 18 operation - Time for alarm E04 (PRG);;;;;;Concentrador;Concentrator;;Paralelismo;Parallelism;;Parâmetro;;;;;
d8892216c1ae4c679571da6f6c650958;1;RW;16;TabEscritaSps18;Holding register;2307;Analog output;286;0;34;0;1;;;;;;;CONC;;Público;Parâmetro de funcionamento do SPS endereço 18 - Função do relé 1 (RL1);Parameter of SPS address 18 operation - Relay 1 operation (RL1);;;;;;Concentrador;Concentrator;;Relés;Relays;;Parâmetro;;;;;
5a184cdd5aef48f597a41822a8c7b187;1;RW;16;TabEscritaSps18;Holding register;2308;Analog output;287;0;34;0;1;;;;;;;CONC;;Público;Parâmetro de funcionamento do SPS endereço 18 - Função do relé 2 (RL2);Parameter of SPS address 18 operation - Relay 2 operation (RL2);;;;;;Concentrador;Concentrator;;Relés;Relays;;Parâmetro;;;;;
5024ce604cbd4e42b3bf1387b15cf83a;1;RW;16;TabEscritaSps18;Holding register;2309;Analog output;288;0;34;0;1;;;;;;;CONC;;Público;Parâmetro de funcionamento do SPS endereço 18 - Função do relé 3 (RL3);Parameter of SPS address 18 operation - Relay 3 operation (RL3);;;;;;Concentrador;Concentrator;;Relés;Relays;;Parâmetro;;;;;
109eeaecabd6411b9ae938f099bdc88b;1;RW;16;TabEscritaSps18;Holding register;2310;Analog output;289;0;9;0;1;;;;1=0...1mA\2=-1...+1mA\3=0...5mA\4=-5...+5mA\5=0...10mA\6=-10...+10mA\7=0...20mA\8=-20...+20mA\9=4...20mA;1=0...1mA\2=-1...+1mA\3=0...5mA\4=-5...+5mA\5=0...10mA\6=-10...+10mA\7=0...20mA\8=-20...+20mA\9=4...20mA;;CONC;;Público;Parâmetro de funcionamento do SPS endereço 18 - Opção de saída mA (OCS);Parameter of SPS address 18 operation - MA output option (OSC);;;;;;Concentrador;Concentrator;;Saída mA;Analog output;;Parâmetro;;;;;
60922a096bc64853903d7e6d17307804;1;RW;16;TabEscritaSps18;Holding register;2311;Analog output;290;1;3;1;1;;;;1=Português\2=Inglês\3=Espanhol;1=Portuguese\2=English\3=Spanish;;CONC;;Público;Parâmetro de funcionamento do SPS endereço 18 - Opção de idioma (LNG);Parameter of SPS address 18 operation - Language option (TAP);;;;;;;;;;;;Parâmetro;;;;;
383d01fe6fbe4d91b6ec91ebf883f1b6;1;RW;16;TabEscritaSps18;Holding register;2312;Analog output;291;1;3;1;1;;;;1=Individual\2=Mestre\3=Comandado;1=Individual\2=Master\3=Follower;;CONC;;Público;Parâmetro de funcionamento do SPS endereço 18 - Configuração individual ou mestre ou comandado;Parameter of SPS address 18 operation - Configuration individual or master or follower;;;;;;Concentrador;Concentrator;;Paralelismo;Parallelism;;Parâmetro;;;;;
6edc1c02338d44dbaacf8ec72cf2f863;1;RW;16;TabEscritaSps18;Holding register;2313;Analog output;292;0;2;0;1;;;;0=Stop\1=Baixar\2=Subir;0=Stop\1=Lower\2=Raise;;CONC;;Público;Parâmetro de funcionamento do SPS endereço 18 - Comandar tap;Parameter of SPS address 18 operation - Command tap;;;;;;Concentrador;Concentrator;;Paralelismo;Parallelism;;Comando;;;;;
;;;;;;;;;;;;;;;;;;;;;;;;;;;;;;;;;;;;;;;;
e2c96b2ee1d04476ae5b8d8046ffd4bd;1;RW;16;TabEscritaHmi;Holding register;3000;Analog output;293;0;2;0;1;;;;0=Sem tela específica\1=Rolagem de telas\2=Tela padrão;0=No specific screen\1=Screens rolling\2=Default screen;;;;Público;Parâmetro de seleção de tela durante descanso;Parameter of screen selection during screen saver;;;;;;Geral;;;;;;Parâmetro;;;;;
34491032acad437a9e64ce8f72c81f8a;1;RW;16;TabEscritaHmi;Holding register;3001;Analog output;294;1;15;5;1;min;min;;;;;;;Público;Parâmetro de tempo para ativar o descanso de tela;Parameter of time to activate screen saver;;;;;;Geral;;;;;;Parâmetro;;;;;
e0162b0aa44845c1b57fbb212ea50ad3;1;RW;16;TabEscritaHmi;Holding register;3002;Analog output;295;1;11;1;1;;;;1=Status\2=Temp. óleo\3=Temp. enr. 1\4=Temp. enr. 2\5=Temp. enr. 3\6=% carga\7=Conj. reg. ativo\8=Modo operação\9=Ucarga/Desvio\10=Potências\11=TAP atual;1=Status\2=Oil temperature\3=Winding 1 temp.\4=Winding 2 temp.\5=Winding 3 temp.\6=Load %\7=Regulation set active\8=Operation mode\9=ULoad/Deviation\10=Powers\11=Ongoing tap;;;;Público;Parâmetro de tela padrão;Parameter of default screen;;;;;;Geral;;;;;;Parâmetro;;;;;
;;;;;;;;;;;;;;;;;;;;;;;;;;;;;;;;;;;;;;;;
f2f8b93b41f743d99daeac6d1421b7f0;1;RW;Bit;TabEscritaBinRtd;Coil;10000;Binary output;176;0;1;0;1;;;;0=Não\1=Sim;0=No\1=Yes;;;;Público;Parâmetro de habilitar sensor de temperatura 1;Parameter of enable temperature sensor 1;;;;;;Temperatura;Temperature;;Configuração;Configuration;;Parâmetro;;;;;
7d6d77f242374d478b3e7a3ab25c7e6a;1;RW;Bit;TabEscritaBinRtd;Coil;10001;Binary output;177;0;1;0;1;;;;0=Não\1=Sim;0=No\1=Yes;;;;Público;Parâmetro de habilitar sensor de temperatura 2;Parameter of enable temperature sensor 2;;;;;;Temperatura;Temperature;;Configuração;Configuration;;Parâmetro;;;;;
ea60955ac29043749d8db0c93b6b8c7e;1;RW;Bit;TabEscritaBinRtd;Coil;10002;Binary output;178;0;1;0;1;;;;0=Não\1=Sim;0=No\1=Yes;;;;Público;Parâmetro de habilitar sensor de temperatura 3;Parameter of enable temperature sensor 3;;;;;;Temperatura;Temperature;;Configuração;Configuration;;Parâmetro;;;;;
fe192082051f4290bb3295e4a649323f;1;RW;Bit;TabEscritaBinRtd;Coil;10003;Binary output;179;0;1;1;1;;;;0=Não\1=Sim;0=No\1=Yes;;;;Público;Parâmetro de habilitar funcionalidade de temperatura;Parameter of enable temperature functionality;;;;;;Temperatura;Temperature;;Configuração;Configuration;;Parâmetro;;;;;
;;;;;;;;;;;;;;;;;;;;;;;;;;;;;;;;;;;;;;;;
0e8c60b0f20a483e8b2d6b9f45f2fa6d;1;RW;16;TabEscritaRtd;Holding register;10000;Analog output;296;0;3;1;1;;;;0=Nenhum\1=PT100 1\2=PT100 2\3=PT100 3;0=None\1=PT100 1\2=PT100 2\3=PT100 3;;;;Público;Parâmetro de selecionar sensor 1 para temperatura do óleo;Parameter of select first sensor for oil temperature;;;;;;Temperatura;Temperature;;Configuração;Configuration;;Parâmetro;;;;;
0ba5f6fbe78847d29271972bb9f76a85;1;RW;16;TabEscritaRtd;Holding register;10001;Analog output;297;0;3;0;1;;;;0=Nenhum\1=PT100 1\2=PT100 2\3=PT100 3;0=None\1=PT100 1\2=PT100 2\3=PT100 3;;;;Público;Parâmetro de selecionar sensor redundante para temperatura do óleo;Parameter of select redundant sensor for oil temperature;;;;;;Temperatura;Temperature;;Configuração;Configuration;;Parâmetro;;;;;
d90b08844d764401bfdca2112b0f97e9;1;RW;16;TabEscritaRtd;Holding register;10002;Analog output;298;10;60;40;10;°C;°C;;;;;;;Público;Parâmetro de máxima diferença de temperatura entre sensores redundantes;Parameter of maximum temperature difference between redundant sensors;;;;;;Temperatura;Temperature;;Configuração;Configuration;;Parâmetro;;;;;
058a63382eb54c7d94d84f17af3a9b1d;1;RW;16;TabEscritaRtd;Holding register;10003;Analog output;299;0;3;0;1;;;;0=Nenhum\1=PT100 1\2=PT100 2\3=PT100 3;0=None\1=PT100 1\2=PT100 2\3=PT100 3;;;;Público;Parâmetro de simulação do sensor de temperatura;Parameter of temperature sensor simulation;;;;;;Temperatura;Temperature;;Configuração;Configuration;;Parâmetro;;;;;
;;;;;;;;;;;;;;;;;;;;;;;;;;;;;;;;;;;;;;;;
55540270da97468b8a9841dc209b5d98;1;RW;Bit;TabEscritaBinOleo;Coil;10100;Binary output;180;0;1;0;1;;;;0=Não\1=Sim;0=No\1=Yes;;;;Público;Parâmetro de associação do relé 1 ao alarme por temperatura do óleo;Parameter of relay 1 assignment to oil temperature alarm;;;;;;;;;;;;Debug;;;;;
525b0ef9284648fdb8e6ad0a7de86ce7;1;RW;Bit;TabEscritaBinOleo;Coil;10101;Binary output;181;0;1;0;1;;;;0=Não\1=Sim;0=No\1=Yes;;;;Público;Parâmetro de associação do relé 2 ao alarme por temperatura do óleo;Parameter of relay 2 assignment to oil temperature alarm;;;;;;;;;;;;Debug;;;;;
91bbbe5721294a0ca2e81980f6314b8d;1;RW;Bit;TabEscritaBinOleo;Coil;10102;Binary output;182;0;1;0;1;;;;0=Não\1=Sim;0=No\1=Yes;;;;Público;Parâmetro de associação do relé 3 ao alarme por temperatura do óleo;Parameter of relay 3 assignment to oil temperature alarm;;;;;;;;;;;;Debug;;;;;
891a7552443b4276962af54336120a26;1;RW;Bit;TabEscritaBinOleo;Coil;10103;Binary output;183;0;1;0;1;;;;0=Não\1=Sim;0=No\1=Yes;;;;Público;Parâmetro de associação do relé 4 ao alarme por temperatura do óleo;Parameter of relay 4 assignment to oil temperature alarm;;;;;;;;;;;;Debug;;;;;
02dea4ea88164919baf8c7e8a4e4d1a3;1;RW;Bit;TabEscritaBinOleo;Coil;10104;Binary output;184;0;1;0;1;;;;0=Não\1=Sim;0=No\1=Yes;;;;Público;Parâmetro de associação do relé 5 ao alarme por temperatura do óleo;Parameter of relay 5 assignment to oil temperature alarm;;;;;;;;;;;;Debug;;;;;
e6977006529744cdbdb2724b0e7ad0c0;1;RW;Bit;TabEscritaBinOleo;Coil;10105;Binary output;185;0;1;0;1;;;;0=Não\1=Sim;0=No\1=Yes;;;;Público;Parâmetro de associação do relé 1 ao alarme por retardo de desligamento por temperatura do óleo;Parameter of relay 1 assignment to trip delay due to oil temperature;;;;;;;;;;;;Debug;;;;;
ebf86f436b5d4d35a7c0ae268115593e;1;RW;Bit;TabEscritaBinOleo;Coil;10106;Binary output;186;0;1;0;1;;;;0=Não\1=Sim;0=No\1=Yes;;;;Público;Parâmetro de associação do relé 2 ao alarme por retardo de desligamento por temperatura do óleo;Parameter of relay 2 assignment to trip delay due to oil temperature;;;;;;;;;;;;Debug;;;;;
8dc004849ad24a80969a2ccd7777c8f3;1;RW;Bit;TabEscritaBinOleo;Coil;10107;Binary output;187;0;1;0;1;;;;0=Não\1=Sim;0=No\1=Yes;;;;Público;Parâmetro de associação do relé 3 ao alarme por retardo de desligamento por temperatura do óleo;Parameter of relay 3 assignment to trip delay due to oil temperature;;;;;;;;;;;;Debug;;;;;
781261dd5d064e87aa453a35fc36508f;1;RW;Bit;TabEscritaBinOleo;Coil;10108;Binary output;188;0;1;0;1;;;;0=Não\1=Sim;0=No\1=Yes;;;;Público;Parâmetro de associação do relé 4 ao alarme por retardo de desligamento por temperatura do óleo;Parameter of relay 4 assignment to trip delay due to oil temperature;;;;;;;;;;;;Debug;;;;;
d138ecc2a0e3403ea7b7d70f2df78031;1;RW;Bit;TabEscritaBinOleo;Coil;10109;Binary output;189;0;1;0;1;;;;0=Não\1=Sim;0=No\1=Yes;;;;Público;Parâmetro de associação do relé 5 ao alarme por retardo de desligamento por temperatura do óleo;Parameter of relay 5 assignment to trip delay due to oil temperature;;;;;;;;;;;;Debug;;;;;
;;;;;;;;;;;;;;;;;;;;;;;;;;;;;;;;;;;;;;;;
9e9868ca1b144a7d915286ad3a8f639a;1;RW;16;TabEscritaOleo;Holding register;10100;Analog output;300;-55;200;95;1;°C;°C;;;;;;;Público;Parâmetro de alarme por temperatura do óleo;Parameter of alarm due to oil temperature;;;;;;Temperatura;Temperature;;Alarmes;Alarms;;Parâmetro;;;;;
2927c7c390144eaea3408e64a27a76b1;1;RW;16;TabEscritaOleo;Holding register;10101;Analog output;301;-55;200;105;1;°C;°C;;;;;;;Público;Parâmetro de desligamento por temperatura do óleo;Parameter of oil temperature shutdown;;;;;;Temperatura;Temperature;;Alarmes;Alarms;;Parâmetro;;;;;
5dffcaf349494ab7afd49cbca81f0c5d;1;RW;16;TabEscritaOleo;Holding register;10102;Analog output;302;0;200;200;10;min;min;;;;;;;Público;Parâmetro de retardo de desligamento por temperatura do óleo;Parameter of oil temperature shutdown delay;;;;;;Temperatura;Temperature;;Alarmes;Alarms;;Parâmetro;;;;;
ee79317a95d640d99abf603aa6bb605b;1;RW;16;TabEscritaOleo;Holding register;10103;Analog output;303;1;3;3;1;;;;1=Azul\2=Amarelo\3=Vermelho;1=Blue\2=Yellow\3=Red;;;;Público;Parâmetro de classificação do alarme por temperatura do óleo;Parameter of oil temperature alarm classification;;;;;;;;;;;;Debug;;;;;
12ff2342022a48b2ab824f5f792d04a6;1;RW;16;TabEscritaOleo;Holding register;10104;Analog output;304;1;3;3;1;;;;1=Azul\2=Amarelo\3=Vermelho;1=Blue\2=Yellow\3=Red;;;;Público;Parâmetro de classificação do desligamento por temperatura do óleo;Parameter of  alarm classification by trip by oil temperature;;;;;;;;;;;;Debug;;;;;
6f9f640dd93f46a399f7cc9c6179de32;1;RW;16;TabEscritaOleo;Holding register;10105;Analog output;305;1;3;3;1;;;;1=Azul\2=Amarelo\3=Vermelho;1=Blue\2=Yellow\3=Red;;;;Público;Parâmetro de classificação do alarme por retardo de desligamento por temperatura do óleo;Parameter of  alarm classification by trip delay due to oil temperature;;;;;;;;;;;;Debug;;;;;
;;;;;;;;;;;;;;;;;;;;;;;;;;;;;;;;;;;;;;;;
9eb1473627504d6cb67848fb2e4f7feb;1;RW;Bit;TabEscritaBinEnrolamento1;Coil;10200;Binary output;190;0;1;0;1;;;;0=Não\1=Sim;0=No\1=Yes;;;;Público;Parâmetro de associação do relé 1 ao alarme por temperatura do enrolamento 1;Parameter of relay 1 assignment to winding 1 temperature alarm;;;;;;;;;;;;Debug;;;;;
ffca20fb4ede48f4afafca836d5af5f8;1;RW;Bit;TabEscritaBinEnrolamento1;Coil;10201;Binary output;191;0;1;0;1;;;;0=Não\1=Sim;0=No\1=Yes;;;;Público;Parâmetro de associação do relé 2 ao alarme por temperatura do enrolamento 1;Parameter of relay 2 assignment to winding 1 temperature alarm;;;;;;;;;;;;Debug;;;;;
e63f994f312c4121b3b2b94db41f80f2;1;RW;Bit;TabEscritaBinEnrolamento1;Coil;10202;Binary output;192;0;1;0;1;;;;0=Não\1=Sim;0=No\1=Yes;;;;Público;Parâmetro de associação do relé 3 ao alarme por temperatura do enrolamento 1;Parameter of relay 3 assignment to winding 1 temperature alarm;;;;;;;;;;;;Debug;;;;;
65bb92c10f244c0db34206cb26561879;1;RW;Bit;TabEscritaBinEnrolamento1;Coil;10203;Binary output;193;0;1;0;1;;;;0=Não\1=Sim;0=No\1=Yes;;;;Público;Parâmetro de associação do relé 4 ao alarme por temperatura do enrolamento 1;Parameter of relay 4 assignment to winding 1 temperature alarm;;;;;;;;;;;;Debug;;;;;
43c07f9b7c9a4b0f90640e8f0dfa216c;1;RW;Bit;TabEscritaBinEnrolamento1;Coil;10204;Binary output;194;0;1;0;1;;;;0=Não\1=Sim;0=No\1=Yes;;;;Público;Parâmetro de associação do relé 5 ao alarme por temperatura do enrolamento 1;Parameter of relay 5 assignment to winding 1 temperature alarm;;;;;;;;;;;;Debug;;;;;
fa343ae6c4f74905b20a6d88e75be88d;1;RW;Bit;TabEscritaBinEnrolamento1;Coil;10205;Binary output;195;0;1;0;1;;;;0=Não\1=Sim;0=No\1=Yes;;;;Público;Parâmetro de associação do relé 1 ao alarme por retardo de desligamento por temperatura do enrolamento 1;Parameter of relay 1 assignment to winding 1 temperature trip delay alarm;;;;;;;;;;;;Debug;;;;;
de99553e88a045d8b399630373e0edca;1;RW;Bit;TabEscritaBinEnrolamento1;Coil;10206;Binary output;196;0;1;0;1;;;;0=Não\1=Sim;0=No\1=Yes;;;;Público;Parâmetro de associação do relé 2 ao alarme por retardo de desligamento por temperatura do enrolamento 1;Parameter of relay 2 assignment to winding 1 temperature trip delay alarm;;;;;;;;;;;;Debug;;;;;
f503cde5b73a4770a0d6bb20535061c4;1;RW;Bit;TabEscritaBinEnrolamento1;Coil;10207;Binary output;197;0;1;0;1;;;;0=Não\1=Sim;0=No\1=Yes;;;;Público;Parâmetro de associação do relé 3 ao alarme por retardo de desligamento por temperatura do enrolamento 1;Parameter of relay 3 assignment to winding 1 temperature trip delay alarm;;;;;;;;;;;;Debug;;;;;
ef8ba9038d7a4f868ce8e6ebe4f5d215;1;RW;Bit;TabEscritaBinEnrolamento1;Coil;10208;Binary output;198;0;1;0;1;;;;0=Não\1=Sim;0=No\1=Yes;;;;Público;Parâmetro de associação do relé 4 ao alarme por retardo de desligamento por temperatura do enrolamento 1;Parameter of relay 4 assignment to winding 1 temperature trip delay alarm;;;;;;;;;;;;Debug;;;;;
84fc6143e0384f1493b6f93677a20c86;1;RW;Bit;TabEscritaBinEnrolamento1;Coil;10209;Binary output;199;0;1;0;1;;;;0=Não\1=Sim;0=No\1=Yes;;;;Público;Parâmetro de associação do relé 5 ao alarme por retardo de desligamento por temperatura do enrolamento 1;Parameter of relay 5 assignment to winding 1 temperature trip delay alarm;;;;;;;;;;;;Debug;;;;;
4ef2da63ad95422f9408192027a6b62c;1;RW;Bit;TabEscritaBinEnrolamento1;Coil;10210;Binary output;200;0;1;0;1;;;;0=ANSI\1=IEC;0=ANSI\1=IEC;;;;Público;Parâmetro de tipo fator hotspot;Parameter of hot-spot factor type;;;;;;Temperatura;Temperature;;Tranformador;Transformer;;Parâmetro;;;;;
;;;;;;;;;;;;;;;;;;;;;;;;;;;;;;;;;;;;;;;;
9fc0d16c32634531ac9a6719f0b7a44a;1;RW;16;TabEscritaEnrolamento1;Holding register;10200;Analog output;306;-55;200;105;1;°C;°C;;;;;;;Público;Parâmetro de alarme por temperatura do enrolamento 1;Parameter of alarm due to winding 1 temperature;;;;;;Temperatura;Temperature;;Alarmes;Alarms;;Parâmetro;;;;;
cd5fac10609a47bc8ed084456a0b90a2;1;RW;16;TabEscritaEnrolamento1;Holding register;10201;Analog output;307;-55;200;120;1;°C;°C;;;;;;;Público;Parâmetro de desligamento por temperatura do enrolamento 1;Parameter of winding 1 temperature shutdown;;;;;;Temperatura;Temperature;;Alarmes;Alarms;;Parâmetro;;;;;
dec4e1c2c3304be18699068dd9368caa;1;RW;16;TabEscritaEnrolamento1;Holding register;10202;Analog output;308;72;999;300;1;s;s;;;;;;;Público;Parâmetro de constante térmica do enrolamento 1;Parameter of thermal constant of winding 1;;;;;;Temperatura;Temperature;;Tranformador;Transformer;;Parâmetro;;;;;
0f327abfa9cb4cb8ab2362204a37170f;1;RW;16;TabEscritaEnrolamento1;Holding register;10203;Analog output;309;0;200;200;10;min;min;;;;;;;Público;Parâmetro de retardo de desligamento por temperatura do enrolamento 1;Parameter of winding 1 temperature shutdown delay;;;;;;Temperatura;Temperature;;Alarmes;Alarms;;Parâmetro;;;;;
b8526fa5249f4c768a7de7a94ada6334;1;RW;16;TabEscritaEnrolamento1;Holding register;10204;Analog output;310;1;3;3;1;;;;1=Azul\2=Amarelo\3=Vermelho;1=Blue\2=Yellow\3=Red;;;;Público;Parâmetro de classificação do alarme por temperatura do enrolamento 1;Parameter of alarm classification by winding 1 temperature;;;;;;;;;;;;Debug;;;;;
46e145691a9244caa5149ec913e5f647;1;RW;16;TabEscritaEnrolamento1;Holding register;10205;Analog output;311;1;3;3;1;;;;1=Azul\2=Amarelo\3=Vermelho;1=Blue\2=Yellow\3=Red;;;;Público;Parâmetro de classificação do desligamento por temperatura do enrolamento 1;Parameter of alarm classification by winding 1 temperature trip;;;;;;;;;;;;Debug;;;;;
c5de9163006943a6a80cd7bf52d1f227;1;RW;16;TabEscritaEnrolamento1;Holding register;10206;Analog output;312;1;3;3;1;;;;1=Azul\2=Amarelo\3=Vermelho;1=Blue\2=Yellow\3=Red;;;;Público;Parâmetro de classificação do alarme por retardo de desligamento por temperatura do enrolamento 1;Parameter of alarm classification by winding 1 temperature trip delay;;;;;;;;;;;;Debug;;;;;
87fb3868e72b4b60b87d45dd3276a633;1;RW;16;TabEscritaEnrolamento1;Holding register;10207;Analog output;313;0;2000;100;100;;;;;;;;;Público;Parâmetro de fator de hot-spot do enrolamento 1 - Estágio de resfriamento 0;Parameter of hot-spot factor of winding 1 - Cooling stage 0;;;;;;Temperatura;Temperature;;Estágio de resfriamento;Cooling stage;;Parâmetro;;;;;
b4980a2a4a004ef0b9e98b922ef341b5;1;RW;16;TabEscritaEnrolamento1;Holding register;10208;Analog output;314;0;2000;100;100;;;;;;;;;Público;Parâmetro de fator de hot-spot do enrolamento 1 - Estágio de resfriamento 1;Parameter of hot-spot factor of winding 1 - Cooling stage 1;;;;;;Temperatura;Temperature;;Estágio de resfriamento;Cooling stage;;Parâmetro;;;;;
e72cfdde8586484a88e8d356f56876cf;1;RW;16;TabEscritaEnrolamento1;Holding register;10209;Analog output;315;0;2000;100;100;;;;;;;;;Público;Parâmetro de fator de hot-spot do enrolamento 1 - Estágio de resfriamento 2;Parameter of hot-spot factor of winding 1 - Cooling stage 2;;;;;;Temperatura;Temperature;;Estágio de resfriamento;Cooling stage;;Parâmetro;;;;;
559723c4beac44f8bb566384ef6b3340;1;RW;16;TabEscritaEnrolamento1;Holding register;10210;Analog output;316;0;2000;100;100;;;;;;;;;Público;Parâmetro de fator de hot-spot do enrolamento 1 - Estágio de resfriamento 3;Parameter of hot-spot factor of winding 1 - Cooling stage 3;;;;;;Temperatura;Temperature;;Estágio de resfriamento;Cooling stage;;Parâmetro;;;;;
47b87d390fe442d7abf8da9cc3d7fa9e;1;RW;16;TabEscritaEnrolamento1;Holding register;10211;Analog output;317;0;2000;100;100;;;;;;;;;Público;Parâmetro de fator de hot-spot do enrolamento 1 - Estágio de resfriamento 4;Parameter of hot-spot factor of winding 1 - Cooling stage 4;;;;;;Temperatura;Temperature;;Estágio de resfriamento;Cooling stage;;Parâmetro;;;;;
cb892b62f68b4fee87d947934d5ed3ff;1;RW;16;TabEscritaEnrolamento1;Holding register;10212;Analog output;318;0;40;13;10;;;;;;;;;Público;Parâmetro de expoente 2M do enrolamento 1 - Estágio de resfriamento 0;Parameter of exponent 2M of the winding 1 - Cooling stage 0;;;;;;Temperatura;Temperature;;Estágio de resfriamento;Cooling stage;;Parâmetro;;;;;
86dd96192fcd4069967c767406a9dd68;1;RW;16;TabEscritaEnrolamento1;Holding register;10213;Analog output;319;0;40;13;10;;;;;;;;;Público;Parâmetro de expoente 2M do enrolamento 1 - Estágio de resfriamento 1;Parameter of exponent 2M of the winding 1 - Cooling stage 1;;;;;;Temperatura;Temperature;;Estágio de resfriamento;Cooling stage;;Parâmetro;;;;;
dcd31e039cf74fce90a5bf612fdcc815;1;RW;16;TabEscritaEnrolamento1;Holding register;10214;Analog output;320;0;40;13;10;;;;;;;;;Público;Parâmetro de expoente 2M do enrolamento 1 - Estágio de resfriamento 2;Parameter of exponent 2M of the winding 1 - Cooling stage 2;;;;;;Temperatura;Temperature;;Estágio de resfriamento;Cooling stage;;Parâmetro;;;;;
1c7b1131aff640db888d91645bee74b8;1;RW;16;TabEscritaEnrolamento1;Holding register;10215;Analog output;321;0;40;13;10;;;;;;;;;Público;Parâmetro de expoente 2M do enrolamento 1 - Estágio de resfriamento 3;Parameter of exponent 2M of the winding 1 - Cooling stage 3;;;;;;Temperatura;Temperature;;Estágio de resfriamento;Cooling stage;;Parâmetro;;;;;
646e06008c5245a697bc8f539c96fc1a;1;RW;16;TabEscritaEnrolamento1;Holding register;10216;Analog output;322;0;40;13;10;;;;;;;;;Público;Parâmetro de expoente 2M do enrolamento 1 - Estágio de resfriamento 4;Parameter of exponent 2M of the winding 1 - Cooling stage 4;;;;;;Temperatura;Temperature;;Estágio de resfriamento;Cooling stage;;Parâmetro;;;;;
5f6b060e93ee43dca535b2ad3672b802;1;RW;16;TabEscritaEnrolamento1;Holding register;10217;Analog output;323;0;500;100;10;°C;°C;;;;;;;Público;Parâmetro de gradiente do enrolamento 1 - Estágio de resfriamento 0;Parameter of winding 1 gradient - Cooling stage 0;;;;;;Temperatura;Temperature;;Estágio de resfriamento;Cooling stage;;Parâmetro;;;;;
cacebcb7bb34490197c484ec0bf1c33c;1;RW;16;TabEscritaEnrolamento1;Holding register;10218;Analog output;324;0;500;100;10;°C;°C;;;;;;;Público;Parâmetro de gradiente do enrolamento 1 - Estágio de resfriamento 1;Parameter of winding 1 gradient - Cooling stage 1;;;;;;Temperatura;Temperature;;Estágio de resfriamento;Cooling stage;;Parâmetro;;;;;
cc528ffe5cff4ec0a5443057b2028fde;1;RW;16;TabEscritaEnrolamento1;Holding register;10219;Analog output;325;0;500;100;10;°C;°C;;;;;;;Público;Parâmetro de gradiente do enrolamento 1 - Estágio de resfriamento 2;Parameter of winding 1 gradient - Cooling stage 2;;;;;;Temperatura;Temperature;;Estágio de resfriamento;Cooling stage;;Parâmetro;;;;;
78b52937f28f42469265f82aed90dcdc;1;RW;16;TabEscritaEnrolamento1;Holding register;10220;Analog output;326;0;500;100;10;°C;°C;;;;;;;Público;Parâmetro de gradiente do enrolamento 1 - Estágio de resfriamento 3;Parameter of winding 1 gradient - Cooling stage 3;;;;;;Temperatura;Temperature;;Estágio de resfriamento;Cooling stage;;Parâmetro;;;;;
4a75dbba6cad424292a8e5923833c4cd;1;RW;16;TabEscritaEnrolamento1;Holding register;10221;Analog output;327;0;500;100;10;°C;°C;;;;;;;Público;Parâmetro de gradiente do enrolamento 1 - Estágio de resfriamento 4;Parameter of winding 1 gradient - Cooling stage 4;;;;;;Temperatura;Temperature;;Estágio de resfriamento;Cooling stage;;Parâmetro;;;;;
8f63427419da478aa4f10941e9e49628;1;RW;16;TabEscritaEnrolamento1;Holding register;10222;Analog output;328;1;9999;500;1;;;;;;;;;Público;Parâmetro de relação do TC do enrolamento 1 para imagem térmica;Parameter of CT ratio of winding 1 for thermal imaging;;;;;;Temperatura;Temperature;;Tranformador;Transformer;;Parâmetro;;;;;
901215050be84d28be8adb2b383bc223;1;RW;16;TabEscritaEnrolamento1;Holding register;10223;Analog output;329;1;3;1;1;;;;;;;;;Público;Parâmetro de configuração da quantidade de enrolamentos disponíveis;Parameter of setting the number of available windings;;;;;;Temperatura;Temperature;;Configuração;Configuration;;Parâmetro;;;;;
;;;;;;;;;;;;;;;;;;;;;;;;;;;;;;;;;;;;;;;;
b99f2c02770b4102b0a40c2792d624fa;1;RW;32_ABCD\FLOAT;TabEscritaEnrolamento1_32bit;Holding register;10300;Analog output;330;0;99990;1670;1000;kA;kA;;;;;;;Público;Parâmetro de corrente nominal do enrolamento 1 - Estágio de resfriamento 0;Parameter of nominal current of winding 1 - Cooling stage 0;;;;;;Temperatura;Temperature;;Estágio de resfriamento;Cooling stage;;Parâmetro;;;;;
a01312f0a0e6487ba7d7302cd90748c5;1;RW;32_ABCD\FLOAT;TabEscritaEnrolamento1_32bit;Holding register;10302;Analog output;331;0;99990;1670;1000;kA;kA;;;;;;;Público;Parâmetro de corrente nominal do enrolamento 1 - Estágio de resfriamento 1;Parameter of nominal current of winding 1 - Cooling stage 1;;;;;;Temperatura;Temperature;;Estágio de resfriamento;Cooling stage;;Parâmetro;;;;;
93b16740fb624cbbbf2b32504880bddd;1;RW;32_ABCD\FLOAT;TabEscritaEnrolamento1_32bit;Holding register;10304;Analog output;332;0;99990;1670;1000;kA;kA;;;;;;;Público;Parâmetro de corrente nominal do enrolamento 1 - Estágio de resfriamento 2;Parameter of nominal current of winding 1 - Cooling stage 2;;;;;;Temperatura;Temperature;;Estágio de resfriamento;Cooling stage;;Parâmetro;;;;;
ba83f50188fb481880f823fed7590f92;1;RW;32_ABCD\FLOAT;TabEscritaEnrolamento1_32bit;Holding register;10306;Analog output;333;0;99990;1670;1000;kA;kA;;;;;;;Público;Parâmetro de corrente nominal do enrolamento 1 - Estágio de resfriamento 3;Parameter of nominal current of winding 1 - Cooling stage 3;;;;;;Temperatura;Temperature;;Estágio de resfriamento;Cooling stage;;Parâmetro;;;;;
c4a7549b10114b0383a737680b81a11c;1;RW;32_ABCD\FLOAT;TabEscritaEnrolamento1_32bit;Holding register;10308;Analog output;334;0;99990;1670;1000;kA;kA;;;;;;;Público;Parâmetro de corrente nominal do enrolamento 1 - Estágio de resfriamento 4;Parameter of nominal current of winding 1 - Cooling stage 4;;;;;;Temperatura;Temperature;;Estágio de resfriamento;Cooling stage;;Parâmetro;;;;;
;;;;;;;;;;;;;;;;;;;;;;;;;;;;;;;;;;;;;;;;
812fa4816f5d41619f77eed9ab140f9a;1;RW;Bit;TabEscritaBinEnrolamento2;Coil;10300;Binary output;201;0;1;0;1;;;;0=Não\1=Sim;0=No\1=Yes;;;;Público;Parâmetro de associação do relé 1 ao alarme por temperatura do enrolamento 2;Parameter of relay 1 assignment to winding 2 temperature alarm;;;;;;;;;;;;Debug;;;;;
87801c0cd14a40d08bc5c276bae4faf1;1;RW;Bit;TabEscritaBinEnrolamento2;Coil;10301;Binary output;202;0;1;0;1;;;;0=Não\1=Sim;0=No\1=Yes;;;;Público;Parâmetro de associação do relé 2 ao alarme por temperatura do enrolamento 2;Parameter of relay 2 assignment to winding 2 temperature alarm;;;;;;;;;;;;Debug;;;;;
2195e24e312c4805a1bb54c8c0525139;1;RW;Bit;TabEscritaBinEnrolamento2;Coil;10302;Binary output;203;0;1;0;1;;;;0=Não\1=Sim;0=No\1=Yes;;;;Público;Parâmetro de associação do relé 3 ao alarme por temperatura do enrolamento 2;Parameter of relay 3 assignment to winding 2 temperature alarm;;;;;;;;;;;;Debug;;;;;
5b1fb3a7e2374242875b546d473034c6;1;RW;Bit;TabEscritaBinEnrolamento2;Coil;10303;Binary output;204;0;1;0;1;;;;0=Não\1=Sim;0=No\1=Yes;;;;Público;Parâmetro de associação do relé 4 ao alarme por temperatura do enrolamento 2;Parameter of relay 4 assignment to winding 2 temperature alarm;;;;;;;;;;;;Debug;;;;;
5583742d64a94559b52c0fd3f83217d7;1;RW;Bit;TabEscritaBinEnrolamento2;Coil;10304;Binary output;205;0;1;0;1;;;;0=Não\1=Sim;0=No\1=Yes;;;;Público;Parâmetro de associação do relé 5 ao alarme por temperatura do enrolamento 2;Parameter of relay 5 assignment to winding 2 temperature alarm;;;;;;;;;;;;Debug;;;;;
b3a67b1fb747408d944ef54ffb44f194;1;RW;Bit;TabEscritaBinEnrolamento2;Coil;10305;Binary output;206;0;1;0;1;;;;0=Não\1=Sim;0=No\1=Yes;;;;Público;Parâmetro de associação do relé 1 ao alarme por retardo de desligamento por temperatura do enrolamento 2;Parameter of relay 1 assignment to winding 2 temperature trip delay alarm;;;;;;;;;;;;Debug;;;;;
b3ddec40f8b3443b8e1ecaacc18cff9c;1;RW;Bit;TabEscritaBinEnrolamento2;Coil;10306;Binary output;207;0;1;0;1;;;;0=Não\1=Sim;0=No\1=Yes;;;;Público;Parâmetro de associação do relé 2 ao alarme por retardo de desligamento por temperatura do enrolamento 2;Parameter of relay 2 assignment to winding 2 temperature trip delay alarm;;;;;;;;;;;;Debug;;;;;
120afb045d8244289a12ff13a1677209;1;RW;Bit;TabEscritaBinEnrolamento2;Coil;10307;Binary output;208;0;1;0;1;;;;0=Não\1=Sim;0=No\1=Yes;;;;Público;Parâmetro de associação do relé 3 ao alarme por retardo de desligamento por temperatura do enrolamento 2;Parameter of relay 3 assignment to winding 2 temperature trip delay alarm;;;;;;;;;;;;Debug;;;;;
3b5ffedec5f74953aa62777ba7b3e27a;1;RW;Bit;TabEscritaBinEnrolamento2;Coil;10308;Binary output;209;0;1;0;1;;;;0=Não\1=Sim;0=No\1=Yes;;;;Público;Parâmetro de associação do relé 4 ao alarme por retardo de desligamento por temperatura do enrolamento 2;Parameter of relay 4 assignment to winding 2 temperature trip delay alarm;;;;;;;;;;;;Debug;;;;;
bf7f0c4b82ca4687b8e9344f46c80dad;1;RW;Bit;TabEscritaBinEnrolamento2;Coil;10309;Binary output;210;0;1;0;1;;;;0=Não\1=Sim;0=No\1=Yes;;;;Público;Parâmetro de associação do relé 5 ao alarme por retardo de desligamento por temperatura do enrolamento 2;Parameter of relay 5 assignment to winding 2 temperature trip delay alarm;;;;;;;;;;;;Debug;;;;;
;;;;;;;;;;;;;;;;;;;;;;;;;;;;;;;;;;;;;;;;
50c39978cf434ba48ca728e0b5b29e32;1;RW;16;TabEscritaEnrolamento2;Holding register;10400;Analog output;335;-55;200;105;1;°C;°C;;;;;;;Público;Parâmetro de alarme por temperatura do enrolamento 2;Parameter of alarm due to winding 2 temperature;;;;;;Temperatura;Temperature;;Alarmes;Alarms;;Parâmetro;;;;;
74b6287f3c1044cd82a5bb072502af2d;1;RW;16;TabEscritaEnrolamento2;Holding register;10401;Analog output;336;-55;200;120;1;°C;°C;;;;;;;Público;Parâmetro de desligamento por temperatura do enrolamento 2;Parameter of winding 2 temperature shutdown;;;;;;Temperatura;Temperature;;Alarmes;Alarms;;Parâmetro;;;;;
411a134f443f4cd981ebcf3445171381;1;RW;16;TabEscritaEnrolamento2;Holding register;10402;Analog output;337;72;999;300;1;s;s;;;;;;;Público;Parâmetro de constante térmica do enrolamento 2;Parameter of thermal constant of winding 2;;;;;;Temperatura;Temperature;;Tranformador;Transformer;;Parâmetro;;;;;
58c28b8052494b46b31246d1d197850f;1;RW;16;TabEscritaEnrolamento2;Holding register;10403;Analog output;338;0;200;200;10;min;min;;;;;;;Público;Parâmetro de retardo de desligamento por temperatura do enrolamento 2;Parameter of winding 2 temperature shutdown delay;;;;;;Temperatura;Temperature;;Alarmes;Alarms;;Parâmetro;;;;;
a75cbe67b6174dd4acf86159524a0dd4;1;RW;16;TabEscritaEnrolamento2;Holding register;10404;Analog output;339;1;3;3;1;;;;1=Azul\2=Amarelo\3=Vermelho;1=Blue\2=Yellow\3=Red;;;;Público;Parâmetro de classificação do alarme por temperatura do enrolamento 2;Parameter of alarm classification by winding 2 temperature;;;;;;;;;;;;Debug;;;;;
f615de79f21b45629226103c2a5a0472;1;RW;16;TabEscritaEnrolamento2;Holding register;10405;Analog output;340;1;3;3;1;;;;1=Azul\2=Amarelo\3=Vermelho;1=Blue\2=Yellow\3=Red;;;;Público;Parâmetro de classificação do desligamento por temperatura do enrolamento 2;Parameter of alarm classification by winding 2 temperature trip;;;;;;;;;;;;Debug;;;;;
1b39705ba64f439bbfdac7d4e95ba0a6;1;RW;16;TabEscritaEnrolamento2;Holding register;10406;Analog output;341;1;3;3;1;;;;1=Azul\2=Amarelo\3=Vermelho;1=Blue\2=Yellow\3=Red;;;;Público;Parâmetro de classificação do alarme por retardo de desligamento por temperatura do enrolamento 2;Parameter of alarm classification by winding 2 temperature trip delay;;;;;;;;;;;;Debug;;;;;
7d15421c7549410b9d331b0ab4dae47e;1;RW;16;TabEscritaEnrolamento2;Holding register;10407;Analog output;342;0;2000;100;100;;;;;;;;;Público;Parâmetro de fator de hot-spot do enrolamento 2 - Estágio de resfriamento 0;Parameter of hot-spot factor of winding 2 - Cooling stage 0;;;;;;Temperatura;Temperature;;Estágio de resfriamento;Cooling stage;;Parâmetro;;;;;
f2764b5f6102494cb7f15baf1d04ccdb;1;RW;16;TabEscritaEnrolamento2;Holding register;10408;Analog output;343;0;2000;100;100;;;;;;;;;Público;Parâmetro de fator de hot-spot do enrolamento 2 - Estágio de resfriamento 1;Parameter of hot-spot factor of winding 2 - Cooling stage 1;;;;;;Temperatura;Temperature;;Estágio de resfriamento;Cooling stage;;Parâmetro;;;;;
8d28628b23c3452f84d069e6fa39f695;1;RW;16;TabEscritaEnrolamento2;Holding register;10409;Analog output;344;0;2000;100;100;;;;;;;;;Público;Parâmetro de fator de hot-spot do enrolamento 2 - Estágio de resfriamento 2;Parameter of hot-spot factor of winding 2 - Cooling stage 2;;;;;;Temperatura;Temperature;;Estágio de resfriamento;Cooling stage;;Parâmetro;;;;;
95beaa5295834facb025b579df8dcbef;1;RW;16;TabEscritaEnrolamento2;Holding register;10410;Analog output;345;0;2000;100;100;;;;;;;;;Público;Parâmetro de fator de hot-spot do enrolamento 2 - Estágio de resfriamento 3;Parameter of hot-spot factor of winding 2 - Cooling stage 3;;;;;;Temperatura;Temperature;;Estágio de resfriamento;Cooling stage;;Parâmetro;;;;;
c6fddd8daefa4189a4ed861d7c1926cb;1;RW;16;TabEscritaEnrolamento2;Holding register;10411;Analog output;346;0;2000;100;100;;;;;;;;;Público;Parâmetro de fator de hot-spot do enrolamento 2 - Estágio de resfriamento 4;Parameter of hot-spot factor of winding 2 - Cooling stage 4;;;;;;Temperatura;Temperature;;Estágio de resfriamento;Cooling stage;;Parâmetro;;;;;
4ffdabd5d03341c5a3d1a65f9b32207a;1;RW;16;TabEscritaEnrolamento2;Holding register;10412;Analog output;347;0;40;13;10;;;;;;;;;Público;Parâmetro de expoente 2M do enrolamento 2 - Estágio de resfriamento 0;Parameter of exponent 2M of the winding 2 - Cooling stage 0;;;;;;Temperatura;Temperature;;Estágio de resfriamento;Cooling stage;;Parâmetro;;;;;
62aa7b83e8c44a2c8a8ea736fb93aa96;1;RW;16;TabEscritaEnrolamento2;Holding register;10413;Analog output;348;0;40;13;10;;;;;;;;;Público;Parâmetro de expoente 2M do enrolamento 2 - Estágio de resfriamento 1;Parameter of exponent 2M of the winding 2 - Cooling stage 1;;;;;;Temperatura;Temperature;;Estágio de resfriamento;Cooling stage;;Parâmetro;;;;;
8beb377ea2284712984c9ed81f7620d3;1;RW;16;TabEscritaEnrolamento2;Holding register;10414;Analog output;349;0;40;13;10;;;;;;;;;Público;Parâmetro de expoente 2M do enrolamento 2 - Estágio de resfriamento 2;Parameter of exponent 2M of the winding 2 - Cooling stage 2;;;;;;Temperatura;Temperature;;Estágio de resfriamento;Cooling stage;;Parâmetro;;;;;
7938c3fe6d9c481caf0d967399e547af;1;RW;16;TabEscritaEnrolamento2;Holding register;10415;Analog output;350;0;40;13;10;;;;;;;;;Público;Parâmetro de expoente 2M do enrolamento 2 - Estágio de resfriamento 3;Parameter of exponent 2M of the winding 2 - Cooling stage 3;;;;;;Temperatura;Temperature;;Estágio de resfriamento;Cooling stage;;Parâmetro;;;;;
d18ed1356c2045af928817c5da501c1b;1;RW;16;TabEscritaEnrolamento2;Holding register;10416;Analog output;351;0;40;13;10;;;;;;;;;Público;Parâmetro de expoente 2M do enrolamento 2 - Estágio de resfriamento 4;Parameter of exponent 2M of the winding 2 - Cooling stage 4;;;;;;Temperatura;Temperature;;Estágio de resfriamento;Cooling stage;;Parâmetro;;;;;
0c3b4f1fca6f41119ed3ae5a0dce5e37;1;RW;16;TabEscritaEnrolamento2;Holding register;10417;Analog output;352;0;500;100;10;°C;°C;;;;;;;Público;Parâmetro de gradiente do enrolamento 2 - Estágio de resfriamento 0;Parameter of winding 2 gradient - Cooling stage 0;;;;;;Temperatura;Temperature;;Estágio de resfriamento;Cooling stage;;Parâmetro;;;;;
4e3dff12820a44369d265e4d2da06ce9;1;RW;16;TabEscritaEnrolamento2;Holding register;10418;Analog output;353;0;500;100;10;°C;°C;;;;;;;Público;Parâmetro de gradiente do enrolamento 2 - Estágio de resfriamento 1;Parameter of winding 2 gradient - Cooling stage 1;;;;;;Temperatura;Temperature;;Estágio de resfriamento;Cooling stage;;Parâmetro;;;;;
58e23951b9ce4e078cde4ff50ab4276d;1;RW;16;TabEscritaEnrolamento2;Holding register;10419;Analog output;354;0;500;100;10;°C;°C;;;;;;;Público;Parâmetro de gradiente do enrolamento 2 - Estágio de resfriamento 2;Parameter of winding 2 gradient - Cooling stage 2;;;;;;Temperatura;Temperature;;Estágio de resfriamento;Cooling stage;;Parâmetro;;;;;
b488c1e19f3a4f0d89e6edb5b97c68d9;1;RW;16;TabEscritaEnrolamento2;Holding register;10420;Analog output;355;0;500;100;10;°C;°C;;;;;;;Público;Parâmetro de gradiente do enrolamento 2 - Estágio de resfriamento 3;Parameter of winding 2 gradient - Cooling stage 3;;;;;;Temperatura;Temperature;;Estágio de resfriamento;Cooling stage;;Parâmetro;;;;;
d36cadbc21044c1b98e0708793e7fd19;1;RW;16;TabEscritaEnrolamento2;Holding register;10421;Analog output;356;0;500;100;10;°C;°C;;;;;;;Público;Parâmetro de gradiente do enrolamento 2 - Estágio de resfriamento 4;Parameter of winding 2 gradient - Cooling stage 4;;;;;;Temperatura;Temperature;;Estágio de resfriamento;Cooling stage;;Parâmetro;;;;;
53ccd77b155f4dc5aa92f8d2edb30648;1;RW;16;TabEscritaEnrolamento2;Holding register;10422;Analog output;357;1;9999;500;1;;;;;;;;;Público;Parâmetro de relação do TC do enrolamento 2 para imagem térmica;Parameter of CT ratio of winding 2 for thermal imaging;;;;;;Temperatura;Temperature;;Tranformador;Transformer;;Parâmetro;;;;;
;;;;;;;;;;;;;;;;;;;;;;;;;;;;;;;;;;;;;;;;
7b7c95fefdb44057b4962ac4beca9312;1;RW;32_ABCD\FLOAT;TabEscritaEnrolamento2_32bit;Holding register;10500;Analog output;358;0;99990;1670;1000;kA;kA;;;;;;;Público;Parâmetro de corrente nominal do enrolamento 2 - Estágio de resfriamento 0;Parameter of nominal current of winding 2 - Cooling stage 0;;;;;;Temperatura;Temperature;;Estágio de resfriamento;Cooling stage;;Parâmetro;;;;;
09d910454cce4ac2b25124193a4fa98b;1;RW;32_ABCD\FLOAT;TabEscritaEnrolamento2_32bit;Holding register;10502;Analog output;359;0;99990;1670;1000;kA;kA;;;;;;;Público;Parâmetro de corrente nominal do enrolamento 2 - Estágio de resfriamento 1;Parameter of nominal current of winding 2 - Cooling stage 1;;;;;;Temperatura;Temperature;;Estágio de resfriamento;Cooling stage;;Parâmetro;;;;;
1e33a7196ba34665aafaadccebbb10be;1;RW;32_ABCD\FLOAT;TabEscritaEnrolamento2_32bit;Holding register;10504;Analog output;360;0;99990;1670;1000;kA;kA;;;;;;;Público;Parâmetro de corrente nominal do enrolamento 2 - Estágio de resfriamento 2;Parameter of nominal current of winding 2 - Cooling stage 2;;;;;;Temperatura;Temperature;;Estágio de resfriamento;Cooling stage;;Parâmetro;;;;;
274383cff669491fa6bb3277ed1eb4a9;1;RW;32_ABCD\FLOAT;TabEscritaEnrolamento2_32bit;Holding register;10506;Analog output;361;0;99990;1670;1000;kA;kA;;;;;;;Público;Parâmetro de corrente nominal do enrolamento 2 - Estágio de resfriamento 3;Parameter of nominal current of winding 2 - Cooling stage 3;;;;;;Temperatura;Temperature;;Estágio de resfriamento;Cooling stage;;Parâmetro;;;;;
fe066aaeafab47aaad440746b8880226;1;RW;32_ABCD\FLOAT;TabEscritaEnrolamento2_32bit;Holding register;10508;Analog output;362;0;99990;1670;1000;kA;kA;;;;;;;Público;Parâmetro de corrente nominal do enrolamento 2 - Estágio de resfriamento 4;Parameter of nominal current of winding 2 - Cooling stage 4;;;;;;Temperatura;Temperature;;Estágio de resfriamento;Cooling stage;;Parâmetro;;;;;
;;;;;;;;;;;;;;;;;;;;;;;;;;;;;;;;;;;;;;;;
4e400628f5154b37bc270ceb11965a5e;1;RW;Bit;TabEscritaBinEnrolamento3;Coil;10400;Binary output;211;0;1;0;1;;;;0=Não\1=Sim;0=No\1=Yes;;;;Público;Parâmetro de associação do relé 1 ao alarme por temperatura do enrolamento 3;Parameter of relay 1 assignment to winding 3 temperature alarm;;;;;;;;;;;;Debug;;;;;
724a5e97e4ab48f386db7cf7bf3a2f65;1;RW;Bit;TabEscritaBinEnrolamento3;Coil;10401;Binary output;212;0;1;0;1;;;;0=Não\1=Sim;0=No\1=Yes;;;;Público;Parâmetro de associação do relé 2 ao alarme por temperatura do enrolamento 3;Parameter of relay 2 assignment to winding 3 temperature alarm;;;;;;;;;;;;Debug;;;;;
a073dfb1cb6e4019a522a7912af5eb8c;1;RW;Bit;TabEscritaBinEnrolamento3;Coil;10402;Binary output;213;0;1;0;1;;;;0=Não\1=Sim;0=No\1=Yes;;;;Público;Parâmetro de associação do relé 3 ao alarme por temperatura do enrolamento 3;Parameter of relay 3 assignment to winding 3 temperature alarm;;;;;;;;;;;;Debug;;;;;
bd4b04eff701423b87e06df38efd7ab9;1;RW;Bit;TabEscritaBinEnrolamento3;Coil;10403;Binary output;214;0;1;0;1;;;;0=Não\1=Sim;0=No\1=Yes;;;;Público;Parâmetro de associação do relé 4 ao alarme por temperatura do enrolamento 3;Parameter of relay 4 assignment to winding 3 temperature alarm;;;;;;;;;;;;Debug;;;;;
05783856ff8947de9c2318e605f9891b;1;RW;Bit;TabEscritaBinEnrolamento3;Coil;10404;Binary output;215;0;1;0;1;;;;0=Não\1=Sim;0=No\1=Yes;;;;Público;Parâmetro de associação do relé 5 ao alarme por temperatura do enrolamento 3;Parameter of relay 5 assignment to winding 3 temperature alarm;;;;;;;;;;;;Debug;;;;;
372a0ca28a314d28a0d949e6471b6d84;1;RW;Bit;TabEscritaBinEnrolamento3;Coil;10405;Binary output;216;0;1;0;1;;;;0=Não\1=Sim;0=No\1=Yes;;;;Público;Parâmetro de associação do relé 1 ao alarme por retardo de desligamento por temperatura do enrolamento 3;Parameter of relay 1 assignment to winding 3 temperature trip delay alarm;;;;;;;;;;;;Debug;;;;;
7dab7a4c9d204f3e8edc7de1811749ea;1;RW;Bit;TabEscritaBinEnrolamento3;Coil;10406;Binary output;217;0;1;0;1;;;;0=Não\1=Sim;0=No\1=Yes;;;;Público;Parâmetro de associação do relé 2 ao alarme por retardo de desligamento por temperatura do enrolamento 3;Parameter of relay 2 assignment to winding 3 temperature trip delay alarm;;;;;;;;;;;;Debug;;;;;
5f3bad0f79084a82ae51b6e04bb38493;1;RW;Bit;TabEscritaBinEnrolamento3;Coil;10407;Binary output;218;0;1;0;1;;;;0=Não\1=Sim;0=No\1=Yes;;;;Público;Parâmetro de associação do relé 3 ao alarme por retardo de desligamento por temperatura do enrolamento 3;Parameter of relay 3 assignment to winding 3 temperature trip delay alarm;;;;;;;;;;;;Debug;;;;;
cf132bf39d444a68963e12219dcf7342;1;RW;Bit;TabEscritaBinEnrolamento3;Coil;10408;Binary output;219;0;1;0;1;;;;0=Não\1=Sim;0=No\1=Yes;;;;Público;Parâmetro de associação do relé 4 ao alarme por retardo de desligamento por temperatura do enrolamento 3;Parameter of relay 4 assignment to winding 3 temperature trip delay alarm;;;;;;;;;;;;Debug;;;;;
427488bed16c43e48603af0bba051301;1;RW;Bit;TabEscritaBinEnrolamento3;Coil;10409;Binary output;220;0;1;0;1;;;;0=Não\1=Sim;0=No\1=Yes;;;;Público;Parâmetro de associação do relé 5 ao alarme por retardo de desligamento por temperatura do enrolamento 3;Parameter of relay 5 assignment to winding 3 temperature trip delay alarm;;;;;;;;;;;;Debug;;;;;
;;;;;;;;;;;;;;;;;;;;;;;;;;;;;;;;;;;;;;;;
01798ed33b5b45b3be86b7ad0fca5126;1;RW;16;TabEscritaEnrolamento3;Holding register;10600;Analog output;363;-55;200;105;1;°C;°C;;;;;;;Público;Parâmetro de alarme por temperatura do enrolamento 3;Parameter of alarm due to winding 3 temperature;;;;;;Temperatura;Temperature;;Alarmes;Alarms;;Parâmetro;;;;;
d212297c9eba47989351f5592a64fd0a;1;RW;16;TabEscritaEnrolamento3;Holding register;10601;Analog output;364;-55;200;120;1;°C;°C;;;;;;;Público;Parâmetro de desligamento por temperatura do enrolamento 3;Parameter of winding 3 temperature shutdown;;;;;;Temperatura;Temperature;;Alarmes;Alarms;;Parâmetro;;;;;
02868ee1e6d44873a052ce35e4e8af8a;1;RW;16;TabEscritaEnrolamento3;Holding register;10602;Analog output;365;72;999;300;1;s;s;;;;;;;Público;Parâmetro de constante térmica do enrolamento 3;Parameter of thermal constant of winding 3;;;;;;Temperatura;Temperature;;Tranformador;Transformer;;Parâmetro;;;;;
934f6b2eb8c24ca6a610b94ced6981de;1;RW;16;TabEscritaEnrolamento3;Holding register;10603;Analog output;366;0;200;200;10;min;min;;;;;;;Público;Parâmetro de retardo de desligamento por temperatura do enrolamento 3;Parameter of winding 3 temperature shutdown delay;;;;;;Temperatura;Temperature;;Alarmes;Alarms;;Parâmetro;;;;;
dcf1ac1431fb4ea785419cff2a093636;1;RW;16;TabEscritaEnrolamento3;Holding register;10604;Analog output;367;1;3;3;1;;;;1=Azul\2=Amarelo\3=Vermelho;1=Blue\2=Yellow\3=Red;;;;Público;Parâmetro de classificação do alarme por temperatura do enrolamento 3;Parameter of alarm classification by winding 3 temperature;;;;;;;;;;;;Debug;;;;;
c002fe20014d44fbbf0bb10c32129b22;1;RW;16;TabEscritaEnrolamento3;Holding register;10605;Analog output;368;1;3;3;1;;;;1=Azul\2=Amarelo\3=Vermelho;1=Blue\2=Yellow\3=Red;;;;Público;Parâmetro de classificação do desligamento por temperatura do enrolamento 3;Parameter of alarm classification by winding 3 temperature trip;;;;;;;;;;;;Debug;;;;;
97b063c4744246e1b5a30f575f3ac451;1;RW;16;TabEscritaEnrolamento3;Holding register;10606;Analog output;369;1;3;3;1;;;;1=Azul\2=Amarelo\3=Vermelho;1=Blue\2=Yellow\3=Red;;;;Público;Parâmetro de classificação do alarme por retardo de desligamento por temperatura do enrolamento 3;Parameter of alarm classification by winding 3 temperature trip delay;;;;;;;;;;;;Debug;;;;;
fd05aa50da8e43e29fb39d96d6d0994e;1;RW;16;TabEscritaEnrolamento3;Holding register;10607;Analog output;370;0;2000;100;100;;;;;;;;;Público;Parâmetro de fator de hot-spot do enrolamento 3 - Estágio de resfriamento 0;Parameter of hot-spot factor of winding 3 - Cooling stage 0;;;;;;Temperatura;Temperature;;Estágio de resfriamento;Cooling stage;;Parâmetro;;;;;
225c21c0c88b48dfa6cc19938cd97096;1;RW;16;TabEscritaEnrolamento3;Holding register;10608;Analog output;371;0;2000;100;100;;;;;;;;;Público;Parâmetro de fator de hot-spot do enrolamento 3 - Estágio de resfriamento 1;Parameter of hot-spot factor of winding 3 - Cooling stage 1;;;;;;Temperatura;Temperature;;Estágio de resfriamento;Cooling stage;;Parâmetro;;;;;
a25305ac4a8245069995ab57c27adce8;1;RW;16;TabEscritaEnrolamento3;Holding register;10609;Analog output;372;0;2000;100;100;;;;;;;;;Público;Parâmetro de fator de hot-spot do enrolamento 3 - Estágio de resfriamento 2;Parameter of hot-spot factor of winding 3 - Cooling stage 2;;;;;;Temperatura;Temperature;;Estágio de resfriamento;Cooling stage;;Parâmetro;;;;;
1f0fd7a9cd9f47998b6cd02dbc5d7248;1;RW;16;TabEscritaEnrolamento3;Holding register;10610;Analog output;373;0;2000;100;100;;;;;;;;;Público;Parâmetro de fator de hot-spot do enrolamento 3 - Estágio de resfriamento 3;Parameter of hot-spot factor of winding 3 - Cooling stage 3;;;;;;Temperatura;Temperature;;Estágio de resfriamento;Cooling stage;;Parâmetro;;;;;
5f1f50ed5f344268b87c5da140c9e923;1;RW;16;TabEscritaEnrolamento3;Holding register;10611;Analog output;374;0;2000;100;100;;;;;;;;;Público;Parâmetro de fator de hot-spot do enrolamento 3 - Estágio de resfriamento 4;Parameter of hot-spot factor of winding 3 - Cooling stage 4;;;;;;Temperatura;Temperature;;Estágio de resfriamento;Cooling stage;;Parâmetro;;;;;
1901b72f5cfc4e48b48d49a20ca8f563;1;RW;16;TabEscritaEnrolamento3;Holding register;10612;Analog output;375;0;40;13;10;;;;;;;;;Público;Parâmetro de expoente 2M do enrolamento 3 - Estágio de resfriamento 0;Parameter of exponent 2M of the winding 3 - Cooling stage 0;;;;;;Temperatura;Temperature;;Estágio de resfriamento;Cooling stage;;Parâmetro;;;;;
2b48d011b239421eb81c1b2f690b28e9;1;RW;16;TabEscritaEnrolamento3;Holding register;10613;Analog output;376;0;40;13;10;;;;;;;;;Público;Parâmetro de expoente 2M do enrolamento 3 - Estágio de resfriamento 1;Parameter of exponent 2M of the winding 3 - Cooling stage 1;;;;;;Temperatura;Temperature;;Estágio de resfriamento;Cooling stage;;Parâmetro;;;;;
700253b2ba8d4a9384026bd774fe8da1;1;RW;16;TabEscritaEnrolamento3;Holding register;10614;Analog output;377;0;40;13;10;;;;;;;;;Público;Parâmetro de expoente 2M do enrolamento 3 - Estágio de resfriamento 2;Parameter of exponent 2M of the winding 3 - Cooling stage 2;;;;;;Temperatura;Temperature;;Estágio de resfriamento;Cooling stage;;Parâmetro;;;;;
40858f237db84461bdbd70d2b6864c3a;1;RW;16;TabEscritaEnrolamento3;Holding register;10615;Analog output;378;0;40;13;10;;;;;;;;;Público;Parâmetro de expoente 2M do enrolamento 3 - Estágio de resfriamento 3;Parameter of exponent 2M of the winding 3 - Cooling stage 3;;;;;;Temperatura;Temperature;;Estágio de resfriamento;Cooling stage;;Parâmetro;;;;;
ba3dd94c6d2048a595803678119bc737;1;RW;16;TabEscritaEnrolamento3;Holding register;10616;Analog output;379;0;40;13;10;;;;;;;;;Público;Parâmetro de expoente 2M do enrolamento 3 - Estágio de resfriamento 4;Parameter of exponent 2M of the winding 3 - Cooling stage 4;;;;;;Temperatura;Temperature;;Estágio de resfriamento;Cooling stage;;Parâmetro;;;;;
3a392fb5738049be9cd4ede8982509df;1;RW;16;TabEscritaEnrolamento3;Holding register;10617;Analog output;380;0;500;100;10;°C;°C;;;;;;;Público;Parâmetro de gradiente do enrolamento 3 - Estágio de resfriamento 0;Parameter of winding 3 gradient - Cooling stage 0;;;;;;Temperatura;Temperature;;Estágio de resfriamento;Cooling stage;;Parâmetro;;;;;
c5bccfd23cbb4665a640fa2ac8d06945;1;RW;16;TabEscritaEnrolamento3;Holding register;10618;Analog output;381;0;500;100;10;°C;°C;;;;;;;Público;Parâmetro de gradiente do enrolamento 3 - Estágio de resfriamento 1;Parameter of winding 3 gradient - Cooling stage 1;;;;;;Temperatura;Temperature;;Estágio de resfriamento;Cooling stage;;Parâmetro;;;;;
15e132f0580d4781b94a26ffbf18c229;1;RW;16;TabEscritaEnrolamento3;Holding register;10619;Analog output;382;0;500;100;10;°C;°C;;;;;;;Público;Parâmetro de gradiente do enrolamento 3 - Estágio de resfriamento 2;Parameter of winding 3 gradient - Cooling stage 2;;;;;;Temperatura;Temperature;;Estágio de resfriamento;Cooling stage;;Parâmetro;;;;;
7009466bed8f485e9c7571c15364bb30;1;RW;16;TabEscritaEnrolamento3;Holding register;10620;Analog output;383;0;500;100;10;°C;°C;;;;;;;Público;Parâmetro de gradiente do enrolamento 3 - Estágio de resfriamento 3;Parameter of winding 3 gradient - Cooling stage 3;;;;;;Temperatura;Temperature;;Estágio de resfriamento;Cooling stage;;Parâmetro;;;;;
7c58f44f5e744407a172765c210dee56;1;RW;16;TabEscritaEnrolamento3;Holding register;10621;Analog output;384;0;500;100;10;°C;°C;;;;;;;Público;Parâmetro de gradiente do enrolamento 3 - Estágio de resfriamento 4;Parameter of winding 3 gradient - Cooling stage 4;;;;;;Temperatura;Temperature;;Estágio de resfriamento;Cooling stage;;Parâmetro;;;;;
f8fa25142d1a46a2a0e969a9c8f7e888;1;RW;16;TabEscritaEnrolamento3;Holding register;10622;Analog output;385;1;9999;500;1;;;;;;;;;Público;Parâmetro de relação do TC do enrolamento 3 para imagem térmica;Parameter of CT ratio of winding 3 for thermal imaging;;;;;;Temperatura;Temperature;;Tranformador;Transformer;;Parâmetro;;;;;
;;;;;;;;;;;;;;;;;;;;;;;;;;;;;;;;;;;;;;;;
ac8b9abcc6a943e382252a160c54c283;1;RW;32_ABCD\FLOAT;TabEscritaEnrolamento3_32bit;Holding register;10700;Analog output;386;0;99990;1670;1000;kA;kA;;;;;;;Público;Parâmetro de corrente nominal do enrolamento 3 - Estágio de resfriamento 0;Parameter of nominal current of winding 3 - Cooling stage 0;;;;;;Temperatura;Temperature;;Estágio de resfriamento;Cooling stage;;Parâmetro;;;;;
2f6a4135b354486b83d54da03a51f954;1;RW;32_ABCD\FLOAT;TabEscritaEnrolamento3_32bit;Holding register;10702;Analog output;387;0;99990;1670;1000;kA;kA;;;;;;;Público;Parâmetro de corrente nominal do enrolamento 3 - Estágio de resfriamento 1;Parameter of nominal current of winding 3 - Cooling stage 1;;;;;;Temperatura;Temperature;;Estágio de resfriamento;Cooling stage;;Parâmetro;;;;;
d32459eadda141018d1e226497aaeeba;1;RW;32_ABCD\FLOAT;TabEscritaEnrolamento3_32bit;Holding register;10704;Analog output;388;0;99990;1670;1000;kA;kA;;;;;;;Público;Parâmetro de corrente nominal do enrolamento 3 - Estágio de resfriamento 2;Parameter of nominal current of winding 3 - Cooling stage 2;;;;;;Temperatura;Temperature;;Estágio de resfriamento;Cooling stage;;Parâmetro;;;;;
236d305249a0490cb9590eb8c0623b03;1;RW;32_ABCD\FLOAT;TabEscritaEnrolamento3_32bit;Holding register;10706;Analog output;389;0;99990;1670;1000;kA;kA;;;;;;;Público;Parâmetro de corrente nominal do enrolamento 3 - Estágio de resfriamento 3;Parameter of nominal current of winding 3 - Cooling stage 3;;;;;;Temperatura;Temperature;;Estágio de resfriamento;Cooling stage;;Parâmetro;;;;;
7d7b9ae44e7340a18e4229e52c097654;1;RW;32_ABCD\FLOAT;TabEscritaEnrolamento3_32bit;Holding register;10708;Analog output;390;0;99990;1670;1000;kA;kA;;;;;;;Público;Parâmetro de corrente nominal do enrolamento 3 - Estágio de resfriamento 4;Parameter of nominal current of winding 3 - Cooling stage 4;;;;;;Temperatura;Temperature;;Estágio de resfriamento;Cooling stage;;Parâmetro;;;;;
;;;;;;;;;;;;;;;;;;;;;;;;;;;;;;;;;;;;;;;;
f64852a3f79c497aada52eb6df106ceb;1;RW;Bit;TabEscritaBinResfriamento1;Coil;10500;Binary output;221;0;1;0;1;;;;0=Sempre ligado\1=Automático;0=Always ON\1=Automatic;;;;Público;Parâmetro de ativação manual do grupo de resfriamento 1;Parameter of manual activation of cooling group 1;;;;;;Temperatura;Temperature;;;;;Comando;;;SDVSTD_$CCGR1$CO$CECtl$Oper$ctlVal;;
1fb09868629e4d30bda9ee06343af001;1;RW;Bit;TabEscritaBinResfriamento1;Coil;10501;Binary output;222;0;1;0;1;;;;0=Ventilador\1=Bomba;0=Fan\1=Pump;;;;Público;Parâmetro de tipo do grupo de resfriamento 1;Parameter of cooling group 1 type;;;;;;Temperatura;Temperature;;Resfriamento;Cooling;;Parâmetro;;;;;
8ffc77a23447455bb9526296be50e478;1;RW;Bit;TabEscritaBinResfriamento1;Coil;10502;Binary output;223;0;1;0;1;;;;0=Enrolamento\1=Óleo;0=Winding\1=Oil;;;;Público;Parâmetro de temperatura de referência para controle do estágio de resfriamento 1;Parameter of reference temperature for controlling cooling stage 1;;;;;;Temperatura;Temperature;;Resfriamento;Cooling;;Parâmetro;;;;;
7b03909ccbb54f09ad97dc136e1c25ef;1;RW;Bit;TabEscritaBinResfriamento1;Coil;10503;Binary output;224;0;1;0;1;;;;0=Não\1=Sim;0=No\1=Yes;;;;Público;Parâmetro de inscrição do grupo de resfriamento 1 no estágio de resfriamento 1;Parameter of group 1 assignment to cooling stage 1;;;;;;;;;;;;Debug;;;;;
21bfb42100014f5fb9f094818b29c3e2;1;RW;Bit;TabEscritaBinResfriamento1;Coil;10504;Binary output;225;0;1;0;1;;;;0=Não\1=Sim;0=No\1=Yes;;;;Público;Parâmetro de inscrição do grupo de resfriamento 1 no estágio de resfriamento 2;Parameter of group 1 assignment to cooling stage 2;;;;;;Temperatura;Temperature;;Resfriamento - Inscrição dos grupos;Cooling - Groups assignment;;Parâmetro;;;;;
998b3d73b1f640e9993ab406db578335;1;RW;Bit;TabEscritaBinResfriamento1;Coil;10505;Binary output;226;0;1;0;1;;;;0=Não\1=Sim;0=No\1=Yes;;;;Público;Parâmetro de inscrição do grupo de resfriamento 1 no estágio de resfriamento 3;Parameter of group 1 assignment to cooling stage 3;;;;;;Temperatura;Temperature;;Resfriamento - Inscrição dos grupos;Cooling - Groups assignment;;Parâmetro;;;;;
1d770e7e7eeb4fa5bf7b5e30992a0991;1;RW;Bit;TabEscritaBinResfriamento1;Coil;10506;Binary output;227;0;1;0;1;;;;0=Não\1=Sim;0=No\1=Yes;;;;Público;Parâmetro de inscrição do grupo de resfriamento 1 no estágio de resfriamento 4;Parameter of group 1 assignment to cooling stage 4;;;;;;Temperatura;Temperature;;Resfriamento - Inscrição dos grupos;Cooling - Groups assignment;;Parâmetro;;;;;
82bf3df4a9fe4b66ba4209686061f8ef;1;RW;Bit;TabEscritaBinResfriamento1;Coil;10507;Binary output;228;0;1;0;1;;;;0=Não\1=Sim;0=No\1=Yes;;COLM;;Público;Parâmetro de habilitação da monitoração da corrente do grupo de resfriamento 1;Parameter of enable current monitoring of cooling group 1;;;;;;Temperatura;Temperature;;Resfriamento - Monitoramento de corrent;Cooling - Current monitoring;;Parâmetro;;;;;
e20f2d62398c4d4db43362239fd291cc;1;RW;Bit;TabEscritaBinResfriamento1;Coil;10508;Binary output;229;0;1;0;1;;;;0=Sem comando\1=Efetua limpeza;0=No command\1=Clean;;COLM;;Público;Comando de limpeza dos alarmes de monitoração do grupo 1;Command of clearing monitoring alarms for group 1;;;;;;Temperatura;Temperature;;Resfriamento - Monitoramento de corrent;Cooling - Current monitoring;;Comando;;;;;
c105ebad461a477b88ea9c639a37d861;1;RW;Bit;TabEscritaBinResfriamento1;Coil;10509;Binary output;230;0;1;0;1;;;;0=Sem comando\1=Efetua reset;0=No command\1=Perform reset;;COLM;;Público;Comando de reset da corrente máxima do grupo 1;Command of reset maximum current of group 1;;;;;;Temperatura;Temperature;;COLM;COLM;;Comando;;;;;
36d7f9d7240f4575bd344de52f62d179;1;RW;Bit;TabEscritaBinResfriamento1;Coil;10510;Binary output;231;0;1;0;1;;;;0=Não\1=Sim;0=No\1=Yes;;COLM;;Público;Parâmetro de associação do relé 1 ao alarme por corrente alta do grupo 1;Parameter of relay 1 assignment to group 1 high current alarm;;;;;;;;;;;;Debug;;;;;
323b7305f7124457b2d01c6560ce20d3;1;RW;Bit;TabEscritaBinResfriamento1;Coil;10511;Binary output;232;0;1;0;1;;;;0=Não\1=Sim;0=No\1=Yes;;COLM;;Público;Parâmetro de associação do relé 2 ao alarme por corrente alta do grupo 1;Parameter of relay 2 assignment to group 1 high current alarm;;;;;;;;;;;;Debug;;;;;
1f04e2f085334383bbfe7fe72eb44b9c;1;RW;Bit;TabEscritaBinResfriamento1;Coil;10512;Binary output;233;0;1;0;1;;;;0=Não\1=Sim;0=No\1=Yes;;COLM;;Público;Parâmetro de associação do relé 3 ao alarme por corrente alta do grupo 1;Parameter of relay 3 assignment to group 1 high current alarm;;;;;;;;;;;;Debug;;;;;
bbc516bad28a45dea075c8b7a1346d6a;1;RW;Bit;TabEscritaBinResfriamento1;Coil;10513;Binary output;234;0;1;0;1;;;;0=Não\1=Sim;0=No\1=Yes;;COLM;;Público;Parâmetro de associação do relé 4 ao alarme por corrente alta do grupo 1;Parameter of relay 4 assignment to group 1 high current alarm;;;;;;;;;;;;Debug;;;;;
fddea7ad950345f2b82c27e5d7e282b6;1;RW;Bit;TabEscritaBinResfriamento1;Coil;10514;Binary output;235;0;1;0;1;;;;0=Não\1=Sim;0=No\1=Yes;;COLM;;Público;Parâmetro de associação do relé 5 ao alarme por corrente alta do grupo 1;Parameter of relay 5 assignment to group 1 high current alarm;;;;;;;;;;;;Debug;;;;;
01cf5bce54e34073a924d9d2f5cbedd7;1;RW;Bit;TabEscritaBinResfriamento1;Coil;10515;Binary output;236;0;1;0;1;;;;0=Não\1=Sim;0=No\1=Yes;;COLM;;Público;Parâmetro de associação do relé 1 ao alarme por corrente baixa do grupo 1;Parameter of relay 1 assignment to group 1 low current alarm;;;;;;;;;;;;Debug;;;;;
291ba783a63f4ac89308adcb534fe71a;1;RW;Bit;TabEscritaBinResfriamento1;Coil;10516;Binary output;237;0;1;0;1;;;;0=Não\1=Sim;0=No\1=Yes;;COLM;;Público;Parâmetro de associação do relé 2 ao alarme por corrente baixa do grupo 1;Parameter of relay 2 assignment to group 1 low current alarm;;;;;;;;;;;;Debug;;;;;
04efb3762ba74419bd80f89ed3f6ab88;1;RW;Bit;TabEscritaBinResfriamento1;Coil;10517;Binary output;238;0;1;0;1;;;;0=Não\1=Sim;0=No\1=Yes;;COLM;;Público;Parâmetro de associação do relé 3 ao alarme por corrente baixa do grupo 1;Parameter of relay 3 assignment to group 1 low current alarm;;;;;;;;;;;;Debug;;;;;
9eff282241c04f78b0b749c56dabfad3;1;RW;Bit;TabEscritaBinResfriamento1;Coil;10518;Binary output;239;0;1;0;1;;;;0=Não\1=Sim;0=No\1=Yes;;COLM;;Público;Parâmetro de associação do relé 4 ao alarme por corrente baixa do grupo 1;Parameter of relay 4 assignment to group 1 low current alarm;;;;;;;;;;;;Debug;;;;;
440ef5785edf40fa91ef11eff72e8dcc;1;RW;Bit;TabEscritaBinResfriamento1;Coil;10519;Binary output;240;0;1;0;1;;;;0=Não\1=Sim;0=No\1=Yes;;COLM;;Público;Parâmetro de associação do relé 5 ao alarme por corrente baixa do grupo 1;Parameter of relay 5 assignment to group 1 low current alarm;;;;;;;;;;;;Debug;;;;;
3efa136fa52f413e9895883fad53846f;1;RW;Bit;TabEscritaBinResfriamento1;Coil;10520;Binary output;241;0;1;0;1;;;;0=Não\1=Sim;0=No\1=Yes;;COLM;;Público;Parâmetro de associação do relé 1 ao alarme por acionamento indevido do grupo 1;Parameter of relay 1 assignment to group 1 improper activation alarm;;;;;;;;;;;;Debug;;;;;
b3f55312ce0a46b09e9609323fb05bca;1;RW;Bit;TabEscritaBinResfriamento1;Coil;10521;Binary output;242;0;1;0;1;;;;0=Não\1=Sim;0=No\1=Yes;;COLM;;Público;Parâmetro de associação do relé 2 ao alarme por acionamento indevido do grupo 1;Parameter of relay 2 assignment to group 1 improper activation alarm;;;;;;;;;;;;Debug;;;;;
28a98ae2eae647a18fa1d854b1bc42e7;1;RW;Bit;TabEscritaBinResfriamento1;Coil;10522;Binary output;243;0;1;0;1;;;;0=Não\1=Sim;0=No\1=Yes;;COLM;;Público;Parâmetro de associação do relé 3 ao alarme por acionamento indevido do grupo 1;Parameter of relay 3 assignment to group 1 improper activation alarm;;;;;;;;;;;;Debug;;;;;
88eb70e2546348ef84e6d057f441cd86;1;RW;Bit;TabEscritaBinResfriamento1;Coil;10523;Binary output;244;0;1;0;1;;;;0=Não\1=Sim;0=No\1=Yes;;COLM;;Público;Parâmetro de associação do relé 4 ao alarme por acionamento indevido do grupo 1;Parameter of relay 4 assignment to group 1 improper activation alarm;;;;;;;;;;;;Debug;;;;;
6f85c5922e1c4e1bb654efe038dca4ca;1;RW;Bit;TabEscritaBinResfriamento1;Coil;10524;Binary output;245;0;1;0;1;;;;0=Não\1=Sim;0=No\1=Yes;;COLM;;Público;Parâmetro de associação do relé 5 ao alarme por acionamento indevido do grupo 1;Parameter of relay 5 assignment to group 1 improper activation alarm;;;;;;;;;;;;Debug;;;;;
c823255e0acc4f2198ee46f5af5f9e8a;1;RW;Bit;TabEscritaBinResfriamento1;Coil;10525;Binary output;246;0;1;0;1;;;;0=Não\1=Sim;0=No\1=Yes;;COLM;;Público;Parâmetro de habilitação geral do aprendizado de alarmes dos grupos;Parameter of general enabling of learning of group alarms;;;;;;;;;;;;Parâmetro;;;;;
;;;;;;;;;;;;;;;;;;;;;;;;;;;;;;;;;;;;;;;;
484c758ffd9f4ba0a6a2bf9fbfde2941;1;RW;Bit;TabEscritaBinResfriamento2;Coil;10600;Binary output;247;0;1;0;1;;;;0=Sempre ligado\1=Automático;0=Always ON\1=Automatic;;;;Público;Parâmetro de ativação manual do grupo de resfriamento 2;Parameter of manual activation of cooling group 2;;;;;;Temperatura;Temperature;;;;;Comando;;;SDVSTD_$CCGR2$CO$CECtl$Oper$ctlVal;;
b473f971b71049bb8dcc8fdd3718cb48;1;RW;Bit;TabEscritaBinResfriamento2;Coil;10601;Binary output;248;0;1;0;1;;;;0=Ventilador\1=Bomba;0=Fan\1=Pump;;;;Público;Parâmetro de tipo do grupo de resfriamento 2;Parameter of cooling group 2 type;;;;;;Temperatura;Temperature;;Resfriamento;Cooling;;Parâmetro;;;;;
d57423c87e554f0aa7e60709facb0d7f;1;RW;Bit;TabEscritaBinResfriamento2;Coil;10602;Binary output;249;0;1;0;1;;;;0=Enrolamento\1=Óleo;0=Winding\1=Oil;;;;Público;Parâmetro de temperatura de referência para controle do estágio de resfriamento 2;Parameter of reference temperature for controlling cooling stage 2;;;;;;Temperatura;Temperature;;Resfriamento;Cooling;;Parâmetro;;;;;
e42833acfc09447286aed41bc7850a29;1;RW;Bit;TabEscritaBinResfriamento2;Coil;10603;Binary output;250;0;1;0;1;;;;0=Não\1=Sim;0=No\1=Yes;;;;Público;Parâmetro de inscrição do grupo de resfriamento 2 no estágio de resfriamento 1;Parameter of group 2 assignment to cooling stage 1;;;;;;Temperatura;Temperature;;Resfriamento - Inscrição dos grupos;Cooling - Groups assignment;;Parâmetro;;;;;
427c7f038b8b47aca2eae2ba6b0a144d;1;RW;Bit;TabEscritaBinResfriamento2;Coil;10604;Binary output;251;0;1;0;1;;;;0=Não\1=Sim;0=No\1=Yes;;;;Público;Parâmetro de inscrição do grupo de resfriamento 2 no estágio de resfriamento 2;Parameter of group 2 assignment to cooling stage 2;;;;;;Temperatura;Temperature;;Resfriamento - Inscrição dos grupos;Cooling - Groups assignment;;Parâmetro;;;;;
e0dbb6e2f66740c2a808317a43b8ea5b;1;RW;Bit;TabEscritaBinResfriamento2;Coil;10605;Binary output;252;0;1;0;1;;;;0=Não\1=Sim;0=No\1=Yes;;;;Público;Parâmetro de inscrição do grupo de resfriamento 2 no estágio de resfriamento 3;Parameter of group 2 assignment to cooling stage 3;;;;;;Temperatura;Temperature;;Resfriamento - Inscrição dos grupos;Cooling - Groups assignment;;Parâmetro;;;;;
60d54695ccf940a5b047ea15793574ab;1;RW;Bit;TabEscritaBinResfriamento2;Coil;10606;Binary output;253;0;1;0;1;;;;0=Não\1=Sim;0=No\1=Yes;;;;Público;Parâmetro de inscrição do grupo de resfriamento 2 no estágio de resfriamento 4;Parameter of group 2 assignment to cooling stage 4;;;;;;Temperatura;Temperature;;Resfriamento - Inscrição dos grupos;Cooling - Groups assignment;;Parâmetro;;;;;
7865c2cda68040a899df0ed71c545863;1;RW;Bit;TabEscritaBinResfriamento2;Coil;10607;Binary output;254;0;1;0;1;;;;0=Não\1=Sim;0=No\1=Yes;;COLM;;Público;Parâmetro de habilitação da monitoração da corrente do grupo de resfriamento 2;Parameter of enable current monitoring of cooling group 2;;;;;;Temperatura;Temperature;;Resfriamento - Monitoramento de corrent;Cooling - Current monitoring;;Parâmetro;;;;;
5945daa5856147349bb2f52776c62933;1;RW;Bit;TabEscritaBinResfriamento2;Coil;10608;Binary output;255;0;1;0;1;;;;0=Sem comando\1=Efetua limpeza;0=No command\1=Clean;;COLM;;Público;Comando de limpeza dos alarmes de monitoração do grupo 2;Command of clearing monitoring alarms for group 2;;;;;;Temperatura;Temperature;;Resfriamento - Monitoramento de corrent;Cooling - Current monitoring;;Comando;;;;;
0409f554d63d4c9a968ab5e46dd09d84;1;RW;Bit;TabEscritaBinResfriamento2;Coil;10609;Binary output;256;0;1;0;1;;;;0=Sem comando\1=Efetua reset;0=No command\1=Perform reset;;COLM;;Público;Comando de reset da corrente máxima do grupo 2;Command of reset maximum current of group 2;;;;;;Temperatura;Temperature;;COLM;COLM;;Comando;;;;;
ed3d964d9c214adaa4fabf46cf0ce95f;1;RW;Bit;TabEscritaBinResfriamento2;Coil;10610;Binary output;257;0;1;0;1;;;;0=Não\1=Sim;0=No\1=Yes;;COLM;;Público;Parâmetro de associação do relé 1 ao alarme por corrente alta do grupo 2;Parameter of relay 1 assignment to group 2 high current alarm;;;;;;;;;;;;Debug;;;;;
af4c69ec90584f9180065e6ff13ef03d;1;RW;Bit;TabEscritaBinResfriamento2;Coil;10611;Binary output;258;0;1;0;1;;;;0=Não\1=Sim;0=No\1=Yes;;COLM;;Público;Parâmetro de associação do relé 2 ao alarme por corrente alta do grupo 2;Parameter of relay 2 assignment to group 2 high current alarm;;;;;;;;;;;;Debug;;;;;
1195cd831a9e444d904e9da87629e229;1;RW;Bit;TabEscritaBinResfriamento2;Coil;10612;Binary output;259;0;1;0;1;;;;0=Não\1=Sim;0=No\1=Yes;;COLM;;Público;Parâmetro de associação do relé 3 ao alarme por corrente alta do grupo 2;Parameter of relay 3 assignment to group 2 high current alarm;;;;;;;;;;;;Debug;;;;;
44879af5e0564cd386904c867cfc29a0;1;RW;Bit;TabEscritaBinResfriamento2;Coil;10613;Binary output;260;0;1;0;1;;;;0=Não\1=Sim;0=No\1=Yes;;COLM;;Público;Parâmetro de associação do relé 4 ao alarme por corrente alta do grupo 2;Parameter of relay 4 assignment to group 2 high current alarm;;;;;;;;;;;;Debug;;;;;
c272bcb8b4884bf686ee8e9fbfbd2c6f;1;RW;Bit;TabEscritaBinResfriamento2;Coil;10614;Binary output;261;0;1;0;1;;;;0=Não\1=Sim;0=No\1=Yes;;COLM;;Público;Parâmetro de associação do relé 5 ao alarme por corrente alta do grupo 2;Parameter of relay 5 assignment to group 2 high current alarm;;;;;;;;;;;;Debug;;;;;
2da93f62f08748089058e42ff3a53a82;1;RW;Bit;TabEscritaBinResfriamento2;Coil;10615;Binary output;262;0;1;0;1;;;;0=Não\1=Sim;0=No\1=Yes;;COLM;;Público;Parâmetro de associação do relé 1 ao alarme por corrente baixa do grupo 2;Parameter of relay 1 assignment to group 2 low current alarm;;;;;;;;;;;;Debug;;;;;
b0da0e85f6b44e51885935c62f8161b3;1;RW;Bit;TabEscritaBinResfriamento2;Coil;10616;Binary output;263;0;1;0;1;;;;0=Não\1=Sim;0=No\1=Yes;;COLM;;Público;Parâmetro de associação do relé 2 ao alarme por corrente baixa do grupo 2;Parameter of relay 2 assignment to group 2 low current alarm;;;;;;;;;;;;Debug;;;;;
c764e66b00c94db0a0e2842d2ddaff36;1;RW;Bit;TabEscritaBinResfriamento2;Coil;10617;Binary output;264;0;1;0;1;;;;0=Não\1=Sim;0=No\1=Yes;;COLM;;Público;Parâmetro de associação do relé 3 ao alarme por corrente baixa do grupo 2;Parameter of relay 3 assignment to group 2 low current alarm;;;;;;;;;;;;Debug;;;;;
89c204f834a14aa89a1ecca8d1d4a99a;1;RW;Bit;TabEscritaBinResfriamento2;Coil;10618;Binary output;265;0;1;0;1;;;;0=Não\1=Sim;0=No\1=Yes;;COLM;;Público;Parâmetro de associação do relé 4 ao alarme por corrente baixa do grupo 2;Parameter of relay 4 assignment to group 2 low current alarm;;;;;;;;;;;;Debug;;;;;
d4a09d1b98324a5fa97696fe88299bb3;1;RW;Bit;TabEscritaBinResfriamento2;Coil;10619;Binary output;266;0;1;0;1;;;;0=Não\1=Sim;0=No\1=Yes;;COLM;;Público;Parâmetro de associação do relé 5 ao alarme por corrente baixa do grupo 2;Parameter of relay 5 assignment to group 2 low current alarm;;;;;;;;;;;;Debug;;;;;
ceed91984c0e4fa0bf5395e3e77eb888;1;RW;Bit;TabEscritaBinResfriamento2;Coil;10620;Binary output;267;0;1;0;1;;;;0=Não\1=Sim;0=No\1=Yes;;COLM;;Público;Parâmetro de associação do relé 1 ao alarme por acionamento indevido do grupo 2;Parameter of relay 1 assignment to group 2 improper activation alarm;;;;;;;;;;;;Debug;;;;;
b3801ce652d54c138f65a79b80839cd2;1;RW;Bit;TabEscritaBinResfriamento2;Coil;10621;Binary output;268;0;1;0;1;;;;0=Não\1=Sim;0=No\1=Yes;;COLM;;Público;Parâmetro de associação do relé 2 ao alarme por acionamento indevido do grupo 2;Parameter of relay 2 assignment to group 2 improper activation alarm;;;;;;;;;;;;Debug;;;;;
68284e7b9f7240caa2a34fdec42a3f24;1;RW;Bit;TabEscritaBinResfriamento2;Coil;10622;Binary output;269;0;1;0;1;;;;0=Não\1=Sim;0=No\1=Yes;;COLM;;Público;Parâmetro de associação do relé 3 ao alarme por acionamento indevido do grupo 2;Parameter of relay 3 assignment to group 2 improper activation alarm;;;;;;;;;;;;Debug;;;;;
58f50045027448fcaa40e7961192b341;1;RW;Bit;TabEscritaBinResfriamento2;Coil;10623;Binary output;270;0;1;0;1;;;;0=Não\1=Sim;0=No\1=Yes;;COLM;;Público;Parâmetro de associação do relé 4 ao alarme por acionamento indevido do grupo 2;Parameter of relay 4 assignment to group 2 improper activation alarm;;;;;;;;;;;;Debug;;;;;
9ed15bd192904d84a80a66f959b92de7;1;RW;Bit;TabEscritaBinResfriamento2;Coil;10624;Binary output;271;0;1;0;1;;;;0=Não\1=Sim;0=No\1=Yes;;COLM;;Público;Parâmetro de associação do relé 5 ao alarme por acionamento indevido do grupo 2;Parameter of relay 5 assignment to group 2 improper activation alarm;;;;;;;;;;;;Debug;;;;;
;;;;;;;;;;;;;;;;;;;;;;;;;;;;;;;;;;;;;;;;
114436e84c1242499d678b2d3312b050;1;RW;Bit;TabEscritaBinResfriamento3;Coil;10700;Binary output;272;0;1;0;1;;;;0=Sempre ligado\1=Automático;0=Always ON\1=Automatic;;;;Público;Parâmetro de ativação manual do grupo de resfriamento 3;Parameter of manual activation of cooling group 3;;;;;;Temperatura;Temperature;;;;;Comando;;;SDVSTD_$CCGR3$CO$CECtl$Oper$ctlVal;;
e0cecd4c6f7542269d4a2665aa6c395e;1;RW;Bit;TabEscritaBinResfriamento3;Coil;10701;Binary output;273;0;1;0;1;;;;0=Ventilador\1=Bomba;0=Fan\1=Pump;;;;Público;Parâmetro de tipo do grupo de resfriamento 3;Parameter of cooling group 3 type;;;;;;Temperatura;Temperature;;Resfriamento;Cooling;;Parâmetro;;;;;
0874dba72edf41518bc78ff8ae773322;1;RW;Bit;TabEscritaBinResfriamento3;Coil;10702;Binary output;274;0;1;0;1;;;;0=Enrolamento\1=Óleo;0=Winding\1=Oil;;;;Público;Parâmetro de temperatura de referência para controle do estágio de resfriamento 3;Parameter of reference temperature for controlling cooling stage 3;;;;;;Temperatura;Temperature;;Resfriamento;Cooling;;Parâmetro;;;;;
cf534fdc14674f028de671447f8b779a;1;RW;Bit;TabEscritaBinResfriamento3;Coil;10703;Binary output;275;0;1;0;1;;;;0=Não\1=Sim;0=No\1=Yes;;;;Público;Parâmetro de inscrição do grupo de resfriamento 3 no estágio de resfriamento 1;Parameter of group 3 assignment to cooling stage 1;;;;;;Temperatura;Temperature;;Resfriamento - Inscrição dos grupos;Cooling - Groups assignment;;Parâmetro;;;;;
3d82a278b73c4c5ca635e243dab56603;1;RW;Bit;TabEscritaBinResfriamento3;Coil;10704;Binary output;276;0;1;0;1;;;;0=Não\1=Sim;0=No\1=Yes;;;;Público;Parâmetro de inscrição do grupo de resfriamento 3 no estágio de resfriamento 2;Parameter of group 3 assignment to cooling stage 2;;;;;;Temperatura;Temperature;;Resfriamento - Inscrição dos grupos;Cooling - Groups assignment;;Parâmetro;;;;;
62fab0f4ee484ec0a89c0d906c346548;1;RW;Bit;TabEscritaBinResfriamento3;Coil;10705;Binary output;277;0;1;0;1;;;;0=Não\1=Sim;0=No\1=Yes;;;;Público;Parâmetro de inscrição do grupo de resfriamento 3 no estágio de resfriamento 3;Parameter of group 3 assignment to cooling stage 3;;;;;;Temperatura;Temperature;;Resfriamento - Inscrição dos grupos;Cooling - Groups assignment;;Parâmetro;;;;;
7cec31acddc647018eed5d109ca216d9;1;RW;Bit;TabEscritaBinResfriamento3;Coil;10706;Binary output;278;0;1;0;1;;;;0=Não\1=Sim;0=No\1=Yes;;;;Público;Parâmetro de inscrição do grupo de resfriamento 3 no estágio de resfriamento 4;Parameter of group 3 assignment to cooling stage 4;;;;;;Temperatura;Temperature;;Resfriamento - Inscrição dos grupos;Cooling - Groups assignment;;Parâmetro;;;;;
200109096bc24ddf8421fd8de5754af5;1;RW;Bit;TabEscritaBinResfriamento3;Coil;10707;Binary output;279;0;1;0;1;;;;0=Não\1=Sim;0=No\1=Yes;;COLM;;Público;Parâmetro de habilitação da monitoração da corrente do grupo de resfriamento 3;Parameter of enable current monitoring of cooling group 3;;;;;;Temperatura;Temperature;;Resfriamento - Monitoramento de corrent;Cooling - Current monitoring;;Parâmetro;;;;;
5278ad2cbf3648c1951ed373e0412b66;1;RW;Bit;TabEscritaBinResfriamento3;Coil;10708;Binary output;280;0;1;0;1;;;;0=Sem comando\1=Efetua limpeza;0=No command\1=Clean;;COLM;;Público;Comando de limpeza dos alarmes de monitoração do grupo 3;Command of clearing monitoring alarms for group 3;;;;;;Temperatura;Temperature;;Resfriamento - Monitoramento de corrent;Cooling - Current monitoring;;Comando;;;;;
cefa157063d140b99cb5294a68600cc4;1;RW;Bit;TabEscritaBinResfriamento3;Coil;10709;Binary output;281;0;1;0;1;;;;0=Sem comando\1=Efetua reset;0=No command\1=Perform reset;;COLM;;Público;Comando de reset da corrente máxima do grupo 3;Command of reset maximum current of group 3;;;;;;Temperatura;Temperature;;COLM;COLM;;Comando;;;;;
38efa0f8ad6e4cf89b31fa9526141ff1;1;RW;Bit;TabEscritaBinResfriamento3;Coil;10710;Binary output;282;0;1;0;1;;;;0=Não\1=Sim;0=No\1=Yes;;COLM;;Público;Parâmetro de associação do relé 1 ao alarme por corrente alta do grupo 3;Parameter of relay 1 assignment to group 3 high current alarm;;;;;;;;;;;;Debug;;;;;
6961b2257beb42a4907156df5755c4e7;1;RW;Bit;TabEscritaBinResfriamento3;Coil;10711;Binary output;283;0;1;0;1;;;;0=Não\1=Sim;0=No\1=Yes;;COLM;;Público;Parâmetro de associação do relé 2 ao alarme por corrente alta do grupo 3;Parameter of relay 2 assignment to group 3 high current alarm;;;;;;;;;;;;Debug;;;;;
5119ab2c3eb34d9988d3b815074c7c72;1;RW;Bit;TabEscritaBinResfriamento3;Coil;10712;Binary output;284;0;1;0;1;;;;0=Não\1=Sim;0=No\1=Yes;;COLM;;Público;Parâmetro de associação do relé 3 ao alarme por corrente alta do grupo 3;Parameter of relay 3 assignment to group 3 high current alarm;;;;;;;;;;;;Debug;;;;;
db647de31474493083e2d16e932e642f;1;RW;Bit;TabEscritaBinResfriamento3;Coil;10713;Binary output;285;0;1;0;1;;;;0=Não\1=Sim;0=No\1=Yes;;COLM;;Público;Parâmetro de associação do relé 4 ao alarme por corrente alta do grupo 3;Parameter of relay 4 assignment to group 3 high current alarm;;;;;;;;;;;;Debug;;;;;
53473ee81d894dcea0319953ca06eb36;1;RW;Bit;TabEscritaBinResfriamento3;Coil;10714;Binary output;286;0;1;0;1;;;;0=Não\1=Sim;0=No\1=Yes;;COLM;;Público;Parâmetro de associação do relé 5 ao alarme por corrente alta do grupo 3;Parameter of relay 5 assignment to group 3 high current alarm;;;;;;;;;;;;Debug;;;;;
3f60272d909e4006a4750920ad5d9aa1;1;RW;Bit;TabEscritaBinResfriamento3;Coil;10715;Binary output;287;0;1;0;1;;;;0=Não\1=Sim;0=No\1=Yes;;COLM;;Público;Parâmetro de associação do relé 1 ao alarme por corrente baixa do grupo 3;Parameter of relay 1 assignment to group 3 low current alarm;;;;;;;;;;;;Debug;;;;;
b12d40add9624d8a8e8f77b7b7b30250;1;RW;Bit;TabEscritaBinResfriamento3;Coil;10716;Binary output;288;0;1;0;1;;;;0=Não\1=Sim;0=No\1=Yes;;COLM;;Público;Parâmetro de associação do relé 2 ao alarme por corrente baixa do grupo 3;Parameter of relay 2 assignment to group 3 low current alarm;;;;;;;;;;;;Debug;;;;;
d708f1038cbe4b3bb7b8046aa107a626;1;RW;Bit;TabEscritaBinResfriamento3;Coil;10717;Binary output;289;0;1;0;1;;;;0=Não\1=Sim;0=No\1=Yes;;COLM;;Público;Parâmetro de associação do relé 3 ao alarme por corrente baixa do grupo 3;Parameter of relay 3 assignment to group 3 low current alarm;;;;;;;;;;;;Debug;;;;;
818c7c243eab4cd3aa3889194a3acf2d;1;RW;Bit;TabEscritaBinResfriamento3;Coil;10718;Binary output;290;0;1;0;1;;;;0=Não\1=Sim;0=No\1=Yes;;COLM;;Público;Parâmetro de associação do relé 4 ao alarme por corrente baixa do grupo 3;Parameter of relay 4 assignment to group 3 low current alarm;;;;;;;;;;;;Debug;;;;;
fd7ebdc1b07d4dbf90ef49bd23d26bf6;1;RW;Bit;TabEscritaBinResfriamento3;Coil;10719;Binary output;291;0;1;0;1;;;;0=Não\1=Sim;0=No\1=Yes;;COLM;;Público;Parâmetro de associação do relé 5 ao alarme por corrente baixa do grupo 3;Parameter of relay 5 assignment to group 3 low current alarm;;;;;;;;;;;;Debug;;;;;
d0d5d3e56bfb44e98b636efb4b08ff75;1;RW;Bit;TabEscritaBinResfriamento3;Coil;10720;Binary output;292;0;1;0;1;;;;0=Não\1=Sim;0=No\1=Yes;;COLM;;Público;Parâmetro de associação do relé 1 ao alarme por acionamento indevido do grupo 3;Parameter of relay 1 assignment to group 3 improper activation alarm;;;;;;;;;;;;Debug;;;;;
5965e8f186dc48de80494ea7073a6494;1;RW;Bit;TabEscritaBinResfriamento3;Coil;10721;Binary output;293;0;1;0;1;;;;0=Não\1=Sim;0=No\1=Yes;;COLM;;Público;Parâmetro de associação do relé 2 ao alarme por acionamento indevido do grupo 3;Parameter of relay 2 assignment to group 3 improper activation alarm;;;;;;;;;;;;Debug;;;;;
a719ed693eb8424bb491b106124513cc;1;RW;Bit;TabEscritaBinResfriamento3;Coil;10722;Binary output;294;0;1;0;1;;;;0=Não\1=Sim;0=No\1=Yes;;COLM;;Público;Parâmetro de associação do relé 3 ao alarme por acionamento indevido do grupo 3;Parameter of relay 3 assignment to group 3 improper activation alarm;;;;;;;;;;;;Debug;;;;;
13f7048bba6b44018b54063b1b4cc456;1;RW;Bit;TabEscritaBinResfriamento3;Coil;10723;Binary output;295;0;1;0;1;;;;0=Não\1=Sim;0=No\1=Yes;;COLM;;Público;Parâmetro de associação do relé 4 ao alarme por acionamento indevido do grupo 3;Parameter of relay 4 assignment to group 3 improper activation alarm;;;;;;;;;;;;Debug;;;;;
2d04388f537c481ca974db7d43231669;1;RW;Bit;TabEscritaBinResfriamento3;Coil;10724;Binary output;296;0;1;0;1;;;;0=Não\1=Sim;0=No\1=Yes;;COLM;;Público;Parâmetro de associação do relé 5 ao alarme por acionamento indevido do grupo 3;Parameter of relay 5 assignment to group 3 improper activation alarm;;;;;;;;;;;;Debug;;;;;
;;;;;;;;;;;;;;;;;;;;;;;;;;;;;;;;;;;;;;;;
75d4e0dbca5a4d94b857bfeed59ddaa7;1;RW;Bit;TabEscritaBinResfriamento4;Coil;10800;Binary output;297;0;1;0;1;;;;0=Sempre ligado\1=Automático;0=Always ON\1=Automatic;;;;Público;Parâmetro de ativação manual do grupo de resfriamento 4;Parameter of manual activation of cooling group 4;;;;;;Temperatura;Temperature;;;;;Comando;;;SDVSTD_$CCGR4$CO$CECtl$Oper$ctlVal;;
67145bc1400b4eadb2f5da43a0f8efbc;1;RW;Bit;TabEscritaBinResfriamento4;Coil;10801;Binary output;298;0;1;0;1;;;;0=Ventilador\1=Bomba;0=Fan\1=Pump;;;;Público;Parâmetro de tipo do grupo de resfriamento 4;Parameter of cooling group 4 type;;;;;;Temperatura;Temperature;;Resfriamento;Cooling;;Parâmetro;;;;;
af53ae75d66a45fda43fa2deacca6c25;1;RW;Bit;TabEscritaBinResfriamento4;Coil;10802;Binary output;299;0;1;0;1;;;;0=Enrolamento\1=Óleo;0=Winding\1=Oil;;;;Público;Parâmetro de temperatura de referência para controle do estágio de resfriamento 4;Parameter of reference temperature for controlling cooling stage 4;;;;;;Temperatura;Temperature;;Resfriamento;Cooling;;Parâmetro;;;;;
6a4b9db2cb0f458daf1348b7ee836346;1;RW;Bit;TabEscritaBinResfriamento4;Coil;10803;Binary output;300;0;1;0;1;;;;0=Não\1=Sim;0=No\1=Yes;;;;Público;Parâmetro de inscrição do grupo de resfriamento 4 no estágio de resfriamento 1;Parameter of group 4 assignment to cooling stage 1;;;;;;Temperatura;Temperature;;Resfriamento - Inscrição dos grupos;Cooling - Groups assignment;;Parâmetro;;;;;
f6339e6008c84293bbcea2f9b9729ac6;1;RW;Bit;TabEscritaBinResfriamento4;Coil;10804;Binary output;301;0;1;0;1;;;;0=Não\1=Sim;0=No\1=Yes;;;;Público;Parâmetro de inscrição do grupo de resfriamento 4 no estágio de resfriamento 2;Parameter of group 4 assignment to cooling stage 2;;;;;;Temperatura;Temperature;;Resfriamento - Inscrição dos grupos;Cooling - Groups assignment;;Parâmetro;;;;;
47508a953e9746bdb3d65336d7a57885;1;RW;Bit;TabEscritaBinResfriamento4;Coil;10805;Binary output;302;0;1;0;1;;;;0=Não\1=Sim;0=No\1=Yes;;;;Público;Parâmetro de inscrição do grupo de resfriamento 4 no estágio de resfriamento 3;Parameter of group 4 assignment to cooling stage 3;;;;;;Temperatura;Temperature;;Resfriamento - Inscrição dos grupos;Cooling - Groups assignment;;Parâmetro;;;;;
a85cbdfb4b8f47b39260d1ac7ee861c5;1;RW;Bit;TabEscritaBinResfriamento4;Coil;10806;Binary output;303;0;1;0;1;;;;0=Não\1=Sim;0=No\1=Yes;;;;Público;Parâmetro de inscrição do grupo de resfriamento 4 no estágio de resfriamento 4;Parameter of group 4 assignment to cooling stage 4;;;;;;Temperatura;Temperature;;Resfriamento - Inscrição dos grupos;Cooling - Groups assignment;;Parâmetro;;;;;
748770c77106484db7af584e48b944fd;1;RW;Bit;TabEscritaBinResfriamento4;Coil;10807;Binary output;304;0;1;0;1;;;;0=Não\1=Sim;0=No\1=Yes;;COLM;;Público;Parâmetro de habilitação da monitoração da corrente do grupo de resfriamento 4;Parameter of enable current monitoring of cooling group 4;;;;;;Temperatura;Temperature;;Resfriamento - Monitoramento de corrent;Cooling - Current monitoring;;Parâmetro;;;;;
92843b4358784c72b662f8703c5d4c39;1;RW;Bit;TabEscritaBinResfriamento4;Coil;10808;Binary output;305;0;1;0;1;;;;0=Sem comando\1=Efetua limpeza;0=No command\1=Clean;;COLM;;Público;Comando de limpeza dos alarmes de monitoração do grupo 4;Command of clearing monitoring alarms for group 4;;;;;;Temperatura;Temperature;;Resfriamento - Monitoramento de corrent;Cooling - Current monitoring;;Comando;;;;;
300a9094966c43ed994ff5e5468ab26e;1;RW;Bit;TabEscritaBinResfriamento4;Coil;10809;Binary output;306;0;1;0;1;;;;0=Sem comando\1=Efetua reset;0=No command\1=Perform reset;;COLM;;Público;Comando de reset da corrente máxima do grupo 4;Command of reset maximum current of group 4;;;;;;Temperatura;Temperature;;COLM;COLM;;Comando;;;;;
09f538146c2847b48ac635a60d95291b;1;RW;Bit;TabEscritaBinResfriamento4;Coil;10810;Binary output;307;0;1;0;1;;;;0=Não\1=Sim;0=No\1=Yes;;COLM;;Público;Parâmetro de associação do relé 1 ao alarme por corrente alta do grupo 4;Parameter of relay 1 assignment to group 4 high current alarm;;;;;;;;;;;;Debug;;;;;
bce2009726ca4845b9292299a9411931;1;RW;Bit;TabEscritaBinResfriamento4;Coil;10811;Binary output;308;0;1;0;1;;;;0=Não\1=Sim;0=No\1=Yes;;COLM;;Público;Parâmetro de associação do relé 2 ao alarme por corrente alta do grupo 4;Parameter of relay 2 assignment to group 4 high current alarm;;;;;;;;;;;;Debug;;;;;
5ab7f24318284cd9b64e43c09549a1a7;1;RW;Bit;TabEscritaBinResfriamento4;Coil;10812;Binary output;309;0;1;0;1;;;;0=Não\1=Sim;0=No\1=Yes;;COLM;;Público;Parâmetro de associação do relé 3 ao alarme por corrente alta do grupo 4;Parameter of relay 3 assignment to group 4 high current alarm;;;;;;;;;;;;Debug;;;;;
384f194120644a18844616b9a9a63eee;1;RW;Bit;TabEscritaBinResfriamento4;Coil;10813;Binary output;310;0;1;0;1;;;;0=Não\1=Sim;0=No\1=Yes;;COLM;;Público;Parâmetro de associação do relé 4 ao alarme por corrente alta do grupo 4;Parameter of relay 4 assignment to group 4 high current alarm;;;;;;;;;;;;Debug;;;;;
764b2bf25f67470abba8b8af878f0341;1;RW;Bit;TabEscritaBinResfriamento4;Coil;10814;Binary output;311;0;1;0;1;;;;0=Não\1=Sim;0=No\1=Yes;;COLM;;Público;Parâmetro de associação do relé 5 ao alarme por corrente alta do grupo 4;Parameter of relay 5 assignment to group 4 high current alarm;;;;;;;;;;;;Debug;;;;;
ef0a594226714a8190c063a4029cc8a7;1;RW;Bit;TabEscritaBinResfriamento4;Coil;10815;Binary output;312;0;1;0;1;;;;0=Não\1=Sim;0=No\1=Yes;;COLM;;Público;Parâmetro de associação do relé 1 ao alarme por corrente baixa do grupo 4;Parameter of relay 1 assignment to group 4 low current alarm;;;;;;;;;;;;Debug;;;;;
857f166360b04b70bdb473d98ac0798b;1;RW;Bit;TabEscritaBinResfriamento4;Coil;10816;Binary output;313;0;1;0;1;;;;0=Não\1=Sim;0=No\1=Yes;;COLM;;Público;Parâmetro de associação do relé 2 ao alarme por corrente baixa do grupo 4;Parameter of relay 2 assignment to group 4 low current alarm;;;;;;;;;;;;Debug;;;;;
710acf95213a4f9ab277e2a23a24f2a4;1;RW;Bit;TabEscritaBinResfriamento4;Coil;10817;Binary output;314;0;1;0;1;;;;0=Não\1=Sim;0=No\1=Yes;;COLM;;Público;Parâmetro de associação do relé 3 ao alarme por corrente baixa do grupo 4;Parameter of relay 3 assignment to group 4 low current alarm;;;;;;;;;;;;Debug;;;;;
ab3ac4336fb54397b8a892ca0fd173ea;1;RW;Bit;TabEscritaBinResfriamento4;Coil;10818;Binary output;315;0;1;0;1;;;;0=Não\1=Sim;0=No\1=Yes;;COLM;;Público;Parâmetro de associação do relé 4 ao alarme por corrente baixa do grupo 4;Parameter of relay 4 assignment to group 4 low current alarm;;;;;;;;;;;;Debug;;;;;
9a59edfcdcab4f90b00203a97b066088;1;RW;Bit;TabEscritaBinResfriamento4;Coil;10819;Binary output;316;0;1;0;1;;;;0=Não\1=Sim;0=No\1=Yes;;COLM;;Público;Parâmetro de associação do relé 5 ao alarme por corrente baixa do grupo 4;Parameter of relay 5 assignment to group 4 low current alarm;;;;;;;;;;;;Debug;;;;;
36b8b34265c743c5b1dbfaa7540f13a1;1;RW;Bit;TabEscritaBinResfriamento4;Coil;10820;Binary output;317;0;1;0;1;;;;0=Não\1=Sim;0=No\1=Yes;;COLM;;Público;Parâmetro de associação do relé 1 ao alarme por acionamento indevido do grupo 4;Parameter of relay 1 assignment to group 4 improper activation alarm;;;;;;;;;;;;Debug;;;;;
c7dabac0fb904c33bb7556c7da789217;1;RW;Bit;TabEscritaBinResfriamento4;Coil;10821;Binary output;318;0;1;0;1;;;;0=Não\1=Sim;0=No\1=Yes;;COLM;;Público;Parâmetro de associação do relé 2 ao alarme por acionamento indevido do grupo 4;Parameter of relay 2 assignment to group 4 improper activation alarm;;;;;;;;;;;;Debug;;;;;
8c64d15fa1bb4f7b8700ada102d3e52f;1;RW;Bit;TabEscritaBinResfriamento4;Coil;10822;Binary output;319;0;1;0;1;;;;0=Não\1=Sim;0=No\1=Yes;;COLM;;Público;Parâmetro de associação do relé 3 ao alarme por acionamento indevido do grupo 4;Parameter of relay 3 assignment to group 4 improper activation alarm;;;;;;;;;;;;Debug;;;;;
d3e781bf68f9459dbff1d99106791f67;1;RW;Bit;TabEscritaBinResfriamento4;Coil;10823;Binary output;320;0;1;0;1;;;;0=Não\1=Sim;0=No\1=Yes;;COLM;;Público;Parâmetro de associação do relé 4 ao alarme por acionamento indevido do grupo 4;Parameter of relay 4 assignment to group 4 improper activation alarm;;;;;;;;;;;;Debug;;;;;
d5275f7a5acf4ec982e5fa67c9cc6fcb;1;RW;Bit;TabEscritaBinResfriamento4;Coil;10824;Binary output;321;0;1;0;1;;;;0=Não\1=Sim;0=No\1=Yes;;COLM;;Público;Parâmetro de associação do relé 5 ao alarme por acionamento indevido do grupo 4;Parameter of relay 5 assignment to group 4 improper activation alarm;;;;;;;;;;;;Debug;;;;;
;;;;;;;;;;;;;;;;;;;;;;;;;;;;;;;;;;;;;;;;
2f396661c7e840afb2dca81721861b1c;1;RW;Bit;TabEscritaBinResfriamento;Coil;10825;Binary output;467;0;1;0;1;;;;0=Não\1=Sim;0=No\1=Yes;;COLM;;Público;"Parâmetro de associação do relé 1 ao alarme por grupo de resfriamento do tipo ""bomba"" bloqueado";Parameter of relay 1 assignment to 'pump' cooling group blocked alarm;;;;;;;;;;;;Debug;;;;;
d71635c3b9604c8a9c2a5609a837ce2f;1;RW;Bit;TabEscritaBinResfriamento;Coil;10826;Binary output;468;0;1;0;1;;;;0=Não\1=Sim;0=No\1=Yes;;COLM;;Público;"Parâmetro de associação do relé 2 ao alarme por grupo de resfriamento do tipo ""bomba"" bloqueado";Parameter of relay 2 assignment to 'pump' cooling group blocked alarm;;;;;;;;;;;;Debug;;;;;
18dcd5a39e1a46ceb1e66e35300c09e7;1;RW;Bit;TabEscritaBinResfriamento;Coil;10827;Binary output;469;0;1;0;1;;;;0=Não\1=Sim;0=No\1=Yes;;COLM;;Público;"Parâmetro de associação do relé 3 ao alarme por grupo de resfriamento do tipo ""bomba"" bloqueado";Parameter of relay 3 assignment to 'pump' cooling group blocked alarm;;;;;;;;;;;;Debug;;;;;
15d312297a774366ad70576cccbbd21f;1;RW;Bit;TabEscritaBinResfriamento;Coil;10828;Binary output;470;0;1;0;1;;;;0=Não\1=Sim;0=No\1=Yes;;COLM;;Público;"Parâmetro de associação do relé 4 ao alarme por grupo de resfriamento do tipo ""bomba"" bloqueado";Parameter of relay 4 assignment to 'pump' cooling group blocked alarm;;;;;;;;;;;;Debug;;;;;
fff727db8cb94ee393270b0daefd8d4a;1;RW;Bit;TabEscritaBinResfriamento;Coil;10829;Binary output;471;0;1;0;1;;;;0=Não\1=Sim;0=No\1=Yes;;COLM;;Público;"Parâmetro de associação do relé 5 ao alarme por grupo de resfriamento do tipo ""bomba"" bloqueado";Parameter of relay 5 assignment to 'pump' cooling group blocked alarm;;;;;;;;;;;;Debug;;;;;
;;;;;;;;;;;;;;;;;;;;;;;;;;;;;;;;;;;;;;;;
33522bb926bb434f9b4d18b877d3878c;1;RW;16;TabEscritaResfriamento;Holding register;10900;Analog output;391;-55;200;-25;1;°C;°C;;;;;;;Público;Parâmetro de temperatura para bloqueio de bomba de resfriamento;Parameter of temperature for cooling pump blocking;;;;;;Temperatura;Temperature;;Resfriamento;Cooling;;Parâmetro;;;;;
1e0d88128e2548aca9fe21980327411c;0;RW;16;TabEscritaResfriamento;Holding register;10901;Analog output;392;-550;2500;650;10;°C;°C;;;;;;;Público;Parâmetro de temperatura do estágio 1 para resfriamento;Parameter of stage 1 temperature for cooling;;;;;;Temperatura;Temperature;;Resfriamento;Cooling;;Parâmetro;;;;;
86bc550e0e47433e89424bd1f08ac5d8;0;RW;16;TabEscritaResfriamento;Holding register;10902;Analog output;393;-550;2500;700;10;°C;°C;;;;;;;Público;Parâmetro de temperatura do estágio 2 para resfriamento;Parameter of stage 2 temperature for cooling;;;;;;Temperatura;Temperature;;Resfriamento;Cooling;;Parâmetro;;;;;
58474fb65c884499b7275c5f2e682c7d;0;RW;16;TabEscritaResfriamento;Holding register;10903;Analog output;394;-550;2500;750;10;°C;°C;;;;;;;Público;Parâmetro de temperatura do estágio 3 para resfriamento;Parameter of stage 3 temperature for cooling;;;;;;Temperatura;Temperature;;Resfriamento;Cooling;;Parâmetro;;;;;
e80df12c6af34541815a511031e94a62;0;RW;16;TabEscritaResfriamento;Holding register;10904;Analog output;395;-550;2500;800;10;°C;°C;;;;;;;Público;Parâmetro de temperatura do estágio 4 para resfriamento;Parameter of stage 4 temperature for cooling;;;;;;Temperatura;Temperature;;Resfriamento;Cooling;;Parâmetro;;;;;
8cca30ce73674f93a7f3b0515752a1fa;1;RW;16;TabEscritaResfriamento;Holding register;10905;Analog output;396;1;4;2;1;;;;;;;;;Público;Parâmetro de configuração da quantidade de grupos de resfriamento;Parameter of configuration of number of cooling groups;;;;;;Temperatura;Temperature;;Resfriamento;Cooling;;Parâmetro;;;;;
fa46dd391bea4ad9b841c63aca501276;1;RW;16;TabEscritaResfriamento;Holding register;10906;Analog output;397;0;30;5;1;°C;°C;;;;;;;Público;Parâmetro de histerese de temperatura para desligamento dos grupos de resfriamento;Parameter of temperature hysteresis for shutdown of cooling groups;;;;;;Temperatura;Temperature;;Resfriamento;Cooling;;Parâmetro;;;;;
7e01b7f8cbfb47bcb396138bcafce5bc;1;RW;16;TabEscritaResfriamento;Holding register;10907;Analog output;398;0;9;5;1;%;%;;;;;;;Público;Parâmetro de histerese de carga para desligamento dos grupos de resfriamento;Parameter of load hysteresis for shutdown of cooling groups;;;;;;Temperatura;Temperature;;Pré-cooling;Pre-cooling;;Parâmetro;;;;;
d4900b88cfe942a190546c3b210c66f2;1;RW;16;TabEscritaResfriamento;Holding register;10908;Analog output;399;0;23;22;1;h;h;;;;;FEXC;;Público;Parâmetro de hora do exercício de ventilação;Parameter of fan exercise - Hour;;;;;;Temperatura;Temperature;;Exercício da ventilação;Fan exercise;;Parâmetro;;;;;
5b4e02612b3d4685a5d9370fe084ad58;1;RW;16;TabEscritaResfriamento;Holding register;10909;Analog output;400;0;59;30;1;min;min;;;;;FEXC;;Público;Parâmetro de minutos do exercício de ventilação;Parameter of fan exercise - Minutes;;;;;;Temperatura;Temperature;;Exercício da ventilação;Fan exercise;;Parâmetro;;;;;
c6efcb44d5bf4aacb7c58737f09a77c1;1;RW;16;TabEscritaResfriamento;Holding register;10910;Analog output;401;0;999;45;1;min;min;;;;;FEXC;;Público;Parâmetro de duração do exercício de ventilação;Parameter of fan exercise - Duration;;;;;;Temperatura;Temperature;;Exercício da ventilação;Fan exercise;;Parâmetro;;;;;
54e6baabcd364365a72374081ec681e9;0;RW;16;TabEscritaResfriamento;Holding register;10911;Analog output;402;50;200;65;1;%;%;;;;;PCOL;;Público;Parâmetro de carga do estágio 1 para resfriamento;Parameter of stage 1 load for cooling;;;;;;Temperatura;Temperature;;Pré-cooling;Pre-cooling;;Parâmetro;;;;;
1dbe234e991444498635ab13e480147c;0;RW;16;TabEscritaResfriamento;Holding register;10912;Analog output;403;50;200;70;1;%;%;;;;;PCOL;;Público;Parâmetro de carga do estágio 2 para resfriamento;Parameter of stage 2 load for cooling;;;;;;Temperatura;Temperature;;Pré-cooling;Pre-cooling;;Parâmetro;;;;;
559e824a9b2a482d8dda7c905fb1fb24;0;RW;16;TabEscritaResfriamento;Holding register;10913;Analog output;404;50;200;75;1;%;%;;;;;PCOL;;Público;Parâmetro de carga do estágio 3 para resfriamento;Parameter of stage 3 load for cooling;;;;;;Temperatura;Temperature;;Pré-cooling;Pre-cooling;;Parâmetro;;;;;
f6dc9429cecf43ed8a533d2386092904;0;RW;16;TabEscritaResfriamento;Holding register;10914;Analog output;405;50;200;80;1;%;%;;;;;PCOL;;Público;Parâmetro de carga do estágio 4 para resfriamento;Parameter of stage 4 load for cooling;;;;;;Temperatura;Temperature;;Pré-cooling;Pre-cooling;;Parâmetro;;;;;
7086a910a9bb4db9a9ede79dabdadf57;1;RW;16;TabEscritaResfriamento;Holding register;10915;Analog output;406;5;900;10;1;s;s;;;;;COLM;;Público;Parâmetro de temporização para acionamento dos alarmes de monitoração dos grupos;Parameter of timing for triggering of group monitoring alarms;;;;;;Temperatura;Temperature;;Resfriamento - Monitoramento de corrent;Cooling - Current monitoring;;Parâmetro;;;;;
1b60b029460d42808d363b6d02480c03;1;RW;16;TabEscritaResfriamento;Holding register;10916;Analog output;407;10;100;30;10;%;%;;;;;COLM;;Público;Parâmetro de histerese para desativar os alarmes de monitoração dos grupos;Parameter of hysteresis to disable group monitoring alarms;;;;;;Temperatura;Temperature;;Resfriamento - Monitoramento de corrent;Cooling - Current monitoring;;Parâmetro;;;;;
e79401d1b87b4a89a3675d290f2cc634;1;RW;16;TabEscritaResfriamento;Holding register;10917;Analog output;408;5;600;5;1;s;s;;;;;COLM;;Público;Parâmetro de maior tempo de partida entre os grupos de resfriamento;Parameter of longer start-up time between cooling groups;;;;;;Temperatura;Temperature;;Resfriamento - Monitoramento de corrent;Cooling - Current monitoring;;Parâmetro;;;;;
a8cfc23184eb42449ae786c8642f8a50;1;RW;16;TabEscritaResfriamento;Holding register;10918;Analog output;409;10;300;30;1;s;s;;;;;COLM;;Público;Parâmetro de temporização para aprendizado automático dos alarmes de monitoração dos grupos;Parameter of timing for automatic learning of group monitoring alarms;;;;;;Temperatura;Temperature;;Resfriamento - Monitoramento de corrent;Cooling - Current monitoring;;Parâmetro;;;;;
77019d6604f245529f9355c0d1a4e5b2;1;RW;16;TabEscritaResfriamento;Holding register;10919;Analog output;410;1;100;10;1;%;%;;;;;COLM;;Público;Parâmetro de margem de tolerância para ajuste automático dos alarmes de monitoração dos grupos;Parameter of tolerance margin for automatic adjustment of group monitoring alarms;;;;;;Temperatura;Temperature;;Resfriamento - Monitoramento de corrent;Cooling - Current monitoring;;Parâmetro;;;;;
6af35965be394ffea4b4ff90c6389f1e;1;RW;16;TabEscritaResfriamento;Holding register;10920;Analog output;411;0;5000;1000;10;A;A;;;;;COLM;;Público;Parâmetro de corrente máxima do grupo 1 para alarme por corrente alta;Parameter of maximum current of group 1 for alarm due to high current;;;;;;Temperatura;Temperature;;Resfriamento - Monitoramento de corrent;Cooling - Current monitoring;;Parâmetro;;;;;
acac4247f0854c078d598d42e80c8ec1;1;RW;16;TabEscritaResfriamento;Holding register;10921;Analog output;412;0;5000;0;10;A;A;;;;;COLM;;Público;Parâmetro de corrente mínima do grupo 1 para alarme por corrente baixa;Parameter of minimum current of group 1 for alarm due to low current;;;;;;Temperatura;Temperature;;Resfriamento - Monitoramento de corrent;Cooling - Current monitoring;;Parâmetro;;;;;
4ec56b96aa344e3c99bbfbf279db1760;1;RW;16;TabEscritaResfriamento;Holding register;10922;Analog output;413;1;5000;1000;10;A;A;;;;;COLM;;Público;Parâmetro de corrente do grupo 1 para alarme por acionamento indevido;Parameter of group 1 current for alarm due to improper triggering;;;;;;Temperatura;Temperature;;Resfriamento - Monitoramento de corrent;Cooling - Current monitoring;;Parâmetro;;;;;
6e8fdb436eee48cd87b5d98c06f93225;1;RW;16;TabEscritaResfriamento;Holding register;10923;Analog output;414;1;3;1;1;;;;1=Azul\2=Amarelo\3=Vermelho;1=Blue\2=Yellow\3=Red;;COLM;;Público;Parâmetro de classificação do alarme por corrente alta do grupo 1;Parameter of alarm classification by group 1 high electrical current;;;;;;;;;;;;Debug;;;;;
4782808999224b05b164d43874ab68c1;1;RW;16;TabEscritaResfriamento;Holding register;10924;Analog output;415;1;3;1;1;;;;1=Azul\2=Amarelo\3=Vermelho;1=Blue\2=Yellow\3=Red;;COLM;;Público;Parâmetro de classificação do alarme por corrente baixa do grupo 1;Parameter of alarm classification by group 1 low electrical current;;;;;;;;;;;;Debug;;;;;
be8b578111e8420bbcf87a620898a037;1;RW;16;TabEscritaResfriamento;Holding register;10925;Analog output;416;1;3;1;1;;;;1=Azul\2=Amarelo\3=Vermelho;1=Blue\2=Yellow\3=Red;;COLM;;Público;Parâmetro de classificação do alarme por acionamento indevido do grupo 1;Parameter of alarm classification by group 1 improper activation;;;;;;;;;;;;Debug;;;;;
29ba8ef813a546f9aa039e045952b3ec;1;RW;16;TabEscritaResfriamento;Holding register;10926;Analog output;417;0;5000;1000;10;A;A;;;;;COLM;;Público;Parâmetro de corrente máxima do grupo 2 para alarme por corrente alta;Parameter of maximum current of group 2 for alarm due to high current;;;;;;Temperatura;Temperature;;Resfriamento - Monitoramento de corrent;Cooling - Current monitoring;;Parâmetro;;;;;
4e93f87050d545989ce3f2f74ffa265f;1;RW;16;TabEscritaResfriamento;Holding register;10927;Analog output;418;0;5000;0;10;A;A;;;;;COLM;;Público;Parâmetro de corrente mínima do grupo 2 para alarme por corrente baixa;Parameter of minimum current of group 2 for alarm due to low current;;;;;;Temperatura;Temperature;;Resfriamento - Monitoramento de corrent;Cooling - Current monitoring;;Parâmetro;;;;;
2b5d3826017f479c9722235a7980a179;1;RW;16;TabEscritaResfriamento;Holding register;10928;Analog output;419;1;5000;1000;10;A;A;;;;;COLM;;Público;Parâmetro de corrente do grupo 2 para alarme por acionamento indevido;Parameter of group 2 current for alarm due to improper triggering;;;;;;Temperatura;Temperature;;Resfriamento - Monitoramento de corrent;Cooling - Current monitoring;;Parâmetro;;;;;
b58fa0a345da4e1c8319cbee21a9aced;1;RW;16;TabEscritaResfriamento;Holding register;10929;Analog output;420;1;3;1;1;;;;1=Azul\2=Amarelo\3=Vermelho;1=Blue\2=Yellow\3=Red;;COLM;;Público;Parâmetro de classificação do alarme por corrente alta do grupo 2;Parameter of alarm classification by group 2 high electrical current;;;;;;;;;;;;Debug;;;;;
dc1cee89c4c34ac6b13974bfb23fa03a;1;RW;16;TabEscritaResfriamento;Holding register;10930;Analog output;421;1;3;1;1;;;;1=Azul\2=Amarelo\3=Vermelho;1=Blue\2=Yellow\3=Red;;COLM;;Público;Parâmetro de classificação do alarme por corrente baixa do grupo 2;Parameter of alarm classification by group 2 low electrical current;;;;;;;;;;;;Debug;;;;;
09f5e3d731844f0984dad22d039b0db5;1;RW;16;TabEscritaResfriamento;Holding register;10931;Analog output;422;1;3;1;1;;;;1=Azul\2=Amarelo\3=Vermelho;1=Blue\2=Yellow\3=Red;;COLM;;Público;Parâmetro de classificação do alarme por acionamento indevido do grupo 2;Parameter of alarm classification by group 2 improper activation;;;;;;;;;;;;Debug;;;;;
4cfa8eb598284e52a403dbdffd85e98c;1;RW;16;TabEscritaResfriamento;Holding register;10932;Analog output;423;0;5000;1000;10;A;A;;;;;COLM;;Público;Parâmetro de corrente máxima do grupo 3 para alarme por corrente alta;Parameter of maximum current of group 3 for alarm due to high current;;;;;;Temperatura;Temperature;;Resfriamento - Monitoramento de corrent;Cooling - Current monitoring;;Parâmetro;;;;;
38755a6a79034dd98f3c17776e7a2732;1;RW;16;TabEscritaResfriamento;Holding register;10933;Analog output;424;0;5000;0;10;A;A;;;;;COLM;;Público;Parâmetro de corrente mínima do grupo 3 para alarme por corrente baixa;Parameter of minimum current of group 3 for alarm due to low current;;;;;;Temperatura;Temperature;;Resfriamento - Monitoramento de corrent;Cooling - Current monitoring;;Parâmetro;;;;;
90bb3592666d48c2a0784bbda27b98a5;1;RW;16;TabEscritaResfriamento;Holding register;10934;Analog output;425;1;5000;1000;10;A;A;;;;;COLM;;Público;Parâmetro de corrente do grupo 3 para alarme por acionamento indevido;Parameter of group 3 current for alarm due to improper triggering;;;;;;Temperatura;Temperature;;Resfriamento - Monitoramento de corrent;Cooling - Current monitoring;;Parâmetro;;;;;
e3b299e3c481465597137085b74e4787;1;RW;16;TabEscritaResfriamento;Holding register;10935;Analog output;426;1;3;1;1;;;;1=Azul\2=Amarelo\3=Vermelho;1=Blue\2=Yellow\3=Red;;COLM;;Público;Parâmetro de classificação do alarme por corrente alta do grupo 3;Parameter of alarm classification by group 3 high electrical current;;;;;;;;;;;;Debug;;;;;
238c6c86541343d2972c1bec74f7f8b0;1;RW;16;TabEscritaResfriamento;Holding register;10936;Analog output;427;1;3;1;1;;;;1=Azul\2=Amarelo\3=Vermelho;1=Blue\2=Yellow\3=Red;;COLM;;Público;Parâmetro de classificação do alarme por corrente baixa do grupo 3;Parameter of alarm classification by group 3 low electrical current;;;;;;;;;;;;Debug;;;;;
b4a36ce7ba0a4a699e96f039f47520da;1;RW;16;TabEscritaResfriamento;Holding register;10937;Analog output;428;1;3;1;1;;;;1=Azul\2=Amarelo\3=Vermelho;1=Blue\2=Yellow\3=Red;;COLM;;Público;Parâmetro de classificação do alarme por acionamento indevido do grupo 3;Parameter of alarm classification by group 3 improper activation;;;;;;;;;;;;Debug;;;;;
de9c5856efb5474b9a6f663bfcd144cf;1;RW;16;TabEscritaResfriamento;Holding register;10938;Analog output;429;0;5000;1000;10;A;A;;;;;COLM;;Público;Parâmetro de corrente máxima do grupo 4 para alarme por corrente alta;Parameter of maximum current of group 4 for alarm due to high current;;;;;;Temperatura;Temperature;;Resfriamento - Monitoramento de corrent;Cooling - Current monitoring;;Parâmetro;;;;;
e93aa12703a64ae790ac9390d27957f6;1;RW;16;TabEscritaResfriamento;Holding register;10939;Analog output;430;0;5000;0;10;A;A;;;;;COLM;;Público;Parâmetro de corrente mínima do grupo 4 para alarme por corrente baixa;Parameter of minimum current of group 4 for alarm due to low current;;;;;;Temperatura;Temperature;;Resfriamento - Monitoramento de corrent;Cooling - Current monitoring;;Parâmetro;;;;;
053c3e77c51e4c33a69c32fca8d58ea6;1;RW;16;TabEscritaResfriamento;Holding register;10940;Analog output;431;1;5000;1000;10;A;A;;;;;COLM;;Público;Parâmetro de corrente do grupo 4 para alarme por acionamento indevido;Parameter of group 4 current for alarm due to improper triggering;;;;;;Temperatura;Temperature;;Resfriamento - Monitoramento de corrent;Cooling - Current monitoring;;Parâmetro;;;;;
2880958dd663492cacb7b445fe961457;1;RW;16;TabEscritaResfriamento;Holding register;10941;Analog output;432;1;3;1;1;;;;1=Azul\2=Amarelo\3=Vermelho;1=Blue\2=Yellow\3=Red;;COLM;;Público;Parâmetro de classificação do alarme por corrente alta do grupo 4;Parameter of alarm classification by group 4 high electrical current;;;;;;;;;;;;Debug;;;;;
b5871e7f68374d4bb34b22376f740bf6;1;RW;16;TabEscritaResfriamento;Holding register;10942;Analog output;433;1;3;1;1;;;;1=Azul\2=Amarelo\3=Vermelho;1=Blue\2=Yellow\3=Red;;COLM;;Público;Parâmetro de classificação do alarme por corrente baixa do grupo 4;Parameter of alarm classification by group 4 low electrical current;;;;;;;;;;;;Debug;;;;;
18d12145417c4c8fbf0f684f7ca608af;1;RW;16;TabEscritaResfriamento;Holding register;10943;Analog output;434;1;3;1;1;;;;1=Azul\2=Amarelo\3=Vermelho;1=Blue\2=Yellow\3=Red;;COLM;;Público;Parâmetro de classificação do alarme por acionamento indevido do grupo 4;Parameter of alarm classification by group 4 improper activation;;;;;;;;;;;;Debug;;;;;
;;;;;;;;;;;;;;;;;;;;;;;;;;;;;;;;;;;;;;;;
d576ed886df14345844dc969df51cffd;1;RW;Bit;TabEscritaBinEnvelhecimento1;Coil;11000;Binary output;322;0;1;0;1;;;;0=Não\1=Sim;0=No\1=Yes;;INAG;;Público;Parâmetro de habilitar envelhecimento;Parameter of enable aging;;;;;;Temperatura;Temperature;;Envelhecimento da isolação;Insulation aging;;Parâmetro;;;;;
ea13de733b7d413a8f7d3b80b89242ac;1;RW;Bit;TabEscritaBinEnvelhecimento1;Coil;11001;Binary output;323;0;1;0;1;;;;0=Sem comando\1=Efetua reset;0=No command\1=Perform reset;;INAG;;Público;Comando de reset dos cálculos de envelhecimento;Command of reset aging calculation;;;;;;Temperatura;Temperature;;;;;Comando;;;;;
61af3e9beec84485a512f105af86ddce;1;RW;Bit;TabEscritaBinEnvelhecimento1;Coil;11002;Binary output;324;0;1;0;1;;;;0=Sem comando\1=Reconhecimento do aviso;0=No command\1=Warning ACK;;INAG;;Público;Comando de reconhecimento do aviso de cálculo defasado do envelhecimento;Command of acknowledge of outdated aging calculations warning;;;;;;Temperatura;Temperature;;;;;Comando;;;;;
effd71a381104aadae7411d8054ed08d;1;RW;Bit;TabEscritaBinEnvelhecimento1;Coil;11003;Binary output;325;0;1;0;1;;;;0=Não\1=Sim;0=No\1=Yes;;INAG;;Público;Parâmetro de associação do relé 1 ao alarme por envelhecimento vida útil baixa do enrolamento 1;Parameter of relay 1 assignment to alarm by aging with low remaining lifespan for winding 1;;;;;;;;;;;;Debug;;;;;
1b5f37acd6a84fffbbbf2a2190c4925e;1;RW;Bit;TabEscritaBinEnvelhecimento1;Coil;11004;Binary output;326;0;1;0;1;;;;0=Não\1=Sim;0=No\1=Yes;;INAG;;Público;Parâmetro de associação do relé 2 ao alarme por envelhecimento vida útil baixa do enrolamento 1;Parameter of relay 2 assignment to alarm by aging with low remaining lifespan for winding 1;;;;;;;;;;;;Debug;;;;;
77a29cddde984b0fae25f785a90d5df2;1;RW;Bit;TabEscritaBinEnvelhecimento1;Coil;11005;Binary output;327;0;1;0;1;;;;0=Não\1=Sim;0=No\1=Yes;;INAG;;Público;Parâmetro de associação do relé 3 ao alarme por envelhecimento vida útil baixa do enrolamento 1;Parameter of relay 3 assignment to alarm by aging with low remaining lifespan for winding 1;;;;;;;;;;;;Debug;;;;;
a5e0162cbb49401a92bd2dc205dde65e;1;RW;Bit;TabEscritaBinEnvelhecimento1;Coil;11006;Binary output;328;0;1;0;1;;;;0=Não\1=Sim;0=No\1=Yes;;INAG;;Público;Parâmetro de associação do relé 4 ao alarme por envelhecimento vida útil baixa do enrolamento 1;Parameter of relay 4 assignment to alarm by aging with low remaining lifespan for winding 1;;;;;;;;;;;;Debug;;;;;
c016c247e6164ebcbf60f33e73211875;1;RW;Bit;TabEscritaBinEnvelhecimento1;Coil;11007;Binary output;329;0;1;0;1;;;;0=Não\1=Sim;0=No\1=Yes;;INAG;;Público;Parâmetro de associação do relé 5 ao alarme por envelhecimento vida útil baixa do enrolamento 1;Parameter of relay 5 assignment to alarm by aging with low remaining lifespan for winding 1;;;;;;;;;;;;Debug;;;;;
a3e00e9d9a454928ae3f1f061a19d5cc;1;RW;Bit;TabEscritaBinEnvelhecimento1;Coil;11008;Binary output;330;0;1;0;1;;;;0=Não\1=Sim;0=No\1=Yes;;INAG;;Público;Parâmetro de associação do relé 1 ao alarme por envelhecimento perda de vida alta do enrolamento 1;Parameter of relay 1 assignment to alarm by aging with high lifetime loss for winding 1;;;;;;;;;;;;Debug;;;;;
f922834664604356a006e021857b35af;1;RW;Bit;TabEscritaBinEnvelhecimento1;Coil;11009;Binary output;331;0;1;0;1;;;;0=Não\1=Sim;0=No\1=Yes;;INAG;;Público;Parâmetro de associação do relé 2 ao alarme por envelhecimento perda de vida alta do enrolamento 1;Parameter of relay 2 assignment to alarm by aging with high lifetime loss for winding 1;;;;;;;;;;;;Debug;;;;;
7b42bc4cd2814f57915c35af126f73a7;1;RW;Bit;TabEscritaBinEnvelhecimento1;Coil;11010;Binary output;332;0;1;0;1;;;;0=Não\1=Sim;0=No\1=Yes;;INAG;;Público;Parâmetro de associação do relé 3 ao alarme por envelhecimento perda de vida alta do enrolamento 1;Parameter of relay 3 assignment to alarm by aging with high lifetime loss for winding 1;;;;;;;;;;;;Debug;;;;;
255ee024e78e43d48ddafb9e311e6afe;1;RW;Bit;TabEscritaBinEnvelhecimento1;Coil;11011;Binary output;333;0;1;0;1;;;;0=Não\1=Sim;0=No\1=Yes;;INAG;;Público;Parâmetro de associação do relé 4 ao alarme por envelhecimento perda de vida alta do enrolamento 1;Parameter of relay 4 assignment to alarm by aging with high lifetime loss for winding 1;;;;;;;;;;;;Debug;;;;;
70dc2372d4b143c49273057b771f552e;1;RW;Bit;TabEscritaBinEnvelhecimento1;Coil;11012;Binary output;334;0;1;0;1;;;;0=Não\1=Sim;0=No\1=Yes;;INAG;;Público;Parâmetro de associação do relé 5 ao alarme por envelhecimento perda de vida alta do enrolamento 1;Parameter of relay 5 assignment to alarm by aging with high lifetime loss for winding 1;;;;;;;;;;;;Debug;;;;;
c54d32a892cf47c481ed7374ec89553f;1;RW;Bit;TabEscritaBinEnvelhecimento1;Coil;11013;Binary output;335;0;1;0;1;;;;0=Não\1=Sim;0=No\1=Yes;;INAG;;Público;Parâmetro de associação do relé 1 ao alarme por envelhecimento tempo de vida baixa do enrolamento 1;Parameter of relay 1 assignment to alarm by aging with low lifetime for winding 1;;;;;;;;;;;;Debug;;;;;
af4ea359a04944bb94529a3077494a8b;1;RW;Bit;TabEscritaBinEnvelhecimento1;Coil;11014;Binary output;336;0;1;0;1;;;;0=Não\1=Sim;0=No\1=Yes;;INAG;;Público;Parâmetro de associação do relé 2 ao alarme por envelhecimento tempo de vida baixa do enrolamento 1;Parameter of relay 2 assignment to alarm by aging with low lifetime for winding 1;;;;;;;;;;;;Debug;;;;;
770d66cf41d644fbb79271ec433037d4;1;RW;Bit;TabEscritaBinEnvelhecimento1;Coil;11015;Binary output;337;0;1;0;1;;;;0=Não\1=Sim;0=No\1=Yes;;INAG;;Público;Parâmetro de associação do relé 3 ao alarme por envelhecimento tempo de vida baixa do enrolamento 1;Parameter of relay 3 assignment to alarm by aging with low lifetime for winding 1;;;;;;;;;;;;Debug;;;;;
06bbab8750414cc69d407548941f8323;1;RW;Bit;TabEscritaBinEnvelhecimento1;Coil;11016;Binary output;338;0;1;0;1;;;;0=Não\1=Sim;0=No\1=Yes;;INAG;;Público;Parâmetro de associação do relé 4 ao alarme por envelhecimento tempo de vida baixa do enrolamento 1;Parameter of relay 4 assignment to alarm by aging with low lifetime for winding 1;;;;;;;;;;;;Debug;;;;;
c957cbda62974568ac3557ee833e1282;1;RW;Bit;TabEscritaBinEnvelhecimento1;Coil;11017;Binary output;339;0;1;0;1;;;;0=Não\1=Sim;0=No\1=Yes;;INAG;;Público;Parâmetro de associação do relé 5 ao alarme por envelhecimento tempo de vida baixa do enrolamento 1;Parameter of relay 5 assignment to alarm by aging with low lifetime for winding 1;;;;;;;;;;;;Debug;;;;;
;;;;;;;;;;;;;;;;;;;;;;;;;;;;;;;;;;;;;;;;
a9696825ad3c4417af2e195d11976ed3;1;RW;Bit;TabEscritaBinEnvelhecimento2;Coil;11100;Binary output;340;0;1;0;1;;;;0=Não\1=Sim;0=No\1=Yes;;INAG;;Público;Parâmetro de associação do relé 1 ao alarme por envelhecimento vida útil baixa do enrolamento 2;Parameter of relay 1 assignment to alarm by aging with low remaining lifespan for winding 2;;;;;;;;;;;;Debug;;;;;
f61547b9b63d4d49ad3926f460124007;1;RW;Bit;TabEscritaBinEnvelhecimento2;Coil;11101;Binary output;341;0;1;0;1;;;;0=Não\1=Sim;0=No\1=Yes;;INAG;;Público;Parâmetro de associação do relé 2 ao alarme por envelhecimento vida útil baixa do enrolamento 2;Parameter of relay 2 assignment to alarm by aging with low remaining lifespan for winding 2;;;;;;;;;;;;Debug;;;;;
062fb2acdfe94b568a826fe943b10489;1;RW;Bit;TabEscritaBinEnvelhecimento2;Coil;11102;Binary output;342;0;1;0;1;;;;0=Não\1=Sim;0=No\1=Yes;;INAG;;Público;Parâmetro de associação do relé 3 ao alarme por envelhecimento vida útil baixa do enrolamento 2;Parameter of relay 3 assignment to alarm by aging with low remaining lifespan for winding 2;;;;;;;;;;;;Debug;;;;;
082a05b1a5aa43b29aec906725cf71ea;1;RW;Bit;TabEscritaBinEnvelhecimento2;Coil;11103;Binary output;343;0;1;0;1;;;;0=Não\1=Sim;0=No\1=Yes;;INAG;;Público;Parâmetro de associação do relé 4 ao alarme por envelhecimento vida útil baixa do enrolamento 2;Parameter of relay 4 assignment to alarm by aging with low remaining lifespan for winding 2;;;;;;;;;;;;Debug;;;;;
5f95e9ae048b4021b629ae0fc03d0626;1;RW;Bit;TabEscritaBinEnvelhecimento2;Coil;11104;Binary output;344;0;1;0;1;;;;0=Não\1=Sim;0=No\1=Yes;;INAG;;Público;Parâmetro de associação do relé 5 ao alarme por envelhecimento vida útil baixa do enrolamento 2;Parameter of relay 5 assignment to alarm by aging with low remaining lifespan for winding 2;;;;;;;;;;;;Debug;;;;;
27dcea6f65c34eb083f47f441e6ff187;1;RW;Bit;TabEscritaBinEnvelhecimento2;Coil;11105;Binary output;345;0;1;0;1;;;;0=Não\1=Sim;0=No\1=Yes;;INAG;;Público;Parâmetro de associação do relé 1 ao alarme por envelhecimento perda de vida alta do enrolamento 2;Parameter of relay 1 assignment to alarm by aging with high lifetime loss for winding 2;;;;;;;;;;;;Debug;;;;;
48f77c29a3c34ef29715ae5732c2129b;1;RW;Bit;TabEscritaBinEnvelhecimento2;Coil;11106;Binary output;346;0;1;0;1;;;;0=Não\1=Sim;0=No\1=Yes;;INAG;;Público;Parâmetro de associação do relé 2 ao alarme por envelhecimento perda de vida alta do enrolamento 2;Parameter of relay 2 assignment to alarm by aging with high lifetime loss for winding 2;;;;;;;;;;;;Debug;;;;;
1abc9a33bf544c1f84fd2c2f68b840d3;1;RW;Bit;TabEscritaBinEnvelhecimento2;Coil;11107;Binary output;347;0;1;0;1;;;;0=Não\1=Sim;0=No\1=Yes;;INAG;;Público;Parâmetro de associação do relé 3 ao alarme por envelhecimento perda de vida alta do enrolamento 2;Parameter of relay 3 assignment to alarm by aging with high lifetime loss for winding 2;;;;;;;;;;;;Debug;;;;;
f39a3a4777fc4c48892a8ee03762e5dc;1;RW;Bit;TabEscritaBinEnvelhecimento2;Coil;11108;Binary output;348;0;1;0;1;;;;0=Não\1=Sim;0=No\1=Yes;;INAG;;Público;Parâmetro de associação do relé 4 ao alarme por envelhecimento perda de vida alta do enrolamento 2;Parameter of relay 4 assignment to alarm by aging with high lifetime loss for winding 2;;;;;;;;;;;;Debug;;;;;
c52e2b86f0ac495e8ff065182f62469e;1;RW;Bit;TabEscritaBinEnvelhecimento2;Coil;11109;Binary output;349;0;1;0;1;;;;0=Não\1=Sim;0=No\1=Yes;;INAG;;Público;Parâmetro de associação do relé 5 ao alarme por envelhecimento perda de vida alta do enrolamento 2;Parameter of relay 5 assignment to alarm by aging with high lifetime loss for winding 2;;;;;;;;;;;;Debug;;;;;
a603c7c0c2dc45cf92ac84c461a21e8b;1;RW;Bit;TabEscritaBinEnvelhecimento2;Coil;11110;Binary output;350;0;1;0;1;;;;0=Não\1=Sim;0=No\1=Yes;;INAG;;Público;Parâmetro de associação do relé 1 ao alarme por envelhecimento tempo de vida baixa do enrolamento 2;Parameter of relay 1 assignment to alarm by aging with low lifetime for winding 2;;;;;;;;;;;;Debug;;;;;
e9fcbee726d34b189527ec74a650a920;1;RW;Bit;TabEscritaBinEnvelhecimento2;Coil;11111;Binary output;351;0;1;0;1;;;;0=Não\1=Sim;0=No\1=Yes;;INAG;;Público;Parâmetro de associação do relé 2 ao alarme por envelhecimento tempo de vida baixa do enrolamento 2;Parameter of relay 2 assignment to alarm by aging with low lifetime for winding 2;;;;;;;;;;;;Debug;;;;;
9c5ba18ff1334a3ca179b7de89b2d19d;1;RW;Bit;TabEscritaBinEnvelhecimento2;Coil;11112;Binary output;352;0;1;0;1;;;;0=Não\1=Sim;0=No\1=Yes;;INAG;;Público;Parâmetro de associação do relé 3 ao alarme por envelhecimento tempo de vida baixa do enrolamento 2;Parameter of relay 3 assignment to alarm by aging with low lifetime for winding 2;;;;;;;;;;;;Debug;;;;;
397bf75d0be741c2af870d34893b97da;1;RW;Bit;TabEscritaBinEnvelhecimento2;Coil;11113;Binary output;353;0;1;0;1;;;;0=Não\1=Sim;0=No\1=Yes;;INAG;;Público;Parâmetro de associação do relé 4 ao alarme por envelhecimento tempo de vida baixa do enrolamento 2;Parameter of relay 4 assignment to alarm by aging with low lifetime for winding 2;;;;;;;;;;;;Debug;;;;;
2bdcd710ee90405aa60ab4a87296d053;1;RW;Bit;TabEscritaBinEnvelhecimento2;Coil;11114;Binary output;354;0;1;0;1;;;;0=Não\1=Sim;0=No\1=Yes;;INAG;;Público;Parâmetro de associação do relé 5 ao alarme por envelhecimento tempo de vida baixa do enrolamento 2;Parameter of relay 5 assignment to alarm by aging with low lifetime for winding 2;;;;;;;;;;;;Debug;;;;;
;;;;;;;;;;;;;;;;;;;;;;;;;;;;;;;;;;;;;;;;
3683e276b1a54be09dc5ea1b72d2a64e;1;RW;Bit;TabEscritaBinEnvelhecimento3;Coil;11200;Binary output;355;0;1;0;1;;;;0=Não\1=Sim;0=No\1=Yes;;INAG;;Público;Parâmetro de associação do relé 1 ao alarme por envelhecimento vida útil baixa do enrolamento 3;Parameter of relay 1 assignment to alarm by aging with low remaining lifespan for winding 3;;;;;;;;;;;;Debug;;;;;
afff126d0e334e8ab1581835f43c81e0;1;RW;Bit;TabEscritaBinEnvelhecimento3;Coil;11201;Binary output;356;0;1;0;1;;;;0=Não\1=Sim;0=No\1=Yes;;INAG;;Público;Parâmetro de associação do relé 2 ao alarme por envelhecimento vida útil baixa do enrolamento 3;Parameter of relay 2 assignment to alarm by aging with low remaining lifespan for winding 3;;;;;;;;;;;;Debug;;;;;
b2eb9851c4b24a8fac4ef995d453a847;1;RW;Bit;TabEscritaBinEnvelhecimento3;Coil;11202;Binary output;357;0;1;0;1;;;;0=Não\1=Sim;0=No\1=Yes;;INAG;;Público;Parâmetro de associação do relé 3 ao alarme por envelhecimento vida útil baixa do enrolamento 3;Parameter of relay 3 assignment to alarm by aging with low remaining lifespan for winding 3;;;;;;;;;;;;Debug;;;;;
72446e5db650416db4e7613d1514f078;1;RW;Bit;TabEscritaBinEnvelhecimento3;Coil;11203;Binary output;358;0;1;0;1;;;;0=Não\1=Sim;0=No\1=Yes;;INAG;;Público;Parâmetro de associação do relé 4 ao alarme por envelhecimento vida útil baixa do enrolamento 3;Parameter of relay 4 assignment to alarm by aging with low remaining lifespan for winding 3;;;;;;;;;;;;Debug;;;;;
64829a7218af4e87a0bc1155898fe186;1;RW;Bit;TabEscritaBinEnvelhecimento3;Coil;11204;Binary output;359;0;1;0;1;;;;0=Não\1=Sim;0=No\1=Yes;;INAG;;Público;Parâmetro de associação do relé 5 ao alarme por envelhecimento vida útil baixa do enrolamento 3;Parameter of relay 5 assignment to alarm by aging with low remaining lifespan for winding 3;;;;;;;;;;;;Debug;;;;;
c826399ecb614f569042c95582a7558b;1;RW;Bit;TabEscritaBinEnvelhecimento3;Coil;11205;Binary output;360;0;1;0;1;;;;0=Não\1=Sim;0=No\1=Yes;;INAG;;Público;Parâmetro de associação do relé 1 ao alarme por envelhecimento perda de vida alta do enrolamento 3;Parameter of relay 1 assignment to alarm by aging with high lifetime loss for winding 3;;;;;;;;;;;;Debug;;;;;
a01a3497cff4490aab2657562f067b0b;1;RW;Bit;TabEscritaBinEnvelhecimento3;Coil;11206;Binary output;361;0;1;0;1;;;;0=Não\1=Sim;0=No\1=Yes;;INAG;;Público;Parâmetro de associação do relé 2 ao alarme por envelhecimento perda de vida alta do enrolamento 3;Parameter of relay 2 assignment to alarm by aging with high lifetime loss for winding 3;;;;;;;;;;;;Debug;;;;;
6d047e538ffc41b783bee5a5bfdab7e2;1;RW;Bit;TabEscritaBinEnvelhecimento3;Coil;11207;Binary output;362;0;1;0;1;;;;0=Não\1=Sim;0=No\1=Yes;;INAG;;Público;Parâmetro de associação do relé 3 ao alarme por envelhecimento perda de vida alta do enrolamento 3;Parameter of relay 3 assignment to alarm by aging with high lifetime loss for winding 3;;;;;;;;;;;;Debug;;;;;
ac603ee706e04c3e97cbeb64b0c4be88;1;RW;Bit;TabEscritaBinEnvelhecimento3;Coil;11208;Binary output;363;0;1;0;1;;;;0=Não\1=Sim;0=No\1=Yes;;INAG;;Público;Parâmetro de associação do relé 4 ao alarme por envelhecimento perda de vida alta do enrolamento 3;Parameter of relay 4 assignment to alarm by aging with high lifetime loss for winding 3;;;;;;;;;;;;Debug;;;;;
b9adf642c0f34b33820c7cd66d931d1b;1;RW;Bit;TabEscritaBinEnvelhecimento3;Coil;11209;Binary output;364;0;1;0;1;;;;0=Não\1=Sim;0=No\1=Yes;;INAG;;Público;Parâmetro de associação do relé 5 ao alarme por envelhecimento perda de vida alta do enrolamento 3;Parameter of relay 5 assignment to alarm by aging with high lifetime loss for winding 3;;;;;;;;;;;;Debug;;;;;
dc3377082143462fb9338a440b861d89;1;RW;Bit;TabEscritaBinEnvelhecimento3;Coil;11210;Binary output;365;0;1;0;1;;;;0=Não\1=Sim;0=No\1=Yes;;INAG;;Público;Parâmetro de associação do relé 1 ao alarme por envelhecimento tempo de vida baixa do enrolamento 3;Parameter of relay 1 assignment to alarm by aging with low lifetime for winding 3;;;;;;;;;;;;Debug;;;;;
34b9737a169c442399eab89f45e9fd4d;1;RW;Bit;TabEscritaBinEnvelhecimento3;Coil;11211;Binary output;366;0;1;0;1;;;;0=Não\1=Sim;0=No\1=Yes;;INAG;;Público;Parâmetro de associação do relé 2 ao alarme por envelhecimento tempo de vida baixa do enrolamento 3;Parameter of relay 2 assignment to alarm by aging with low lifetime for winding 3;;;;;;;;;;;;Debug;;;;;
4da6b34176bf414ca2df6a1c1442ec08;1;RW;Bit;TabEscritaBinEnvelhecimento3;Coil;11212;Binary output;367;0;1;0;1;;;;0=Não\1=Sim;0=No\1=Yes;;INAG;;Público;Parâmetro de associação do relé 3 ao alarme por envelhecimento tempo de vida baixa do enrolamento 3;Parameter of relay 3 assignment to alarm by aging with low lifetime for winding 3;;;;;;;;;;;;Debug;;;;;
05e70704eb2c4bb59cb9cf7770cecaba;1;RW;Bit;TabEscritaBinEnvelhecimento3;Coil;11213;Binary output;368;0;1;0;1;;;;0=Não\1=Sim;0=No\1=Yes;;INAG;;Público;Parâmetro de associação do relé 4 ao alarme por envelhecimento tempo de vida baixa do enrolamento 3;Parameter of relay 4 assignment to alarm by aging with low lifetime for winding 3;;;;;;;;;;;;Debug;;;;;
84c5913ee3024d3d8aa1583627510e10;1;RW;Bit;TabEscritaBinEnvelhecimento3;Coil;11214;Binary output;369;0;1;0;1;;;;0=Não\1=Sim;0=No\1=Yes;;INAG;;Público;Parâmetro de associação do relé 5 ao alarme por envelhecimento tempo de vida baixa do enrolamento 3;Parameter of relay 5 assignment to alarm by aging with low lifetime for winding 3;;;;;;;;;;;;Debug;;;;;
;;;;;;;;;;;;;;;;;;;;;;;;;;;;;;;;;;;;;;;;
a00fa09759b54b1589d67fa64d00e108;1;RW;16;TabEscritaEnvelhecimento;Holding register;11300;Analog output;435;1;5;1;1;;;;1=NBR5416-1997\2=50% Rest. tração\3=25% Rest. tração\4=Grau polime. 200\5=Teste func. vida;1=NBR5416-1997\2=50% Traction rest.\3=25% Traction rest.\4=Polime. degree 200\5=Test func. life;;INAG;;Público;Parâmetro de critério de fim de vida do envelhecimento;Parameter of criteria for end of insulation life;;;;;;Temperatura;Temperature;;Envelhecimento da isolação;Insulation aging;;Parâmetro;;;;;
3dd2c6ad20504c01bf1d1ab226dd8700;1;RW;16;TabEscritaEnvelhecimento;Holding register;11301;Analog output;436;1;30;7;1;dias;days;;;;;INAG;;Público;Parâmetro de tempo para cálculo do envelhecimento;Parameter of time for aging calculation;;;;;;Temperatura;Temperature;;Envelhecimento da isolação;Insulation aging;;Parâmetro;;;;;
1944953a0def49b3aa9634e833ffa417;1;RW;16;TabEscritaEnvelhecimento;Holding register;11302;Analog output;437;0;999;100;10;%;%;;;;;INAG;;Público;Parâmetro de alarme por vida útil baixa;Parameter of alarm due to low useful life;;;;;;Temperatura;Temperature;;Envelhecimento da isolação;Insulation aging;;Parâmetro;;;;;
f2a703afd49b46c5ab12a96935efb5db;1;RW;16;TabEscritaEnvelhecimento;Holding register;11303;Analog output;438;0;399;10;10;anos;years;;;;;INAG;;Público;Parâmetro de alarme por tempo de vida baixa;Parameter of alarm due to low lifetime;;;;;;Temperatura;Temperature;;Envelhecimento da isolação;Insulation aging;;Parâmetro;;;;;
7131151b216341f3a280dc94cb91e783;1;RW;16;TabEscritaEnvelhecimento;Holding register;11304;Analog output;439;0;9999;7;1000;%/dia;%/day;;;;;INAG;;Público;Parâmetro de alarme por perda de vida alta;Parameter of alarm due to high loss of life;;;;;;Temperatura;Temperature;;Envelhecimento da isolação;Insulation aging;;Parâmetro;;;;;
19dc1d5165e44c67ac244f2fe4610467;1;RW;16;TabEscritaEnvelhecimento;Holding register;11305;Analog output;440;1;1000;1000;1;dias;days;;;;;INAG;;Público;Parâmetro de dias sem atualizar cálculos do envelhecimento para ativar aviso;Parameter of days withtout updating aging calculation to activate warning;;;;;;Temperatura;Temperature;;Envelhecimento da isolação;Insulation aging;;Parâmetro;;;;;
5692a699231847648ba03a0bd861de7a;1;RW;16;TabEscritaEnvelhecimento;Holding register;11306;Analog output;441;0;100;0;10;%;%;;;;;INAG;;Público;Parâmetro de umidade do papel do enrolamento 1;Parameter of paper moisture content of winding 1;;;;;;Temperatura;Temperature;;Envelhecimento da isolação;Insulation aging;;Parâmetro;;;;;
a081f32f653a40b3a10c8aa814d35eb4;1;RW;16;TabEscritaEnvelhecimento;Holding register;11307;Analog output;442;0;30;15;10;%;%;;;;;INAG;;Público;Parâmetro de umidade máxima do enrolamento 1;Parameter of maximum moisture of winding 1;;;;;;Temperatura;Temperature;;Envelhecimento da isolação;Insulation aging;;Parâmetro;;;;;
c00b384f8d48454e886d24978be8206d;1;RW;16;TabEscritaEnvelhecimento;Holding register;11308;Analog output;443;0;1000;1000;10;%;%;;;;;INAG;;Público;Parâmetro de vida útil inicial do enrolamento 1;Parameter of initial life of winding 1;;;;;;Temperatura;Temperature;;Envelhecimento da isolação;Insulation aging;;Parâmetro;;;;;
f5d8e91bf8274aae97d17f695b6b4958;1;RW;16;TabEscritaEnvelhecimento;Holding register;11309;Analog output;444;1;3;3;1;;;;1=Azul\2=Amarelo\3=Vermelho;1=Blue\2=Yellow\3=Red;;INAG;;Público;Parâmetro de classificação do alarme vida útil baixa do enrolamento 1;Parameter of alarm classification by low lifetime for winding 1;;;;;;;;;;;;Debug;;;;;
308d791795064fc4ab0027b0f437f573;1;RW;16;TabEscritaEnvelhecimento;Holding register;11310;Analog output;445;1;3;3;1;;;;1=Azul\2=Amarelo\3=Vermelho;1=Blue\2=Yellow\3=Red;;INAG;;Público;Parâmetro de classificação do alarme perda de vida alta do enrolamento 1;Parameter of alarm classification by high lifetime loss for winding 1;;;;;;;;;;;;Debug;;;;;
217bcc164ff748818709e210ea7507b8;1;RW;16;TabEscritaEnvelhecimento;Holding register;11311;Analog output;446;1;3;3;1;;;;1=Azul\2=Amarelo\3=Vermelho;1=Blue\2=Yellow\3=Red;;INAG;;Público;Parâmetro de classificação do alarme tempo de vida baixa do enrolamento 1;Parameter of alarm classification by low lifetime for winding 1;;;;;;;;;;;;Debug;;;;;
2a3bb4739151408cb19947445750f54a;1;RW;16;TabEscritaEnvelhecimento;Holding register;11312;Analog output;447;0;100;0;10;%;%;;;;;INAG;;Público;Parâmetro de umidade do papel do enrolamento 2;Parameter of paper moisture content of winding 2;;;;;;Temperatura;Temperature;;Envelhecimento da isolação;Insulation aging;;Parâmetro;;;;;
212bf7d019504f19adf34b29e261d73f;1;RW;16;TabEscritaEnvelhecimento;Holding register;11313;Analog output;448;0;30;15;10;%;%;;;;;INAG;;Público;Parâmetro de umidade máxima do enrolamento 2;Parameter of maximum moisture of winding 2;;;;;;Temperatura;Temperature;;Envelhecimento da isolação;Insulation aging;;Parâmetro;;;;;
ba871f50012043958b56fd03eb25a7cc;1;RW;16;TabEscritaEnvelhecimento;Holding register;11314;Analog output;449;0;1000;1000;10;%;%;;;;;INAG;;Público;Parâmetro de vida útil inicial do enrolamento 2;Parameter of initial life of winding 2;;;;;;Temperatura;Temperature;;Envelhecimento da isolação;Insulation aging;;Parâmetro;;;;;
f4d87443c760414cb2a9d4de99b82e87;1;RW;16;TabEscritaEnvelhecimento;Holding register;11315;Analog output;450;1;3;3;1;;;;1=Azul\2=Amarelo\3=Vermelho;1=Blue\2=Yellow\3=Red;;INAG;;Público;Parâmetro de classificação do alarme vida útil baixa do enrolamento 2;Parameter of alarm classification by low lifetime for winding 2;;;;;;;;;;;;Debug;;;;;
8a8c4d9fd6f44621a1d536be4ff0f988;1;RW;16;TabEscritaEnvelhecimento;Holding register;11316;Analog output;451;1;3;3;1;;;;1=Azul\2=Amarelo\3=Vermelho;1=Blue\2=Yellow\3=Red;;INAG;;Público;Parâmetro de classificação do alarme perda de vida alta do enrolamento 2;Parameter of alarm classification by high lifetime loss for winding 2;;;;;;;;;;;;Debug;;;;;
662bceccd80e4f3890f92841ac344e6f;1;RW;16;TabEscritaEnvelhecimento;Holding register;11317;Analog output;452;1;3;3;1;;;;1=Azul\2=Amarelo\3=Vermelho;1=Blue\2=Yellow\3=Red;;INAG;;Público;Parâmetro de classificação do alarme tempo de vida baixa do enrolamento 2;Parameter of alarm classification by low lifetime for winding 2;;;;;;;;;;;;Debug;;;;;
472861168e654360ae9ec71ae1c51f58;1;RW;16;TabEscritaEnvelhecimento;Holding register;11318;Analog output;453;0;100;0;10;%;%;;;;;INAG;;Público;Parâmetro de umidade do papel do enrolamento 3;Parameter of paper moisture content of winding 3;;;;;;Temperatura;Temperature;;Envelhecimento da isolação;Insulation aging;;Parâmetro;;;;;
58d36104245e4a60a316ee47fb56c6cb;1;RW;16;TabEscritaEnvelhecimento;Holding register;11319;Analog output;454;0;30;15;10;%;%;;;;;INAG;;Público;Parâmetro de umidade máxima do enrolamento 3;Parameter of maximum moisture of winding 3;;;;;;Temperatura;Temperature;;Envelhecimento da isolação;Insulation aging;;Parâmetro;;;;;
8d0e1413bff74efbbcb785abc0cb33f6;1;RW;16;TabEscritaEnvelhecimento;Holding register;11320;Analog output;455;0;1000;1000;10;%;%;;;;;INAG;;Público;Parâmetro de vida útil inicial do enrolamento 3;Parameter of initial life of winding 3;;;;;;Temperatura;Temperature;;Envelhecimento da isolação;Insulation aging;;Parâmetro;;;;;
97a301bf3f3d4d5b82c35021240d8981;1;RW;16;TabEscritaEnvelhecimento;Holding register;11321;Analog output;456;1;3;3;1;;;;1=Azul\2=Amarelo\3=Vermelho;1=Blue\2=Yellow\3=Red;;INAG;;Público;Parâmetro de classificação do alarme vida útil baixa do enrolamento 3;Parameter of alarm classification by low lifetime for winding 3;;;;;;;;;;;;Debug;;;;;
f8abafe34c614ddcb632ef20ca0f24f4;1;RW;16;TabEscritaEnvelhecimento;Holding register;11322;Analog output;457;1;3;3;1;;;;1=Azul\2=Amarelo\3=Vermelho;1=Blue\2=Yellow\3=Red;;INAG;;Público;Parâmetro de classificação do alarme perda de vida alta do enrolamento 3;Parameter of alarm classification by high lifetime loss for winding 3;;;;;;;;;;;;Debug;;;;;
21bc8b6d604248228e1201e512ac5d6d;1;RW;16;TabEscritaEnvelhecimento;Holding register;11323;Analog output;458;1;3;3;1;;;;1=Azul\2=Amarelo\3=Vermelho;1=Blue\2=Yellow\3=Red;;INAG;;Público;Parâmetro de classificação do alarme tempo de vida baixa do enrolamento 3;Parameter of alarm classification by low lifetime for winding 3;;;;;;;;;;;;Debug;;;;;
;;;;;;;;;;;;;;;;;;;;;;;;;;;;;;;;;;;;;;;;
7cd2178d04fd47edb13b63b199d28cce;1;RW;Bit;TabEscritaBinDtc;Coil;11500;Binary output;370;0;1;0;1;;;;0=Não\1=Sim;0=No\1=Yes;;OLTD;;Público;Parâmetro de habilitar aprendizado automático dos alarmes do diferencial de temperatura do comutador;Parameter of enable automatic learning of OLTC temperature differential alarms;;;;;;Temperatura;Temperature;;;;;Parâmetro;;;;;
b9e1f58a4e9943fbbf465444fe114d54;1;RW;Bit;TabEscritaBinDtc;Coil;11501;Binary output;371;0;1;0;1;;;;0=Não\1=Sim;0=No\1=Yes;;OLTD;;Público;Parâmetro de associação do relé 1 ao alarme por diferencial de temperatura instantâneo do comutador;Parameter of relay 1 assignment to OLTC instant temperature differential alarm;;;;;;;;;;;;Debug;;;;;
c4547893409747719e80ca50c6c03447;1;RW;Bit;TabEscritaBinDtc;Coil;11502;Binary output;372;0;1;0;1;;;;0=Não\1=Sim;0=No\1=Yes;;OLTD;;Público;Parâmetro de associação do relé 2 ao alarme por diferencial de temperatura instantâneo do comutador;Parameter of relay 2 assignment to OLTC instant temperature differential alarm;;;;;;;;;;;;Debug;;;;;
46ee3659e70e45dd9dea0fd0b21af43d;1;RW;Bit;TabEscritaBinDtc;Coil;11503;Binary output;373;0;1;0;1;;;;0=Não\1=Sim;0=No\1=Yes;;OLTD;;Público;Parâmetro de associação do relé 3 ao alarme por diferencial de temperatura instantâneo do comutador;Parameter of relay 3 assignment to OLTC instant temperature differential alarm;;;;;;;;;;;;Debug;;;;;
d27321f75f6b4290ab8c3a64d46321f9;1;RW;Bit;TabEscritaBinDtc;Coil;11504;Binary output;374;0;1;0;1;;;;0=Não\1=Sim;0=No\1=Yes;;OLTD;;Público;Parâmetro de associação do relé 4 ao alarme por diferencial de temperatura instantâneo do comutador;Parameter of relay 4 assignment to OLTC instant temperature differential alarm;;;;;;;;;;;;Debug;;;;;
07837bb139e34dbb87bb489a66e6ad0f;1;RW;Bit;TabEscritaBinDtc;Coil;11505;Binary output;375;0;1;0;1;;;;0=Não\1=Sim;0=No\1=Yes;;OLTD;;Público;Parâmetro de associação do relé 5 ao alarme por diferencial de temperatura instantâneo do comutador;Parameter of relay 5 assignment to OLTC instant temperature differential alarm;;;;;;;;;;;;Debug;;;;;
132ed47e9fed4eaba8271ddeee1fac69;1;RW;Bit;TabEscritaBinDtc;Coil;11506;Binary output;376;0;1;0;1;;;;0=Não\1=Sim;0=No\1=Yes;;OLTD;;Público;Parâmetro de associação do relé 1 ao alarme por diferencial de temperatura filtrado do comutador;Parameter of relay 1 assignment to OLTC filtered temperature differential alarm;;;;;;;;;;;;Debug;;;;;
8f82f1cdb03b45578df95d421126fd93;1;RW;Bit;TabEscritaBinDtc;Coil;11507;Binary output;377;0;1;0;1;;;;0=Não\1=Sim;0=No\1=Yes;;OLTD;;Público;Parâmetro de associação do relé 2 ao alarme por diferencial de temperatura filtrado do comutador;Parameter of relay 2 assignment to OLTC filtered temperature differential alarm;;;;;;;;;;;;Debug;;;;;
de6b3f6124ae4cd6b10d3aba79b5d51f;1;RW;Bit;TabEscritaBinDtc;Coil;11508;Binary output;378;0;1;0;1;;;;0=Não\1=Sim;0=No\1=Yes;;OLTD;;Público;Parâmetro de associação do relé 3 ao alarme por diferencial de temperatura filtrado do comutador;Parameter of relay 3 assignment to OLTC filtered temperature differential alarm;;;;;;;;;;;;Debug;;;;;
9494ad2c47ea4815834e49b408750a4c;1;RW;Bit;TabEscritaBinDtc;Coil;11509;Binary output;379;0;1;0;1;;;;0=Não\1=Sim;0=No\1=Yes;;OLTD;;Público;Parâmetro de associação do relé 4 ao alarme por diferencial de temperatura filtrado do comutador;Parameter of relay 4 assignment to OLTC filtered temperature differential alarm;;;;;;;;;;;;Debug;;;;;
0ba391abb1ad447a81d46a3c7c4420ef;1;RW;Bit;TabEscritaBinDtc;Coil;11510;Binary output;380;0;1;0;1;;;;0=Não\1=Sim;0=No\1=Yes;;OLTD;;Público;Parâmetro de associação do relé 5 ao alarme por diferencial de temperatura filtrado do comutador;Parameter of relay 5 assignment to OLTC filtered temperature differential alarm;;;;;;;;;;;;Debug;;;;;
;;;;;;;;;;;;;;;;;;;;;;;;;;;;;;;;;;;;;;;;
7f7b85ae68d740069925c9595a0d9fe9;1;RW;16;TabEscritaDtcGeral;Holding register;11500;Analog output;459;0;720;180;1;min;min;;;;;OLTD;;Público;Parâmetro de constante de tempo para filtragem do diferencial de temperatura;Parameter of time constant for filtering the temperature differential;;;;;;Temperatura;Temperature;;Diferencial de temperatura;Temperature differential;;Parâmetro;;;;;
7f00a7f52a444b32a68f3d06c5bc5ee5;1;RW;16;TabEscritaDtcGeral;Holding register;11501;Analog output;460;1;240;20;1;min;min;;;;;OLTD;;Público;Parâmetro de tempo para alarme de diferencial de temperatura do comutador;Parameter of time for OLTC temperature differential alarms ;;;;;;Temperatura;Temperature;;Diferencial de temperatura;Temperature differential;;Parâmetro;;;;;
e0f76ca8c4114a498ed158e57c3c2013;1;RW;16;TabEscritaDtcGeral;Holding register;11502;Analog output;461;1;10;5;1;°C;°C;;;;;OLTD;;Público;Parâmetro de margem de temperatura do aprendizado automático dos alarmes;Parameter of temperature margin for automatic learning of alarms ;;;;;;Temperatura;Temperature;;Diferencial de temperatura;Temperature differential;;Parâmetro;;;;;
893d6e10e6a7434bbb15703a9572ae7f;1;RW;16;TabEscritaDtcGeral;Holding register;11503;Analog output;462;1;720;336;1;h;h;;;;;OLTD;;Público;Parâmetro de tempo de aprendizado automático dos alarmes do diferencial de temperatura do comutador;Parameter of timing for automatic learning of OLTC temperature differential alarms;;;;;;Temperatura;Temperature;;Diferencial de temperatura;Temperature differential;;Parâmetro;;;;;
;;;;;;;;;;;;;;;;;;;;;;;;;;;;;;;;;;;;;;;;
26e2b6f2ada04283a3b562b55dc66929;1;RW;16;TabEscritaDtc;Holding register;11600;Analog output;463;-400;400;100;10;°C;°C;;;;;OLTD;;Público;Parâmetro de alarme por diferencial de temperatura instantâneo do comutador;Parameter of alarm due to OLTC instantaneous temperature differential;;;;;;Temperatura;Temperature;;Diferencial de temperatura;Temperature differential;;Parâmetro;;;;;
74b568a4c96543ff8ea914b9049f705d;1;RW;16;TabEscritaDtc;Holding register;11601;Analog output;464;-400;400;100;10;°C;°C;;;;;OLTD;;Público;Parâmetro de alarme por diferencial de temperatura filtrado do comutador;Parameter of alarm due to OLTC filtered temperature differential;;;;;;Temperatura;Temperature;;Diferencial de temperatura;Temperature differential;;Parâmetro;;;;;
bb148c75bc0c4fc788f1126d1632dee1;1;RW;16;TabEscritaDtc;Holding register;11602;Analog output;465;0;3;0;1;;;;0=Nenhum\1=PT100 1\2=PT100 2\3=PT100 3;0=None\1=PT100 1\2=PT100 2\3=PT100 3;;OLTD;;Público;Parâmetro de seleção do sensor de temperatura para o comutador;Parameter of temperature sensor selection for the tap changer;;;;;;Temperatura;Temperature;;Diferencial de temperatura;Temperature differential;;Parâmetro;;;;;
c218c70f8fad490a9bac77b73a188903;1;RW;16;TabEscritaDtc;Holding register;11603;Analog output;466;1;3;3;1;;;;1=Azul\2=Amarelo\3=Vermelho;1=Blue\2=Yellow\3=Red;;OLTD;;Público;Parâmetro de classificação do alarme por diferencial de temperatura instantâneo do comutador;Parameter of alarm classification by OLTC instant temperature differential;;;;;;;;;;;;Debug;;;;;
468e3391fb044419ad1a3331244be52a;1;RW;16;TabEscritaDtc;Holding register;11604;Analog output;467;1;3;3;1;;;;1=Azul\2=Amarelo\3=Vermelho;1=Blue\2=Yellow\3=Red;;OLTD;;Público;Parâmetro de classificação do alarme por diferencial de temperatura filtrado do comutador;Parameter of alarm classification by OLTC filtered temperature differential;;;;;;;;;;;;Debug;;;;;
;;;;;;;;;;;;;;;;;;;;;;;;;;;;;;;;;;;;;;;;
aa948a5b2f9b444fbde1f6ecd830480e;1;RW;Bit;TabEscritaBinRegulacao;Coil;20000;Binary output;381;0;1;1;1;;;;0=Não\1=Sim;0=No\1=Yes;;;;Público;Parâmetro de habilitar funcionalidade de regulação;Parameter of enable regulation functionality;;;;;;Regulação;Regulation;;Bloqueio do comutador;OLTC block;;Parâmetro;;;;;
fa6ba0d1d6994755bd5bf81f34af9830;1;RW;Bit;TabEscritaBinRegulacao;Coil;20001;Binary output;382;0;1;1;1;;;;0=Não\1=Sim;0=No\1=Yes;;;;Público;Parâmetro de bloqueio do comutador por I>;Parameter of OLTC block by I>;;;;;;Regulação;Regulation;;Bloqueio do comutador;OLTC block;;Parâmetro;;;;;
aef77c4fbfa74f509a8b7e4b26e9effa;1;RW;Bit;TabEscritaBinRegulacao;Coil;20002;Binary output;383;0;1;1;1;;;;0=Não\1=Sim;0=No\1=Yes;;;;Público;Parâmetro de bloqueio do comutador por U>;Parameter of OLTC block by U>;;;;;;Regulação;Regulation;;Bloqueio do comutador;OLTC block;;Parâmetro;;;;;
bf58766c9afd4e4a958db17a6e055fcb;1;RW;Bit;TabEscritaBinRegulacao;Coil;20003;Binary output;384;0;1;1;1;;;;0=Não\1=Sim;0=No\1=Yes;;;;Público;Parâmetro de bloqueio do comutador por U<;Parameter of OLTC block by U<;;;;;;Regulação;Regulation;;Bloqueio do comutador;OLTC block;;Parâmetro;;;;;
d2868c4730b447338c261cdb6c6b9f64;1;RW;Bit;TabEscritaBinRegulacao;Coil;20004;Binary output;385;0;1;0;1;;;;0=Não\1=Sim;0=No\1=Yes;;;;Público;Parâmetro de bloqueio do comutador por TAP;Parameter of OLTC block by TAP;;;;;;Regulação;Regulation;;Bloqueio do comutador;OLTC block;;Parâmetro;;;;;
626257488d5448729f124ce4bb28fd8d;1;RW;Bit;TabEscritaBinRegulacao;Coil;20005;Binary output;386;0;1;1;1;;;;0=Não\1=Sim;0=No\1=Yes;;;;Público;Parâmetro de bloqueio do comutador por IFP;Parameter of OLTC block by RPF;;;;;;Regulação;Regulation;;Bloqueio do comutador;OLTC block;;Parâmetro;;;;;
3d52e73879ae44b69b60e77f6af0f951;1;RW;Bit;TabEscritaBinRegulacao;Coil;20006;Binary output;387;0;1;0;1;;;;0=Sem comando\1=Efetua reset;0=No command\1=Perform reset;;;;Público;Comando de limpar o bloqueio por disparo do CDC;Command of clear OLTC trigger blocking;;;;;;Regulação;Regulation;;Bloqueio do comutador;OLTC block;;Comando;;;;;
1fc5680311304ff583927fe6cfa4a3bc;1;RW;Bit;TabEscritaBinRegulacao;Coil;20007;Binary output;388;0;1;0;1;;;;0=Não\1=Sim;0=No\1=Yes;;;;Público;Parâmetro de associação do relé 1 ao alarme por subtensão;Parameter of relay 1 assignment to alarm by undervoltage;;;;;;;;;;;;Debug;;;;;
c5aa43193dbc4468ae9745088157b166;1;RW;Bit;TabEscritaBinRegulacao;Coil;20008;Binary output;389;0;1;0;1;;;;0=Não\1=Sim;0=No\1=Yes;;;;Público;Parâmetro de associação do relé 2 ao alarme por subtensão;Parameter of relay 2 assignment to alarm by undervoltage;;;;;;;;;;;;Debug;;;;;
f47c5382f50449cfa6c9f914ece1d316;1;RW;Bit;TabEscritaBinRegulacao;Coil;20009;Binary output;390;0;1;0;1;;;;0=Não\1=Sim;0=No\1=Yes;;;;Público;Parâmetro de associação do relé 3 ao alarme por subtensão;Parameter of relay 3 assignment to alarm by undervoltage;;;;;;;;;;;;Debug;;;;;
724a5b8253d04f47b8837cc405d08ebe;1;RW;Bit;TabEscritaBinRegulacao;Coil;20010;Binary output;391;0;1;0;1;;;;0=Não\1=Sim;0=No\1=Yes;;;;Público;Parâmetro de associação do relé 4 ao alarme por subtensão;Parameter of relay 4 assignment to alarm by undervoltage;;;;;;;;;;;;Debug;;;;;
90b9db14015848b4b61242e9c08592a7;1;RW;Bit;TabEscritaBinRegulacao;Coil;20011;Binary output;392;0;1;0;1;;;;0=Não\1=Sim;0=No\1=Yes;;;;Público;Parâmetro de associação do relé 5 ao alarme por subtensão;Parameter of relay 5 assignment to alarm by undervoltage;;;;;;;;;;;;Debug;;;;;
3cbf0d575b8b441687e24dcda948bd85;1;RW;Bit;TabEscritaBinRegulacao;Coil;20012;Binary output;393;0;1;0;1;;;;0=Não\1=Sim;0=No\1=Yes;;;;Público;Parâmetro de associação do relé 1 ao alarme por sobretensão;Parameter of relay 1 assignment to alarm by overvoltage;;;;;;;;;;;;Debug;;;;;
d653c01700414984ac1457fd563625d9;1;RW;Bit;TabEscritaBinRegulacao;Coil;20013;Binary output;394;0;1;0;1;;;;0=Não\1=Sim;0=No\1=Yes;;;;Público;Parâmetro de associação do relé 2 ao alarme por sobretensão;Parameter of relay 2 assignment to alarm by overvoltage;;;;;;;;;;;;Debug;;;;;
2a5f770ddd284d0890231f977355041c;1;RW;Bit;TabEscritaBinRegulacao;Coil;20014;Binary output;395;0;1;0;1;;;;0=Não\1=Sim;0=No\1=Yes;;;;Público;Parâmetro de associação do relé 3 ao alarme por sobretensão;Parameter of relay 3 assignment to alarm by overvoltage;;;;;;;;;;;;Debug;;;;;
1e1e15435ffe40abaa35c475c86dc53a;1;RW;Bit;TabEscritaBinRegulacao;Coil;20015;Binary output;396;0;1;0;1;;;;0=Não\1=Sim;0=No\1=Yes;;;;Público;Parâmetro de associação do relé 4 ao alarme por sobretensão;Parameter of relay 4 assignment to alarm by overvoltage;;;;;;;;;;;;Debug;;;;;
5ec1f92d5f5f432cafdfb4c7b5525435;1;RW;Bit;TabEscritaBinRegulacao;Coil;20016;Binary output;397;0;1;0;1;;;;0=Não\1=Sim;0=No\1=Yes;;;;Público;Parâmetro de associação do relé 5 ao alarme por sobretensão;Parameter of relay 5 assignment to alarm by overvoltage;;;;;;;;;;;;Debug;;;;;
7abe11a9c3074a48b020c17c246a8717;1;RW;Bit;TabEscritaBinRegulacao;Coil;20017;Binary output;398;0;1;0;1;;;;0=Não\1=Sim;0=No\1=Yes;;;;Público;Parâmetro de associação do relé 1 ao alarme por sobrecorrente;Parameter of relay 1 assignment to alarm by undercurrent;;;;;;;;;;;;Debug;;;;;
199f5a6e3ab742a6a311907a01f006ce;1;RW;Bit;TabEscritaBinRegulacao;Coil;20018;Binary output;399;0;1;0;1;;;;0=Não\1=Sim;0=No\1=Yes;;;;Público;Parâmetro de associação do relé 2 ao alarme por sobrecorrente;Parameter of relay 2 assignment to alarm by undercurrent;;;;;;;;;;;;Debug;;;;;
a01f4ee239ab4bc9b5ec016803c71c20;1;RW;Bit;TabEscritaBinRegulacao;Coil;20019;Binary output;400;0;1;0;1;;;;0=Não\1=Sim;0=No\1=Yes;;;;Público;Parâmetro de associação do relé 3 ao alarme por sobrecorrente;Parameter of relay 3 assignment to alarm by undercurrent;;;;;;;;;;;;Debug;;;;;
3ec6c73943454cf2b0d91dd342e46ce0;1;RW;Bit;TabEscritaBinRegulacao;Coil;20020;Binary output;401;0;1;0;1;;;;0=Não\1=Sim;0=No\1=Yes;;;;Público;Parâmetro de associação do relé 4 ao alarme por sobrecorrente;Parameter of relay 4 assignment to alarm by undercurrent;;;;;;;;;;;;Debug;;;;;
de230e82538642ce81e168ad6d0f3012;1;RW;Bit;TabEscritaBinRegulacao;Coil;20021;Binary output;402;0;1;0;1;;;;0=Não\1=Sim;0=No\1=Yes;;;;Público;Parâmetro de associação do relé 5 ao alarme por sobrecorrente;Parameter of relay 5 assignment to alarm by undercurrent;;;;;;;;;;;;Debug;;;;;
;;;;;;;;;;;;;;;;;;;;;;;;;;;;;;;;;;;;;;;;
43f2f71882394f3482550fbf6a63ebe2;1;RW;16;TabEscritaRegulacao;Holding register;20000;Analog output;468;10;99;80;1;%;%;;;;;;;Público;Parâmetro de alarme por subtensão;Parameter of alarm due to undervoltage;;;;;;Regulação;Regulation;;Alarmes;Alarms;;Parâmetro;;;;;
2cd58606f10b4c30a291abc46c3234e7;1;RW;16;TabEscritaRegulacao;Holding register;20001;Analog output;469;0;200;10;1;s;s;;;;;;;Público;Parâmetro de temporização alarme subtensão;Parameter of timing for the alarm due to undervoltage;;;;;;Regulação;Regulation;;Alarmes;Alarms;;Parâmetro;;;;;
047dff7f6ce4477ba0b41f1760830030;1;RW;16;TabEscritaRegulacao;Holding register;20002;Analog output;470;101;199;120;1;%;%;;;;;;;Público;Parâmetro de alarme por sobretensão;Parameter of alarm due to overvoltage;;;;;;Regulação;Regulation;;Alarmes;Alarms;;Parâmetro;;;;;
2c8b7264c8b346999da2e0b8e5701c76;1;RW;16;TabEscritaRegulacao;Holding register;20003;Analog output;471;0;200;10;1;s;s;;;;;;;Público;Parâmetro de temporização alarme sobretensão;Parameter of timing for the alarm due to overvoltage;;;;;;Regulação;Regulation;;Alarmes;Alarms;;Parâmetro;;;;;
667d5254cdc540e88532310abc5d577c;1;RW;16;TabEscritaRegulacao;Holding register;20004;Analog output;472;10;200;200;1;%;%;;;;;;;Público;Parâmetro de alarme por sobrecorrente;Parameter of alarm due to overcurrent;;;;;;Regulação;Regulation;;Alarmes;Alarms;;Parâmetro;;;;;
0c4fff9154ed41eeb4f7dd6f149099bf;1;RW;16;TabEscritaRegulacao;Holding register;20005;Analog output;473;0;200;10;1;s;s;;;;;;;Público;Parâmetro de temporização alarme sobrecorrente;Parameter of delay value for overcurrent alarm;;;;;;Regulação;Regulation;;Alarmes;Alarms;;Parâmetro;;;;;
29ecf92d75274da8914b7f3367d4a686;1;RW;16;TabEscritaRegulacao;Holding register;20006;Analog output;474;0;3;2;1;;;;0=Desabilitado\1=Azul\2=Amarelo\3=Vermelho;0=Disabled\1=Blue\2=Yellow\3=Red;;;;Público;Parâmetro de classificação do alarme por subtensão;Parameter of alarm classification by undervoltage;;;;;;;;;;;;Debug;;;;;
beac440d550344539e25d2a93392107a;1;RW;16;TabEscritaRegulacao;Holding register;20007;Analog output;475;0;3;2;1;;;;0=Desabilitado\1=Azul\2=Amarelo\3=Vermelho;0=Disabled\1=Blue\2=Yellow\3=Red;;;;Público;Parâmetro de classificação do alarme por sobretensão;Parameter of alarm classification by overvoltage;;;;;;;;;;;;Debug;;;;;
ed527b21d61f4dcb87822de33e034740;1;RW;16;TabEscritaRegulacao;Holding register;20008;Analog output;476;0;3;2;1;;;;0=Desabilitado\1=Azul\2=Amarelo\3=Vermelho;0=Disabled\1=Blue\2=Yellow\3=Red;;;;Público;Parâmetro de classificação do alarme por sobrecorrente;Parameter of alarm classification by overcurrent;;;;;;;;;;;;Debug;;;;;
c45957f8c41543f3acf3ff74a4d4977f;1;RW;16;TabEscritaRegulacao;Holding register;20009;Analog output;477;0;3;3;1;;;;0=Desabilitado\1=Azul\2=Amarelo\3=Vermelho;0=Disabled\1=Blue\2=Yellow\3=Red;;;;Público;Parâmetro de classificação do bloqueio do comutador;Parameter of classification of OLTC block;;;;;;;;;;;;Debug;;;;;
c359c31906a04cd481a52cb53d185084;1;RW;16;TabEscritaRegulacao;Holding register;20010;Analog output;478;5;20;10;10;s;s;;;;;;;Público;Parâmetro de tempo de pulso do comando de regulação;Parameter of regulation command pulse time;;;;;;Regulação;Regulation;;Regulação;Regulation;;Parâmetro;;;;;
;;;;;;;;;;;;;;;;;;;;;;;;;;;;;;;;;;;;;;;;
b2798118ca5f4732b0c2c48858741ae5;1;RW;Bit;TabEscritaBinConjunto1;Coil;20100;Binary output;403;0;1;0;1;;;;0=Linear\1=Inversa;0=Linear\1=Inverted;;;;Público;Parâmetro de tipo de temporização - Conjunto 1;Parameter of timing type - Set 1;;;;;;Regulação;Regulation;;Conjunto 1;Regulation set 1;;Parâmetro;;;;;
e95aacd9f16048a589fb3d86ef46a170;1;RW;Bit;TabEscritaBinConjunto1;Coil;20101;Binary output;404;0;1;0;1;;;;0=RX\1=Z;0=RX\1=Z;;;;Público;Parâmetro de tipo de compensação - Conjunto 1;Parameter of compensation type - Set 1;;;;;;Regulação;Regulation;;Conjunto 1;Regulation set 1;;Parâmetro;;;;;
;;;;;;;;;;;;;;;;;;;;;;;;;;;;;;;;;;;;;;;;
807af34721b643fea0b0aba1c6443989;1;RW;16;TabEscritaConjunto1;Holding register;20100;Analog output;479;100;1750;1150;10;V;V;;;;;;;Público;Parâmetro de tensão nominal - Conjunto 1;Parameter of nominal voltage - Set 1;;;;;;Regulação;Regulation;;Conjunto 1;Regulation set 1;;Parâmetro;;;;;
381bc4074ba84f97b6c164213c77900b;1;RW;16;TabEscritaConjunto1;Holding register;20101;Analog output;480;2;180;10;1;s;s;;;;;;;Público;Parâmetro de tempo subsequente - Conjunto 1;Parameter of subsequent time - Set 1;;;;;;Regulação;Regulation;;Conjunto 1;Regulation set 1;;Parâmetro;;;;;
617d93bbe7f84c06a6e9e476da60ccd7;1;RW;16;TabEscritaConjunto1;Holding register;20102;Analog output;481;-250;250;100;10;V;V;;;;;;;Público;Parâmetro de compensação UR - Conjunto 1;Parameter of UR compensation - Set 1;;;;;;Regulação;Regulation;;Conjunto 1;Regulation set 1;;Parâmetro;;;;;
af07e98ad545449e9445fe90a58f5779;1;RW;16;TabEscritaConjunto1;Holding register;20103;Analog output;482;-250;250;100;10;V;V;;;;;;;Público;Parâmetro de compensação UX - Conjunto 1;Parameter of UX compensation - Set 1;;;;;;Regulação;Regulation;;Conjunto 1;Regulation set 1;;Parâmetro;;;;;
d7e798cf6c9d432da4d0f54209c1e7cc;1;RW;16;TabEscritaConjunto1;Holding register;20104;Analog output;483;0;150;0;10;%;%;;;;;;;Público;Parâmetro de compensação Z - Conjunto 1;Parameter of Z compensation - Set 1;;;;;;Regulação;Regulation;;Conjunto 1;Regulation set 1;;Parâmetro;;;;;
5a00b598631d4b66996bf07e0b2083e8;1;RW;16;TabEscritaConjunto1;Holding register;20105;Analog output;484;0;250;100;10;%;%;;;;;;;Público;Parâmetro de limite compensação - Conjunto 1;Parameter of compensation limit - Set 1;;;;;;Regulação;Regulation;;Conjunto 1;Regulation set 1;;Parâmetro;;;;;
3ba9f46c29364d39bbc7411c966aa8b7;0;RW;16;TabEscritaConjunto1;Holding register;20106;Analog output;485;1;98;25;10;%;%;;;;;;;Público;Parâmetro de desvio entre a tensão medida na carga e a tensão nominal - Degrau 1 - Conjunto 1;Parameter of deviation between the voltage measured at the load and the nominal voltage - Step 1 - Set 1;;;;;;Regulação;Regulation;;Conjunto 1 - Degrau de temporização;Regulation set 1;;Parâmetro;;;;;
9fcef1cb98c145689255cd91bd4b606e;1;RW;16;TabEscritaConjunto1;Holding register;20107;Analog output;486;0;180;15;1;s;s;;;;;;;Público;Parâmetro de temporização para o primeiro comando de subir tensão do comutador - Degrau 1 - Conjunto 1;Parameter of timing for the first OLTC voltage increase command - Step 1 - Set 1;;;;;;Regulação;Regulation;;Conjunto 1 - Degrau de temporização;Regulation set 1;;Parâmetro;;;;;
136c71e545134a429990a30e8295d138;1;RW;16;TabEscritaConjunto1;Holding register;20108;Analog output;487;0;180;15;1;s;s;;;;;;;Público;Parâmetro de temporização para o primeiro comando de baixar tensão do comutador - Degrau 1 - Conjunto 1;Parameter of timing for the first OLTC voltage decrease command - Step 1 - Set 1;;;;;;Regulação;Regulation;;Conjunto 1 - Degrau de temporização;Regulation set 1;;Parâmetro;;;;;
464adfe3896c4af0bf392e49af69730f;0;RW;16;TabEscritaConjunto1;Holding register;20109;Analog output;488;2;99;50;10;%;%;;;;;;;Público;Parâmetro de desvio entre a tensão medida na carga e a tensão nominal - Degrau 2 - Conjunto 1;Parameter of deviation between the voltage measured at the load and the nominal voltage - Step 2 - Set 1;;;;;;Regulação;Regulation;;Conjunto 1 - Degrau de temporização;Regulation set 1;;Parâmetro;;;;;
e89b1283d1714e52943c12a624ed20ca;1;RW;16;TabEscritaConjunto1;Holding register;20110;Analog output;489;0;180;10;1;s;s;;;;;;;Público;Parâmetro de temporização para o primeiro comando de subir tensão do comutador - Degrau 2 - Conjunto 1;Parameter of timing for the first OLTC voltage increase command - Step 2 - Set 1;;;;;;Regulação;Regulation;;Conjunto 1 - Degrau de temporização;Regulation set 1;;Parâmetro;;;;;
5179e3fc1b494cbca72273b56b7213ef;1;RW;16;TabEscritaConjunto1;Holding register;20111;Analog output;490;0;180;10;1;s;s;;;;;;;Público;Parâmetro de temporização para o primeiro comando de baixar tensão do comutador - Degrau 2 - Conjunto 1;Parameter of timing for the first OLTC voltage decrease command - Step 2 - Set 1;;;;;;Regulação;Regulation;;Conjunto 1 - Degrau de temporização;Regulation set 1;;Parâmetro;;;;;
28aabb7aa26848228591d45eaa320cc4;0;RW;16;TabEscritaConjunto1;Holding register;20112;Analog output;491;0;100;100;10;%;%;;;;;;;Público;Parâmetro de desvio entre a tensão medida na carga e a tensão nominal - Degrau 3 - Conjunto 1;Parameter of deviation between the voltage measured at the load and the nominal voltage - Step 3 - Set 1;;;;;;Regulação;Regulation;;Conjunto 1 - Degrau de temporização;Regulation set 1;;Parâmetro;;;;;
ae73d192a806419e888eee0524bc0b8e;1;RW;16;TabEscritaConjunto1;Holding register;20113;Analog output;492;0;180;5;1;s;s;;;;;;;Público;Parâmetro de temporização para o primeiro comando de subir tensão do comutador - Degrau 3 - Conjunto 1;Parameter of timing for the first OLTC voltage increase command - Step 3 - Set 1;;;;;;Regulação;Regulation;;Conjunto 1 - Degrau de temporização;Regulation set 1;;Parâmetro;;;;;
bc2aba88285b42e89e9ea69719ee61bd;1;RW;16;TabEscritaConjunto1;Holding register;20114;Analog output;493;0;180;5;1;s;s;;;;;;;Público;Parâmetro de temporização para o primeiro comando de baixar tensão do comutador - Degrau 3 - Conjunto 1;Parameter of timing for the first OLTC voltage decrease command - Step 3 - Set 1;;;;;;Regulação;Regulation;;Conjunto 1 - Degrau de temporização;Regulation set 1;;Parâmetro;;;;;
;;;;;;;;;;;;;;;;;;;;;;;;;;;;;;;;;;;;;;;;
12fbe32489924744893551063376a4f0;1;RW;Bit;TabEscritaBinConjunto2;Coil;20200;Binary output;405;0;1;0;1;;;;0=Linear\1=Inversa;0=Linear\1=Inverted;;;;Público;Parâmetro de tipo de temporização - Conjunto 2;Parameter of timing type - Set 2;;;;;;Regulação;Regulation;;Conjunto 2;Regulation set 2;;Parâmetro;;;;;
acad54df16da418492fc8d509e24adc9;1;RW;Bit;TabEscritaBinConjunto2;Coil;20201;Binary output;406;0;1;0;1;;;;0=RX\1=Z;0=RX\1=Z;;;;Público;Parâmetro de tipo de compensação - Conjunto 2;Parameter of compensation type - Set 2;;;;;;Regulação;Regulation;;Conjunto 2;Regulation set 2;;Parâmetro;;;;;
cf42f83bbbd949578f0ac51e5067ab73;1;RW;Bit;TabEscritaBinConjunto2;Coil;20202;Binary output;407;0;1;0;1;;;;0=Não\1=Sim;0=No\1=Yes;;;;Público;Parâmetro de habilitação do conjunto de regulação 2;Parameter of enable regulation - Set 2;;;;;;Regulação;Regulation;;Conjunto 2;Regulation set 2;;Parâmetro;;;;;
;;;;;;;;;;;;;;;;;;;;;;;;;;;;;;;;;;;;;;;;
7f8db50c7d014524b4ad7c2569a45b8b;1;RW;16;TabEscritaConjunto2;Holding register;20200;Analog output;494;100;1750;1150;10;V;V;;;;;;;Público;Parâmetro de tensão nominal - Conjunto 2;Parameter of nominal voltage - Set 2;;;;;;Regulação;Regulation;;Conjunto 2;Regulation set 2;;Parâmetro;;;;;
0c45b985dbad4f1c9d3f70001b1b42b4;1;RW;16;TabEscritaConjunto2;Holding register;20201;Analog output;495;2;180;10;1;s;s;;;;;;;Público;Parâmetro de tempo subsequente - Conjunto 2;Parameter of subsequent time - Set 2;;;;;;Regulação;Regulation;;Conjunto 2;Regulation set 2;;Parâmetro;;;;;
dc4eb0a0040f4e10a627bcd6578db9ae;1;RW;16;TabEscritaConjunto2;Holding register;20202;Analog output;496;-250;250;100;10;V;V;;;;;;;Público;Parâmetro de compensação UR - Conjunto 2;Parameter of UR compensation - Set 2;;;;;;Regulação;Regulation;;Conjunto 2;Regulation set 2;;Parâmetro;;;;;
cb0a25f7490b4e1d8979db389bb3398b;1;RW;16;TabEscritaConjunto2;Holding register;20203;Analog output;497;-250;250;100;10;V;V;;;;;;;Público;Parâmetro de compensação UX - Conjunto 2;Parameter of UX compensation - Set 2;;;;;;Regulação;Regulation;;Conjunto 2;Regulation set 2;;Parâmetro;;;;;
2fd9e8f502e24550b5c3c11fd4f2f29f;1;RW;16;TabEscritaConjunto2;Holding register;20204;Analog output;498;0;150;0;10;%;%;;;;;;;Público;Parâmetro de compensação Z - Conjunto 2;Parameter of Z compensation - Set 2;;;;;;Regulação;Regulation;;Conjunto 2;Regulation set 2;;Parâmetro;;;;;
b49c41e2afb44d6d83c40b4e2160e7d3;1;RW;16;TabEscritaConjunto2;Holding register;20205;Analog output;499;0;250;100;10;%;%;;;;;;;Público;Parâmetro de limite compensação - Conjunto 2;Parameter of compensation limit - Set 2;;;;;;Regulação;Regulation;;Conjunto 2;Regulation set 2;;Parâmetro;;;;;
e6b14086f73f4b53974774a5862e4c35;0;RW;16;TabEscritaConjunto2;Holding register;20206;Analog output;500;1;98;25;10;%;%;;;;;;;Público;Parâmetro de desvio entre a tensão medida na carga e a tensão nominal - Degrau 1 - Conjunto 2;Parameter of deviation between the voltage measured at the load and the nominal voltage - Step 1 - Set 2;;;;;;Regulação;Regulation;;Conjunto 2 - Degrau de temporização;Regulation set 2;;Parâmetro;;;;;
35d7ba23280d4d1a86c91b9181666794;1;RW;16;TabEscritaConjunto2;Holding register;20207;Analog output;501;0;180;15;1;s;s;;;;;;;Público;Parâmetro de temporização para o primeiro comando de subir tensão do comutador - Degrau 1 - Conjunto 2;Parameter of timing for the first OLTC voltage increase command - Step 1 - Set 2;;;;;;Regulação;Regulation;;Conjunto 2 - Degrau de temporização;Regulation set 2;;Parâmetro;;;;;
6e0ccf96dd824d0c9c6b09a77a5de6ca;1;RW;16;TabEscritaConjunto2;Holding register;20208;Analog output;502;0;180;15;1;s;s;;;;;;;Público;Parâmetro de temporização para o primeiro comando de baixar tensão do comutador - Degrau 1 - Conjunto 2;Parameter of timing for the first OLTC voltage decrease command - Step 1 - Set 2;;;;;;Regulação;Regulation;;Conjunto 2 - Degrau de temporização;Regulation set 2;;Parâmetro;;;;;
3d56a244302247d2a8beeb329749a352;0;RW;16;TabEscritaConjunto2;Holding register;20209;Analog output;503;2;99;50;10;%;%;;;;;;;Público;Parâmetro de desvio entre a tensão medida na carga e a tensão nominal - Degrau 2 - Conjunto 2;Parameter of deviation between the voltage measured at the load and the nominal voltage - Step 2 - Set 2;;;;;;Regulação;Regulation;;Conjunto 2 - Degrau de temporização;Regulation set 2;;Parâmetro;;;;;
22516a0754cb466ea9be27518e532afd;1;RW;16;TabEscritaConjunto2;Holding register;20210;Analog output;504;0;180;10;1;s;s;;;;;;;Público;Parâmetro de temporização para o primeiro comando de subir tensão do comutador - Degrau 2 - Conjunto 2;Parameter of timing for the first OLTC voltage increase command - Step 2 - Set 2;;;;;;Regulação;Regulation;;Conjunto 2 - Degrau de temporização;Regulation set 2;;Parâmetro;;;;;
23e28fa191a54d25bec4f27044bfc1e5;1;RW;16;TabEscritaConjunto2;Holding register;20211;Analog output;505;0;180;10;1;s;s;;;;;;;Público;Parâmetro de temporização para o primeiro comando de baixar tensão do comutador - Degrau 2 - Conjunto 2;Parameter of timing for the first OLTC voltage decrease command - Step 2 - Set 2;;;;;;Regulação;Regulation;;Conjunto 2 - Degrau de temporização;Regulation set 2;;Parâmetro;;;;;
f595fc6c10f64139aafbedd3c244ad06;0;RW;16;TabEscritaConjunto2;Holding register;20212;Analog output;506;0;100;100;10;%;%;;;;;;;Público;Parâmetro de desvio entre a tensão medida na carga e a tensão nominal - Degrau 3 - Conjunto 2;Parameter of deviation between the voltage measured at the load and the nominal voltage - Step 3 - Set 2;;;;;;Regulação;Regulation;;Conjunto 2 - Degrau de temporização;Regulation set 2;;Parâmetro;;;;;
2112a68deac64729b4c1e3c82eee3d9a;1;RW;16;TabEscritaConjunto2;Holding register;20213;Analog output;507;0;180;5;1;s;s;;;;;;;Público;Parâmetro de temporização para o primeiro comando de subir tensão do comutador - Degrau 3 - Conjunto 2;Parameter of timing for the first OLTC voltage increase command - Step 3 - Set 2;;;;;;Regulação;Regulation;;Conjunto 2 - Degrau de temporização;Regulation set 2;;Parâmetro;;;;;
be5922982d2343f08bdc9d6ad5119693;1;RW;16;TabEscritaConjunto2;Holding register;20214;Analog output;508;0;180;5;1;s;s;;;;;;;Público;Parâmetro de temporização para o primeiro comando de baixar tensão do comutador - Degrau 3 - Conjunto 2;Parameter of timing for the first OLTC voltage decrease command - Step 3 - Set 2;;;;;;Regulação;Regulation;;Conjunto 2 - Degrau de temporização;Regulation set 2;;Parâmetro;;;;;
a5e91dbde4244994a406d0cb5eb82121;1;RW;16;TabEscritaConjunto2;Holding register;20215;Analog output;509;0;6;0;1;;;;0=Dom=Domingo\1=Seg=Segunda\2=Ter=Terça\3=Qua=Quarta\4=Qui=Quinta\5=Sex=Sexta\6=Sab=Sábado;0=Sun=Sunday\1=Mon=Monday\2=Thu=Thuesday\3=Wed=Wednesday\4=Thur=Thursday\5=Fry=Fryday\6=Sat=Saturday;;;;Público;Parâmetro de faixa horária para ativação do conjunto - Dia de início - Conjunto 2;Parameter of time slot for set activation - Start day - Set 2;;;;;;Regulação;Regulation;;Conjunto 2 - Faixa horária;Regulation set 2;;Parâmetro;;;;;
25df87b016bf47daa035fc6bacf6dd08;1;RW;16;TabEscritaConjunto2;Holding register;20216;Analog output;510;0;23;0;1;h;h;;;;;;;Público;Parâmetro de faixa horária para ativação do conjunto - Hora de início - Conjunto 2;Parameter of time slot for set activation - Start hour - Set 2;;;;;;Regulação;Regulation;;Conjunto 2 - Faixa horária;Regulation set 2;;Parâmetro;;;;;
7e3503b32bde484dbdff12509c75f874;1;RW;16;TabEscritaConjunto2;Holding register;20217;Analog output;511;0;59;0;1;min;min;;;;;;;Público;Parâmetro de faixa horária para ativação do conjunto - Minuto de início - Conjunto 2;Parameter of time range for set activation - Start minute - Set 2;;;;;;Regulação;Regulation;;Conjunto 2 - Faixa horária;Regulation set 2;;Parâmetro;;;;;
d6949318b7174376bd362d06ffb69354;1;RW;16;TabEscritaConjunto2;Holding register;20218;Analog output;512;0;6;0;1;;;;0=Dom=Domingo\1=Seg=Segunda\2=Ter=Terça\3=Qua=Quarta\4=Qui=Quinta\5=Sex=Sexta\6=Sab=Sábado;0=Sun=Sunday\1=Mon=Monday\2=Thu=Thuesday\3=Wed=Wednesday\4=Thur=Thursday\5=Fry=Fryday\6=Sat=Saturday;;;;Público;Parâmetro de faixa horária para ativação do conjunto - Dia de término - Conjunto 2;Parameter of time slot for set activation - End day - Set 2;;;;;;Regulação;Regulation;;Conjunto 2 - Faixa horária;Regulation set 2;;Parâmetro;;;;;
cab1901548a54f6f844add887c5e3663;1;RW;16;TabEscritaConjunto2;Holding register;20219;Analog output;513;0;23;0;1;h;h;;;;;;;Público;Parâmetro de faixa horária para ativação do conjunto - Hora de término - Conjunto 2;Parameter of time slot for set activation - End hour - Set 2;;;;;;Regulação;Regulation;;Conjunto 2 - Faixa horária;Regulation set 2;;Parâmetro;;;;;
f00ce0e9128646d08536ac87cdf8e6cc;1;RW;16;TabEscritaConjunto2;Holding register;20220;Analog output;514;0;59;0;1;min;min;;;;;;;Público;Parâmetro de faixa horária para ativação do conjunto - Minuto de término - Conjunto 2;Parameter of time range for set activation - End minute - Set2;;;;;;Regulação;Regulation;;Conjunto 2 - Faixa horária;Regulation set 2;;Parâmetro;;;;;
;;;;;;;;;;;;;;;;;;;;;;;;;;;;;;;;;;;;;;;;
2092d1fcbb5643f59f280e4092b93cd4;1;RW;Bit;TabEscritaBinConjunto3;Coil;20300;Binary output;408;0;1;0;1;;;;0=Linear\1=Inversa;0=Linear\1=Inverted;;;;Público;Parâmetro de tipo de temporização - Conjunto 3;Parameter of timing type - Set 3;;;;;;Regulação;Regulation;;Conjunto 3;Regulation set 3;;Parâmetro;;;;;
fdff7696e82c4873afddf3c08594ba0c;1;RW;Bit;TabEscritaBinConjunto3;Coil;20301;Binary output;409;0;1;0;1;;;;0=RX\1=Z;0=RX\1=Z;;;;Público;Parâmetro de tipo de compensação - Conjunto 3;Parameter of compensation type - Set 3;;;;;;Regulação;Regulation;;Conjunto 3;Regulation set 3;;Parâmetro;;;;;
c92666bd3ed74d1fafb86cc465e548d8;1;RW;Bit;TabEscritaBinConjunto3;Coil;20302;Binary output;410;0;1;0;1;;;;0=Não\1=Sim;0=No\1=Yes;;;;Público;Parâmetro de habilitação do conjunto de regulação 3;Parameter of enable regulation - Set 3;;;;;;Regulação;Regulation;;Conjunto 3;Regulation set 3;;Parâmetro;;;;;
;;;;;;;;;;;;;;;;;;;;;;;;;;;;;;;;;;;;;;;;
7f1a081a84584a2ab9610a2878430b5c;1;RW;16;TabEscritaConjunto3;Holding register;20300;Analog output;515;100;1750;1150;10;V;V;;;;;;;Público;Parâmetro de tensão nominal - Conjunto 3;Parameter of nominal voltage - Set 3;;;;;;Regulação;Regulation;;Conjunto 3;Regulation set 3;;Parâmetro;;;;;
8d8b5066f1904d62a15b01234070c562;1;RW;16;TabEscritaConjunto3;Holding register;20301;Analog output;516;2;180;10;1;s;s;;;;;;;Público;Parâmetro de tempo subsequente - Conjunto 3;Parameter of subsequent time - Set 3;;;;;;Regulação;Regulation;;Conjunto 3;Regulation set 3;;Parâmetro;;;;;
868510ce58294dd88f87072a2fdfcaa0;1;RW;16;TabEscritaConjunto3;Holding register;20302;Analog output;517;-250;250;100;10;V;V;;;;;;;Público;Parâmetro de compensação UR - Conjunto 3;Parameter of UR compensation - Set 3;;;;;;Regulação;Regulation;;Conjunto 3;Regulation set 3;;Parâmetro;;;;;
b3b97ef84b92470a801bc680525ab917;1;RW;16;TabEscritaConjunto3;Holding register;20303;Analog output;518;-250;250;100;10;V;V;;;;;;;Público;Parâmetro de compensação UX - Conjunto 3;Parameter of UX compensation - Set 3;;;;;;Regulação;Regulation;;Conjunto 3;Regulation set 3;;Parâmetro;;;;;
e1cbf9f0308c477e9369f8652614c713;1;RW;16;TabEscritaConjunto3;Holding register;20304;Analog output;519;0;150;0;10;%;%;;;;;;;Público;Parâmetro de compensação Z - Conjunto 3;Parameter of Z compensation - Set 3;;;;;;Regulação;Regulation;;Conjunto 3;Regulation set 3;;Parâmetro;;;;;
fab8216c40c1451da7f74ba772eab81f;1;RW;16;TabEscritaConjunto3;Holding register;20305;Analog output;520;0;250;100;10;%;%;;;;;;;Público;Parâmetro de limite compensação - Conjunto 3;Parameter of compensation limit - Set 3;;;;;;Regulação;Regulation;;Conjunto 3;Regulation set 3;;Parâmetro;;;;;
042f4ca610a544d7b0de809cf8d0db1f;0;RW;16;TabEscritaConjunto3;Holding register;20306;Analog output;521;1;98;25;10;%;%;;;;;;;Público;Parâmetro de desvio entre a tensão medida na carga e a tensão nominal - Degrau 1 - Conjunto 3;Parameter of deviation between the voltage measured at the load and the nominal voltage - Step 1 - Set 3;;;;;;Regulação;Regulation;;Conjunto 3 - Degrau de temporização;Regulation set 3;;Parâmetro;;;;;
f0951b5fab1341e7b02d08ab2a77ae2a;1;RW;16;TabEscritaConjunto3;Holding register;20307;Analog output;522;0;180;15;1;s;s;;;;;;;Público;Parâmetro de temporização para o primeiro comando de subir tensão do comutador - Degrau 1 - Conjunto 3;Parameter of timing for the first OLTC voltage increase command - Step 1 - Set 3;;;;;;Regulação;Regulation;;Conjunto 3 - Degrau de temporização;Regulation set 3;;Parâmetro;;;;;
7345a79d860c481fa96ffe03099c7a33;1;RW;16;TabEscritaConjunto3;Holding register;20308;Analog output;523;0;180;15;1;s;s;;;;;;;Público;Parâmetro de temporização para o primeiro comando de baixar tensão do comutador - Degrau 1 - Conjunto 3;Parameter of timing for the first OLTC voltage decrease command - Step 1 - Set 3;;;;;;Regulação;Regulation;;Conjunto 3 - Degrau de temporização;Regulation set 3;;Parâmetro;;;;;
dacfc8a1ffc1490fa6f16b74f3c79d26;0;RW;16;TabEscritaConjunto3;Holding register;20309;Analog output;524;2;99;50;10;%;%;;;;;;;Público;Parâmetro de desvio entre a tensão medida na carga e a tensão nominal - Degrau 2 - Conjunto 3;Parameter of deviation between the voltage measured at the load and the nominal voltage - Step 2 - Set 3;;;;;;Regulação;Regulation;;Conjunto 3 - Degrau de temporização;Regulation set 3;;Parâmetro;;;;;
2d30fbab338248338f85e26eb54ece7e;1;RW;16;TabEscritaConjunto3;Holding register;20310;Analog output;525;0;180;10;1;s;s;;;;;;;Público;Parâmetro de temporização para o primeiro comando de subir tensão do comutador - Degrau 2 - Conjunto 3;Parameter of timing for the first OLTC voltage increase command - Step 2 - Set 3;;;;;;Regulação;Regulation;;Conjunto 3 - Degrau de temporização;Regulation set 3;;Parâmetro;;;;;
3af1b0def6234151853351588087a31c;1;RW;16;TabEscritaConjunto3;Holding register;20311;Analog output;526;0;180;10;1;s;s;;;;;;;Público;Parâmetro de temporização para o primeiro comando de baixar tensão do comutador - Degrau 2 - Conjunto 3;Parameter of timing for the first OLTC voltage decrease command - Step 2 - Set 3;;;;;;Regulação;Regulation;;Conjunto 3 - Degrau de temporização;Regulation set 3;;Parâmetro;;;;;
727514397c0247269d2aace7c783f81e;0;RW;16;TabEscritaConjunto3;Holding register;20312;Analog output;527;0;100;100;10;%;%;;;;;;;Público;Parâmetro de desvio entre a tensão medida na carga e a tensão nominal - Degrau 3 - Conjunto 3;Parameter of deviation between the voltage measured at the load and the nominal voltage - Step 3 - Set 3;;;;;;Regulação;Regulation;;Conjunto 3 - Degrau de temporização;Regulation set 3;;Parâmetro;;;;;
4bdf8fcce1924ac7a0fc7594f79672d3;1;RW;16;TabEscritaConjunto3;Holding register;20313;Analog output;528;0;180;5;1;s;s;;;;;;;Público;Parâmetro de temporização para o primeiro comando de subir tensão do comutador - Degrau 3 - Conjunto 3;Parameter of timing for the first OLTC voltage increase command - Step 3 - Set 3;;;;;;Regulação;Regulation;;Conjunto 3 - Degrau de temporização;Regulation set 3;;Parâmetro;;;;;
98d750e5c9074003a4aaa453f68abb5a;1;RW;16;TabEscritaConjunto3;Holding register;20314;Analog output;529;0;180;5;1;s;s;;;;;;;Público;Parâmetro de temporização para o primeiro comando de baixar tensão do comutador - Degrau 3 - Conjunto 3;Parameter of timing for the first OLTC voltage decrease command - Step 3 - Set 3;;;;;;Regulação;Regulation;;Conjunto 3 - Degrau de temporização;Regulation set 3;;Parâmetro;;;;;
74d115a080b2479694773ca853f81cdc;1;RW;16;TabEscritaConjunto3;Holding register;20315;Analog output;530;0;6;0;1;;;;0=Dom=Domingo\1=Seg=Segunda\2=Ter=Terça\3=Qua=Quarta\4=Qui=Quinta\5=Sex=Sexta\6=Sab=Sábado;0=Sun=Sunday\1=Mon=Monday\2=Thu=Thuesday\3=Wed=Wednesday\4=Thur=Thursday\5=Fry=Fryday\6=Sat=Saturday;;;;Público;Parâmetro de faixa horária para ativação do conjunto - Dia de início - Conjunto 3;Parameter of time slot for set activation - Start day - Set 3;;;;;;Regulação;Regulation;;Conjunto 3 - Faixa horária;Regulation set 3;;Parâmetro;;;;;
ea0a2f5d7c95407abad27bdcffaa82bd;1;RW;16;TabEscritaConjunto3;Holding register;20316;Analog output;531;0;23;0;1;h;h;;;;;;;Público;Parâmetro de faixa horária para ativação do conjunto - Hora de início - Conjunto 3;Parameter of time slot for set activation - Start hour - Set 3;;;;;;Regulação;Regulation;;Conjunto 3 - Faixa horária;Regulation set 3;;Parâmetro;;;;;
799669643fec46c68a64719b5128fdd9;1;RW;16;TabEscritaConjunto3;Holding register;20317;Analog output;532;0;59;0;1;min;min;;;;;;;Público;Parâmetro de faixa horária para ativação do conjunto - Minuto de início - Conjunto 3;Parameter of time range for set activation - Start minute - Set 3;;;;;;Regulação;Regulation;;Conjunto 3 - Faixa horária;Regulation set 3;;Parâmetro;;;;;
01477ed1005443c1884e4583a5d5af5f;1;RW;16;TabEscritaConjunto3;Holding register;20318;Analog output;533;0;6;0;1;;;;0=Dom=Domingo\1=Seg=Segunda\2=Ter=Terça\3=Qua=Quarta\4=Qui=Quinta\5=Sex=Sexta\6=Sab=Sábado;0=Sun=Sunday\1=Mon=Monday\2=Thu=Thuesday\3=Wed=Wednesday\4=Thur=Thursday\5=Fry=Fryday\6=Sat=Saturday;;;;Público;Parâmetro de faixa horária para ativação do conjunto - Dia de término - Conjunto 3;Parameter of time slot for set activation - End day - Set 3;;;;;;Regulação;Regulation;;Conjunto 3 - Faixa horária;Regulation set 3;;Parâmetro;;;;;
b682ca7b511b4cc18c236f95d0f550d4;1;RW;16;TabEscritaConjunto3;Holding register;20319;Analog output;534;0;23;0;1;h;h;;;;;;;Público;Parâmetro de faixa horária para ativação do conjunto - Hora de término - Conjunto 3;Parameter of time slot for set activation - End hour - Set 3;;;;;;Regulação;Regulation;;Conjunto 3 - Faixa horária;Regulation set 3;;Parâmetro;;;;;
1ee401d77be3471b837496e6952b2805;1;RW;16;TabEscritaConjunto3;Holding register;20320;Analog output;535;0;59;0;1;min;min;;;;;;;Público;Parâmetro de faixa horária para ativação do conjunto - Minuto de término - Conjunto 3;Parameter of time range for set activation - End minute - Set3;;;;;;Regulação;Regulation;;Conjunto 3 - Faixa horária;Regulation set 3;;Parâmetro;;;;;
;;;;;;;;;;;;;;;;;;;;;;;;;;;;;;;;;;;;;;;;
cf726a659ed841659fe08f16d8072dc3;1;RW;Bit;TabEscritaBinConjunto4;Coil;20400;Binary output;411;0;1;0;1;;;;0=Linear\1=Inversa;0=Linear\1=Inverted;;;;Público;Parâmetro de tipo de temporização - Conjunto 4;Parameter of timing type - Set 4;;;;;;Regulação;Regulation;;Conjunto 4;Regulation set 4;;Parâmetro;;;;;
fe376f57a28549368f08042f9525714d;1;RW;Bit;TabEscritaBinConjunto4;Coil;20401;Binary output;412;0;1;0;1;;;;0=RX\1=Z;0=RX\1=Z;;;;Público;Parâmetro de tipo de compensação - Conjunto 4;Parameter of compensation type - Set 4;;;;;;Regulação;Regulation;;Conjunto 4;Regulation set 4;;Parâmetro;;;;;
f6dc9fe1ec884bc6903ef9dbb03577f9;1;RW;Bit;TabEscritaBinConjunto4;Coil;20402;Binary output;413;0;1;0;1;;;;0=Não\1=Sim;0=No\1=Yes;;;;Público;Parâmetro de habilitação do conjunto de regulação 4;Parameter of enable regulation - Set 4;;;;;;Regulação;Regulation;;Conjunto 4;Regulation set 4;;Parâmetro;;;;;
;;;;;;;;;;;;;;;;;;;;;;;;;;;;;;;;;;;;;;;;
85d9081256cd490ea239c49ec2508ce0;1;RW;16;TabEscritaConjunto4;Holding register;20400;Analog output;536;100;1750;1150;10;V;V;;;;;;;Público;Parâmetro de tensão nominal - Conjunto 4;Parameter of nominal voltage - Set 4;;;;;;Regulação;Regulation;;Conjunto 4;Regulation set 4;;Parâmetro;;;;;
18d9976badda4ccf84babfc08b9b8535;1;RW;16;TabEscritaConjunto4;Holding register;20401;Analog output;537;2;180;10;1;s;s;;;;;;;Público;Parâmetro de tempo subsequente - Conjunto 4;Parameter of subsequent time - Set 4;;;;;;Regulação;Regulation;;Conjunto 4;Regulation set 4;;Parâmetro;;;;;
a6214053422346cb82b25a66df26e53d;1;RW;16;TabEscritaConjunto4;Holding register;20402;Analog output;538;-250;250;100;10;V;V;;;;;;;Público;Parâmetro de compensação UR - Conjunto 4;Parameter of UR compensation - Set 4;;;;;;Regulação;Regulation;;Conjunto 4;Regulation set 4;;Parâmetro;;;;;
64a80f7f4b4749ca82f78be649ee7bd2;1;RW;16;TabEscritaConjunto4;Holding register;20403;Analog output;539;-250;250;100;10;V;V;;;;;;;Público;Parâmetro de compensação UX - Conjunto 4;Parameter of UX compensation - Set 4;;;;;;Regulação;Regulation;;Conjunto 4;Regulation set 4;;Parâmetro;;;;;
841f0feb9aa449718ea19697e228203b;1;RW;16;TabEscritaConjunto4;Holding register;20404;Analog output;540;0;150;0;10;%;%;;;;;;;Público;Parâmetro de compensação Z - Conjunto 4;Parameter of Z compensation - Set 4;;;;;;Regulação;Regulation;;Conjunto 4;Regulation set 4;;Parâmetro;;;;;
c8c7a8ee6e1e48ac94a1c97909a25948;1;RW;16;TabEscritaConjunto4;Holding register;20405;Analog output;541;0;250;100;10;%;%;;;;;;;Público;Parâmetro de limite compensação - Conjunto 4;Parameter of compensation limit - Set 4;;;;;;Regulação;Regulation;;Conjunto 4;Regulation set 4;;Parâmetro;;;;;
2a5c78fc2dfa47f899df268a11a11e6f;0;RW;16;TabEscritaConjunto4;Holding register;20406;Analog output;542;1;98;25;10;%;%;;;;;;;Público;Parâmetro de desvio entre a tensão medida na carga e a tensão nominal - Degrau 1 - Conjunto 4;Parameter of deviation between the voltage measured at the load and the nominal voltage - Step 1 - Set 4;;;;;;Regulação;Regulation;;Conjunto 4 - Degrau de temporização;Regulation set 4;;Parâmetro;;;;;
527882a8a3224cf8ad69ee54a3482e4d;1;RW;16;TabEscritaConjunto4;Holding register;20407;Analog output;543;0;180;15;1;s;s;;;;;;;Público;Parâmetro de temporização para o primeiro comando de subir tensão do comutador - Degrau 1 - Conjunto 4;Parameter of timing for the first OLTC voltage increase command - Step 1 - Set 4;;;;;;Regulação;Regulation;;Conjunto 4 - Degrau de temporização;Regulation set 4;;Parâmetro;;;;;
aa1e2e24b2ef438ca18e662a7f9ff6a0;1;RW;16;TabEscritaConjunto4;Holding register;20408;Analog output;544;0;180;15;1;s;s;;;;;;;Público;Parâmetro de temporização para o primeiro comando de baixar tensão do comutador - Degrau 1 - Conjunto 4;Parameter of timing for the first OLTC voltage decrease command - Step 1 - Set 4;;;;;;Regulação;Regulation;;Conjunto 4 - Degrau de temporização;Regulation set 4;;Parâmetro;;;;;
abfb9f229d4b4993bdec546bfff0069a;0;RW;16;TabEscritaConjunto4;Holding register;20409;Analog output;545;2;99;50;10;%;%;;;;;;;Público;Parâmetro de desvio entre a tensão medida na carga e a tensão nominal - Degrau 2 - Conjunto 4;Parameter of deviation between the voltage measured at the load and the nominal voltage - Step 2 - Set 4;;;;;;Regulação;Regulation;;Conjunto 4 - Degrau de temporização;Regulation set 4;;Parâmetro;;;;;
dcd5d7e33cd04483a9c55d4a0ae8d047;1;RW;16;TabEscritaConjunto4;Holding register;20410;Analog output;546;0;180;10;1;s;s;;;;;;;Público;Parâmetro de temporização para o primeiro comando de subir tensão do comutador - Degrau 2 - Conjunto 4;Parameter of timing for the first OLTC voltage increase command - Step 2 - Set 4;;;;;;Regulação;Regulation;;Conjunto 4 - Degrau de temporização;Regulation set 4;;Parâmetro;;;;;
698a557322694d03b4d45d7968ef7195;1;RW;16;TabEscritaConjunto4;Holding register;20411;Analog output;547;0;180;10;1;s;s;;;;;;;Público;Parâmetro de temporização para o primeiro comando de baixar tensão do comutador - Degrau 2 - Conjunto 4;Parameter of timing for the first OLTC voltage decrease command - Step 2 - Set 4;;;;;;Regulação;Regulation;;Conjunto 4 - Degrau de temporização;Regulation set 4;;Parâmetro;;;;;
df731267b49d4177938d52cb8ee48b74;0;RW;16;TabEscritaConjunto4;Holding register;20412;Analog output;548;0;100;100;10;%;%;;;;;;;Público;Parâmetro de desvio entre a tensão medida na carga e a tensão nominal - Degrau 3 - Conjunto 4;Parameter of deviation between the voltage measured at the load and the nominal voltage - Step 3 - Set 4;;;;;;Regulação;Regulation;;Conjunto 4 - Degrau de temporização;Regulation set 4;;Parâmetro;;;;;
9625d6001e6f41ffb78fadf2d92805df;1;RW;16;TabEscritaConjunto4;Holding register;20413;Analog output;549;0;180;5;1;s;s;;;;;;;Público;Parâmetro de temporização para o primeiro comando de subir tensão do comutador - Degrau 3 - Conjunto 4;Parameter of timing for the first OLTC voltage increase command - Step 3 - Set 4;;;;;;Regulação;Regulation;;Conjunto 4 - Degrau de temporização;Regulation set 4;;Parâmetro;;;;;
9114a0f982d44c2ba01e86350896136c;1;RW;16;TabEscritaConjunto4;Holding register;20414;Analog output;550;0;180;5;1;s;s;;;;;;;Público;Parâmetro de temporização para o primeiro comando de baixar tensão do comutador - Degrau 3 - Conjunto 4;Parameter of timing for the first OLTC voltage decrease command - Step 3 - Set 4;;;;;;Regulação;Regulation;;Conjunto 4 - Degrau de temporização;Regulation set 4;;Parâmetro;;;;;
69269b783d684cfe943f138954cc8055;1;RW;16;TabEscritaConjunto4;Holding register;20415;Analog output;551;0;6;0;1;;;;0=Dom=Domingo\1=Seg=Segunda\2=Ter=Terça\3=Qua=Quarta\4=Qui=Quinta\5=Sex=Sexta\6=Sab=Sábado;0=Sun=Sunday\1=Mon=Monday\2=Thu=Thuesday\3=Wed=Wednesday\4=Thur=Thursday\5=Fry=Fryday\6=Sat=Saturday;;;;Público;Parâmetro de faixa horária para ativação do conjunto - Dia de início - Conjunto 4;Parameter of time slot for set activation - Start day - Set 4;;;;;;Regulação;Regulation;;Conjunto 4 - Faixa horária;Regulation set 4;;Parâmetro;;;;;
58c33b66782b441987aa4f7f1a65f472;1;RW;16;TabEscritaConjunto4;Holding register;20416;Analog output;552;0;23;0;1;h;h;;;;;;;Público;Parâmetro de faixa horária para ativação do conjunto - Hora de início - Conjunto 4;Parameter of time slot for set activation - Start hour - Set 4;;;;;;Regulação;Regulation;;Conjunto 4 - Faixa horária;Regulation set 4;;Parâmetro;;;;;
88594ea15bcb4b3d8e377ce4f79b6808;1;RW;16;TabEscritaConjunto4;Holding register;20417;Analog output;553;0;59;0;1;min;min;;;;;;;Público;Parâmetro de faixa horária para ativação do conjunto - Minuto de início - Conjunto 4;Parameter of time range for set activation - Start minute - Set 4;;;;;;Regulação;Regulation;;Conjunto 4 - Faixa horária;Regulation set 4;;Parâmetro;;;;;
2442ac534c824bf28aefb000975697bf;1;RW;16;TabEscritaConjunto4;Holding register;20418;Analog output;554;0;6;0;1;;;;0=Dom=Domingo\1=Seg=Segunda\2=Ter=Terça\3=Qua=Quarta\4=Qui=Quinta\5=Sex=Sexta\6=Sab=Sábado;0=Sun=Sunday\1=Mon=Monday\2=Thu=Thuesday\3=Wed=Wednesday\4=Thur=Thursday\5=Fry=Fryday\6=Sat=Saturday;;;;Público;Parâmetro de faixa horária para ativação do conjunto - Dia de término - Conjunto 4;Parameter of time slot for set activation - End day - Set 4;;;;;;Regulação;Regulation;;Conjunto 4 - Faixa horária;Regulation set 4;;Parâmetro;;;;;
d069d2af1c194bcc824cc48e70409276;1;RW;16;TabEscritaConjunto4;Holding register;20419;Analog output;555;0;23;0;1;h;h;;;;;;;Público;Parâmetro de faixa horária para ativação do conjunto - Hora de término - Conjunto 4;Parameter of time slot for set activation - End hour - Set 4;;;;;;Regulação;Regulation;;Conjunto 4 - Faixa horária;Regulation set 4;;Parâmetro;;;;;
c9c433b1ca4f4397a299a8f0d86eeff8;1;RW;16;TabEscritaConjunto4;Holding register;20420;Analog output;556;0;59;0;1;min;min;;;;;;;Público;Parâmetro de faixa horária para ativação do conjunto - Minuto de término - Conjunto 4;Parameter of time range for set activation - End minute - Set4;;;;;;Regulação;Regulation;;Conjunto 4 - Faixa horária;Regulation set 4;;Parâmetro;;;;;
;;;;;;;;;;;;;;;;;;;;;;;;;;;;;;;;;;;;;;;;
84bba10d3708471da9c5b61fa74eb567;1;RW;Bit;TabEscritaBinConjunto5;Coil;20500;Binary output;414;0;1;0;1;;;;0=Linear\1=Inversa;0=Linear\1=Inverted;;;;Público;Parâmetro de tipo de temporização - Conjunto 5;Parameter of timing type - Set 5;;;;;;Regulação;Regulation;;Conjunto 5;Regulation set 5;;Parâmetro;;;;;
0e0e0ee271024cd5ae8894eccecc1d62;1;RW;Bit;TabEscritaBinConjunto5;Coil;20501;Binary output;415;0;1;0;1;;;;0=RX\1=Z;0=RX\1=Z;;;;Público;Parâmetro de tipo de compensação - Conjunto 5;Parameter of compensation type - Set 5;;;;;;Regulação;Regulation;;Conjunto 5;Regulation set 5;;Parâmetro;;;;;
e72fda2e061b4b4abe920687553e1ff7;1;RW;Bit;TabEscritaBinConjunto5;Coil;20502;Binary output;416;0;1;0;1;;;;0=Não\1=Sim;0=No\1=Yes;;;;Público;Parâmetro de habilitação do conjunto de regulação 5;Parameter of enable regulation - Set 5;;;;;;Regulação;Regulation;;Conjunto 5;Regulation set 5;;Parâmetro;;;;;
;;;;;;;;;;;;;;;;;;;;;;;;;;;;;;;;;;;;;;;;
15acba88d19a4dd09c67c0e2e07d3c8b;1;RW;16;TabEscritaConjunto5;Holding register;20500;Analog output;557;100;1750;1150;10;V;V;;;;;;;Público;Parâmetro de tensão nominal - Conjunto 5;Parameter of nominal voltage - Set 5;;;;;;Regulação;Regulation;;Conjunto 5;Regulation set 5;;Parâmetro;;;;;
259b180a880e4f25b9a31fb788c191f8;1;RW;16;TabEscritaConjunto5;Holding register;20501;Analog output;558;2;180;10;1;s;s;;;;;;;Público;Parâmetro de tempo subsequente - Conjunto 5;Parameter of subsequent time - Set 5;;;;;;Regulação;Regulation;;Conjunto 5;Regulation set 5;;Parâmetro;;;;;
af977ef4b62c4bd0b21badcee713b2a7;1;RW;16;TabEscritaConjunto5;Holding register;20502;Analog output;559;-250;250;100;10;V;V;;;;;;;Público;Parâmetro de compensação UR - Conjunto 5;Parameter of UR compensation - Set 5;;;;;;Regulação;Regulation;;Conjunto 5;Regulation set 5;;Parâmetro;;;;;
a0e9fb93e21d4c6dae91d5e43b6e0901;1;RW;16;TabEscritaConjunto5;Holding register;20503;Analog output;560;-250;250;100;10;V;V;;;;;;;Público;Parâmetro de compensação UX - Conjunto 5;Parameter of UX compensation - Set 5;;;;;;Regulação;Regulation;;Conjunto 5;Regulation set 5;;Parâmetro;;;;;
c84180299bac42e7b19d46a4ba40e036;1;RW;16;TabEscritaConjunto5;Holding register;20504;Analog output;561;0;150;0;10;%;%;;;;;;;Público;Parâmetro de compensação Z - Conjunto 5;Parameter of Z compensation - Set 5;;;;;;Regulação;Regulation;;Conjunto 5;Regulation set 5;;Parâmetro;;;;;
0a320946796b486aaa89d8b7516a0101;1;RW;16;TabEscritaConjunto5;Holding register;20505;Analog output;562;0;250;100;10;%;%;;;;;;;Público;Parâmetro de limite compensação - Conjunto 5;Parameter of compensation limit - Set 5;;;;;;Regulação;Regulation;;Conjunto 5;Regulation set 5;;Parâmetro;;;;;
781fa05c0363481d9b2465d4f24ef4b4;0;RW;16;TabEscritaConjunto5;Holding register;20506;Analog output;563;1;98;25;10;%;%;;;;;;;Público;Parâmetro de desvio entre a tensão medida na carga e a tensão nominal - Degrau 1 - Conjunto 5;Parameter of deviation between the voltage measured at the load and the nominal voltage - Step 1 - Set 5;;;;;;Regulação;Regulation;;Conjunto 5 - Degrau de temporização;Regulation set 5;;Parâmetro;;;;;
22ce4b18434849108504c7623d8ed262;1;RW;16;TabEscritaConjunto5;Holding register;20507;Analog output;564;0;180;15;1;s;s;;;;;;;Público;Parâmetro de temporização para o primeiro comando de subir tensão do comutador - Degrau 1 - Conjunto 5;Parameter of timing for the first OLTC voltage increase command - Step 1 - Set 5;;;;;;Regulação;Regulation;;Conjunto 5 - Degrau de temporização;Regulation set 5;;Parâmetro;;;;;
99875b754fba4307b90ac654f337a893;1;RW;16;TabEscritaConjunto5;Holding register;20508;Analog output;565;0;180;15;1;s;s;;;;;;;Público;Parâmetro de temporização para o primeiro comando de baixar tensão do comutador - Degrau 1 - Conjunto 5;Parameter of timing for the first OLTC voltage decrease command - Step 1 - Set 5;;;;;;Regulação;Regulation;;Conjunto 5 - Degrau de temporização;Regulation set 5;;Parâmetro;;;;;
20685d80afec472c8cff0faafbe48255;0;RW;16;TabEscritaConjunto5;Holding register;20509;Analog output;566;2;99;50;10;%;%;;;;;;;Público;Parâmetro de desvio entre a tensão medida na carga e a tensão nominal - Degrau 2 - Conjunto 5;Parameter of deviation between the voltage measured at the load and the nominal voltage - Step 2 - Set 5;;;;;;Regulação;Regulation;;Conjunto 5 - Degrau de temporização;Regulation set 5;;Parâmetro;;;;;
5ec9fdfdf86c4204b59dc1ef21dfad6c;1;RW;16;TabEscritaConjunto5;Holding register;20510;Analog output;567;0;180;10;1;s;s;;;;;;;Público;Parâmetro de temporização para o primeiro comando de subir tensão do comutador - Degrau 2 - Conjunto 5;Parameter of timing for the first OLTC voltage increase command - Step 2 - Set 5;;;;;;Regulação;Regulation;;Conjunto 5 - Degrau de temporização;Regulation set 5;;Parâmetro;;;;;
68b08b2cc08a4101ac0ade6a8fbf0a40;1;RW;16;TabEscritaConjunto5;Holding register;20511;Analog output;568;0;180;10;1;s;s;;;;;;;Público;Parâmetro de temporização para o primeiro comando de baixar tensão do comutador - Degrau 2 - Conjunto 5;Parameter of timing for the first OLTC voltage decrease command - Step 2 - Set 5;;;;;;Regulação;Regulation;;Conjunto 5 - Degrau de temporização;Regulation set 5;;Parâmetro;;;;;
ba9e0eafe18b4288a589b5e288876316;0;RW;16;TabEscritaConjunto5;Holding register;20512;Analog output;569;0;100;100;10;%;%;;;;;;;Público;Parâmetro de desvio entre a tensão medida na carga e a tensão nominal - Degrau 3 - Conjunto 5;Parameter of deviation between the voltage measured at the load and the nominal voltage - Step 3 - Set 5;;;;;;Regulação;Regulation;;Conjunto 5 - Degrau de temporização;Regulation set 5;;Parâmetro;;;;;
80892d48a41e4aceaf639e8fed764c68;1;RW;16;TabEscritaConjunto5;Holding register;20513;Analog output;570;0;180;5;1;s;s;;;;;;;Público;Parâmetro de temporização para o primeiro comando de subir tensão do comutador - Degrau 3 - Conjunto 5;Parameter of timing for the first OLTC voltage increase command - Step 3 - Set 5;;;;;;Regulação;Regulation;;Conjunto 5 - Degrau de temporização;Regulation set 5;;Parâmetro;;;;;
e9e819e8fa9d4bc28657a584bf589514;1;RW;16;TabEscritaConjunto5;Holding register;20514;Analog output;571;0;180;5;1;s;s;;;;;;;Público;Parâmetro de temporização para o primeiro comando de baixar tensão do comutador - Degrau 3 - Conjunto 5;Parameter of timing for the first OLTC voltage decrease command - Step 3 - Set 5;;;;;;Regulação;Regulation;;Conjunto 5 - Degrau de temporização;Regulation set 5;;Parâmetro;;;;;
3944b0d6096048a495d8bf99ed483f41;1;RW;16;TabEscritaConjunto5;Holding register;20515;Analog output;572;0;6;0;1;;;;0=Dom=Domingo\1=Seg=Segunda\2=Ter=Terça\3=Qua=Quarta\4=Qui=Quinta\5=Sex=Sexta\6=Sab=Sábado;0=Sun=Sunday\1=Mon=Monday\2=Thu=Thuesday\3=Wed=Wednesday\4=Thur=Thursday\5=Fry=Fryday\6=Sat=Saturday;;;;Público;Parâmetro de faixa horária para ativação do conjunto - Dia de início - Conjunto 5;Parameter of time slot for set activation - Start day - Set 5;;;;;;Regulação;Regulation;;Conjunto 5 - Faixa horária;Regulation set 5;;Parâmetro;;;;;
e10db670e6ad4f80b13705964a2da117;1;RW;16;TabEscritaConjunto5;Holding register;20516;Analog output;573;0;23;0;1;h;h;;;;;;;Público;Parâmetro de faixa horária para ativação do conjunto - Hora de início - Conjunto 5;Parameter of time slot for set activation - Start hour - Set 5;;;;;;Regulação;Regulation;;Conjunto 5 - Faixa horária;Regulation set 5;;Parâmetro;;;;;
f10b05a790df481d80ed5e035da64f1e;1;RW;16;TabEscritaConjunto5;Holding register;20517;Analog output;574;0;59;0;1;min;min;;;;;;;Público;Parâmetro de faixa horária para ativação do conjunto - Minuto de início - Conjunto 5;Parameter of time range for set activation - Start minute - Set 5;;;;;;Regulação;Regulation;;Conjunto 5 - Faixa horária;Regulation set 5;;Parâmetro;;;;;
a49bec0c1d8445fdb0a818652b66809b;1;RW;16;TabEscritaConjunto5;Holding register;20518;Analog output;575;0;6;0;1;;;;0=Dom=Domingo\1=Seg=Segunda\2=Ter=Terça\3=Qua=Quarta\4=Qui=Quinta\5=Sex=Sexta\6=Sab=Sábado;0=Sun=Sunday\1=Mon=Monday\2=Thu=Thuesday\3=Wed=Wednesday\4=Thur=Thursday\5=Fry=Fryday\6=Sat=Saturday;;;;Público;Parâmetro de faixa horária para ativação do conjunto - Dia de término - Conjunto 5;Parameter of time slot for set activation - End day - Set 5;;;;;;Regulação;Regulation;;Conjunto 5 - Faixa horária;Regulation set 5;;Parâmetro;;;;;
ff6485be449245689ffb8a324fe0ab66;1;RW;16;TabEscritaConjunto5;Holding register;20519;Analog output;576;0;23;0;1;h;h;;;;;;;Público;Parâmetro de faixa horária para ativação do conjunto - Hora de término - Conjunto 5;Parameter of time slot for set activation - End hour - Set 5;;;;;;Regulação;Regulation;;Conjunto 5 - Faixa horária;Regulation set 5;;Parâmetro;;;;;
892eddd5b4a54cabb7c132dfe759fef4;1;RW;16;TabEscritaConjunto5;Holding register;20520;Analog output;577;0;59;0;1;min;min;;;;;;;Público;Parâmetro de faixa horária para ativação do conjunto - Minuto de término - Conjunto 5;Parameter of time range for set activation - End minute - Set5;;;;;;Regulação;Regulation;;Conjunto 5 - Faixa horária;Regulation set 5;;Parâmetro;;;;;
;;;;;;;;;;;;;;;;;;;;;;;;;;;;;;;;;;;;;;;;
528496f31bb249a9ad808f2cb091bb26;1;RW;Bit;TabEscritaBinConjunto6;Coil;20600;Binary output;417;0;1;0;1;;;;0=Linear\1=Inversa;0=Linear\1=Inverted;;;;Público;Parâmetro de tipo de temporização - Conjunto 6;Parameter of timing type - Set 6;;;;;;Regulação;Regulation;;Conjunto 6;Regulation set 6;;Parâmetro;;;;;
b057a7dd08e442c7803ff377d84c77aa;1;RW;Bit;TabEscritaBinConjunto6;Coil;20601;Binary output;418;0;1;0;1;;;;0=RX\1=Z;0=RX\1=Z;;;;Público;Parâmetro de tipo de compensação - Conjunto 6;Parameter of compensation type - Set 6;;;;;;Regulação;Regulation;;Conjunto 6;Regulation set 6;;Parâmetro;;;;;
dd8062318ce54202b3a8cb1b81ee9373;1;RW;Bit;TabEscritaBinConjunto6;Coil;20602;Binary output;419;0;1;0;1;;;;0=Não\1=Sim;0=No\1=Yes;;;;Público;Parâmetro de habilitação do conjunto de regulação 6;Parameter of enable regulation - Set 6;;;;;;Regulação;Regulation;;Conjunto 6;Regulation set 6;;Parâmetro;;;;;
;;;;;;;;;;;;;;;;;;;;;;;;;;;;;;;;;;;;;;;;
ba80cc55c7db47a480426b1152abcfb7;1;RW;16;TabEscritaConjunto6;Holding register;20600;Analog output;578;100;1750;1150;10;V;V;;;;;;;Público;Parâmetro de tensão nominal - Conjunto 6;Parameter of nominal voltage - Set 6;;;;;;Regulação;Regulation;;Conjunto 6;Regulation set 6;;Parâmetro;;;;;
32c8f4a8fa54416cb3feb8557f33be6b;1;RW;16;TabEscritaConjunto6;Holding register;20601;Analog output;579;2;180;10;1;s;s;;;;;;;Público;Parâmetro de tempo subsequente - Conjunto 6;Parameter of subsequent time - Set 6;;;;;;Regulação;Regulation;;Conjunto 6;Regulation set 6;;Parâmetro;;;;;
6414f5fa22364b4c8ef0e5d5a8357817;1;RW;16;TabEscritaConjunto6;Holding register;20602;Analog output;580;-250;250;100;10;V;V;;;;;;;Público;Parâmetro de compensação UR - Conjunto 6;Parameter of UR compensation - Set 6;;;;;;Regulação;Regulation;;Conjunto 6;Regulation set 6;;Parâmetro;;;;;
79e268af78e543969b282751ccf9123a;1;RW;16;TabEscritaConjunto6;Holding register;20603;Analog output;581;-250;250;100;10;V;V;;;;;;;Público;Parâmetro de compensação UX - Conjunto 6;Parameter of UX compensation - Set 6;;;;;;Regulação;Regulation;;Conjunto 6;Regulation set 6;;Parâmetro;;;;;
2fe6a273de914bbab3fd8627eb0bc24a;1;RW;16;TabEscritaConjunto6;Holding register;20604;Analog output;582;0;150;0;10;%;%;;;;;;;Público;Parâmetro de compensação Z - Conjunto 6;Parameter of Z compensation - Set 6;;;;;;Regulação;Regulation;;Conjunto 6;Regulation set 6;;Parâmetro;;;;;
924575c7b2fd44da9202786b419bb0c7;1;RW;16;TabEscritaConjunto6;Holding register;20605;Analog output;583;0;250;100;10;%;%;;;;;;;Público;Parâmetro de limite compensação - Conjunto 6;Parameter of compensation limit - Set 6;;;;;;Regulação;Regulation;;Conjunto 6;Regulation set 6;;Parâmetro;;;;;
9dba22f32a6646b5a769416bf2e11aa4;0;RW;16;TabEscritaConjunto6;Holding register;20606;Analog output;584;1;98;25;10;%;%;;;;;;;Público;Parâmetro de desvio entre a tensão medida na carga e a tensão nominal - Degrau 1 - Conjunto 6;Parameter of deviation between the voltage measured at the load and the nominal voltage - Step 1 - Set 6;;;;;;Regulação;Regulation;;Conjunto 6 - Degrau de temporização;Regulation set 6;;Parâmetro;;;;;
6662b0c87772429789b45446abab4f2c;1;RW;16;TabEscritaConjunto6;Holding register;20607;Analog output;585;0;180;15;1;s;s;;;;;;;Público;Parâmetro de temporização para o primeiro comando de subir tensão do comutador - Degrau 1 - Conjunto 6;Parameter of timing for the first OLTC voltage increase command - Step 1 - Set 6;;;;;;Regulação;Regulation;;Conjunto 6 - Degrau de temporização;Regulation set 6;;Parâmetro;;;;;
24a926fb0cc24385ac8598381ff2b1dc;1;RW;16;TabEscritaConjunto6;Holding register;20608;Analog output;586;0;180;15;1;s;s;;;;;;;Público;Parâmetro de temporização para o primeiro comando de baixar tensão do comutador - Degrau 1 - Conjunto 6;Parameter of timing for the first OLTC voltage decrease command - Step 1 - Set 6;;;;;;Regulação;Regulation;;Conjunto 6 - Degrau de temporização;Regulation set 6;;Parâmetro;;;;;
cf622b390dc44aacba7b2cf02340f5d6;0;RW;16;TabEscritaConjunto6;Holding register;20609;Analog output;587;2;99;50;10;%;%;;;;;;;Público;Parâmetro de desvio entre a tensão medida na carga e a tensão nominal - Degrau 2 - Conjunto 6;Parameter of deviation between the voltage measured at the load and the nominal voltage - Step 2 - Set 6;;;;;;Regulação;Regulation;;Conjunto 6 - Degrau de temporização;Regulation set 6;;Parâmetro;;;;;
3417a5cd14394fd6bd0d1ec0d544c931;1;RW;16;TabEscritaConjunto6;Holding register;20610;Analog output;588;0;180;10;1;s;s;;;;;;;Público;Parâmetro de temporização para o primeiro comando de subir tensão do comutador - Degrau 2 - Conjunto 6;Parameter of timing for the first OLTC voltage increase command - Step 2 - Set 6;;;;;;Regulação;Regulation;;Conjunto 6 - Degrau de temporização;Regulation set 6;;Parâmetro;;;;;
d4864bd5d7ab44ef8db54c6677b96f1f;1;RW;16;TabEscritaConjunto6;Holding register;20611;Analog output;589;0;180;10;1;s;s;;;;;;;Público;Parâmetro de temporização para o primeiro comando de baixar tensão do comutador - Degrau 2 - Conjunto 6;Parameter of timing for the first OLTC voltage decrease command - Step 2 - Set 6;;;;;;Regulação;Regulation;;Conjunto 6 - Degrau de temporização;Regulation set 6;;Parâmetro;;;;;
1c8cad81aff7478da1c6d918be52f321;0;RW;16;TabEscritaConjunto6;Holding register;20612;Analog output;590;0;100;100;10;%;%;;;;;;;Público;Parâmetro de desvio entre a tensão medida na carga e a tensão nominal - Degrau 3 - Conjunto 6;Parameter of deviation between the voltage measured at the load and the nominal voltage - Step 3 - Set 6;;;;;;Regulação;Regulation;;Conjunto 6 - Degrau de temporização;Regulation set 6;;Parâmetro;;;;;
a55169dc68dc4c37b9181ff7e95e97c7;1;RW;16;TabEscritaConjunto6;Holding register;20613;Analog output;591;0;180;5;1;s;s;;;;;;;Público;Parâmetro de temporização para o primeiro comando de subir tensão do comutador - Degrau 3 - Conjunto 6;Parameter of timing for the first OLTC voltage increase command - Step 3 - Set 6;;;;;;Regulação;Regulation;;Conjunto 6 - Degrau de temporização;Regulation set 6;;Parâmetro;;;;;
7552304874654e07ad5ac2420be3fc07;1;RW;16;TabEscritaConjunto6;Holding register;20614;Analog output;592;0;180;5;1;s;s;;;;;;;Público;Parâmetro de temporização para o primeiro comando de baixar tensão do comutador - Degrau 3 - Conjunto 6;Parameter of timing for the first OLTC voltage decrease command - Step 3 - Set 6;;;;;;Regulação;Regulation;;Conjunto 6 - Degrau de temporização;Regulation set 6;;Parâmetro;;;;;
4fc65c618a84403b88cb9817006c3637;1;RW;16;TabEscritaConjunto6;Holding register;20615;Analog output;593;0;6;0;1;;;;0=Dom=Domingo\1=Seg=Segunda\2=Ter=Terça\3=Qua=Quarta\4=Qui=Quinta\5=Sex=Sexta\6=Sab=Sábado;0=Sun=Sunday\1=Mon=Monday\2=Thu=Thuesday\3=Wed=Wednesday\4=Thur=Thursday\5=Fry=Fryday\6=Sat=Saturday;;;;Público;Parâmetro de faixa horária para ativação do conjunto - Dia de início - Conjunto 6;Parameter of time slot for set activation - Start day - Set 6;;;;;;Regulação;Regulation;;Conjunto 6 - Faixa horária;Regulation set 6;;Parâmetro;;;;;
3fb172d7f91b433a90aaa013b9cf7e1a;1;RW;16;TabEscritaConjunto6;Holding register;20616;Analog output;594;0;23;0;1;h;h;;;;;;;Público;Parâmetro de faixa horária para ativação do conjunto - Hora de início - Conjunto 6;Parameter of time slot for set activation - Start hour - Set 6;;;;;;Regulação;Regulation;;Conjunto 6 - Faixa horária;Regulation set 6;;Parâmetro;;;;;
f5e81ba82bab49f88fcf13d41c60d17e;1;RW;16;TabEscritaConjunto6;Holding register;20617;Analog output;595;0;59;0;1;min;min;;;;;;;Público;Parâmetro de faixa horária para ativação do conjunto - Minuto de início - Conjunto 6;Parameter of time range for set activation - Start minute - Set 6;;;;;;Regulação;Regulation;;Conjunto 6 - Faixa horária;Regulation set 6;;Parâmetro;;;;;
0c9e2d7654c449b59e97f966b0f2d075;1;RW;16;TabEscritaConjunto6;Holding register;20618;Analog output;596;0;6;0;1;;;;0=Dom=Domingo\1=Seg=Segunda\2=Ter=Terça\3=Qua=Quarta\4=Qui=Quinta\5=Sex=Sexta\6=Sab=Sábado;0=Sun=Sunday\1=Mon=Monday\2=Thu=Thuesday\3=Wed=Wednesday\4=Thur=Thursday\5=Fry=Fryday\6=Sat=Saturday;;;;Público;Parâmetro de faixa horária para ativação do conjunto - Dia de término - Conjunto 6;Parameter of time slot for set activation - End day - Set 6;;;;;;Regulação;Regulation;;Conjunto 6 - Faixa horária;Regulation set 6;;Parâmetro;;;;;
977b6a2875214e6d953b8ec94d733b72;1;RW;16;TabEscritaConjunto6;Holding register;20619;Analog output;597;0;23;0;1;h;h;;;;;;;Público;Parâmetro de faixa horária para ativação do conjunto - Hora de término - Conjunto 6;Parameter of time slot for set activation - End hour - Set 6;;;;;;Regulação;Regulation;;Conjunto 6 - Faixa horária;Regulation set 6;;Parâmetro;;;;;
4071ad29203e407bb7f61a25fb7a9c92;1;RW;16;TabEscritaConjunto6;Holding register;20620;Analog output;598;0;59;0;1;min;min;;;;;;;Público;Parâmetro de faixa horária para ativação do conjunto - Minuto de término - Conjunto 6;Parameter of time range for set activation - End minute - Set6;;;;;;Regulação;Regulation;;Conjunto 6 - Faixa horária;Regulation set 6;;Parâmetro;;;;;
;;;;;;;;;;;;;;;;;;;;;;;;;;;;;;;;;;;;;;;;
987caa3fb47442cab8f941f1dce5f78a;1;RW;Bit;TabEscritaBinConjunto7;Coil;20700;Binary output;420;0;1;0;1;;;;0=Linear\1=Inversa;0=Linear\1=Inverted;;;;Público;Parâmetro de tipo de temporização - Conjunto 7;Parameter of timing type - Set 7;;;;;;Regulação;Regulation;;Conjunto 7;Regulation set 7;;Parâmetro;;;;;
55587cb60b8a4b7d91173cc0b48321c7;1;RW;Bit;TabEscritaBinConjunto7;Coil;20701;Binary output;421;0;1;0;1;;;;0=RX\1=Z;0=RX\1=Z;;;;Público;Parâmetro de tipo de compensação - Conjunto 7;Parameter of compensation type - Set 7;;;;;;Regulação;Regulation;;Conjunto 7;Regulation set 7;;Parâmetro;;;;;
245fbba3cbd94e4e8a7607e6fba0ccea;1;RW;Bit;TabEscritaBinConjunto7;Coil;20702;Binary output;422;0;1;0;1;;;;0=Não\1=Sim;0=No\1=Yes;;;;Público;Parâmetro de habilitação do conjunto de regulação 7;Parameter of enable regulation - Set 7;;;;;;Regulação;Regulation;;Conjunto 7;Regulation set 7;;Parâmetro;;;;;
;;;;;;;;;;;;;;;;;;;;;;;;;;;;;;;;;;;;;;;;
59ad3a60c86e4e12bb2947e7abd15ea7;1;RW;16;TabEscritaConjunto7;Holding register;20700;Analog output;599;100;1750;1150;10;V;V;;;;;;;Público;Parâmetro de tensão nominal - Conjunto 7;Parameter of nominal voltage - Set 7;;;;;;Regulação;Regulation;;Conjunto 7;Regulation set 7;;Parâmetro;;;;;
015f4608b7364f0486fb0511f55c6dba;1;RW;16;TabEscritaConjunto7;Holding register;20701;Analog output;600;2;180;10;1;s;s;;;;;;;Público;Parâmetro de tempo subsequente - Conjunto 7;Parameter of subsequent time - Set 7;;;;;;Regulação;Regulation;;Conjunto 7;Regulation set 7;;Parâmetro;;;;;
400f54e3456e406d917fe1e66e87faaf;1;RW;16;TabEscritaConjunto7;Holding register;20702;Analog output;601;-250;250;100;10;V;V;;;;;;;Público;Parâmetro de compensação UR - Conjunto 7;Parameter of UR compensation - Set 7;;;;;;Regulação;Regulation;;Conjunto 7;Regulation set 7;;Parâmetro;;;;;
53cae5cf966d428ebb4a1cf25cadcbfa;1;RW;16;TabEscritaConjunto7;Holding register;20703;Analog output;602;-250;250;100;10;V;V;;;;;;;Público;Parâmetro de compensação UX - Conjunto 7;Parameter of UX compensation - Set 7;;;;;;Regulação;Regulation;;Conjunto 7;Regulation set 7;;Parâmetro;;;;;
223825306cbf4494b5ad19552fd5e02e;1;RW;16;TabEscritaConjunto7;Holding register;20704;Analog output;603;0;150;0;10;%;%;;;;;;;Público;Parâmetro de compensação Z - Conjunto 7;Parameter of Z compensation - Set 7;;;;;;Regulação;Regulation;;Conjunto 7;Regulation set 7;;Parâmetro;;;;;
8fbd0ff45fa44b59bf0c88108deee92b;1;RW;16;TabEscritaConjunto7;Holding register;20705;Analog output;604;0;250;100;10;%;%;;;;;;;Público;Parâmetro de limite compensação - Conjunto 7;Parameter of compensation limit - Set 7;;;;;;Regulação;Regulation;;Conjunto 7;Regulation set 7;;Parâmetro;;;;;
d9f1fe5aef77445cb7c7f73e7410b5ac;0;RW;16;TabEscritaConjunto7;Holding register;20706;Analog output;605;1;98;25;10;%;%;;;;;;;Público;Parâmetro de desvio entre a tensão medida na carga e a tensão nominal - Degrau 1 - Conjunto 7;Parameter of deviation between the voltage measured at the load and the nominal voltage - Step 1 - Set 7;;;;;;Regulação;Regulation;;Conjunto 7 - Degrau de temporização;Regulation set 7;;Parâmetro;;;;;
7840c559dfa04dc89298930740cbe00a;1;RW;16;TabEscritaConjunto7;Holding register;20707;Analog output;606;0;180;15;1;s;s;;;;;;;Público;Parâmetro de temporização para o primeiro comando de subir tensão do comutador - Degrau 1 - Conjunto 7;Parameter of timing for the first OLTC voltage increase command - Step 1 - Set 7;;;;;;Regulação;Regulation;;Conjunto 7 - Degrau de temporização;Regulation set 7;;Parâmetro;;;;;
fda599b672874dc6a1605486c5e2286d;1;RW;16;TabEscritaConjunto7;Holding register;20708;Analog output;607;0;180;15;1;s;s;;;;;;;Público;Parâmetro de temporização para o primeiro comando de baixar tensão do comutador - Degrau 1 - Conjunto 7;Parameter of timing for the first OLTC voltage decrease command - Step 1 - Set 7;;;;;;Regulação;Regulation;;Conjunto 7 - Degrau de temporização;Regulation set 7;;Parâmetro;;;;;
3656c44d92a8436ebc66e165a13ce1f8;0;RW;16;TabEscritaConjunto7;Holding register;20709;Analog output;608;2;99;50;10;%;%;;;;;;;Público;Parâmetro de desvio entre a tensão medida na carga e a tensão nominal - Degrau 2 - Conjunto 7;Parameter of deviation between the voltage measured at the load and the nominal voltage - Step 2 - Set 7;;;;;;Regulação;Regulation;;Conjunto 7 - Degrau de temporização;Regulation set 7;;Parâmetro;;;;;
23bd61052286420b85849195647fd5ca;1;RW;16;TabEscritaConjunto7;Holding register;20710;Analog output;609;0;180;10;1;s;s;;;;;;;Público;Parâmetro de temporização para o primeiro comando de subir tensão do comutador - Degrau 2 - Conjunto 7;Parameter of timing for the first OLTC voltage increase command - Step 2 - Set 7;;;;;;Regulação;Regulation;;Conjunto 7 - Degrau de temporização;Regulation set 7;;Parâmetro;;;;;
b01e8de24b474d79bef9020f4cf9d2ed;1;RW;16;TabEscritaConjunto7;Holding register;20711;Analog output;610;0;180;10;1;s;s;;;;;;;Público;Parâmetro de temporização para o primeiro comando de baixar tensão do comutador - Degrau 2 - Conjunto 7;Parameter of timing for the first OLTC voltage decrease command - Step 2 - Set 7;;;;;;Regulação;Regulation;;Conjunto 7 - Degrau de temporização;Regulation set 7;;Parâmetro;;;;;
ea10f17027e7495dacb6e031570e24b2;0;RW;16;TabEscritaConjunto7;Holding register;20712;Analog output;611;0;100;100;10;%;%;;;;;;;Público;Parâmetro de desvio entre a tensão medida na carga e a tensão nominal - Degrau 3 - Conjunto 7;Parameter of deviation between the voltage measured at the load and the nominal voltage - Step 3 - Set 7;;;;;;Regulação;Regulation;;Conjunto 7 - Degrau de temporização;Regulation set 7;;Parâmetro;;;;;
f9cb452283fb4a4aaa29e12458d563c6;1;RW;16;TabEscritaConjunto7;Holding register;20713;Analog output;612;0;180;5;1;s;s;;;;;;;Público;Parâmetro de temporização para o primeiro comando de subir tensão do comutador - Degrau 3 - Conjunto 7;Parameter of timing for the first OLTC voltage increase command - Step 3 - Set 7;;;;;;Regulação;Regulation;;Conjunto 7 - Degrau de temporização;Regulation set 7;;Parâmetro;;;;;
68694bb7c3294554980e0d89377ccc18;1;RW;16;TabEscritaConjunto7;Holding register;20714;Analog output;613;0;180;5;1;s;s;;;;;;;Público;Parâmetro de temporização para o primeiro comando de baixar tensão do comutador - Degrau 3 - Conjunto 7;Parameter of timing for the first OLTC voltage decrease command - Step 3 - Set 7;;;;;;Regulação;Regulation;;Conjunto 7 - Degrau de temporização;Regulation set 7;;Parâmetro;;;;;
3d6f2a38a614456292f81ea219fd6b96;1;RW;16;TabEscritaConjunto7;Holding register;20715;Analog output;614;0;6;0;1;;;;0=Dom=Domingo\1=Seg=Segunda\2=Ter=Terça\3=Qua=Quarta\4=Qui=Quinta\5=Sex=Sexta\6=Sab=Sábado;0=Sun=Sunday\1=Mon=Monday\2=Thu=Thuesday\3=Wed=Wednesday\4=Thur=Thursday\5=Fry=Fryday\6=Sat=Saturday;;;;Público;Parâmetro de faixa horária para ativação do conjunto - Dia de início - Conjunto 7;Parameter of time slot for set activation - Start day - Set 7;;;;;;Regulação;Regulation;;Conjunto 7 - Faixa horária;Regulation set 7;;Parâmetro;;;;;
81cf7e01ab404f14b8ef1384bf094747;1;RW;16;TabEscritaConjunto7;Holding register;20716;Analog output;615;0;23;0;1;h;h;;;;;;;Público;Parâmetro de faixa horária para ativação do conjunto - Hora de início - Conjunto 7;Parameter of time slot for set activation - Start hour - Set 7;;;;;;Regulação;Regulation;;Conjunto 7 - Faixa horária;Regulation set 7;;Parâmetro;;;;;
1380ba8c0e84467b879eb31040a003d0;1;RW;16;TabEscritaConjunto7;Holding register;20717;Analog output;616;0;59;0;1;min;min;;;;;;;Público;Parâmetro de faixa horária para ativação do conjunto - Minuto de início - Conjunto 7;Parameter of time range for set activation - Start minute - Set 7;;;;;;Regulação;Regulation;;Conjunto 7 - Faixa horária;Regulation set 7;;Parâmetro;;;;;
ab2c044b7808407e80438c0d7730f647;1;RW;16;TabEscritaConjunto7;Holding register;20718;Analog output;617;0;6;0;1;;;;0=Dom=Domingo\1=Seg=Segunda\2=Ter=Terça\3=Qua=Quarta\4=Qui=Quinta\5=Sex=Sexta\6=Sab=Sábado;0=Sun=Sunday\1=Mon=Monday\2=Thu=Thuesday\3=Wed=Wednesday\4=Thur=Thursday\5=Fry=Fryday\6=Sat=Saturday;;;;Público;Parâmetro de faixa horária para ativação do conjunto - Dia de término - Conjunto 7;Parameter of time slot for set activation - End day - Set 7;;;;;;Regulação;Regulation;;Conjunto 7 - Faixa horária;Regulation set 7;;Parâmetro;;;;;
e59684685bcf4a7482ae6c8558cb87e3;1;RW;16;TabEscritaConjunto7;Holding register;20719;Analog output;618;0;23;0;1;h;h;;;;;;;Público;Parâmetro de faixa horária para ativação do conjunto - Hora de término - Conjunto 7;Parameter of time slot for set activation - End hour - Set 7;;;;;;Regulação;Regulation;;Conjunto 7 - Faixa horária;Regulation set 7;;Parâmetro;;;;;
2e794e48ddce4b5bbd8d224e2f164e24;1;RW;16;TabEscritaConjunto7;Holding register;20720;Analog output;619;0;59;0;1;min;min;;;;;;;Público;Parâmetro de faixa horária para ativação do conjunto - Minuto de término - Conjunto 7;Parameter of time range for set activation - End minute - Set7;;;;;;Regulação;Regulation;;Conjunto 7 - Faixa horária;Regulation set 7;;Parâmetro;;;;;
;;;;;;;;;;;;;;;;;;;;;;;;;;;;;;;;;;;;;;;;
969ac60faf474e49999fe9272981f403;1;RW;Bit;TabEscritaBinConjunto8;Coil;20800;Binary output;423;0;1;0;1;;;;0=Linear\1=Inversa;0=Linear\1=Inverted;;;;Público;Parâmetro de tipo de temporização - Conjunto 8;Parameter of timing type - Set 8;;;;;;Regulação;Regulation;;Conjunto 8;Regulation set 8;;Parâmetro;;;;;
8e124f3edfb443989ef2a5abb14c426d;1;RW;Bit;TabEscritaBinConjunto8;Coil;20801;Binary output;424;0;1;0;1;;;;0=RX\1=Z;0=RX\1=Z;;;;Público;Parâmetro de tipo de compensação - Conjunto 8;Parameter of compensation type - Set 8;;;;;;Regulação;Regulation;;Conjunto 8;Regulation set 8;;Parâmetro;;;;;
891bcad333304e129881bee8093a5876;1;RW;Bit;TabEscritaBinConjunto8;Coil;20802;Binary output;425;0;1;0;1;;;;0=Não\1=Sim;0=No\1=Yes;;;;Público;Parâmetro de habilitação do conjunto de regulação 8;Parameter of enable regulation - Set 8;;;;;;Regulação;Regulation;;Conjunto 8;Regulation set 8;;Parâmetro;;;;;
;;;;;;;;;;;;;;;;;;;;;;;;;;;;;;;;;;;;;;;;
2d824c8f7e134261b508743e097015d5;1;RW;16;TabEscritaConjunto8;Holding register;20800;Analog output;620;100;1750;1150;10;V;V;;;;;;;Público;Parâmetro de tensão nominal - Conjunto 8;Parameter of nominal voltage - Set 8;;;;;;Regulação;Regulation;;Conjunto 8;Regulation set 8;;Parâmetro;;;;;
9a0d9b51e14645e2a8e37e1d34cc9561;1;RW;16;TabEscritaConjunto8;Holding register;20801;Analog output;621;2;180;10;1;s;s;;;;;;;Público;Parâmetro de tempo subsequente - Conjunto 8;Parameter of subsequent time - Set 8;;;;;;Regulação;Regulation;;Conjunto 8;Regulation set 8;;Parâmetro;;;;;
ca7d0d062f9b422288d717af68a0f826;1;RW;16;TabEscritaConjunto8;Holding register;20802;Analog output;622;-250;250;100;10;V;V;;;;;;;Público;Parâmetro de compensação UR - Conjunto 8;Parameter of UR compensation - Set 8;;;;;;Regulação;Regulation;;Conjunto 8;Regulation set 8;;Parâmetro;;;;;
903bc77b3e19451ea7c3e4d0fd81cc71;1;RW;16;TabEscritaConjunto8;Holding register;20803;Analog output;623;-250;250;100;10;V;V;;;;;;;Público;Parâmetro de compensação UX - Conjunto 8;Parameter of UX compensation - Set 8;;;;;;Regulação;Regulation;;Conjunto 8;Regulation set 8;;Parâmetro;;;;;
b08cc7e3c1504ca38bd213e99b7e8ac0;1;RW;16;TabEscritaConjunto8;Holding register;20804;Analog output;624;0;150;0;10;%;%;;;;;;;Público;Parâmetro de compensação Z - Conjunto 8;Parameter of Z compensation - Set 8;;;;;;Regulação;Regulation;;Conjunto 8;Regulation set 8;;Parâmetro;;;;;
4de154603a4e4e19ae370445c5d62105;1;RW;16;TabEscritaConjunto8;Holding register;20805;Analog output;625;0;250;100;10;%;%;;;;;;;Público;Parâmetro de limite compensação - Conjunto 8;Parameter of compensation limit - Set 8;;;;;;Regulação;Regulation;;Conjunto 8;Regulation set 8;;Parâmetro;;;;;
07c4b1cec089450986839e11086e96e1;0;RW;16;TabEscritaConjunto8;Holding register;20806;Analog output;626;1;98;25;10;%;%;;;;;;;Público;Parâmetro de desvio entre a tensão medida na carga e a tensão nominal - Degrau 1 - Conjunto 8;Parameter of deviation between the voltage measured at the load and the nominal voltage - Step 1 - Set 8;;;;;;Regulação;Regulation;;Conjunto 8 - Degrau de temporização;Regulation set 8;;Parâmetro;;;;;
8ef92c3653954e84a0e3732546c2b963;1;RW;16;TabEscritaConjunto8;Holding register;20807;Analog output;627;0;180;15;1;s;s;;;;;;;Público;Parâmetro de temporização para o primeiro comando de subir tensão do comutador - Degrau 1 - Conjunto 8;Parameter of timing for the first OLTC voltage increase command - Step 1 - Set 8;;;;;;Regulação;Regulation;;Conjunto 8 - Degrau de temporização;Regulation set 8;;Parâmetro;;;;;
d1d7f3d743f24f198ba6ef87375bd4fe;1;RW;16;TabEscritaConjunto8;Holding register;20808;Analog output;628;0;180;15;1;s;s;;;;;;;Público;Parâmetro de temporização para o primeiro comando de baixar tensão do comutador - Degrau 1 - Conjunto 8;Parameter of timing for the first OLTC voltage decrease command - Step 1 - Set 8;;;;;;Regulação;Regulation;;Conjunto 8 - Degrau de temporização;Regulation set 8;;Parâmetro;;;;;
f36864962af94fc9b0faadbce2426a7f;0;RW;16;TabEscritaConjunto8;Holding register;20809;Analog output;629;2;99;50;10;%;%;;;;;;;Público;Parâmetro de desvio entre a tensão medida na carga e a tensão nominal - Degrau 2 - Conjunto 8;Parameter of deviation between the voltage measured at the load and the nominal voltage - Step 2 - Set 8;;;;;;Regulação;Regulation;;Conjunto 8 - Degrau de temporização;Regulation set 8;;Parâmetro;;;;;
773362c8396948f89614b6a8757ea872;1;RW;16;TabEscritaConjunto8;Holding register;20810;Analog output;630;0;180;10;1;s;s;;;;;;;Público;Parâmetro de temporização para o primeiro comando de subir tensão do comutador - Degrau 2 - Conjunto 8;Parameter of timing for the first OLTC voltage increase command - Step 2 - Set 8;;;;;;Regulação;Regulation;;Conjunto 8 - Degrau de temporização;Regulation set 8;;Parâmetro;;;;;
8d65e0a4871f42a8904ca0673a576b44;1;RW;16;TabEscritaConjunto8;Holding register;20811;Analog output;631;0;180;10;1;s;s;;;;;;;Público;Parâmetro de temporização para o primeiro comando de baixar tensão do comutador - Degrau 2 - Conjunto 8;Parameter of timing for the first OLTC voltage decrease command - Step 2 - Set 8;;;;;;Regulação;Regulation;;Conjunto 8 - Degrau de temporização;Regulation set 8;;Parâmetro;;;;;
79479c1500f040f9996edd2e9dc7497a;0;RW;16;TabEscritaConjunto8;Holding register;20812;Analog output;632;0;100;100;10;%;%;;;;;;;Público;Parâmetro de desvio entre a tensão medida na carga e a tensão nominal - Degrau 3 - Conjunto 8;Parameter of deviation between the voltage measured at the load and the nominal voltage - Step 3 - Set 8;;;;;;Regulação;Regulation;;Conjunto 8 - Degrau de temporização;Regulation set 8;;Parâmetro;;;;;
d6aad7b7e9ae419096bbd666938a3c2f;1;RW;16;TabEscritaConjunto8;Holding register;20813;Analog output;633;0;180;5;1;s;s;;;;;;;Público;Parâmetro de temporização para o primeiro comando de subir tensão do comutador - Degrau 3 - Conjunto 8;Parameter of timing for the first OLTC voltage increase command - Step 3 - Set 8;;;;;;Regulação;Regulation;;Conjunto 8 - Degrau de temporização;Regulation set 8;;Parâmetro;;;;;
c68e772d907240498bc0f3489272a846;1;RW;16;TabEscritaConjunto8;Holding register;20814;Analog output;634;0;180;5;1;s;s;;;;;;;Público;Parâmetro de temporização para o primeiro comando de baixar tensão do comutador - Degrau 3 - Conjunto 8;Parameter of timing for the first OLTC voltage decrease command - Step 3 - Set 8;;;;;;Regulação;Regulation;;Conjunto 8 - Degrau de temporização;Regulation set 8;;Parâmetro;;;;;
2f9461a9b0704a1084ea56a47a9d427b;1;RW;16;TabEscritaConjunto8;Holding register;20815;Analog output;635;0;6;0;1;;;;0=Dom=Domingo\1=Seg=Segunda\2=Ter=Terça\3=Qua=Quarta\4=Qui=Quinta\5=Sex=Sexta\6=Sab=Sábado;0=Sun=Sunday\1=Mon=Monday\2=Thu=Thuesday\3=Wed=Wednesday\4=Thur=Thursday\5=Fry=Fryday\6=Sat=Saturday;;;;Público;Parâmetro de faixa horária para ativação do conjunto - Dia de início - Conjunto 8;Parameter of time slot for set activation - Start day - Set 8;;;;;;Regulação;Regulation;;Conjunto 8 - Faixa horária;Regulation set 8;;Parâmetro;;;;;
d48ed35ee5e5410b8cef09f11ac8df1b;1;RW;16;TabEscritaConjunto8;Holding register;20816;Analog output;636;0;23;0;1;h;h;;;;;;;Público;Parâmetro de faixa horária para ativação do conjunto - Hora de início - Conjunto 8;Parameter of time slot for set activation - Start hour - Set 8;;;;;;Regulação;Regulation;;Conjunto 8 - Faixa horária;Regulation set 8;;Parâmetro;;;;;
7bb23640fc884d6ba461a28f1cc31214;1;RW;16;TabEscritaConjunto8;Holding register;20817;Analog output;637;0;59;0;1;min;min;;;;;;;Público;Parâmetro de faixa horária para ativação do conjunto - Minuto de início - Conjunto 8;Parameter of time range for set activation - Start minute - Set 8;;;;;;Regulação;Regulation;;Conjunto 8 - Faixa horária;Regulation set 8;;Parâmetro;;;;;
35279c07114545c78e8bd7c13d3bed24;1;RW;16;TabEscritaConjunto8;Holding register;20818;Analog output;638;0;6;0;1;;;;0=Dom=Domingo\1=Seg=Segunda\2=Ter=Terça\3=Qua=Quarta\4=Qui=Quinta\5=Sex=Sexta\6=Sab=Sábado;0=Sun=Sunday\1=Mon=Monday\2=Thu=Thuesday\3=Wed=Wednesday\4=Thur=Thursday\5=Fry=Fryday\6=Sat=Saturday;;;;Público;Parâmetro de faixa horária para ativação do conjunto - Dia de término - Conjunto 8;Parameter of time slot for set activation - End day - Set 8;;;;;;Regulação;Regulation;;Conjunto 8 - Faixa horária;Regulation set 8;;Parâmetro;;;;;
bc0ed43eeead4c54b3d0b06876bef43a;1;RW;16;TabEscritaConjunto8;Holding register;20819;Analog output;639;0;23;0;1;h;h;;;;;;;Público;Parâmetro de faixa horária para ativação do conjunto - Hora de término - Conjunto 8;Parameter of time slot for set activation - End hour - Set 8;;;;;;Regulação;Regulation;;Conjunto 8 - Faixa horária;Regulation set 8;;Parâmetro;;;;;
dac0ad71b6bb42bb93cf30c4143648fd;1;RW;16;TabEscritaConjunto8;Holding register;20820;Analog output;640;0;59;0;1;min;min;;;;;;;Público;Parâmetro de faixa horária para ativação do conjunto - Minuto de término - Conjunto 8;Parameter of time range for set activation - End minute - Set8;;;;;;Regulação;Regulation;;Conjunto 8 - Faixa horária;Regulation set 8;;Parâmetro;;;;;
;;;;;;;;;;;;;;;;;;;;;;;;;;;;;;;;;;;;;;;;
55c4bd230dce4c54a048b676f7a69c52;1;RW;Bit;TabEscritaBinConjunto9;Coil;20900;Binary output;426;0;1;0;1;;;;0=Linear\1=Inversa;0=Linear\1=Inverted;;;;Público;Parâmetro de tipo de temporização - Conjunto 9;Parameter of timing type - Set 9;;;;;;Regulação;Regulation;;Conjunto 9;Regulation set 9;;Parâmetro;;;;;
755652d8e00e466bad8f784606db0c23;1;RW;Bit;TabEscritaBinConjunto9;Coil;20901;Binary output;427;0;1;0;1;;;;0=RX\1=Z;0=RX\1=Z;;;;Público;Parâmetro de tipo de compensação - Conjunto 9;Parameter of compensation type - Set 9;;;;;;Regulação;Regulation;;Conjunto 9;Regulation set 9;;Parâmetro;;;;;
f177ca6bae31497a8cf972ba73c759ee;1;RW;Bit;TabEscritaBinConjunto9;Coil;20902;Binary output;428;0;1;0;1;;;;0=Não\1=Sim;0=No\1=Yes;;;;Público;Parâmetro de habilitação do conjunto de regulação 9;Parameter of enable regulation - Set 9;;;;;;Regulação;Regulation;;Conjunto 9;Regulation set 9;;Parâmetro;;;;;
;;;;;;;;;;;;;;;;;;;;;;;;;;;;;;;;;;;;;;;;
bcee02008ae04256a0993de0a156056f;1;RW;16;TabEscritaConjunto9;Holding register;20900;Analog output;641;100;1750;1150;10;V;V;;;;;;;Público;Parâmetro de tensão nominal - Conjunto 9;Parameter of nominal voltage - Set 9;;;;;;Regulação;Regulation;;Conjunto 9;Regulation set 9;;Parâmetro;;;;;
3b36fe0fdd0c4762bf7c45022d0db4e8;1;RW;16;TabEscritaConjunto9;Holding register;20901;Analog output;642;2;180;10;1;s;s;;;;;;;Público;Parâmetro de tempo subsequente - Conjunto 9;Parameter of subsequent time - Set 9;;;;;;Regulação;Regulation;;Conjunto 9;Regulation set 9;;Parâmetro;;;;;
2ecbe0e75c3b4cd7b23770b61ba5c2b8;1;RW;16;TabEscritaConjunto9;Holding register;20902;Analog output;643;-250;250;100;10;V;V;;;;;;;Público;Parâmetro de compensação UR - Conjunto 9;Parameter of UR compensation - Set 9;;;;;;Regulação;Regulation;;Conjunto 9;Regulation set 9;;Parâmetro;;;;;
8258cdb96bc44519b7ac04db91c57a5e;1;RW;16;TabEscritaConjunto9;Holding register;20903;Analog output;644;-250;250;100;10;V;V;;;;;;;Público;Parâmetro de compensação UX - Conjunto 9;Parameter of UX compensation - Set 9;;;;;;Regulação;Regulation;;Conjunto 9;Regulation set 9;;Parâmetro;;;;;
b77be79b3e3f45f2b3b62812fd27c54e;1;RW;16;TabEscritaConjunto9;Holding register;20904;Analog output;645;0;150;0;10;%;%;;;;;;;Público;Parâmetro de compensação Z - Conjunto 9;Parameter of Z compensation - Set 9;;;;;;Regulação;Regulation;;Conjunto 9;Regulation set 9;;Parâmetro;;;;;
bfbc4471991b4b80bdb9a4d34311d23d;1;RW;16;TabEscritaConjunto9;Holding register;20905;Analog output;646;0;250;100;10;%;%;;;;;;;Público;Parâmetro de limite compensação - Conjunto 9;Parameter of compensation limit - Set 9;;;;;;Regulação;Regulation;;Conjunto 9;Regulation set 9;;Parâmetro;;;;;
63e69ec627654dd98b9281f93e2e5def;0;RW;16;TabEscritaConjunto9;Holding register;20906;Analog output;647;1;98;25;10;%;%;;;;;;;Público;Parâmetro de desvio entre a tensão medida na carga e a tensão nominal - Degrau 1 - Conjunto 9;Parameter of deviation between the voltage measured at the load and the nominal voltage - Step 1 - Set 9;;;;;;Regulação;Regulation;;Conjunto 9 - Degrau de temporização;Regulation set 9;;Parâmetro;;;;;
6f7fcaee0ab943cc96f617b5a79da984;1;RW;16;TabEscritaConjunto9;Holding register;20907;Analog output;648;0;180;15;1;s;s;;;;;;;Público;Parâmetro de temporização para o primeiro comando de subir tensão do comutador - Degrau 1 - Conjunto 9;Parameter of timing for the first OLTC voltage increase command - Step 1 - Set 9;;;;;;Regulação;Regulation;;Conjunto 9 - Degrau de temporização;Regulation set 9;;Parâmetro;;;;;
88c17e19565e483ca28cb77d4ed5f5b4;1;RW;16;TabEscritaConjunto9;Holding register;20908;Analog output;649;0;180;15;1;s;s;;;;;;;Público;Parâmetro de temporização para o primeiro comando de baixar tensão do comutador - Degrau 1 - Conjunto 9;Parameter of timing for the first OLTC voltage decrease command - Step 1 - Set 9;;;;;;Regulação;Regulation;;Conjunto 9 - Degrau de temporização;Regulation set 9;;Parâmetro;;;;;
5c6bc06776054e4c80b3be8412f2420c;0;RW;16;TabEscritaConjunto9;Holding register;20909;Analog output;650;2;99;50;10;%;%;;;;;;;Público;Parâmetro de desvio entre a tensão medida na carga e a tensão nominal - Degrau 2 - Conjunto 9;Parameter of deviation between the voltage measured at the load and the nominal voltage - Step 2 - Set 9;;;;;;Regulação;Regulation;;Conjunto 9 - Degrau de temporização;Regulation set 9;;Parâmetro;;;;;
b52ff6c8a05e4ced858d16c325f0b1fd;1;RW;16;TabEscritaConjunto9;Holding register;20910;Analog output;651;0;180;10;1;s;s;;;;;;;Público;Parâmetro de temporização para o primeiro comando de subir tensão do comutador - Degrau 2 - Conjunto 9;Parameter of timing for the first OLTC voltage increase command - Step 2 - Set 9;;;;;;Regulação;Regulation;;Conjunto 9 - Degrau de temporização;Regulation set 9;;Parâmetro;;;;;
a857109ae0bb455f883b4950919f623c;1;RW;16;TabEscritaConjunto9;Holding register;20911;Analog output;652;0;180;10;1;s;s;;;;;;;Público;Parâmetro de temporização para o primeiro comando de baixar tensão do comutador - Degrau 2 - Conjunto 9;Parameter of timing for the first OLTC voltage decrease command - Step 2 - Set 9;;;;;;Regulação;Regulation;;Conjunto 9 - Degrau de temporização;Regulation set 9;;Parâmetro;;;;;
8954d15874e94f75bd7f518f86f7bfde;0;RW;16;TabEscritaConjunto9;Holding register;20912;Analog output;653;0;100;100;10;%;%;;;;;;;Público;Parâmetro de desvio entre a tensão medida na carga e a tensão nominal - Degrau 3 - Conjunto 9;Parameter of deviation between the voltage measured at the load and the nominal voltage - Step 3 - Set 9;;;;;;Regulação;Regulation;;Conjunto 9 - Degrau de temporização;Regulation set 9;;Parâmetro;;;;;
aea8038e144f46049883bdba1bea0bfa;1;RW;16;TabEscritaConjunto9;Holding register;20913;Analog output;654;0;180;5;1;s;s;;;;;;;Público;Parâmetro de temporização para o primeiro comando de subir tensão do comutador - Degrau 3 - Conjunto 9;Parameter of timing for the first OLTC voltage increase command - Step 3 - Set 9;;;;;;Regulação;Regulation;;Conjunto 9 - Degrau de temporização;Regulation set 9;;Parâmetro;;;;;
2641bcd869af48c588b5abbfbf772c7e;1;RW;16;TabEscritaConjunto9;Holding register;20914;Analog output;655;0;180;5;1;s;s;;;;;;;Público;Parâmetro de temporização para o primeiro comando de baixar tensão do comutador - Degrau 3 - Conjunto 9;Parameter of timing for the first OLTC voltage decrease command - Step 3 - Set 9;;;;;;Regulação;Regulation;;Conjunto 9 - Degrau de temporização;Regulation set 9;;Parâmetro;;;;;
2463b640c95a47a78485239f09c3616a;1;RW;16;TabEscritaConjunto9;Holding register;20915;Analog output;656;0;6;0;1;;;;0=Dom=Domingo\1=Seg=Segunda\2=Ter=Terça\3=Qua=Quarta\4=Qui=Quinta\5=Sex=Sexta\6=Sab=Sábado;0=Sun=Sunday\1=Mon=Monday\2=Thu=Thuesday\3=Wed=Wednesday\4=Thur=Thursday\5=Fry=Fryday\6=Sat=Saturday;;;;Público;Parâmetro de faixa horária para ativação do conjunto - Dia de início - Conjunto 9;Parameter of time slot for set activation - Start day - Set 9;;;;;;Regulação;Regulation;;Conjunto 9 - Faixa horária;Regulation set 9;;Parâmetro;;;;;
b01cb7c48da44682ad673df2930ccc33;1;RW;16;TabEscritaConjunto9;Holding register;20916;Analog output;657;0;23;0;1;h;h;;;;;;;Público;Parâmetro de faixa horária para ativação do conjunto - Hora de início - Conjunto 9;Parameter of time slot for set activation - Start hour - Set 9;;;;;;Regulação;Regulation;;Conjunto 9 - Faixa horária;Regulation set 9;;Parâmetro;;;;;
2d6ba076fff24ed49873a14375b2b2f8;1;RW;16;TabEscritaConjunto9;Holding register;20917;Analog output;658;0;59;0;1;min;min;;;;;;;Público;Parâmetro de faixa horária para ativação do conjunto - Minuto de início - Conjunto 9;Parameter of time range for set activation - Start minute - Set 9;;;;;;Regulação;Regulation;;Conjunto 9 - Faixa horária;Regulation set 9;;Parâmetro;;;;;
26eee3e0c19241b28c024d81e44dc9a3;1;RW;16;TabEscritaConjunto9;Holding register;20918;Analog output;659;0;6;0;1;;;;0=Dom=Domingo\1=Seg=Segunda\2=Ter=Terça\3=Qua=Quarta\4=Qui=Quinta\5=Sex=Sexta\6=Sab=Sábado;0=Sun=Sunday\1=Mon=Monday\2=Thu=Thuesday\3=Wed=Wednesday\4=Thur=Thursday\5=Fry=Fryday\6=Sat=Saturday;;;;Público;Parâmetro de faixa horária para ativação do conjunto - Dia de término - Conjunto 9;Parameter of time slot for set activation - End day - Set 9;;;;;;Regulação;Regulation;;Conjunto 9 - Faixa horária;Regulation set 9;;Parâmetro;;;;;
7c980b796e7e403a8301683ac4a27d8e;1;RW;16;TabEscritaConjunto9;Holding register;20919;Analog output;660;0;23;0;1;h;h;;;;;;;Público;Parâmetro de faixa horária para ativação do conjunto - Hora de término - Conjunto 9;Parameter of time slot for set activation - End hour - Set 9;;;;;;Regulação;Regulation;;Conjunto 9 - Faixa horária;Regulation set 9;;Parâmetro;;;;;
95eeef99cbd646fc84406a2920be21b7;1;RW;16;TabEscritaConjunto9;Holding register;20920;Analog output;661;0;59;0;1;min;min;;;;;;;Público;Parâmetro de faixa horária para ativação do conjunto - Minuto de término - Conjunto 9;Parameter of time range for set activation - End minute - Set9;;;;;;Regulação;Regulation;;Conjunto 9 - Faixa horária;Regulation set 9;;Parâmetro;;;;;
;;;;;;;;;;;;;;;;;;;;;;;;;;;;;;;;;;;;;;;;
afea8c33889f4be88e5e2116903e5011;1;RW;Bit;TabEscritaBinConjunto10;Coil;21000;Binary output;429;0;1;0;1;;;;0=Linear\1=Inversa;0=Linear\1=Inverted;;;;Público;Parâmetro de tipo de temporização - Conjunto 10;Parameter of timing type - Set 10;;;;;;Regulação;Regulation;;Conjunto 1;Regulation set 1;;Parâmetro;;;;;
edd23567349c4075bd98e155c43838ec;1;RW;Bit;TabEscritaBinConjunto10;Coil;21001;Binary output;430;0;1;0;1;;;;0=RX\1=Z;0=RX\1=Z;;;;Público;Parâmetro de tipo de compensação - Conjunto 10;Parameter of compensation type - Set 10;;;;;;Regulação;Regulation;;Conjunto 1;Regulation set 1;;Parâmetro;;;;;
deee380b939f4c37bd8f59ad9c48bab0;1;RW;Bit;TabEscritaBinConjunto10;Coil;21002;Binary output;431;0;1;0;1;;;;0=Não\1=Sim;0=No\1=Yes;;;;Público;Parâmetro de habilitação do conjunto de regulação 10;Parameter of enable regulation - Set 10;;;;;;Regulação;Regulation;;Conjunto 1;Regulation set 1;;Parâmetro;;;;;
;;;;;;;;;;;;;;;;;;;;;;;;;;;;;;;;;;;;;;;;
538ee5005da9416f8585739b76f345b2;1;RW;16;TabEscritaConjunto10;Holding register;21000;Analog output;662;100;1750;1150;10;V;V;;;;;;;Público;Parâmetro de tensão nominal - Conjunto 10;Parameter of nominal voltage - Set 10;;;;;;Regulação;Regulation;;Conjunto 1;Regulation set 1;;Parâmetro;;;;;
fdd26c6b38834912adc32c805d4a5795;1;RW;16;TabEscritaConjunto10;Holding register;21001;Analog output;663;2;180;10;1;s;s;;;;;;;Público;Parâmetro de tempo subsequente - Conjunto 10;Parameter of subsequent time - Set 10;;;;;;Regulação;Regulation;;Conjunto 1;Regulation set 1;;Parâmetro;;;;;
9cde7bb7cb054cf894dbfbeb93dcdf7b;1;RW;16;TabEscritaConjunto10;Holding register;21002;Analog output;664;-250;250;100;10;V;V;;;;;;;Público;Parâmetro de compensação UR - Conjunto 10;Parameter of UR compensation - Set 10;;;;;;Regulação;Regulation;;Conjunto 1;Regulation set 1;;Parâmetro;;;;;
e7d9427805724211aa3728ff1d67d9f8;1;RW;16;TabEscritaConjunto10;Holding register;21003;Analog output;665;-250;250;100;10;V;V;;;;;;;Público;Parâmetro de compensação UX - Conjunto 10;Parameter of UX compensation - Set 10;;;;;;Regulação;Regulation;;Conjunto 1;Regulation set 1;;Parâmetro;;;;;
f031f7fef5cc4bca88530a2098477ea7;1;RW;16;TabEscritaConjunto10;Holding register;21004;Analog output;666;0;150;0;10;%;%;;;;;;;Público;Parâmetro de compensação Z - Conjunto 10;Parameter of Z compensation - Set 10;;;;;;Regulação;Regulation;;Conjunto 1;Regulation set 1;;Parâmetro;;;;;
f0b48c1c3ba84f8b90bad94c2bba60fb;1;RW;16;TabEscritaConjunto10;Holding register;21005;Analog output;667;0;250;100;10;%;%;;;;;;;Público;Parâmetro de limite compensação - Conjunto 10;Parameter of compensation limit - Set 10;;;;;;Regulação;Regulation;;Conjunto 1;Regulation set 1;;Parâmetro;;;;;
939d6bcc92b044cb945cf34abd4f49d9;0;RW;16;TabEscritaConjunto10;Holding register;21006;Analog output;668;1;98;25;10;%;%;;;;;;;Público;Parâmetro de desvio entre a tensão medida na carga e a tensão nominal - Degrau 1 - Conjunto 10;Parameter of deviation between the voltage measured at the load and the nominal voltage - Step 1 - Set 10;;;;;;Regulação;Regulation;;Conjunto 1 - Degrau de temporização;Regulation set 1;;Parâmetro;;;;;
495aed0e60304014aeb54e5bcbf78404;1;RW;16;TabEscritaConjunto10;Holding register;21007;Analog output;669;0;180;15;1;s;s;;;;;;;Público;Parâmetro de temporização para o primeiro comando de subir tensão do comutador - Degrau 1 - Conjunto 10;Parameter of timing for the first OLTC voltage increase command - Step 1 - Set 10;;;;;;Regulação;Regulation;;Conjunto 1 - Degrau de temporização;Regulation set 1;;Parâmetro;;;;;
cb4715e06f4840fe96e24147318ad957;1;RW;16;TabEscritaConjunto10;Holding register;21008;Analog output;670;0;180;15;1;s;s;;;;;;;Público;Parâmetro de temporização para o primeiro comando de baixar tensão do comutador - Degrau 1 - Conjunto 10;Parameter of timing for the first OLTC voltage decrease command - Step 1 - Set 10;;;;;;Regulação;Regulation;;Conjunto 1 - Degrau de temporização;Regulation set 1;;Parâmetro;;;;;
fc400376d9d24ca3a4ea7b9e1982b270;0;RW;16;TabEscritaConjunto10;Holding register;21009;Analog output;671;2;99;50;10;%;%;;;;;;;Público;Parâmetro de desvio entre a tensão medida na carga e a tensão nominal - Degrau 2 - Conjunto 10;Parameter of deviation between the voltage measured at the load and the nominal voltage - Step 2 - Set 10;;;;;;Regulação;Regulation;;Conjunto 1 - Degrau de temporização;Regulation set 1;;Parâmetro;;;;;
30f88ddba3fa471d8a49a23438e5bb7f;1;RW;16;TabEscritaConjunto10;Holding register;21010;Analog output;672;0;180;10;1;s;s;;;;;;;Público;Parâmetro de temporização para o primeiro comando de subir tensão do comutador - Degrau 2 - Conjunto 10;Parameter of timing for the first OLTC voltage increase command - Step 2 - Set 10;;;;;;Regulação;Regulation;;Conjunto 1 - Degrau de temporização;Regulation set 1;;Parâmetro;;;;;
ddce4c596a974acc86c204ff8ee55c29;1;RW;16;TabEscritaConjunto10;Holding register;21011;Analog output;673;0;180;10;1;s;s;;;;;;;Público;Parâmetro de temporização para o primeiro comando de baixar tensão do comutador - Degrau 2 - Conjunto 10;Parameter of timing for the first OLTC voltage decrease command - Step 2 - Set 10;;;;;;Regulação;Regulation;;Conjunto 1 - Degrau de temporização;Regulation set 1;;Parâmetro;;;;;
1de093253c8541d4a83d0061d7561c61;0;RW;16;TabEscritaConjunto10;Holding register;21012;Analog output;674;0;100;100;10;%;%;;;;;;;Público;Parâmetro de desvio entre a tensão medida na carga e a tensão nominal - Degrau 3 - Conjunto 10;Parameter of deviation between the voltage measured at the load and the nominal voltage - Step 3 - Set 10;;;;;;Regulação;Regulation;;Conjunto 1 - Degrau de temporização;Regulation set 1;;Parâmetro;;;;;
8360c003fafe41efa3af76d4caba47b8;1;RW;16;TabEscritaConjunto10;Holding register;21013;Analog output;675;0;180;5;1;s;s;;;;;;;Público;Parâmetro de temporização para o primeiro comando de subir tensão do comutador - Degrau 3 - Conjunto 10;Parameter of timing for the first OLTC voltage increase command - Step 3 - Set 10;;;;;;Regulação;Regulation;;Conjunto 1 - Degrau de temporização;Regulation set 1;;Parâmetro;;;;;
9056954ddecc4341ab41b1b649e6fd13;1;RW;16;TabEscritaConjunto10;Holding register;21014;Analog output;676;0;180;5;1;s;s;;;;;;;Público;Parâmetro de temporização para o primeiro comando de baixar tensão do comutador - Degrau 3 - Conjunto 10;Parameter of timing for the first OLTC voltage decrease command - Step 3 - Set 10;;;;;;Regulação;Regulation;;Conjunto 1 - Degrau de temporização;Regulation set 1;;Parâmetro;;;;;
6ef0a0b4999c491db0a62c27cadd61cf;1;RW;16;TabEscritaConjunto10;Holding register;21015;Analog output;677;0;6;0;1;;;;0=Dom=Domingo\1=Seg=Segunda\2=Ter=Terça\3=Qua=Quarta\4=Qui=Quinta\5=Sex=Sexta\6=Sab=Sábado;0=Sun=Sunday\1=Mon=Monday\2=Thu=Thuesday\3=Wed=Wednesday\4=Thur=Thursday\5=Fry=Fryday\6=Sat=Saturday;;;;Público;Parâmetro de faixa horária para ativação do conjunto - Dia de início - Conjunto 10;Parameter of time slot for set activation - Start day - Set 10;;;;;;Regulação;Regulation;;Conjunto 1 - Faixa horária;Regulation set 1;;Parâmetro;;;;;
9a0fc84d1b67425e96ba1edc7a859abc;1;RW;16;TabEscritaConjunto10;Holding register;21016;Analog output;678;0;23;0;1;h;h;;;;;;;Público;Parâmetro de faixa horária para ativação do conjunto - Hora de início - Conjunto 10;Parameter of time slot for set activation - Start hour - Set 10;;;;;;Regulação;Regulation;;Conjunto 1 - Faixa horária;Regulation set 1;;Parâmetro;;;;;
43733c7901ee47f8a4a7c9bfdc2bb6aa;1;RW;16;TabEscritaConjunto10;Holding register;21017;Analog output;679;0;59;0;1;min;min;;;;;;;Público;Parâmetro de faixa horária para ativação do conjunto - Minuto de início - Conjunto 10;Parameter of time range for set activation - Start minute - Set 10;;;;;;Regulação;Regulation;;Conjunto 1 - Faixa horária;Regulation set 1;;Parâmetro;;;;;
55c9513efbda4e95b6234253e9866454;1;RW;16;TabEscritaConjunto10;Holding register;21018;Analog output;680;0;6;0;1;;;;0=Dom=Domingo\1=Seg=Segunda\2=Ter=Terça\3=Qua=Quarta\4=Qui=Quinta\5=Sex=Sexta\6=Sab=Sábado;0=Sun=Sunday\1=Mon=Monday\2=Thu=Thuesday\3=Wed=Wednesday\4=Thur=Thursday\5=Fry=Fryday\6=Sat=Saturday;;;;Público;Parâmetro de faixa horária para ativação do conjunto - Dia de término - Conjunto 10;Parameter of time slot for set activation - End day - Set 10;;;;;;Regulação;Regulation;;Conjunto 1 - Faixa horária;Regulation set 1;;Parâmetro;;;;;
72ffc7d3666b4186923e3b1ef910c9ca;1;RW;16;TabEscritaConjunto10;Holding register;21019;Analog output;681;0;23;0;1;h;h;;;;;;;Público;Parâmetro de faixa horária para ativação do conjunto - Hora de término - Conjunto 10;Parameter of time slot for set activation - End hour - Set 10;;;;;;Regulação;Regulation;;Conjunto 1 - Faixa horária;Regulation set 1;;Parâmetro;;;;;
f2aa178a004145219ec8c03d53d5ff04;1;RW;16;TabEscritaConjunto10;Holding register;21020;Analog output;682;0;59;0;1;min;min;;;;;;;Público;Parâmetro de faixa horária para ativação do conjunto - Minuto de término - Conjunto 10;Parameter of time range for set activation - End minute - Set10;;;;;;Regulação;Regulation;;Conjunto 1 - Faixa horária;Regulation set 1;;Parâmetro;;;;;
;;;;;;;;;;;;;;;;;;;;;;;;;;;;;;;;;;;;;;;;
aef9fb8ae0094c8899b5b461dfabe9aa;1;RW;Bit;TabEscritaBinTransformador;Coil;21100;Binary output;432;0;1;1;1;;;;0=Monofásico\1=Trifásico;0=Single-phase\1=Three-phase;;;;Público;Parâmetro de tipo de transformador;Parameter of transformer type;;;;;;Regulação;Regulation;;Regulação;Regulation;;Parâmetro;;;;;
9d29027cf9e44662b42191adf53d40b8;1;RW;Bit;TabEscritaBinTransformador;Coil;21101;Binary output;433;0;1;0;1;;;;0=Normal\1=Invertido;0=Normal\1=Inverted;;;;Público;Parâmetro de inversão do TC de regulação;Parameter of inversion of the regulation CT;;;;;;Regulação;Regulation;;Regulação;Regulation;;Parâmetro;;;;;
;;;;;;;;;;;;;;;;;;;;;;;;;;;;;;;;;;;;;;;;
c608a56427734964a7a70a8c485bf0ce;1;RW;16;TabEscritaTransformador;Holding register;21100;Analog output;683;0;11;0;1;°;°;;0=0°\1=30°\2=60°\3=90°\4=120°\5=150°\6=180°\7=210°\8=240°\9=270°\10=300°\11=330°;0=0°\1=30°\2=60°\3=90°\4=120°\5=150°\6=180°\7=210°\8=240°\9=270°\10=300°\11=330°;;;;Público;Parâmetro de defasagem TC ou TP;Parameter of CT/PT phase shift;;;;;;Regulação;Regulation;;Regulação;Regulation;;Parâmetro;;;;;
22a1ce7811a0446c858fe85835784149;1;RW;16;TabEscritaTransformador;Holding register;21101;Analog output;684;0;9999;100;10;MVA;MVA;;;;;;;Público;Parâmetro de potência nominal;Parameter of nominal power;;;;;;Regulação;Regulation;;Regulação;Regulation;;Parâmetro;;;;;
40d5d0550aca4511ae8b038163f5f0bf;1;RW;16;TabEscritaTransformador;Holding register;21102;Analog output;685;1;65535;500;100;kA;kA;;;;;;;Público;Parâmetro de corrente nominal;Parameter of nominal current;;;;;;Regulação;Regulation;;Regulação;Regulation;;Parâmetro;;;;;
223b65e86fcc49598eac4660ef67c4e2;1;RW;16;TabEscritaTransformador;Holding register;21103;Analog output;686;1;3;1;1;;;;;;;;;Público;Parâmetro de número do TC usado para regulação;Parameter of CT number used for regulation;;;;;;Regulação;Regulation;;Regulação;Regulation;;Parâmetro;;;;;
baaf4d64b76f4c16abcee02c94e9feb9;1;RW;16;TabEscritaTransformador;Holding register;21104;Analog output;687;1;9999;100;1;;;;;;;;;Público;Parâmetro de relação TP;Parameter of PT ratio;;;;;;Regulação;Regulation;;Regulação;Regulation;;Parâmetro;;;;;
9673c7505f454bf88d2e04a9f6208631;1;RW;16;TabEscritaTransformador;Holding register;21105;Analog output;688;1;9999;100;1;;;;;;;;;Público;Parâmetro de relação TC;Parameter of CT ratio;;;;;;Regulação;Regulation;;Regulação;Regulation;;Parâmetro;;;;;
;;;;;;;;;;;;;;;;;;;;;;;;;;;;;;;;;;;;;;;;
d7cde2f7b6b84321ae82388b029c2c99;1;RW;Bit;TabEscritaBinCheckOltc;Coil;21200;Binary output;434;0;1;0;1;;;;0=Não\1=Sim;0=No\1=Yes;;OLCK;;Público;Parâmetro de habilitar a checagem do CDC;Parameter of enable OLTC checking;;;;;;Regulação;Regulation;;Chegagem do comutador;OLTC check;;Parâmetro;;;;;
10e1eefea89b4feba49c29e6f110886c;1;RW;Bit;TabEscritaBinCheckOltc;Coil;21201;Binary output;435;0;1;0;1;;;;0=Não\1=Sim;0=No\1=Yes;;OLCK;;Público;Parâmetro de associação do relé 1 à checagem do CDC;Parameter of relay 1 assignment to alarm by OLTC check;;;;;;;;;;;;Debug;;;;;
abb88ffb7567409d8858ee7cc23611a6;1;RW;Bit;TabEscritaBinCheckOltc;Coil;21202;Binary output;436;0;1;0;1;;;;0=Não\1=Sim;0=No\1=Yes;;OLCK;;Público;Parâmetro de associação do relé 2 à checagem do CDC;Parameter of relay 2 assignment to alarm by OLTC check;;;;;;;;;;;;Debug;;;;;
0f4097cd64ae40c281ed73fb0f24231b;1;RW;Bit;TabEscritaBinCheckOltc;Coil;21203;Binary output;437;0;1;0;1;;;;0=Não\1=Sim;0=No\1=Yes;;OLCK;;Público;Parâmetro de associação do relé 3 à checagem do CDC;Parameter of relay 3 assignment to alarm by OLTC check;;;;;;;;;;;;Debug;;;;;
4b6ca676919949d18fc32a5d052f5677;1;RW;Bit;TabEscritaBinCheckOltc;Coil;21204;Binary output;438;0;1;0;1;;;;0=Não\1=Sim;0=No\1=Yes;;OLCK;;Público;Parâmetro de associação do relé 4 à checagem do CDC;Parameter of relay 4 assignment to alarm by OLTC check;;;;;;;;;;;;Debug;;;;;
db17ceb8a34c4cfea823565298804133;1;RW;Bit;TabEscritaBinCheckOltc;Coil;21205;Binary output;439;0;1;0;1;;;;0=Não\1=Sim;0=No\1=Yes;;OLCK;;Público;Parâmetro de associação do relé 5 à checagem do CDC;Parameter of relay 5 assignment to alarm by OLTC check;;;;;;;;;;;;Debug;;;;;
;;;;;;;;;;;;;;;;;;;;;;;;;;;;;;;;;;;;;;;;
128371043a454752947a41f29ec39fa5;1;RW;16;TabEscritaCheckOltc;Holding register;21200;Analog output;689;1;99;5;1;;;;;;;OLCK;;Público;Parâmetro de limite de tentativas para gerar alarme por falha de regulação no comutador;Parameter of limit of attempts to generate a regulation failure alarm on the tap changer;;;;;;Regulação;Regulation;;Chegagem do comutador;OLTC check;;Parâmetro;;;;;
fc973609c9204026844bb1e5a0d8a406;1;RW;16;TabEscritaCheckOltc;Holding register;21201;Analog output;690;0;3;3;1;;;;0=Desabilitado\1=Azul\2=Amarelo\3=Vermelho;0=Disabled\1=Blue\2=Yellow\3=Red;;OLCK;;Público;Parâmetro de classificação do alarme por checagem do comutador;Parameter of alarm classification by OLTC check;;;;;;;;;;;;Debug;;;;;
;;;;;;;;;;;;;;;;;;;;;;;;;;;;;;;;;;;;;;;;
663b0699b2014b7095d1cfa75b3457f4;1;RW;Bit;TabEscritaBinManutOltc;Coil;21300;Binary output;440;0;1;1;1;;;;0=Não\1=Sim;0=No\1=Yes;;OLMT;;Público;Parâmetro de habilitar manutenção do comutador;Parameter of enable OLTC maintenance;;;;;;Regulação;Regulation;;Manutenção do comutador;OLTC maintenance;;Parâmetro;;;;;
110d59888f964379921b693dadbfd23c;1;RW;Bit;TabEscritaBinManutOltc;Coil;21301;Binary output;441;0;1;1;1;;;;0=Sem comando\1=Reconhecer aviso;0=No command\1=Recognize warning;;OLMT;;Público;Comando de reconhecimento do aviso de manutenção do CDC;Command of OLTC maintenance notice acknowledgment;;;;;;Regulação;Regulation;;;;;Comando;;;;;
3f36795fbb4d43bb9ac85949f3a5bf4d;1;RW;Bit;TabEscritaBinManutOltc;Coil;21302;Binary output;442;0;1;1;1;;;;0=Sem comando\1=Efetuar manutenção;0=No command\1=Perform maintenance;;OLMT;;Público;Comando de efetuar manutenção do CDC;Command of perform OLTC maintenance;;;;;;Regulação;Regulation;;;;;Comando;;;;;
ede9bec6564b4d0690386a6195c39f4d;1;RW;Bit;TabEscritaBinManutOltc;Coil;21303;Binary output;443;0;1;0;1;;;;0=Não\1=Sim;0=No\1=Yes;;OLMT;;Público;Parâmetro de associação do relé 1 para efetuar manutenção do CDC por número de operações;Parameter of relay 1 assignment to OLTC maintenance by operation number;;;;;;;;;;;;Debug;;;;;
e9ba4e8ad6d24a33a1e069cbe55c9ac3;1;RW;Bit;TabEscritaBinManutOltc;Coil;21304;Binary output;444;0;1;0;1;;;;0=Não\1=Sim;0=No\1=Yes;;OLMT;;Público;Parâmetro de associação do relé 2 para efetuar manutenção do CDC por número de operações;Parameter of relay 2 assignment to OLTC maintenance by operation number;;;;;;;;;;;;Debug;;;;;
4001c766c95846b0b0f049fa6af3b50b;1;RW;Bit;TabEscritaBinManutOltc;Coil;21305;Binary output;445;0;1;0;1;;;;0=Não\1=Sim;0=No\1=Yes;;OLMT;;Público;Parâmetro de associação do relé 3 para efetuar manutenção do CDC por número de operações;Parameter of relay 3 assignment to OLTC maintenance by operation number;;;;;;;;;;;;Debug;;;;;
be84a06d12064b84bbdeb9b675018ba9;1;RW;Bit;TabEscritaBinManutOltc;Coil;21306;Binary output;446;0;1;0;1;;;;0=Não\1=Sim;0=No\1=Yes;;OLMT;;Público;Parâmetro de associação do relé 4 para efetuar manutenção do CDC por número de operações;Parameter of relay 4 assignment to OLTC maintenance by operation number;;;;;;;;;;;;Debug;;;;;
cde09c64ed1e465d8c36fd77953a323b;1;RW;Bit;TabEscritaBinManutOltc;Coil;21307;Binary output;447;0;1;0;1;;;;0=Não\1=Sim;0=No\1=Yes;;OLMT;;Público;Parâmetro de associação do relé 5 para efetuar manutenção do CDC por número de operações;Parameter of relay 5 assignment to OLTC maintenance by operation number;;;;;;;;;;;;Debug;;;;;
4995e5b5f5934f11aeba7cc91c331d05;1;RW;Bit;TabEscritaBinManutOltc;Coil;21308;Binary output;448;0;1;0;1;;;;0=Não\1=Sim;0=No\1=Yes;;OLMT;;Público;Parâmetro de associação do relé 1 para aviso de manutenção do CDC por número de operações;Parameter of relay 1 assignment to warning by OLTC maintenance by operation number;;;;;;;;;;;;Debug;;;;;
66c583d5d50944898a00ffe944d596f0;1;RW;Bit;TabEscritaBinManutOltc;Coil;21309;Binary output;449;0;1;0;1;;;;0=Não\1=Sim;0=No\1=Yes;;OLMT;;Público;Parâmetro de associação do relé 2 para aviso de manutenção do CDC por número de operações;Parameter of relay 2 assignment to warning by OLTC maintenance by operation number;;;;;;;;;;;;Debug;;;;;
4b7d581af2d24efaa0e5c947c24b0e43;1;RW;Bit;TabEscritaBinManutOltc;Coil;21310;Binary output;450;0;1;0;1;;;;0=Não\1=Sim;0=No\1=Yes;;OLMT;;Público;Parâmetro de associação do relé 3 para aviso de manutenção do CDC por número de operações;Parameter of relay 3 assignment to warning by OLTC maintenance by operation number;;;;;;;;;;;;Debug;;;;;
9c8eb2921c764584af40eee9d12ea16d;1;RW;Bit;TabEscritaBinManutOltc;Coil;21311;Binary output;451;0;1;0;1;;;;0=Não\1=Sim;0=No\1=Yes;;OLMT;;Público;Parâmetro de associação do relé 4 para aviso de manutenção do CDC por número de operações;Parameter of relay 4 assignment to warning by OLTC maintenance by operation number;;;;;;;;;;;;Debug;;;;;
474b3e973b75445fa52094fd05a55fea;1;RW;Bit;TabEscritaBinManutOltc;Coil;21312;Binary output;452;0;1;0;1;;;;0=Não\1=Sim;0=No\1=Yes;;OLMT;;Público;Parâmetro de associação do relé 5 para aviso de manutenção do CDC por número de operações;Parameter of relay 5 assignment to warning by OLTC maintenance by operation number;;;;;;;;;;;;Debug;;;;;
2d721baadc75459dabd7c6e02b20ffd4;1;RW;Bit;TabEscritaBinManutOltc;Coil;21313;Binary output;453;0;1;0;1;;;;0=Não\1=Sim;0=No\1=Yes;;OLMT;;Público;Parâmetro de associação do relé 1 para efetuar manutenção do CDC por somatória de corrente comutada ao quadrado;Parameter of relay 1 assignment to OLTC maintenance by sum of switched current square;;;;;;;;;;;;Debug;;;;;
7d5b5a5a34f64adb9a492a7290016df7;1;RW;Bit;TabEscritaBinManutOltc;Coil;21314;Binary output;454;0;1;0;1;;;;0=Não\1=Sim;0=No\1=Yes;;OLMT;;Público;Parâmetro de associação do relé 2 para efetuar manutenção do CDC por somatória de corrente comutada ao quadrado;Parameter of relay 2 assignment to OLTC maintenance by sum of switched current square;;;;;;;;;;;;Debug;;;;;
201f28ed9d474386a38120c4fcff054a;1;RW;Bit;TabEscritaBinManutOltc;Coil;21315;Binary output;455;0;1;0;1;;;;0=Não\1=Sim;0=No\1=Yes;;OLMT;;Público;Parâmetro de associação do relé 3 para efetuar manutenção do CDC por somatória de corrente comutada ao quadrado;Parameter of relay 3 assignment to OLTC maintenance by sum of switched current square;;;;;;;;;;;;Debug;;;;;
e93567f0ab624b62b97ee7fcd8114b2d;1;RW;Bit;TabEscritaBinManutOltc;Coil;21316;Binary output;456;0;1;0;1;;;;0=Não\1=Sim;0=No\1=Yes;;OLMT;;Público;Parâmetro de associação do relé 4 para efetuar manutenção do CDC por somatória de corrente comutada ao quadrado;Parameter of relay 4 assignment to OLTC maintenance by sum of switched current square;;;;;;;;;;;;Debug;;;;;
972c2b90941c4cfb915ae8c00a6661fd;1;RW;Bit;TabEscritaBinManutOltc;Coil;21317;Binary output;457;0;1;0;1;;;;0=Não\1=Sim;0=No\1=Yes;;OLMT;;Público;Parâmetro de associação do relé 5 para efetuar manutenção do CDC por somatória de corrente comutada ao quadrado;Parameter of relay 5 assignment to OLTC maintenance by sum of switched current square;;;;;;;;;;;;Debug;;;;;
fbe23c778d3b48d0a34079d7566c488f;1;RW;Bit;TabEscritaBinManutOltc;Coil;21318;Binary output;458;0;1;0;1;;;;0=Não\1=Sim;0=No\1=Yes;;OLMT;;Público;Parâmetro de associação do relé 1 para aviso de manutenção do CDC por somatória de corrente comutada ao quadrado;Parameter of relay 1 assignment to warning by by OLTC maintenance by sum of switched current square;;;;;;;;;;;;Debug;;;;;
bdbb83a916e74ac381faa4d1111c63aa;1;RW;Bit;TabEscritaBinManutOltc;Coil;21319;Binary output;459;0;1;0;1;;;;0=Não\1=Sim;0=No\1=Yes;;OLMT;;Público;Parâmetro de associação do relé 2 para aviso de manutenção do CDC por somatória de corrente comutada ao quadrado;Parameter of relay 2 assignment to warning by by OLTC maintenance by sum of switched current square;;;;;;;;;;;;Debug;;;;;
49d59d3ece7d4654a5db8353f1cb6af0;1;RW;Bit;TabEscritaBinManutOltc;Coil;21320;Binary output;460;0;1;0;1;;;;0=Não\1=Sim;0=No\1=Yes;;OLMT;;Público;Parâmetro de associação do relé 3 para aviso de manutenção do CDC por somatória de corrente comutada ao quadrado;Parameter of relay 3 assignment to warning by by OLTC maintenance by sum of switched current square;;;;;;;;;;;;Debug;;;;;
a956764d560f4154a67915a7be7b37ec;1;RW;Bit;TabEscritaBinManutOltc;Coil;21321;Binary output;461;0;1;0;1;;;;0=Não\1=Sim;0=No\1=Yes;;OLMT;;Público;Parâmetro de associação do relé 4 para aviso de manutenção do CDC por somatória de corrente comutada ao quadrado;Parameter of relay 4 assignment to warning by by OLTC maintenance by sum of switched current square;;;;;;;;;;;;Debug;;;;;
ab99ef02459c4400b61eb56a03e96ce2;1;RW;Bit;TabEscritaBinManutOltc;Coil;21322;Binary output;462;0;1;0;1;;;;0=Não\1=Sim;0=No\1=Yes;;OLMT;;Público;Parâmetro de associação do relé 5 para aviso de manutenção do CDC por somatória de corrente comutada ao quadrado;Parameter of relay 5 assignment to warning by by OLTC maintenance by sum of switched current square;;;;;;;;;;;;Debug;;;;;
69eabfc1f37a47efbe64fe2b715e7d2c;1;RW;Bit;TabEscritaBinManutOltc;Coil;21323;Binary output;463;0;1;0;1;;;;0=Sem comando\1=Efetua reset;0=No command\1=Perform reset;;OLMT;;Público;Comando de reiniciar as médias do CDC;Command of reset OLTC measurements;;;;;;Regulação;Regulation;;Manutenção do comutador;OLTC maintenance;;Comando;;;;;
5575bbadb4104a13a75ff8457d34f854;1;RW;Bit;TabEscritaBinManutOltc;Coil;21324;Binary output;464;0;1;0;1;;;;0=Não\1=Sim;0=No\1=Yes;;OLMT;;Público;Parâmetro de habilitação da contabilização dos TAPs intermediários como número de operações;Parameter of enable the accounting of intermediate TAPs as number of operations;;;;;;Regulação;Regulation;;Manutenção do comutador;OLTC maintenance;;Parâmetro;;;;;
;;;;;;;;;;;;;;;;;;;;;;;;;;;;;;;;;;;;;;;;
4662172af96e4ba9ae007ac6dc0860eb;1;RW;Bit;TabEscritaBinInternalModbusStatistics;Coil;21500;Binary output;465;0;1;0;1;;;;0=Não\1=Sim;0=No\1=Yes;;;;Público;Parâmetro de habilitar monitoração de estatísticas do protocolo;Parameter of enabling protocol statistics monitoring;;;;;;Estat. Intercom.;Intercomm. Stats.;;;;;Parâmetro;;;;;
;;;;;;;;;;;;;;;;;;;;;;;;;;;;;;;;;;;;;;;;
f61790821a084a088d022526972c5faa;1;RW;Bit;TabEscritaBinInternalCommStats;Coil;21600;;;0;1;0;1;;;;0=Não\1=Sim;0=No\1=Yes;;;;Privado;Comando de reiniciar os valores máximos das estatísticas da comunicação interna;Comand of internal communication maximum statistics reset ;;;;;;Geral;General;;;;;Comando;;;;;
;;;;;;;;;;;;;;;;;;;;;;;;;;;;;;;;;;;;;;;;
112d0fb853a84bfa8a3df6020e0712ae;1;RW;16;TabEscritaManutOltc;Holding register;21300;Analog output;691;1;5;1;1;;;;;;;OLMT;;Público;Parâmetro de fator multiplicador para cálculo de somatória de corrente comutada ao quadrado - Regra 1;Parameter of multiplying factor for calculating the sum of squared switched current - Rule 1;;;;;;Regulação;Regulation;;Manutenção do comutador;OLTC maintenance;;Parâmetro;;;;;
2adc4f24a28f41a4b84784d7ed1d31bf;1;RW;16;TabEscritaManutOltc;Holding register;21301;Analog output;692;1;5;1;1;;;;;;;OLMT;;Público;Parâmetro de fator multiplicador para cálculo de somatória de corrente comutada ao quadrado - Regra 2;Parameter of multiplying factor for calculating the sum of squared switched current - Rule 2;;;;;;Regulação;Regulation;;Manutenção do comutador;OLTC maintenance;;Parâmetro;;;;;
c91d8e6b293c4554a56c84664298a468;1;RW;16;TabEscritaManutOltc;Holding register;21302;Analog output;693;1;5;1;1;;;;;;;OLMT;;Público;Parâmetro de fator multiplicador para cálculo de somatória de corrente comutada ao quadrado - Regra 3;Parameter of multiplying factor for calculating the sum of squared switched current - Rule 3;;;;;;Regulação;Regulation;;Manutenção do comutador;OLTC maintenance;;Parâmetro;;;;;
3bc7bb18d881409c95bbbad759c878f3;1;RW;16;TabEscritaManutOltc;Holding register;21303;Analog output;694;10;365;10;1;dias;days;;;;;OLMT;;Público;Parâmetro de configuração de dias para cálculo da média de comutações;Parameter of configuration of days for calculating the average number of tap changes;;;;;;Regulação;Regulation;;Manutenção do comutador;OLTC maintenance;;Parâmetro;;;;;
c38b5840f738406eb3182781f66c222c;1;RW;16;TabEscritaManutOltc;Holding register;21304;Analog output;695;0;365;30;1;dias;days;;;;;OLMT;;Público;Parâmetro de número de dias de antecedência para emissão do aviso de manutenção;Parameter of number of days in advance for issuing the maintenance warning;;;;;;Regulação;Regulation;;Manutenção do comutador;OLTC maintenance;;Parâmetro;;;;;
4581314cd7bb4a78bb94cf6a10470883;1;RW;16;TabEscritaManutOltc;Holding register;21305;Analog output;696;10;1000;500;100;A;A;;;;;OLMT;;Público;Parâmetro de corrente nominal do comutador;Parameter of OLTC nominal current;;;;;;Regulação;Regulation;;Manutenção do comutador;OLTC maintenance;;Parâmetro;;;;;
b0eac54891354820973f2b926e028942;1;RW;16;TabEscritaManutOltc;Holding register;21306;Analog output;697;0;3;3;1;;;;0=Desabilitado\1=Azul\2=Amarelo\3=Vermelho;0=Disabled\1=Blue\2=Yellow\3=Red;;OLMT;;Público;Parâmetro de classificação do alarme por operações do comutador;Parameter of alarm classification by OLTC operations;;;;;;;;;;;;Debug;;;;;
04f631eba7cc47dab11d283429e67c9c;1;RW;16;TabEscritaManutOltc;Holding register;21307;Analog output;698;0;3;3;1;;;;0=Desabilitado\1=Azul\2=Amarelo\3=Vermelho;0=Disabled\1=Blue\2=Yellow\3=Red;;OLMT;;Público;Parâmetro de classificação do alarme por somatória de corrente comutada ao quadrado do comutador;Parameter of alarm classification by sum of switched current square;;;;;;;;;;;;Debug;;;;;
95b6eeebdbff4a5387f1e41fa506fd56;1;RW;16;TabEscritaManutOltc;Holding register;21308;Analog output;699;0;3;3;1;;;;0=Desabilitado\1=Azul\2=Amarelo\3=Vermelho;0=Disabled\1=Blue\2=Yellow\3=Red;;OLMT;;Público;Parâmetro de classificação do alarme por aviso de manutenção por operação do comutador;Parameter of alarm classification by OLTC maintenance warning by operation number;;;;;;;;;;;;Debug;;;;;
adf87e3ffe1b401086bb571098de084f;1;RW;16;TabEscritaManutOltc;Holding register;21309;Analog output;700;0;3;3;1;;;;0=Desabilitado\1=Azul\2=Amarelo\3=Vermelho;0=Disabled\1=Blue\2=Yellow\3=Red;;OLMT;;Público;Parâmetro de classificação do alarme por aviso de manutenção por somatória de corrente comutada ao quadrado do comutador;Parameter of alarm classification by OLTC maintenance by sum of switched current square;;;;;;;;;;;;Debug;;;;;
;;;;;;;;;;;;;;;;;;;;;;;;;;;;;;;;;;;;;;;;
107cf208b3f14b14bda8d0556237e9c7;1;RW;32_ABCD\32;TabEscritaManutOltc_32bit;Holding register;21400;Analog output;701;0;999999;0;1;;;;;;;OLMT;;Público;Parâmetro de número total de operações do comutador;Parameter of OLTC total number of operations;;;;;;Regulação;Regulation;;Manutenção do comutador;OLTC maintenance;;Parâmetro;;;;;
b349acb3fb1f4ad5a50c9ab4eb7135b4;1;RW;32_ABCD\32;TabEscritaManutOltc_32bit;Holding register;21402;Analog output;702;0;999999;0;1;;;;;;;OLMT;;Público;Parâmetro de número de operações do comutador desde a última manutenção;Parameter of OLTC number of operations since last maintenance;;;;;;Regulação;Regulation;;Manutenção do comutador;OLTC maintenance;;Parâmetro;;;;;
d3411a400ae643379c0748d59f1e5be3;1;RW;32_ABCD\32;TabEscritaManutOltc_32bit;Holding register;21404;Analog output;703;0;999999;150000;1;;;;;;;OLMT;;Público;Parâmetro de alarme por número de operações do comutador;Parameter of alarm due to number of OLTC operations;;;;;;Regulação;Regulation;;Manutenção do comutador;OLTC maintenance;;Parâmetro;;;;;
893888a6737f4f6bb4834ad3c266fa11;1;RW;32_ABCD\FLOAT;TabEscritaManutOltc_32bit;Holding register;21406;Analog output;704;0;2000000;0;1000;Ipu².10³;Ipu².10³;;;;;OLMT;;Público;Parâmetro de ajuste do limite da somatória de corrente comutada ao quadrado do comutador;Parameter of adjusting the limit for the sum of the switched current squared by the OLTC;;;;;;Regulação;Regulation;;Manutenção do comutador;OLTC maintenance;;Parâmetro;;;;;
fe7c23efd72047d191db4226d1e4e7bb;1;RW;32_ABCD\FLOAT;TabEscritaManutOltc_32bit;Holding register;21408;Analog output;705;0;2000000;0;1000;Ipu².10³;Ipu².10³;;;;;OLMT;;Público;Parâmetro de ajuste do limite da somatória de corrente comutada ao quadrado do comutador após manutenção;Parameter of adjusting the limit for the sum of the switched current squared by the OLTC after maintenance;;;;;;Regulação;Regulation;;Manutenção do comutador;OLTC maintenance;;Parâmetro;;;;;
c4f221bb35ed42eeab6353e1d941de03;1;RW;32_ABCD\FLOAT;TabEscritaManutOltc_32bit;Holding register;21410;Analog output;706;0;2000000;2000000;1000;Ipu².10³;Ipu².10³;;;;;OLMT;;Público;Parâmetro de ajuste do limite da somatória de corrente comutada ao quadrado comutador para aviso de manutenção;Parameter of adjusting the limit for the sum of the switched current squared by the OLTC for maintenance warning;;;;;;Regulação;Regulation;;Manutenção do comutador;OLTC maintenance;;Parâmetro;;;;;
;;;;;;;;;;;;;;;;;;;;;;;;;;;;;;;;;;;;;;;;
69dd81f10112411f9349b0f075ee32db;1;RW;16;TabEscritaFabParameter;Holding register;30100;;;1;50;5;1;°C;°C;;;;;;;Fábrica;Parâmetro de configuração do valor limite para autodiagnóstico de salto de temperatura do óleo ou do CDC;Parameter of limit value for self-diagnosis of oil temperature jump or OLTC;;;;;;;;;;;;Parâmetro;;;;;
c322a98667854d7f9a5aac4d9a3db137;1;RW;16;TabEscritaFabParameter;Holding register;30101;;;1;50;20;1;°C;°C;;;;;;;Fábrica;Parâmetro de configuração do valor limite para autodiagnóstico de salto de temperatura ambiente;Parameter of limit value for self-diagnosis of ambient temperature jump;;;;;;;;;;;;Parâmetro;;;;;
3e997eb4a30d471ab723d5eccd23bb69;1;RW;16;TabEscritaFabParameter;Holding register;30102;;;400;1000;500;100;A;A;;;;;;;Fábrica;Parâmetro de corrente de referência no TC do enrolamento 1;Parameter of reference electrical current in CT of winding 1 during calibration;;;;;;;;;;;;Parâmetro;;;;;
4cec238e12714903b81e6221304289a1;1;RW;16;TabEscritaFabParameter;Holding register;30103;;;0;1000;500;100;A;A;;;;;;;Fábrica;Parâmetro de corrente lida no TC do enrolamento 1;Parameter of measured electrical current in CT of winding 1 during calibration;;;;;;;;;;;;Parâmetro;;;;;
d97e06c5f3d44b558cfb2ac74c760cc6;1;RW;16;TabEscritaFabParameter;Holding register;30104;;;400;1000;500;100;A;A;;;;;;;Fábrica;Parâmetro de corrente de referência no TC do enrolamento 2;Parameter of reference electrical current in CT of winding 2 during calibration;;;;;;;;;;;;Parâmetro;;;;;
66ef2f8fa0fb4ee2a5e9128868eb2b3b;1;RW;16;TabEscritaFabParameter;Holding register;30105;;;0;1000;500;100;A;A;;;;;;;Fábrica;Parâmetro de corrente lida no TC do enrolamento 2;Parameter of measured electrical current in CT of winding 2 during calibration;;;;;;;;;;;;Parâmetro;;;;;
a78b50a5c8684542879d938c479e65c5;1;RW;16;TabEscritaFabParameter;Holding register;30106;;;400;1000;500;100;A;A;;;;;;;Fábrica;Parâmetro de corrente de referência no TC do enrolamento 3;Parameter of reference electrical current in CT of winding 3 during calibration;;;;;;;;;;;;Parâmetro;;;;;
87e42a8e2d5742e29a8a7e72c926feaf;1;RW;16;TabEscritaFabParameter;Holding register;30107;;;0;1000;500;100;A;A;;;;;;;Fábrica;Parâmetro de corrente lida no TC do enrolamento 3;Parameter of measured electrical current in CT of winding 3 during calibration;;;;;;;;;;;;Parâmetro;;;;;
22635a2c8a5948ff9b41cf3bc749e58e;1;RW;16;TabEscritaFabParameter;Holding register;30108;;;400;1000;500;100;A;A;;;;;;;Fábrica;Parâmetro de corrente de referência no TC do grupo de resfriamento 1;Parameter of reference electrical current in CT of cooling group 4 during calibration;;;;;;;;;;;;Parâmetro;;;;;
71b90220dca8407ba4e5395e483396a9;1;RW;16;TabEscritaFabParameter;Holding register;30109;;;0;1000;500;100;A;A;;;;;;;Fábrica;Parâmetro de corrente lida no TC do grupo de resfriamento 1;Parameter of measured electrical current in CT of cooling group 4 during calibration;;;;;;;;;;;;Parâmetro;;;;;
711a789d73404ecda6263f0e80bd4c40;1;RW;16;TabEscritaFabParameter;Holding register;30110;;;400;1000;500;100;A;A;;;;;;;Fábrica;Parâmetro de corrente de referência no TC do grupo de resfriamento 2;Parameter of reference electrical current in CT of cooling group 5 during calibration;;;;;;;;;;;;Parâmetro;;;;;
e37c3b54fe054ee4841126a3de3df623;1;RW;16;TabEscritaFabParameter;Holding register;30111;;;0;1000;500;100;A;A;;;;;;;Fábrica;Parâmetro de corrente lida no TC do grupo de resfriamento 2;Parameter of measured electrical current in CT of cooling group 5 during calibration;;;;;;;;;;;;Parâmetro;;;;;
35d72fa61015420ea5efa1152327c4c8;1;RW;16;TabEscritaFabParameter;Holding register;30112;;;400;1000;500;100;A;A;;;;;;;Fábrica;Parâmetro de corrente de referência no TC do grupo de resfriamento 3;Parameter of reference electrical current in CT of cooling group 6 during calibration;;;;;;;;;;;;Parâmetro;;;;;
e0a383fd0c6f44869f93c0d68ad31ea0;1;RW;16;TabEscritaFabParameter;Holding register;30113;;;0;1000;500;100;A;A;;;;;;;Fábrica;Parâmetro de corrente lida no TC do grupo de resfriamento 3;Parameter of measured electrical current in CT of cooling group 6 during calibration;;;;;;;;;;;;Parâmetro;;;;;
ab463e5a4d3e4cd597393b6e50fce65c;1;RW;16;TabEscritaFabParameter;Holding register;30114;;;400;1000;500;100;A;A;;;;;;;Fábrica;Parâmetro de corrente de referência no TC do grupo de resfriamento 4;Parameter of reference electrical current in CT of cooling group 7 during calibration;;;;;;;;;;;;Parâmetro;;;;;
afbf28f744ce47e5b0e4cb7866605705;1;RW;16;TabEscritaFabParameter;Holding register;30115;;;0;1000;500;100;A;A;;;;;;;Fábrica;Parâmetro de corrente lida no TC do grupo de resfriamento 4;Parameter of measured electrical current in CT of cooling group 7 during calibration;;;;;;;;;;;;Parâmetro;;;;;
2d498022412a4c07a56b28ba7c4cbba2;1;RW;16;TabEscritaFabParameter;Holding register;30116;;;500;2500;1270;10;V;V;;;;;;;Fábrica;Parâmetro de tensão de referência no TP;Parameter of reference voltage in PT during calibration;;;;;;;;;;;;Parâmetro;;;;;
9c217b8dd3cb4cf88df773b93d1b12ec;1;RW;16;TabEscritaFabParameter;Holding register;30117;;;0;2500;1270;10;V;V;;;;;;;Fábrica;Parâmetro de tensão lida no TP;Parameter of measured voltage in PT during calibration;;;;;;;;;;;;Parâmetro;;;;;
378305db0fd146dab2480653f119055f;1;RW;16;TabEscritaFabParameter;Holding register;30118;;;-9999;9999;37;1;;;;;;;;;Fábrica;Parâmetro de calibração do ângulo TP/TC do enrolamento 1;Parameter of PT/CT angle calibration of winding 1;;;;;;;;;;;;Parâmetro;;;;;
743c91c0e03741799a6023f2f678bd1a;1;RW;16;TabEscritaFabParameter;Holding register;30119;;;-9999;9999;37;1;;;;;;;;;Fábrica;Parâmetro de calibração do ângulo TP/TC do enrolamento 2;Parameter of PT/CT angle calibration of winding 2;;;;;;;;;;;;Parâmetro;;;;;
c3d8242fbb5f403e9b98489015f53c8b;1;RW;16;TabEscritaFabParameter;Holding register;30120;;;-9999;9999;37;1;;;;;;;;;Fábrica;Parâmetro de calibração do ângulo TP/TC do enrolamento 3;Parameter of PT/CT angle calibration of winding 3;;;;;;;;;;;;Parâmetro;;;;;
87ba9963f3da47c39e43ea058496e32e;1;RW;16;TabEscritaFabParameter;Holding register;30121;;;0;20000;0;1000;mA;mA;;;;;;;Fábrica;Parâmetro de corrente de referência para calibração de tap mA;Parameter of reference electrical current for tap mA calibration;;;;;;;;;;;;Parâmetro;;;;;
f0f2fcea0f8d41ca9cdac4d39bf078e3;1;RW;16;TabEscritaFabParameter;Holding register;30122;;;0;20000;0;1000;mA;mA;;;;;;;Fábrica;Parâmetro de corrente bruta lida para calibração de tap mA;Parameter of raw electrical current measured for tap mA calibration;;;;;;;;;;;;Parâmetro;;;;;
3576538544ff4da59a37fd01c103e0d7;0;RW;16;TabEscritaFabParameter;Holding register;30123;;;1;5;5;1;;;;1=1ENR\2=3ENR\3=REG\4=REG + 1ENR\5=REG + 3ENR;1=1ENR\2=3ENR\3=REG\4=REG + 1ENR\5=REG + 3ENR;;;;Fábrica;Parâmetro de escolha das funcionalidades do produto;Parameter of product functionality selection;;;;;;;;;;;;Parâmetro;;;;;
3f571804c29e4d1bb46f7267a60fb35d;1;RW;32_ABCD;TabEscritaFabParameter;Holding register;30024;;;-2147483648;2147483647;0;1;;;;;;;;;Fábrica;Comando de reset da placa de controle;Comand of reset for control board;;;;;;Fábrica;Factory;;;;;Parâmetro;;;;reset1;
;;;;;;;;;;;;;;;;;;;;;;;;;;;;;;;;;;;;;;;;
66dce11910734e4fb1079262d63bc46e;0;RW;Bit;TabEscritaBinFabParameter;Coil;30100;;;1;1;1;1;;;;1=Sim;1=Yes;;;;Fábrica;Parâmetro de habilitação do opcional Pré-Resfriamento por Carga;Parameter of enabling optional pre-cooling by load;;;;;;;;;;;;Parâmetro;;;;;
9a2a6caba75e40d297efef9d37198f2f;0;RW;Bit;TabEscritaBinFabParameter;Coil;30101;;;1;1;1;1;;;;1=Sim;1=Yes;;;;Fábrica;Parâmetro de habilitação do opcional Exercício de Ventilação;Parameter of enabling optional cooling exercise;;;;;;;;;;;;Parâmetro;;;;;
a6ca6de76a474e32b9ea86c33076286e;0;RW;Bit;TabEscritaBinFabParameter;Coil;30102;;;1;1;1;1;;;;1=Sim;1=Yes;;;;Fábrica;Parâmetro de habilitação do opcional Envelhecimento da Isolação;Parameter of enabling optional insulation aging;;;;;;;;;;;;Parâmetro;;;;;
7679203d29fa4ae49c5c7583ea4d316f;0;RW;Bit;TabEscritaBinFabParameter;Coil;30103;;;1;1;1;1;;;;1=Sim;1=Yes;;;;Fábrica;Parâmetro de habilitação do opcional Diferencial de Temperatura do Comutador;Parameter of enabling optional OLTC temperature differential;;;;;;;;;;;;Parâmetro;;;;;
61bbe316f6dc4a7ca16644b16b345c62;0;RW;Bit;TabEscritaBinFabParameter;Coil;30104;;;1;1;1;1;;;;1=Sim;1=Yes;;;;Fábrica;Parâmetro de habilitação do opcional Monitoração dos Grupos de Resfriamento;Parameter of enabling optional cooling group monitoring;;;;;;;;;;;;Parâmetro;;;;;
eedd8c1c09144d069ed86bb6da42facb;0;RW;Bit;TabEscritaBinFabParameter;Coil;30105;;;1;1;1;1;;;;1=Sim;1=Yes;;;;Fábrica;Parâmetro de habilitação do opcional TAP;Parameter of enabling optional tap;;;;;;;;;;;;Parâmetro;;;;;
f871eb46aa134fddbca5700224c387a2;0;RW;Bit;TabEscritaBinFabParameter;Coil;30106;;;1;1;1;1;;;;1=Sim;1=Yes;;;;Fábrica;Parâmetro de habilitação do opcional Manutenção do Comutador;Parameter of enabling optional OLTC maintenance;;;;;;;;;;;;Parâmetro;;;;;
541f79902fca41f1924981392ec5e5e5;0;RW;Bit;TabEscritaBinFabParameter;Coil;30107;;;1;1;1;1;;;;1=Sim;1=Yes;;;;Fábrica;Parâmetro de habilitação do opcional Checagem do Comutador;Parameter of enabling optional OLTC check;;;;;;;;;;;;Parâmetro;;;;;
55b9fe99bba84b4cab7ed08270432409;0;RW;Bit;TabEscritaBinFabParameter;Coil;30108;;;1;1;1;1;;;;1=Sim;1=Yes;;;;Fábrica;Parâmetro de habilitação do opcional Contato Molhado;Parameter of enabling optional wet contact;;;;;;;;;;;;Parâmetro;;;;;
b9afcaf654da4c22a823f5162fc4d911;0;RW;Bit;TabEscritaBinFabParameter;Coil;30109;;;0;1;0;1;;;;0=Sem comando\1=Efetua reset;0=No command\1=Perform reset;;;;Fábrica;Comando de reset do log de Sanidade;Command of reset sanity log;;;;;;;;;;;;Comando;;;;;
9199a3810472425ab6410155159ea420;0;RW;Bit;TabEscritaBinFabParameter;Coil;30110;;;0;1;0;1;;;;0=Sem comando\1=Efetua reset;0=No command\1=Perform reset;;;;Fábrica;Comando de reset do log de Auditoria;Command of reset audit log;;;;;;;;;;;;Comando;;;;;
;;;;;;;;;;;;;;;;;;;;;;;;;;;;;;;;;;;;;;;;
e666bdfc522a4287b75207463bd6e165;1;RW;Bit;TabEscritaBinFabAccess;Coil;30200;;;0;1;0;1;;;;0=-\1=Solicita Acesso;;;;;Fábrica;Comando de requisição de acesso para registros de fábrica.;Command of access request for factory parameters.;;;;;;;;;;;;Comando;;;;;
;;;;;;;;;;;;;;;;;;;;;;;;;;;;;;;;;;;;;;;;
b544309cbe9c463282ed27803491ec32;1;RW;16;TabEscritaFabAccess;Holding register;30200;;;0;9999;0;1;;;;;;;;;Fábrica;Parâmetro de entrada de senha para liberação de acesso.;Parameter of Input password for factory parameters access.;;;;;;;;;;;;Parâmetro;;;;;
;;;;;;;;;;;;;;;;;;;;;;;;;;;;;;;;;;;;;;;;
362d46438d9f4df6a4b8c1c7eb999e7e;1;RW;16;TabEscritaMensagem;Holding register;30300;;;0;7;0;1;;;;;;;;;Privado;Mensagem de display;Display Messages;;;;;;;;;;;;;;;;mensagem;
d0ece678c7e840619ae734d21055a20e;1;RW;16;TabEscritaMensagem;Holding register;30301;;;0;2;0;1;;;;;;;;;Privado;Comportamento do display;Display behavior;;;;;;;;;;;;;;;;comportamento;
