UUID;Teste automático;Modo;Tratamento;Tabela (Modbus);Tipo (Modbus);Registrador (Modbus);Tipo (DNP3);Índice (DNP3);Limite inferior;Limite superior;Valor default;Divisor;Unidade pt;Unidade en;Unidade es;Conversão pt;Conversão en;Conversão es;Opcional;Condicional;Nível de acesso;Descrição pt;Descrição en;Descrição es;Display pt;Display en;Display es;Observações;Funcionalidade pt;Funcionalidade en;Funcionalidade es;Grupo pt;Grupo en;Grupo es;Classificação;Gráfico rápido;Histórico de dados;IEC 61850;Link;CDC
9ebe831639c04aaca6da1ca819071404;1;R;0x0001;;Holding register;0;Binary input;0;0;1;;1;;;;0=Não\1=Sim;0=No\1=Yes;;GENERAL;;Público;Indicação de existência de mestre na rede de comunicação;Indication of existence of a master in the communication network;;;;;;;;;;;;;;;;;CDC
843f209cb85349a5967ec85ac1a64f25;1;R;0x0002;;Holding register;0;Binary input;1;0;1;;1;;;;0=Não\1=Sim;0=No\1=Yes;;GENERAL;;Público;Indicação de existência de mais de um mestre na rede de comunicação;Indication of more than one master in the communication network;;;;;;;;;;;;;;;;;CDC
fc7f0e7e15ea4f4daa03be3b8f7db210;1;R;0x0004;;Holding register;0;Binary input;2;0;1;;1;;;;0=Não acionado\1=Acionado;0=Not triggered\1=Triggered;;GENERAL;;Público;Indicação de autodiagnóstico por erro de programação do sistema;Indication of self-diagnosis for system programming error;;E04;E04;E04;;;;;Autodiagnósticos;Self-diagnosis;;Autodiagnóstico;;;;;CDC
907db88bfbd043dcb166c0509407279d;1;R;0x0008;;Holding register;0;Binary input;3;0;1;;1;;;;;;;GENERAL;;Público;Indicação de existência de comandado na rede de comunicação;Indication of existence of followers in the communication network;;;;;;;;;;;;;;;;;CDC
1acafc3bbc1f47c1866d6425716ed5ac;1;R;0x0010;;Holding register;0;Binary input;4;0;1;;1;;;;;;;GENERAL;;Público;Indicação de autodiagnóstico por erro na comunicação no sistema;Indication of self-diagnosis for error on system comunication;;;;;;;;;;;;;;;;;CDC
d387355a982d402da5e6461ab2820c16;1;R;0x0020;;Holding register;0;Binary input;5;0;1;;1;;;;;;;GENERAL;;Público;Indicação de mestre pronto para efetuar comutação;Indication of master ready to change tap;;;;;;;;;;;;;;;;;CDC
bbf2405db4bc4f4db3c12744e1462282;1;R;0x0040;;Holding register;0;Binary input;6;0;1;;1;;;;0=Não acionado\1=Acionado;0=Not triggered\1=Triggered;;GENERAL;;Público;Indicação de autodiagnóstico por erro de leitura da posição de tap no sistema;Indication of self-diagnosis for tap position reading error;;E08;E08;E08;;;;;Autodiagnósticos;Self-diagnosis;;Autodiagnóstico;;;;;CDC
62fcbd95757444c19f249c28b8d79f2f;1;R;0x0080;;Holding register;0;Binary input;7;0;1;;1;;;;;;;GENERAL;;Público;Indicação de mestre no modo automático;Indication of master on automatic mode;;;;;;;;;;;;;;;;;CDC
425be65862aa44bdb0cc5babca93bef7;1;R;16;;Holding register;1;Analog input;0;2;50;;1;;;;;;;GENERAL;;Público;Indicação de posição de tap do mestre;'Indication of master''s tap position';;;;;ALERTA(Lê valor fora da faixa [0] caso não exista SPS mestre)!!!;;;;;;;;;;;;CDC
ff7beef493234408bbd43f1243677fd8;1;R;16;;Holding register;2;Analog input;1;2;50;;1;;;;;;;SPS1;;Público;SPS1 : Indicação de posição de tap;SPS1 : Indication of tap position;;;;;ALERTA(Lê valor fora da faixa [63] caso não exista SPS com ADR=1)!!!;;;;Tap;Tap;;Geral;Sim;Sim;SDp_SPS1_$YLTC1$ST$TapPosInd$stVal;;CDC
2abeb6efbc744240b07a65b82333384f;1;R;0x0001;;Holding register;3;Binary input;8;0;1;;1;;;;;;;SPS1;;Público;SPS1 : Indicação de modo mestre;SPS1 : Indication of master mode;;SPS1_LED_MESTRE;SPS1_LED_MESTRE;SPS1_LED_MESTRE;;;;;Tap;Tap;;Geral;Sim;Sim;;;CDC
2f62c9e7dbc2470fbbc7e248a01f7a6a;1;R;0x0002;;Holding register;3;Binary input;9;0;1;;1;;;;;;;SPS1;;Público;SPS1 : Indicação de modo comandado;SPS1 : Indication of follower mode;;SPS1_LED_COMAND.;SPS1_LED_COMAND.;SPS1_LED_COMAND.;;;;;Tap;Tap;;Geral;Sim;Sim;;;CDC
0a62af7419614d608e808a75064dfcb9;1;R;0x0004;;Holding register;3;Binary input;10;0;1;;1;;;;0=Local\1=Remoto;0=Local\1=Remote;0=Local\1=Remoto;SPS1;;Público;SPS1 : Indicação de modo local/remoto;SPS1 : Indication of local/remote mode;;;;;;;;;Modo;Mode;;Geral;;;SDp_SPS1_$YLTC1$ST$Loc$stVal;;CDC
633022b086c649efad6a38c1c7b092ff;1;R;0x0008;;Holding register;3;Binary input;11;0;1;;1;;;;0=Manual\1=Automático;0=Manual\1=Automatic;0=Manual\1=Automático;SPS1;;Público;SPS1 : Indicação de modo manual/automático;SPS1 : Indication of manual/automatic mode;;SPS1_LED_AUTO/LED_MANUAL;SPS1_LED_AUTO/LED_MANUAL;SPS1_LED_AUTO/LED_MANUAL;;;;;Modo;Mode;;Geral;;;SDp_SPS1_$YLTC1$ST$Auto$stVal;;CDC
1b31b538dba44eecad162dbf66e4233a;1;R;0x0010;;Holding register;3;Binary input;12;0;1;;1;;;;0=Fase\1=Banco;0=Phase\1=Bank;0=Fase\1=Banco;SPS1;;Público;SPS1 : Indicação de modo fase individual/banco;SPS1 : Indication of individual phase/bank;;;;;;;;;;;;;;;SDp_SPS1_$YLTC1$ST$ParOp$stVal;;CDC
72d51122ca99480ab29250b4e9dfd02b;1;R;0x0020;;Holding register;3;Binary input;13;0;1;;1;;;;0=Trifásico\1=Monofásico;0=Three-phase\1=Single-phase;0=Trifásico\1=Monofásico;SPS1;;Público;SPS1 : Indicação de modo trifásico/monofásico;SPS1 : Indication of three-phase/single-phase mode;;;;;;;;;;;;;;;SDp_SPS1_$YLTC1$ST$TrfMod$stVal;;CDC
ba4bf2a5c51a4de5a4eab41bfa61db75;1;R;0x0001;;Holding register;4;Binary input;16;0;1;;1;;;;0=Não acionado\1=Acionado;0=Not triggered\1=Triggered;;SPS1;;Público;SPS1 : Indicação de autodiagnóstico por erro de sincronismo entre fases;SPS1 : Indication of self-diagnosis for synchronism error between phases;;SPS1_E01;SPS1_E01;SPS1_E01;;;;;Autodiagnósticos;Self-diagnosis;;Autodiagnóstico;;;SDp_SPS1_$YLTC1$ST$PhSyncErr$stVal;;CDC
b62e094e2a9f4c66b4e417252aa8efe7;1;R;0x0002;;Holding register;4;Binary input;17;0;1;;1;;;;0=Não acionado\1=Acionado;0=Not triggered\1=Triggered;;SPS1;;Público;SPS1 : Indicação de autodiagnóstico por erro de sincronismo entre bancos;SPS1 : Indication of self-diagnosis for synchronism error between banks;;SPS1_E01;SPS1_E01;SPS1_E01;;;;;Autodiagnósticos;Self-diagnosis;;Autodiagnóstico;;;SDp_SPS1_$YLTC1$ST$BnkSyncErr$stVal;;CDC
b2bbb2aef7014683ae0e420e7d44bab9;1;R;0x0004;;Holding register;4;Binary input;18;0;1;;1;;;;0=Não acionado\1=Acionado;0=Not triggered\1=Triggered;;SPS1;;Público;SPS1 : Indicação de autodiagnóstico por erro de programação;SPS1 : Indication of self-diagnosis for programming error;;SPS1_E04;SPS1_E04;SPS1_E04;;;;;Autodiagnósticos;Self-diagnosis;;Autodiagnóstico;;;SDp_SPS1_$YLTC1$ST$PrgErr$stVal;;CDC
caa7207340dd483e8d7e7df0236b8f16;1;R;0x0008;;Holding register;4;Binary input;19;0;1;;1;;;;0=Não acionado\1=Acionado;0=Not triggered\1=Triggered;;SPS1;;Público;SPS1 : Indicação de autodiagnóstico por erro de leitura de tap;SPS1 : Indication of self-diagnosis for tap position reading error;;SPS1_E08;SPS1_E08;SPS1_E08;;;;;Autodiagnósticos;Self-diagnosis;;Autodiagnóstico;;;SDp_SPS1_$YLTC1$ST$PosErr$stVal;;CDC
552ac65e86f44a6189791be65138e0d0;1;R;0x0010;;Holding register;4;Binary input;20;0;1;;1;;;;;;;SPS1;;Público;SPS1 : Indicação de pronto para mudança de tap;SPS1 : Indication of ready to tap changing;;;;;;;;;;;;;;;SDp_SPS1_$YLTC1$ST$RdyChgPos$stVal;;CDC
f2259c9fef2c4b2abd464c282012f37b;1;R;16;;Holding register;5;Analog input;2;2;50;;1;;;;;;;SPS2;;Público;SPS2 : Indicação de posição de tap;SPS2 : Indication of tap position;;;;;ALERTA(Lê valor fora da faixa [63] caso não exista SPS com ADR=2)!!!;;;;Tap;Tap;;Geral;Sim;Sim;SDp_SPS2_$YLTC1$ST$TapPosInd$stVal;;CDC
700affbe32c54465a5ce74381ca20351;1;R;0x0001;;Holding register;6;Binary input;24;0;1;;1;;;;;;;SPS2;;Público;SPS2 : Indicação de modo mestre;SPS2 : Indication of master mode;;SPS2_LED_MESTRE;SPS2_LED_MESTRE;SPS2_LED_MESTRE;;;;;Tap;Tap;;Geral;Sim;Sim;;;CDC
f01366dbe7ae4474993b5527f7d74e50;1;R;0x0002;;Holding register;6;Binary input;25;0;1;;1;;;;;;;SPS2;;Público;SPS2 : Indicação de modo comandado;SPS2 : Indication of follower mode;;SPS2_LED_COMAND.;SPS2_LED_COMAND.;SPS2_LED_COMAND.;;;;;Tap;Tap;;Geral;Sim;Sim;;;CDC
957916db44bf43fb906256cee54bfcbc;1;R;0x0004;;Holding register;6;Binary input;26;0;1;;1;;;;0=Local\1=Remoto;0=Local\1=Remote;0=Local\1=Remoto;SPS2;;Público;SPS2 : Indicação de modo local/remoto;SPS2 : Indication of local/remote mode;;;;;;;;;Modo;Mode;;Geral;;;SDp_SPS2_$YLTC1$ST$Loc$stVal;;CDC
b4b3b81506054615881c6cd5b0ce2fb2;1;R;0x0008;;Holding register;6;Binary input;27;0;1;;1;;;;0=Manual\1=Automático;0=Manual\1=Automatic;0=Manual\1=Automático;SPS2;;Público;SPS2 : Indicação de modo manual/automático;SPS2 : Indication of manual/automatic mode;;SPS2_LED_AUTO/LED_MANUAL;SPS2_LED_AUTO/LED_MANUAL;SPS2_LED_AUTO/LED_MANUAL;;;;;Modo;Mode;;Geral;;;SDp_SPS2_$YLTC1$ST$Auto$stVal;;CDC
06d6c6f210994608a6c8eef1715605c5;1;R;0x0010;;Holding register;6;Binary input;28;0;1;;1;;;;0=Fase\1=Banco;0=Phase\1=Bank;0=Fase\1=Banco;SPS2;;Público;SPS2 : Indicação de modo fase individual/banco;SPS2 : Indication of individual phase/bank;;;;;;;;;;;;;;;SDp_SPS2_$YLTC1$ST$ParOp$stVal;;CDC
e3a74248dbb642b4974e5dbadcb35902;1;R;0x0020;;Holding register;6;Binary input;29;0;1;;1;;;;0=Trifásico\1=Monofásico;0=Three-phase\1=Single-phase;0=Trifásico\1=Monofásico;SPS2;;Público;SPS2 : Indicação de modo trifásico/monofásico;SPS2 : Indication of three-phase/single-phase mode;;;;;;;;;;;;;;;SDp_SPS2_$YLTC1$ST$TrfMod$stVal;;CDC
f6f61d2b43794fc8bdd998297f0ac499;1;R;0x0001;;Holding register;7;Binary input;32;0;1;;1;;;;0=Não acionado\1=Acionado;0=Not triggered\1=Triggered;;SPS2;;Público;SPS2 : Indicação de autodiagnóstico por erro de sincronismo entre fases;SPS2 : Indication of self-diagnosis for synchronism error between phases;;SPS2_E01;SPS2_E01;SPS2_E01;;;;;Autodiagnósticos;Self-diagnosis;;Autodiagnóstico;;;SDp_SPS2_$YLTC1$ST$PhSyncErr$stVal;;CDC
333957199d3c4400bb990b6c4e101cde;1;R;0x0002;;Holding register;7;Binary input;33;0;1;;1;;;;0=Não acionado\1=Acionado;0=Not triggered\1=Triggered;;SPS2;;Público;SPS2 : Indicação de autodiagnóstico por erro de sincronismo entre bancos;SPS2 : Indication of self-diagnosis for synchronism error between banks;;SPS2_E01;SPS2_E01;SPS2_E01;;;;;Autodiagnósticos;Self-diagnosis;;Autodiagnóstico;;;SDp_SPS2_$YLTC1$ST$BnkSyncErr$stVal;;CDC
fa6b78c6975e4728b9df4529ac9801e4;1;R;0x0004;;Holding register;7;Binary input;34;0;1;;1;;;;0=Não acionado\1=Acionado;0=Not triggered\1=Triggered;;SPS2;;Público;SPS2 : Indicação de autodiagnóstico por erro de programação;SPS2 : Indication of self-diagnosis for programming error;;SPS2_E04;SPS2_E04;SPS2_E04;;;;;Autodiagnósticos;Self-diagnosis;;Autodiagnóstico;;;SDp_SPS2_$YLTC1$ST$PrgErr$stVal;;CDC
cf9039554bab4a9fbe2bcdaa92e2e4f9;1;R;0x0008;;Holding register;7;Binary input;35;0;1;;1;;;;0=Não acionado\1=Acionado;0=Not triggered\1=Triggered;;SPS2;;Público;SPS2 : Indicação de autodiagnóstico por erro de leitura de tap;SPS2 : Indication of self-diagnosis for tap position reading error;;SPS2_E08;SPS2_E08;SPS2_E08;;;;;Autodiagnósticos;Self-diagnosis;;Autodiagnóstico;;;SDp_SPS2_$YLTC1$ST$PosErr$stVal;;CDC
6f53b3c4ef4242d08b77bf19626ef5e7;1;R;0x0010;;Holding register;7;Binary input;36;0;1;;1;;;;;;;SPS2;;Público;SPS2 : Indicação de pronto para mudança de tap;SPS2 : Indication of ready to tap changing;;;;;;;;;;;;;;;SDp_SPS2_$YLTC1$ST$RdyChgPos$stVal;;CDC
c467a4b06a4f44b2808b89312927577f;1;R;16;;Holding register;8;Analog input;3;2;50;;1;;;;;;;SPS3;;Público;SPS3 : Indicação de posição de tap;SPS3 : Indication of tap position;;;;;ALERTA(Lê valor fora da faixa [63] caso não exista SPS com ADR=3)!!!;;;;Tap;Tap;;Geral;Sim;Sim;SDp_SPS3_$YLTC1$ST$TapPosInd$stVal;;CDC
bc71266a4181424ca41b59fc54d5c4cf;1;R;0x0001;;Holding register;9;Binary input;40;0;1;;1;;;;;;;SPS3;;Público;SPS3 : Indicação de modo mestre;SPS3 : Indication of master mode;;SPS3_LED_MESTRE;SPS3_LED_MESTRE;SPS3_LED_MESTRE;;;;;Tap;Tap;;Geral;Sim;Sim;SDp_SPS3_$YLTC1$ST$Mstr$stVal;;CDC
a936315441e94bbb8cc78d69576a9543;1;R;0x0002;;Holding register;9;Binary input;41;0;1;;1;;;;;;;SPS3;;Público;SPS3 : Indicação de modo comandado;SPS3 : Indication of follower mode;;SPS3_LED_COMAND.;SPS3_LED_COMAND.;SPS3_LED_COMAND.;;;;;Tap;Tap;;Geral;Sim;Sim;SDp_SPS3_$YLTC1$ST$Flwr$stVal;;CDC
9246e7e1e4d94301b5db102c1a2720a7;1;R;0x0004;;Holding register;9;Binary input;42;0;1;;1;;;;0=Local\1=Remoto;0=Local\1=Remote;0=Local\1=Remoto;SPS3;;Público;SPS3 : Indicação de modo local/remoto;SPS3 : Indication of local/remote mode;;;;;;;;;Modo;Mode;;Geral;;;SDp_SPS3_$YLTC1$ST$Loc$stVal;;CDC
c83304163e064eddbf16e5ff814f6fa6;1;R;0x0008;;Holding register;9;Binary input;43;0;1;;1;;;;0=Manual\1=Automático;0=Manual\1=Automatic;0=Manual\1=Automático;SPS3;;Público;SPS3 : Indicação de modo manual/automático;SPS3 : Indication of manual/automatic mode;;SPS3_LED_AUTO/LED_MANUAL;SPS3_LED_AUTO/LED_MANUAL;SPS3_LED_AUTO/LED_MANUAL;;;;;Modo;Mode;;Geral;;;SDp_SPS3_$YLTC1$ST$Auto$stVal;;CDC
4b0303b685684e26bfa18f5d6cc66d83;1;R;0x0010;;Holding register;9;Binary input;44;0;1;;1;;;;0=Fase\1=Banco;0=Phase\1=Bank;0=Fase\1=Banco;SPS3;;Público;SPS3 : Indicação de modo fase individual/banco;SPS3 : Indication of individual phase/bank;;;;;;;;;;;;;;;;;CDC
56f905b287c6484db2832404df2e9b51;1;R;0x0020;;Holding register;9;Binary input;45;0;1;;1;;;;0=Trifásico\1=Monofásico;0=Three-phase\1=Single-phase;0=Trifásico\1=Monofásico;SPS3;;Público;SPS3 : Indicação de modo trifásico/monofásico;SPS3 : Indication of three-phase/single-phase mode;;;;;;;;;;;;;;;SDp_SPS3_$YLTC1$ST$TrfMod$stVal;;CDC
5fac5f4b22cd40dcbbf47167542a7801;1;R;0x0001;;Holding register;10;Binary input;48;0;1;;1;;;;0=Não acionado\1=Acionado;0=Not triggered\1=Triggered;;SPS3;;Público;SPS3 : Indicação de autodiagnóstico por erro de sincronismo entre fases;SPS3 : Indication of self-diagnosis for synchronism error between phases;;SPS3_E01;SPS3_E01;SPS3_E01;;;;;Autodiagnósticos;Self-diagnosis;;Autodiagnóstico;;;SDp_SPS3_$YLTC1$ST$PhSyncErr$stVal;;CDC
9868d52a11584bdcb5514f4d48dcad51;1;R;0x0002;;Holding register;10;Binary input;49;0;1;;1;;;;0=Não acionado\1=Acionado;0=Not triggered\1=Triggered;;SPS3;;Público;SPS3 : Indicação de autodiagnóstico por erro de sincronismo entre bancos;SPS3 : Indication of self-diagnosis for synchronism error between banks;;SPS3_E01;SPS3_E01;SPS3_E01;;;;;Autodiagnósticos;Self-diagnosis;;Autodiagnóstico;;;SDp_SPS3_$YLTC1$ST$BnkSyncErr$stVal;;CDC
0abc50fc13084e6fb3ad448bb643a1d9;1;R;0x0004;;Holding register;10;Binary input;50;0;1;;1;;;;0=Não acionado\1=Acionado;0=Not triggered\1=Triggered;;SPS3;;Público;SPS3 : Indicação de autodiagnóstico por erro de programação;SPS3 : Indication of self-diagnosis for programming error;;SPS3_E04;SPS3_E04;SPS3_E04;;;;;Autodiagnósticos;Self-diagnosis;;Autodiagnóstico;;;SDp_SPS3_$YLTC1$ST$PrgErr$stVal;;CDC
0ebdbefc6f2b4b25bdd120905bc7ecb4;1;R;0x0008;;Holding register;10;Binary input;51;0;1;;1;;;;0=Não acionado\1=Acionado;0=Not triggered\1=Triggered;;SPS3;;Público;SPS3 : Indicação de autodiagnóstico por erro de leitura de tap;SPS3 : Indication of self-diagnosis for tap position reading error;;SPS3_E08;SPS3_E08;SPS3_E08;;;;;Autodiagnósticos;Self-diagnosis;;Autodiagnóstico;;;SDp_SPS3_$YLTC1$ST$PosErr$stVal;;CDC
88c861eddf1b45fbaef0c82b8b4888c9;1;R;0x0010;;Holding register;10;Binary input;52;0;1;;1;;;;;;;SPS3;;Público;SPS3 : Indicação de pronto para mudança de tap;SPS3 : Indication of ready to tap changing;;;;;;;;;;;;;;;SDp_SPS3_$YLTC1$ST$RdyChgPos$stVal;;CDC
6cb22af939bf4734b4d849b2d533340d;1;R;16;;Holding register;11;Analog input;4;2;50;;1;;;;;;;SPS4;;Público;SPS4 : Indicação de posição de tap;SPS4 : Indication of tap position;;;;;ALERTA(Lê valor fora da faixa [63] caso não exista SPS com ADR=4)!!!;;;;Tap;Tap;;Geral;Sim;Sim;SDp_SPS4_$YLTC1$ST$TapPosInd$stVal;;CDC
895f33397d4b4c0581feabc460d42f55;1;R;0x0001;;Holding register;12;Binary input;56;0;1;;1;;;;;;;SPS4;;Público;SPS4 : Indicação de modo mestre;SPS4 : Indication of master mode;;SPS4_LED_MESTRE;SPS4_LED_MESTRE;SPS4_LED_MESTRE;;;;;Tap;Tap;;Geral;Sim;Sim;;;CDC
a43c56cbda9a44708b0a0581c866da4b;1;R;0x0002;;Holding register;12;Binary input;57;0;1;;1;;;;;;;SPS4;;Público;SPS4 : Indicação de modo comandado;SPS4 : Indication of follower mode;;SPS4_LED_COMAND.;SPS4_LED_COMAND.;SPS4_LED_COMAND.;;;;;Tap;Tap;;Geral;Sim;Sim;;;CDC
fb3c5d659b6e4af6a7e3b5d067fcaf7a;1;R;0x0004;;Holding register;12;Binary input;58;0;1;;1;;;;0=Local\1=Remoto;0=Local\1=Remote;0=Local\1=Remoto;SPS4;;Público;SPS4 : Indicação de modo local/remoto;SPS4 : Indication of local/remote mode;;;;;;;;;Modo;Mode;;Geral;;;SDp_SPS4_$YLTC1$ST$Loc$stVal;;CDC
abc2902796894b48908cdea1834fc654;1;R;0x0008;;Holding register;12;Binary input;59;0;1;;1;;;;0=Manual\1=Automático;0=Manual\1=Automatic;0=Manual\1=Automático;SPS4;;Público;SPS4 : Indicação de modo manual/automático;SPS4 : Indication of manual/automatic mode;;SPS4_LED_AUTO/LED_MANUAL;SPS4_LED_AUTO/LED_MANUAL;SPS4_LED_AUTO/LED_MANUAL;;;;;Modo;Mode;;Geral;;;SDp_SPS4_$YLTC1$ST$Auto$stVal;;CDC
8e1db18a0ac949bfabc60f430a0d6150;1;R;0x0010;;Holding register;12;Binary input;60;0;1;;1;;;;0=Fase\1=Banco;0=Phase\1=Bank;0=Fase\1=Banco;SPS4;;Público;SPS4 : Indicação de modo fase individual/banco;SPS4 : Indication of individual phase/bank;;;;;;;;;;;;;;;SDp_SPS4_$YLTC1$ST$ParOp$stVal;;CDC
2dfa76e2632d4588b74d46f54e7367e5;1;R;0x0020;;Holding register;12;Binary input;61;0;1;;1;;;;0=Trifásico\1=Monofásico;0=Three-phase\1=Single-phase;0=Trifásico\1=Monofásico;SPS4;;Público;SPS4 : Indicação de modo trifásico/monofásico;SPS4 : Indication of three-phase/single-phase mode;;;;;;;;;;;;;;;SDp_SPS4_$YLTC1$ST$TrfMod$stVal;;CDC
1a96512133d345fcac1331fcdc2758ee;1;R;0x0001;;Holding register;13;Binary input;64;0;1;;1;;;;0=Não acionado\1=Acionado;0=Not triggered\1=Triggered;;SPS4;;Público;SPS4 : Indicação de autodiagnóstico por erro de sincronismo entre fases;SPS4 : Indication of self-diagnosis for synchronism error between phases;;SPS4_E01;SPS4_E01;SPS4_E01;;;;;Autodiagnósticos;Self-diagnosis;;Autodiagnóstico;;;SDp_SPS4_$YLTC1$ST$PhSyncErr$stVal;;CDC
b0f651f6dcaf488a81e6e53674917194;1;R;0x0002;;Holding register;13;Binary input;65;0;1;;1;;;;0=Não acionado\1=Acionado;0=Not triggered\1=Triggered;;SPS4;;Público;SPS4 : Indicação de autodiagnóstico por erro de sincronismo entre bancos;SPS4 : Indication of self-diagnosis for synchronism error between banks;;SPS4_E01;SPS4_E01;SPS4_E01;;;;;Autodiagnósticos;Self-diagnosis;;Autodiagnóstico;;;SDp_SPS4_$YLTC1$ST$BnkSyncErr$stVal;;CDC
9bcd74c0598f41b9a8f7d08041901c03;1;R;0x0004;;Holding register;13;Binary input;66;0;1;;1;;;;0=Não acionado\1=Acionado;0=Not triggered\1=Triggered;;SPS4;;Público;SPS4 : Indicação de autodiagnóstico por erro de programação;SPS4 : Indication of self-diagnosis for programming error;;SPS4_E04;SPS4_E04;SPS4_E04;;;;;Autodiagnósticos;Self-diagnosis;;Autodiagnóstico;;;SDp_SPS4_$YLTC1$ST$PrgErr$stVal;;CDC
d3b03432e8cd4bd39995313db885dc16;1;R;0x0008;;Holding register;13;Binary input;67;0;1;;1;;;;0=Não acionado\1=Acionado;0=Not triggered\1=Triggered;;SPS4;;Público;SPS4 : Indicação de autodiagnóstico por erro de leitura de tap;SPS4 : Indication of self-diagnosis for tap position reading error;;SPS4_E08;SPS4_E08;SPS4_E08;;;;;Autodiagnósticos;Self-diagnosis;;Autodiagnóstico;;;SDp_SPS4_$YLTC1$ST$PosErr$stVal;;CDC
d9415ee2bd504492a5610fa46cd2dddc;1;R;0x0010;;Holding register;13;Binary input;68;0;1;;1;;;;;;;SPS4;;Público;SPS4 : Indicação de pronto para mudança de tap;SPS5 : Indication of ready to tap changing;;;;;;;;;;;;;;;SDp_SPS4_$YLTC1$ST$RdyChgPos$stVal;;CDC
dac66e40610242e196e6a3c041d4e47f;1;R;16;;Holding register;14;Analog input;5;2;50;;1;;;;;;;SPS5;;Público;SPS5 : Indicação de posição de tap;SPS5 : Indication of tap position;;;;;ALERTA(Lê valor fora da faixa [63] caso não exista SPS com ADR=5)!!!;;;;Tap;Tap;;Geral;Sim;Sim;SDp_SPS5_$YLTC1$ST$TapPosInd$stVal;;CDC
2ee101cfafe4420197070540bedd6288;1;R;0x0001;;Holding register;15;Binary input;72;0;1;;1;;;;;;;SPS5;;Público;SPS5 : Indicação de modo mestre;SPS5 : Indication of master mode;;SPS5_LED_MESTRE;SPS5_LED_MESTRE;SPS5_LED_MESTRE;;;;;Tap;Tap;;Geral;Sim;Sim;;;CDC
40adf7c8f6cc49a68028b42d286235e5;1;R;0x0002;;Holding register;15;Binary input;73;0;1;;1;;;;;;;SPS5;;Público;SPS5 : Indicação de modo comandado;SPS5 : Indication of follower mode;;SPS5_LED_COMAND.;SPS5_LED_COMAND.;SPS5_LED_COMAND.;;;;;Tap;Tap;;Geral;Sim;Sim;;;CDC
536b252c745f441fb3c15e8a2df9de19;1;R;0x0004;;Holding register;15;Binary input;74;0;1;;1;;;;0=Local\1=Remoto;0=Local\1=Remote;0=Local\1=Remoto;SPS5;;Público;SPS5 : Indicação de modo local/remoto;SPS5 : Indication of local/remote mode;;;;;;;;;Modo;Mode;;Geral;;;SDp_SPS5_$YLTC1$ST$Loc$stVal;;CDC
697a6798d23b4f3782bb216bc4437017;1;R;0x0008;;Holding register;15;Binary input;75;0;1;;1;;;;0=Manual\1=Automático;0=Manual\1=Automatic;0=Manual\1=Automático;SPS5;;Público;SPS5 : Indicação de modo manual/automático;SPS5 : Indication of manual/automatic mode;;SPS5_LED_AUTO/LED_MANUAL;SPS5_LED_AUTO/LED_MANUAL;SPS5_LED_AUTO/LED_MANUAL;;;;;Modo;Mode;;Geral;;;SDp_SPS5_$YLTC1$ST$Auto$stVal;;CDC
bda520a2485c4dcbace9d5766f626358;1;R;0x0010;;Holding register;15;Binary input;76;0;1;;1;;;;0=Fase\1=Banco;0=Phase\1=Bank;0=Fase\1=Banco;SPS5;;Público;SPS5 : Indicação de modo fase individual/banco;SPS5 : Indication of individual phase/bank;;;;;;;;;;;;;;;SDp_SPS5_$YLTC1$ST$ParOp$stVal;;CDC
8bd4c204eb13411caf0901ceac303772;1;R;0x0020;;Holding register;15;Binary input;77;0;1;;1;;;;0=Trifásico\1=Monofásico;0=Three-phase\1=Single-phase;0=Trifásico\1=Monofásico;SPS5;;Público;SPS5 : Indicação de modo trifásico/monofásico;SPS5 : Indication of three-phase/single-phase mode;;;;;;;;;;;;;;;SDp_SPS5_$YLTC1$ST$TrfMod$stVal;;CDC
e424bf959d2449cf8521e7a6db6bf1cc;1;R;0x0001;;Holding register;16;Binary input;80;0;1;;1;;;;0=Não acionado\1=Acionado;0=Not triggered\1=Triggered;;SPS5;;Público;SPS5 : Indicação de autodiagnóstico por erro de sincronismo entre fases;SPS5 : Indication of self-diagnosis for synchronism error between phases;;SPS5_E01;SPS5_E01;SPS5_E01;;;;;Autodiagnósticos;Self-diagnosis;;Autodiagnóstico;;;SDp_SPS5_$YLTC1$ST$PhSyncErr$stVal;;CDC
74475c4e8cc24dd2aa875ab5bdb6d50e;1;R;0x0002;;Holding register;16;Binary input;81;0;1;;1;;;;0=Não acionado\1=Acionado;0=Not triggered\1=Triggered;;SPS5;;Público;SPS5 : Indicação de autodiagnóstico por erro de sincronismo entre bancos;SPS5 : Indication of self-diagnosis for synchronism error between banks;;SPS5_E01;SPS5_E01;SPS5_E01;;;;;Autodiagnósticos;Self-diagnosis;;Autodiagnóstico;;;SDp_SPS5_$YLTC1$ST$BnkSyncErr$stVal;;CDC
968a1eafd15f4bef86290148f2e412b7;1;R;0x0004;;Holding register;16;Binary input;82;0;1;;1;;;;0=Não acionado\1=Acionado;0=Not triggered\1=Triggered;;SPS5;;Público;SPS5 : Indicação de autodiagnóstico por erro de programação;SPS5 : Indication of self-diagnosis for programming error;;SPS5_E04;SPS5_E04;SPS5_E04;;;;;Autodiagnósticos;Self-diagnosis;;Autodiagnóstico;;;SDp_SPS5_$YLTC1$ST$PrgErr$stVal;;CDC
db831dae0db9427f8c7c498ffb0c6e9b;1;R;0x0008;;Holding register;16;Binary input;83;0;1;;1;;;;0=Não acionado\1=Acionado;0=Not triggered\1=Triggered;;SPS5;;Público;SPS5 : Indicação de autodiagnóstico por erro de leitura de tap;SPS5 : Indication of self-diagnosis for tap position reading error;;SPS5_E08;SPS5_E08;SPS5_E08;;;;;Autodiagnósticos;Self-diagnosis;;Autodiagnóstico;;;SDp_SPS5_$YLTC1$ST$PosErr$stVal;;CDC
8ed5c9e69d25444cb81cea837d27eced;1;R;0x0010;;Holding register;16;Binary input;84;0;1;;1;;;;;;;SPS5;;Público;SPS5 : Indicação de pronto para mudança de tap;SPS5 : Indication of ready to tap changing;;;;;;;;;;;;;;;SDp_SPS5_$YLTC1$ST$RdyChgPos$stVal;;CDC
aa7b1029b1bd4ecab51e0beb8d2ca9be;1;R;16;;Holding register;17;Analog input;6;2;50;;1;;;;;;;SPS6;;Público;SPS6 : Indicação de posição de tap;SPS6 : Indication of tap position;;;;;ALERTA(Lê valor fora da faixa [63] caso não exista SPS com ADR=6)!!!;;;;Tap;Tap;;Geral;Sim;Sim;SDp_SPS6_$YLTC1$ST$TapPosInd$stVal;;CDC
36ae44b7f3ad4588af72bd815f446dee;1;R;0x0001;;Holding register;18;Binary input;88;0;1;;1;;;;;;;SPS6;;Público;SPS6 : Indicação de modo mestre;SPS6 : Indication of master mode;;SPS6_LED_MESTRE;SPS6_LED_MESTRE;SPS6_LED_MESTRE;;;;;Tap;Tap;;Geral;Sim;Sim;SDp_SPS6_$YLTC1$ST$Mstr$stVal;;CDC
aacfb2e4d06645cc8085500fd97ea581;1;R;0x0002;;Holding register;18;Binary input;89;0;1;;1;;;;;;;SPS6;;Público;SPS6 : Indicação de modo comandado;SPS6 : Indication of follower mode;;SPS6_LED_COMAND.;SPS6_LED_COMAND.;SPS6_LED_COMAND.;;;;;Tap;Tap;;Geral;Sim;Sim;SDp_SPS6_$YLTC1$ST$Flwr$stVal;;CDC
0a3ef8f0ea2646a79e5a2cd4b07dc918;1;R;0x0004;;Holding register;18;Binary input;90;0;1;;1;;;;0=Local\1=Remoto;0=Local\1=Remote;0=Local\1=Remoto;SPS6;;Público;SPS6 : Indicação de modo local/remoto;SPS6 : Indication of local/remote mode;;;;;;;;;Modo;Mode;;Geral;;;SDp_SPS6_$YLTC1$ST$Loc$stVal;;CDC
ff01074f33734b18af791d0700a8f762;1;R;0x0008;;Holding register;18;Binary input;91;0;1;;1;;;;0=Manual\1=Automático;0=Manual\1=Automatic;0=Manual\1=Automático;SPS6;;Público;SPS6 : Indicação de modo manual/automático;SPS6 : Indication of manual/automatic mode;;SPS6_LED_AUTO/LED_MANUAL;SPS6_LED_AUTO/LED_MANUAL;SPS6_LED_AUTO/LED_MANUAL;;;;;Modo;Mode;;Geral;;;SDp_SPS6_$YLTC1$ST$Auto$stVal;;CDC
4865f40867df469f84cdeae45f623caf;1;R;0x0010;;Holding register;18;Binary input;92;0;1;;1;;;;0=Fase\1=Banco;0=Phase\1=Bank;0=Fase\1=Banco;SPS6;;Público;SPS6 : Indicação de modo fase individual/banco;SPS6 : Indication of individual phase/bank;;;;;;;;;;;;;;;;;CDC
324d3eede631468e8050245711957b15;1;R;0x0020;;Holding register;18;Binary input;93;0;1;;1;;;;0=Trifásico\1=Monofásico;0=Three-phase\1=Single-phase;0=Trifásico\1=Monofásico;SPS6;;Público;SPS6 : Indicação de modo trifásico/monofásico;SPS6 : Indication of three-phase/single-phase mode;;;;;;;;;;;;;;;SDp_SPS6_$YLTC1$ST$TrfMod$stVal;;CDC
39ae3ba4c6814816a3e39125ee406be1;1;R;0x0001;;Holding register;19;Binary input;96;0;1;;1;;;;0=Não acionado\1=Acionado;0=Not triggered\1=Triggered;;SPS6;;Público;SPS6 : Indicação de autodiagnóstico por erro de sincronismo entre fases;SPS6 : Indication of self-diagnosis for synchronism error between phases;;SPS6_E01;SPS6_E01;SPS6_E01;;;;;Autodiagnósticos;Self-diagnosis;;Autodiagnóstico;;;SDp_SPS6_$YLTC1$ST$PhSyncErr$stVal;;CDC
1dc02596902b48bfa5620af922cc58e4;1;R;0x0002;;Holding register;19;Binary input;97;0;1;;1;;;;0=Não acionado\1=Acionado;0=Not triggered\1=Triggered;;SPS6;;Público;SPS6 : Indicação de autodiagnóstico por erro de sincronismo entre bancos;SPS6 : Indication of self-diagnosis for synchronism error between banks;;SPS6_E01;SPS6_E01;SPS6_E01;;;;;Autodiagnósticos;Self-diagnosis;;Autodiagnóstico;;;SDp_SPS6_$YLTC1$ST$BnkSyncErr$stVal;;CDC
92e664284f0f4497baca53fb0f745a20;1;R;0x0004;;Holding register;19;Binary input;98;0;1;;1;;;;0=Não acionado\1=Acionado;0=Not triggered\1=Triggered;;SPS6;;Público;SPS6 : Indicação de autodiagnóstico por erro de programação;SPS6 : Indication of self-diagnosis for programming error;;SPS6_E04;SPS6_E04;SPS6_E04;;;;;Autodiagnósticos;Self-diagnosis;;Autodiagnóstico;;;SDp_SPS6_$YLTC1$ST$PrgErr$stVal;;CDC
7acea9e2d5db4554b3cd21a3469f2a49;1;R;0x0008;;Holding register;19;Binary input;99;0;1;;1;;;;0=Não acionado\1=Acionado;0=Not triggered\1=Triggered;;SPS6;;Público;SPS6 : Indicação de autodiagnóstico por erro de leitura de tap;SPS6 : Indication of self-diagnosis for tap position reading error;;SPS6_E08;SPS6_E08;SPS6_E08;;;;;Autodiagnósticos;Self-diagnosis;;Autodiagnóstico;;;SDp_SPS6_$YLTC1$ST$PosErr$stVal;;CDC
638d606ccada4809b61b1f53c0237aa7;1;R;0x0010;;Holding register;19;Binary input;100;0;1;;1;;;;;;;SPS6;;Público;SPS6 : Indicação de pronto para mudança de tap;SPS6 : Indication of ready to tap changing;;;;;;;;;;;;;;;SDp_SPS6_$YLTC1$ST$RdyChgPos$stVal;;CDC
aac40abdc68e4ec2b30548464cc69d0c;1;R;16;;Holding register;20;Analog input;7;2;50;;1;;;;;;;SPS7;;Público;SPS7 : Indicação de posição de tap;SPS7 : Indication of tap position;;;;;ALERTA(Lê valor fora da faixa [63] caso não exista SPS com ADR=7)!!!;;;;Tap;Tap;;Geral;Sim;Sim;SDp_SPS7_$YLTC1$ST$TapPosInd$stVal;;CDC
9cd3029d5cc045c280a637856355a0d1;1;R;0x0001;;Holding register;21;Binary input;104;0;1;;1;;;;;;;SPS7;;Público;SPS7 : Indicação de modo mestre;SPS7 : Indication of master mode;;SPS7_LED_MESTRE;SPS7_LED_MESTRE;SPS7_LED_MESTRE;;;;;Tap;Tap;;Geral;Sim;Sim;;;CDC
aecc97b945c04f8db04915ffec4cce34;1;R;0x0002;;Holding register;21;Binary input;105;0;1;;1;;;;;;;SPS7;;Público;SPS7 : Indicação de modo comandado;SPS7 : Indication of follower mode;;SPS7_LED_COMAND.;SPS7_LED_COMAND.;SPS7_LED_COMAND.;;;;;Tap;Tap;;Geral;Sim;Sim;;;CDC
dbb5ec06d4664f19aefecb5bc4f13dff;1;R;0x0004;;Holding register;21;Binary input;106;0;1;;1;;;;0=Local\1=Remoto;0=Local\1=Remote;0=Local\1=Remoto;SPS7;;Público;SPS7 : Indicação de modo local/remoto;SPS7 : Indication of local/remote mode;;;;;;;;;Modo;Mode;;Geral;;;SDp_SPS7_$YLTC1$ST$Loc$stVal;;CDC
ee3e3533e1aa4034bd23383aec1a27eb;1;R;0x0008;;Holding register;21;Binary input;107;0;1;;1;;;;0=Manual\1=Automático;0=Manual\1=Automatic;0=Manual\1=Automático;SPS7;;Público;SPS7 : Indicação de modo manual/automático;SPS7 : Indication of manual/automatic mode;;SPS7_LED_AUTO/LED_MANUAL;SPS7_LED_AUTO/LED_MANUAL;SPS7_LED_AUTO/LED_MANUAL;;;;;Modo;Mode;;Geral;;;SDp_SPS7_$YLTC1$ST$Auto$stVal;;CDC
78bbc044155242198cead5d04d23499a;1;R;0x0010;;Holding register;21;Binary input;108;0;1;;1;;;;0=Fase\1=Banco;0=Phase\1=Bank;0=Fase\1=Banco;SPS7;;Público;SPS7 : Indicação de modo fase individual/banco;SPS7 : Indication of individual phase/bank;;;;;;;;;;;;;;;SDp_SPS7_$YLTC1$ST$ParOp$stVal;;CDC
7335c9ac5bd74d1381b2bd616a53ced0;1;R;0x0020;;Holding register;21;Binary input;109;0;1;;1;;;;0=Trifásico\1=Monofásico;0=Three-phase\1=Single-phase;0=Trifásico\1=Monofásico;SPS7;;Público;SPS7 : Indicação de modo trifásico/monofásico;SPS7 : Indication of three-phase/single-phase mode;;;;;;;;;;;;;;;SDp_SPS7_$YLTC1$ST$TrfMod$stVal;;CDC
9b3697d7c88b43ce873079836c8214a5;1;R;0x0001;;Holding register;22;Binary input;112;0;1;;1;;;;0=Não acionado\1=Acionado;0=Not triggered\1=Triggered;;SPS7;;Público;SPS7 : Indicação de autodiagnóstico por erro de sincronismo entre fases;SPS7 : Indication of self-diagnosis for synchronism error between phases;;SPS7_E01;SPS7_E01;SPS7_E01;;;;;Autodiagnósticos;Self-diagnosis;;Autodiagnóstico;;;SDp_SPS7_$YLTC1$ST$PhSyncErr$stVal;;CDC
4a3b9215fd854eab8c29dfd4ac159adf;1;R;0x0002;;Holding register;22;Binary input;113;0;1;;1;;;;0=Não acionado\1=Acionado;0=Not triggered\1=Triggered;;SPS7;;Público;SPS7 : Indicação de autodiagnóstico por erro de sincronismo entre bancos;SPS7 : Indication of self-diagnosis for synchronism error between banks;;SPS7_E01;SPS7_E01;SPS7_E01;;;;;Autodiagnósticos;Self-diagnosis;;Autodiagnóstico;;;SDp_SPS7_$YLTC1$ST$BnkSyncErr$stVal;;CDC
43367885a9454985b85a3d8c2bdf4a8b;1;R;0x0004;;Holding register;22;Binary input;114;0;1;;1;;;;0=Não acionado\1=Acionado;0=Not triggered\1=Triggered;;SPS7;;Público;SPS7 : Indicação de autodiagnóstico por erro de programação;SPS7 : Indication of self-diagnosis for programming error;;SPS7_E04;SPS7_E04;SPS7_E04;;;;;Autodiagnósticos;Self-diagnosis;;Autodiagnóstico;;;SDp_SPS7_$YLTC1$ST$PrgErr$stVal;;CDC
f5604075b3c54afb809e93226da78b96;1;R;0x0008;;Holding register;22;Binary input;115;0;1;;1;;;;0=Não acionado\1=Acionado;0=Not triggered\1=Triggered;;SPS7;;Público;SPS7 : Indicação de autodiagnóstico por erro de leitura de tap;SPS7 : Indication of self-diagnosis for tap position reading error;;SPS7_E08;SPS7_E08;SPS7_E08;;;;;Autodiagnósticos;Self-diagnosis;;Autodiagnóstico;;;SDp_SPS7_$YLTC1$ST$PosErr$stVal;;CDC
0625806584b8493782863bff1cd72442;1;R;0x0010;;Holding register;22;Binary input;116;0;1;;1;;;;;;;SPS7;;Público;SPS7 : Indicação de pronto para mudança de tap;SPS7 : Indication of ready to tap changing;;;;;;;;;;;;;;;SDp_SPS7_$YLTC1$ST$RdyChgPos$stVal;;CDC
b00aa09afbe24c789b68ff8341c5b301;1;R;16;;Holding register;23;Analog input;8;2;50;;1;;;;;;;SPS8;;Público;SPS8 : Indicação de posição de tap;SPS8 : Indication of tap position;;;;;ALERTA(Lê valor fora da faixa [63] caso não exista SPS com ADR=8)!!!;;;;Tap;Tap;;Geral;Sim;Sim;SDp_SPS8_$YLTC1$ST$TapPosInd$stVal;;CDC
c62b01a4216945a29991174900033a7b;1;R;0x0001;;Holding register;24;Binary input;120;0;1;;1;;;;;;;SPS8;;Público;SPS8 : Indicação de modo mestre;SPS8 : Indication of master mode;;SPS8_LED_MESTRE;SPS8_LED_MESTRE;SPS8_LED_MESTRE;;;;;Tap;Tap;;Geral;Sim;Sim;;;CDC
f5f40a785a08478c867ac90a03d0379b;1;R;0x0002;;Holding register;24;Binary input;121;0;1;;1;;;;;;;SPS8;;Público;SPS8 : Indicação de modo comandado;SPS8 : Indication of follower mode;;SPS8_LED_COMAND.;SPS8_LED_COMAND.;SPS8_LED_COMAND.;;;;;Tap;Tap;;Geral;Sim;Sim;;;CDC
299d39672bbe4d11852d573bc59ef77d;1;R;0x0004;;Holding register;24;Binary input;122;0;1;;1;;;;0=Local\1=Remoto;0=Local\1=Remote;0=Local\1=Remoto;SPS8;;Público;SPS8 : Indicação de modo local/remoto;SPS8 : Indication of local/remote mode;;;;;;;;;Modo;Mode;;Geral;;;SDp_SPS8_$YLTC1$ST$Loc$stVal;;CDC
420af5d33ddb4a938a121f181b40026f;1;R;0x0008;;Holding register;24;Binary input;123;0;1;;1;;;;0=Manual\1=Automático;0=Manual\1=Automatic;0=Manual\1=Automático;SPS8;;Público;SPS8 : Indicação de modo manual/automático;SPS8 : Indication of manual/automatic mode;;SPS8_LED_AUTO/LED_MANUAL;SPS8_LED_AUTO/LED_MANUAL;SPS8_LED_AUTO/LED_MANUAL;;;;;Modo;Mode;;Geral;;;SDp_SPS8_$YLTC1$ST$Auto$stVal;;CDC
6653db1990a546a1b388c976a271a7d2;1;R;0x0010;;Holding register;24;Binary input;124;0;1;;1;;;;0=Fase\1=Banco;0=Phase\1=Bank;0=Fase\1=Banco;SPS8;;Público;SPS8 : Indicação de modo fase individual/banco;SPS8 : Indication of individual phase/bank;;;;;;;;;;;;;;;SDp_SPS8_$YLTC1$ST$ParOp$stVal;;CDC
805ee946ced747699d90ebf249d77241;1;R;0x0020;;Holding register;24;Binary input;125;0;1;;1;;;;0=Trifásico\1=Monofásico;0=Three-phase\1=Single-phase;0=Trifásico\1=Monofásico;SPS8;;Público;SPS8 : Indicação de modo trifásico/monofásico;SPS8 : Indication of three-phase/single-phase mode;;;;;;;;;;;;;;;SDp_SPS8_$YLTC1$ST$TrfMod$stVal;;CDC
5b571d34366b44d49bdf121d0d914bcb;1;R;0x0001;;Holding register;25;Binary input;128;0;1;;1;;;;0=Não acionado\1=Acionado;0=Not triggered\1=Triggered;;SPS8;;Público;SPS8 : Indicação de autodiagnóstico por erro de sincronismo entre fases;SPS8 : Indication of self-diagnosis for synchronism error between phases;;SPS8_E01;SPS8_E01;SPS8_E01;;;;;Autodiagnósticos;Self-diagnosis;;Autodiagnóstico;;;SDp_SPS8_$YLTC1$ST$PhSyncErr$stVal;;CDC
4b3605edd19a46c5b59dd070a18053a0;1;R;0x0002;;Holding register;25;Binary input;129;0;1;;1;;;;0=Não acionado\1=Acionado;0=Not triggered\1=Triggered;;SPS8;;Público;SPS8 : Indicação de autodiagnóstico por erro de sincronismo entre bancos;SPS8 : Indication of self-diagnosis for synchronism error between banks;;SPS8_E01;SPS8_E01;SPS8_E01;;;;;Autodiagnósticos;Self-diagnosis;;Autodiagnóstico;;;SDp_SPS8_$YLTC1$ST$BnkSyncErr$stVal;;CDC
4dc5d496d7a148319ed0baf283fbbcd2;1;R;0x0004;;Holding register;25;Binary input;130;0;1;;1;;;;0=Não acionado\1=Acionado;0=Not triggered\1=Triggered;;SPS8;;Público;SPS8 : Indicação de autodiagnóstico por erro de programação;SPS8 : Indication of self-diagnosis for programming error;;SPS8_E04;SPS8_E04;SPS8_E04;;;;;Autodiagnósticos;Self-diagnosis;;Autodiagnóstico;;;SDp_SPS8_$YLTC1$ST$PrgErr$stVal;;CDC
4cf46dbcde0845899de364b752651c3b;1;R;0x0008;;Holding register;25;Binary input;131;0;1;;1;;;;0=Não acionado\1=Acionado;0=Not triggered\1=Triggered;;SPS8;;Público;SPS8 : Indicação de autodiagnóstico por erro de leitura de tap;SPS8 : Indication of self-diagnosis for tap position reading error;;SPS8_E08;SPS8_E08;SPS8_E08;;;;;Autodiagnósticos;Self-diagnosis;;Autodiagnóstico;;;SDp_SPS8_$YLTC1$ST$PosErr$stVal;;CDC
1be53843f7304a96803e2c1c635f190a;1;R;0x0010;;Holding register;25;Binary input;132;0;1;;1;;;;;;;SPS8;;Público;SPS8 : Indicação de pronto para mudança de tap;SPS8 : Indication of ready to tap changing;;;;;;;;;;;;;;;SDp_SPS8_$YLTC1$ST$RdyChgPos$stVal;;CDC
02bb8d90d03a4934b1c662519bf962c0;1;R;16;;Holding register;26;Analog input;9;2;50;;1;;;;;;;SPS9;;Público;SPS9 : Indicação de posição de tap;SPS9 : Indication of tap position;;;;;ALERTA(Lê valor fora da faixa [63] caso não exista SPS com ADR=9)!!!;;;;Tap;Tap;;Geral;Sim;Sim;SDp_SPS9_$YLTC1$ST$TapPosInd$stVal;;CDC
75dbd71e9b364166b4e8d46003bf5bd0;1;R;0x0001;;Holding register;27;Binary input;136;0;1;;1;;;;;;;SPS9;;Público;SPS9 : Indicação de modo mestre;SPS9 : Indication of master mode;;SPS9_LED_MESTRE;SPS9_LED_MESTRE;SPS9_LED_MESTRE;;;;;Tap;Tap;;Geral;Sim;Sim;SDp_SPS9_$YLTC1$ST$Mstr$stVal;;CDC
06df72b5cba04a19b05531afe1dfc73c;1;R;0x0002;;Holding register;27;Binary input;137;0;1;;1;;;;;;;SPS9;;Público;SPS9 : Indicação de modo comandado;SPS9 : Indication of follower mode;;SPS9_LED_COMAND.;SPS9_LED_COMAND.;SPS9_LED_COMAND.;;;;;Tap;Tap;;Geral;Sim;Sim;SDp_SPS9_$YLTC1$ST$Flwr$stVal;;CDC
c9b698063ec34700aeb88b807786afc9;1;R;0x0004;;Holding register;27;Binary input;138;0;1;;1;;;;0=Local\1=Remoto;0=Local\1=Remote;0=Local\1=Remoto;SPS9;;Público;SPS9 : Indicação de modo local/remoto;SPS9 : Indication of local/remote mode;;;;;;;;;Modo;Mode;;Geral;;;SDp_SPS9_$YLTC1$ST$Loc$stVal;;CDC
7aabc80877504eb99bbf7382a64bca3a;1;R;0x0008;;Holding register;27;Binary input;139;0;1;;1;;;;0=Manual\1=Automático;0=Manual\1=Automatic;0=Manual\1=Automático;SPS9;;Público;SPS9 : Indicação de modo manual/automático;SPS9 : Indication of manual/automatic mode;;SPS9_LED_AUTO/LED_MANUAL;SPS9_LED_AUTO/LED_MANUAL;SPS9_LED_AUTO/LED_MANUAL;;;;;Modo;Mode;;Geral;;;SDp_SPS9_$YLTC1$ST$Auto$stVal;;CDC
6cf1349767144cb8a8737422838a4ae9;1;R;0x0010;;Holding register;27;Binary input;140;0;1;;1;;;;0=Fase\1=Banco;0=Phase\1=Bank;0=Fase\1=Banco;SPS9;;Público;SPS9 : Indicação de modo fase individual/banco;SPS9 : Indication of individual phase/bank;;;;;;;;;;;;;;;;;CDC
03bb7957b2414a9cb69a45c9517101ba;1;R;0x0020;;Holding register;27;Binary input;141;0;1;;1;;;;0=Trifásico\1=Monofásico;0=Three-phase\1=Single-phase;0=Trifásico\1=Monofásico;SPS9;;Público;SPS9 : Indicação de modo trifásico/monofásico;SPS9 : Indication of three-phase/single-phase mode;;;;;;;;;;;;;;;SDp_SPS9_$YLTC1$ST$TrfMod$stVal;;CDC
1088526fab5449589f33d4409836e0b1;1;R;0x0001;;Holding register;28;Binary input;144;0;1;;1;;;;0=Não acionado\1=Acionado;0=Not triggered\1=Triggered;;SPS9;;Público;SPS9 : Indicação de autodiagnóstico por erro de sincronismo entre fases;SPS9 : Indication of self-diagnosis for synchronism error between phases;;SPS9_E01;SPS9_E01;SPS9_E01;;;;;Autodiagnósticos;Self-diagnosis;;Autodiagnóstico;;;SDp_SPS9_$YLTC1$ST$PhSyncErr$stVal;;CDC
9cf7597b0c44468eba45909115b54641;1;R;0x0002;;Holding register;28;Binary input;145;0;1;;1;;;;0=Não acionado\1=Acionado;0=Not triggered\1=Triggered;;SPS9;;Público;SPS9 : Indicação de autodiagnóstico por erro de sincronismo entre bancos;SPS9 : Indication of self-diagnosis for synchronism error between banks;;SPS9_E01;SPS9_E01;SPS9_E01;;;;;Autodiagnósticos;Self-diagnosis;;Autodiagnóstico;;;SDp_SPS9_$YLTC1$ST$BnkSyncErr$stVal;;CDC
c51d161a5569491ea54ab7365091986f;1;R;0x0004;;Holding register;28;Binary input;146;0;1;;1;;;;0=Não acionado\1=Acionado;0=Not triggered\1=Triggered;;SPS9;;Público;SPS9 : Indicação de autodiagnóstico por erro de programação;SPS9 : Indication of self-diagnosis for programming error;;SPS9_E04;SPS9_E04;SPS9_E04;;;;;Autodiagnósticos;Self-diagnosis;;Autodiagnóstico;;;SDp_SPS9_$YLTC1$ST$PrgErr$stVal;;CDC
fbebfad0f7ed4e0685f339c2634c920f;1;R;0x0008;;Holding register;28;Binary input;147;0;1;;1;;;;0=Não acionado\1=Acionado;0=Not triggered\1=Triggered;;SPS9;;Público;SPS9 : Indicação de autodiagnóstico por erro de leitura de tap;SPS9 : Indication of self-diagnosis for tap position reading error;;SPS9_E08;SPS9_E08;SPS9_E08;;;;;Autodiagnósticos;Self-diagnosis;;Autodiagnóstico;;;SDp_SPS9_$YLTC1$ST$PosErr$stVal;;CDC
d3babe2dd4d84b33ab1eade5837d5ef1;1;R;0x0010;;Holding register;28;Binary input;148;0;1;;1;;;;;;;SPS9;;Público;SPS9 : Indicação de pronto para mudança de tap;SPS9 : Indication of ready to tap changing;;;;;;;;;;;;;;;SDp_SPS9_$YLTC1$ST$RdyChgPos$stVal;;CDC
2bcc9bb728cb4b97ad543c6888ff3a39;1;R;16;;Holding register;29;Analog input;10;2;50;;1;;;;;;;SPS10;;Público;SPS10 : Indicação de posição de tap;SPS10 : Indication of tap position;;;;;ALERTA(Lê valor fora da faixa [63] caso não exista SPS com ADR=10)!!!;;;;Tap;Tap;;Geral;Sim;Sim;;;CDC
88a0e8fe72ce4723b900f701e36e4e67;1;R;0x0001;;Holding register;30;Binary input;152;0;1;;1;;;;;;;SPS10;;Público;SPS10 : Indicação de modo mestre;SPS10 : Indication of master mode;;SPS10_LED_MESTRE;SPS10_LED_MESTRE;SPS10_LED_MESTRE;;;;;Tap;Tap;;Geral;Sim;Sim;;;CDC
eb246b7135ea4af7b4704756acc7c750;1;R;0x0002;;Holding register;30;Binary input;153;0;1;;1;;;;;;;SPS10;;Público;SPS10 : Indicação de modo comandado;SPS10 : Indication of follower mode;;SPS10_LED_COMAND.;SPS10_LED_COMAND.;SPS10_LED_COMAND.;;;;;Tap;Tap;;Geral;Sim;Sim;;;CDC
8fb78c6d028547ae96a6961ec8eb4e10;1;R;0x0004;;Holding register;30;Binary input;154;0;1;;1;;;;0=Local\1=Remoto;0=Local\1=Remote;0=Local\1=Remoto;SPS10;;Público;SPS10 : Indicação de modo local/remoto;SPS10 : Indication of local/remote mode;;;;;;;;;Modo;Mode;;Geral;;;;;CDC
f5dbfa55422a4a98809bfd683a8bac45;1;R;0x0008;;Holding register;30;Binary input;155;0;1;;1;;;;0=Manual\1=Automático;0=Manual\1=Automatic;0=Manual\1=Automático;SPS10;;Público;SPS10 : Indicação de modo manual/automático;SPS10 : Indication of manual/automatic mode;;SPS10_LED_AUTO/LED_MANUAL;SPS10_LED_AUTO/LED_MANUAL;SPS10_LED_AUTO/LED_MANUAL;;;;;Modo;Mode;;Geral;;;;;CDC
cf93f0e6d78644558635cdf93df3d0bc;1;R;0x0010;;Holding register;30;Binary input;156;0;1;;1;;;;0=Fase\1=Banco;0=Phase\1=Bank;0=Fase\1=Banco;SPS10;;Público;SPS10 : Indicação de modo fase individual/banco;SPS10 : Indication of individual phase/bank;;;;;;;;;;;;;;;;;CDC
113e4a0a920c409483f0372189a57239;1;R;0x0020;;Holding register;30;Binary input;157;0;1;;1;;;;0=Trifásico\1=Monofásico;0=Three-phase\1=Single-phase;0=Trifásico\1=Monofásico;SPS10;;Público;SPS10 : Indicação de modo trifásico/monofásico;SPS10 : Indication of three-phase/single-phase mode;;;;;;;;;;;;;;;;;CDC
2aae82855291411c9eab398cdd3cb419;1;R;0x0001;;Holding register;31;Binary input;160;0;1;;1;;;;0=Não acionado\1=Acionado;0=Not triggered\1=Triggered;;SPS10;;Público;SPS10 : Indicação de autodiagnóstico por erro de sincronismo entre fases;SPS10 : Indication of self-diagnosis for synchronism error between phases;;SPS10_E01;SPS10_E01;SPS10_E01;;;;;Autodiagnósticos;Self-diagnosis;;Autodiagnóstico;;;;;CDC
0252e2b235c44251a2c3cbb1d059c9ca;1;R;0x0002;;Holding register;31;Binary input;161;0;1;;1;;;;0=Não acionado\1=Acionado;0=Not triggered\1=Triggered;;SPS10;;Público;SPS10 : Indicação de autodiagnóstico por erro de sincronismo entre bancos;SPS10 : Indication of self-diagnosis for synchronism error between banks;;SPS10_E01;SPS10_E01;SPS10_E01;;;;;Autodiagnósticos;Self-diagnosis;;Autodiagnóstico;;;;;CDC
8fb0462c136147d3ac60a0f82af771f8;1;R;0x0004;;Holding register;31;Binary input;162;0;1;;1;;;;0=Não acionado\1=Acionado;0=Not triggered\1=Triggered;;SPS10;;Público;SPS10 : Indicação de autodiagnóstico por erro de programação;SPS10 : Indication of self-diagnosis for programming error;;SPS10_E04;SPS10_E04;SPS10_E04;;;;;Autodiagnósticos;Self-diagnosis;;Autodiagnóstico;;;;;CDC
ac4f85eb971d4e1686529f8f1a115945;1;R;0x0008;;Holding register;31;Binary input;163;0;1;;1;;;;0=Não acionado\1=Acionado;0=Not triggered\1=Triggered;;SPS10;;Público;SPS10 : Indicação de autodiagnóstico por erro de leitura de tap;SPS10 : Indication of self-diagnosis for tap position reading error;;SPS10_E08;SPS10_E08;SPS10_E08;;;;;Autodiagnósticos;Self-diagnosis;;Autodiagnóstico;;;;;CDC
b2f58b26e3d84782bf08a30229715382;1;R;0x0010;;Holding register;31;Binary input;164;0;1;;1;;;;;;;SPS10;;Público;SPS10 : Indicação de pronto para mudança de tap;SPS10 : Indication of ready to tap changing;;;;;;;;;;;;;;;;;CDC
7e8a07afb52c45b696a9f2ca36c46731;1;R;16;;Holding register;32;Analog input;11;2;50;;1;;;;;;;SPS11;;Público;SPS11 : Indicação de posição de tap;SPS11 : Indication of tap position;;;;;ALERTA(Lê valor fora da faixa [63] caso não exista SPS com ADR=11)!!!;;;;Tap;Tap;;Geral;Sim;Sim;;;CDC
4e4778cf358f45d685e8bd09c7ea6ef3;1;R;0x0001;;Holding register;33;Binary input;168;0;1;;1;;;;;;;SPS11;;Público;SPS11 : Indicação de modo mestre;SPS11 : Indication of master mode;;SPS11_LED_MESTRE;SPS11_LED_MESTRE;SPS11_LED_MESTRE;;;;;Tap;Tap;;Geral;Sim;Sim;;;CDC
c79d1445cd294835929df04e8cbd4549;1;R;0x0002;;Holding register;33;Binary input;169;0;1;;1;;;;;;;SPS11;;Público;SPS11 : Indicação de modo comandado;SPS11 : Indication of follower mode;;SPS11_LED_COMAND.;SPS11_LED_COMAND.;SPS11_LED_COMAND.;;;;;Tap;Tap;;Geral;Sim;Sim;;;CDC
a2d91a136c5b4c9395940286c6be2201;1;R;0x0004;;Holding register;33;Binary input;170;0;1;;1;;;;0=Local\1=Remoto;0=Local\1=Remote;0=Local\1=Remoto;SPS11;;Público;SPS11 : Indicação de modo local/remoto;SPS11 : Indication of local/remote mode;;;;;;;;;Modo;Mode;;Geral;;;;;CDC
86f0b6e9769842b2aaa6a2ed7f21aadc;1;R;0x0008;;Holding register;33;Binary input;171;0;1;;1;;;;0=Manual\1=Automático;0=Manual\1=Automatic;0=Manual\1=Automático;SPS11;;Público;SPS11 : Indicação de modo manual/automático;SPS11 : Indication of manual/automatic mode;;SPS11_LED_AUTO/LED_MANUAL;SPS11_LED_AUTO/LED_MANUAL;SPS11_LED_AUTO/LED_MANUAL;;;;;Modo;Mode;;Geral;;;;;CDC
1a3c2b6b8c10408ab70c3bc04a29813b;1;R;0x0010;;Holding register;33;Binary input;172;0;1;;1;;;;0=Fase\1=Banco;0=Phase\1=Bank;0=Fase\1=Banco;SPS11;;Público;SPS11 : Indicação de modo fase individual/banco;SPS11 : Indication of individual phase/bank;;;;;;;;;;;;;;;;;CDC
c864d76d79ac42af80bfa92894f21b09;1;R;0x0020;;Holding register;33;Binary input;173;0;1;;1;;;;0=Trifásico\1=Monofásico;0=Three-phase\1=Single-phase;0=Trifásico\1=Monofásico;SPS11;;Público;SPS11 : Indicação de modo trifásico/monofásico;SPS11 : Indication of three-phase/single-phase mode;;;;;;;;;;;;;;;;;CDC
51cc90d4d817422286da199f5a779fc5;1;R;0x0001;;Holding register;34;Binary input;176;0;1;;1;;;;0=Não acionado\1=Acionado;0=Not triggered\1=Triggered;;SPS11;;Público;SPS11 : Indicação de autodiagnóstico por erro de sincronismo entre fases;SPS11 : Indication of self-diagnosis for synchronism error between phases;;SPS11_E01;SPS11_E01;SPS11_E01;;;;;Autodiagnósticos;Self-diagnosis;;Autodiagnóstico;;;;;CDC
e9866a3b11bb40adafb21d855116f359;1;R;0x0002;;Holding register;34;Binary input;177;0;1;;1;;;;0=Não acionado\1=Acionado;0=Not triggered\1=Triggered;;SPS11;;Público;SPS11 : Indicação de autodiagnóstico por erro de sincronismo entre bancos;SPS11 : Indication of self-diagnosis for synchronism error between banks;;SPS11_E01;SPS11_E01;SPS11_E01;;;;;Autodiagnósticos;Self-diagnosis;;Autodiagnóstico;;;;;CDC
b7f9a1148e8e4b5982027ba078493079;1;R;0x0004;;Holding register;34;Binary input;178;0;1;;1;;;;0=Não acionado\1=Acionado;0=Not triggered\1=Triggered;;SPS11;;Público;SPS11 : Indicação de autodiagnóstico por erro de programação;SPS11 : Indication of self-diagnosis for programming error;;SPS11_E04;SPS11_E04;SPS11_E04;;;;;Autodiagnósticos;Self-diagnosis;;Autodiagnóstico;;;;;CDC
3e3eaa00893d4e689fe4d756554a5c5b;1;R;0x0008;;Holding register;34;Binary input;179;0;1;;1;;;;0=Não acionado\1=Acionado;0=Not triggered\1=Triggered;;SPS11;;Público;SPS11 : Indicação de autodiagnóstico por erro de leitura de tap;SPS11 : Indication of self-diagnosis for tap position reading error;;SPS11_E08;SPS11_E08;SPS11_E08;;;;;Autodiagnósticos;Self-diagnosis;;Autodiagnóstico;;;;;CDC
b95aec90982d49b7992d42d6a5ccb925;1;R;0x0010;;Holding register;34;Binary input;180;0;1;;1;;;;;;;SPS11;;Público;SPS11 : Indicação de pronto para mudança de tap;SPS11 : Indication of ready to tap changing;;;;;;;;;;;;;;;;;CDC
e0d86a2edd0a43b19437a92aed2cb37a;1;R;16;;Holding register;35;Analog input;12;2;50;;1;;;;;;;SPS12;;Público;SPS12 : Indicação de posição de tap;SPS12 : Indication of tap position;;;;;ALERTA(Lê valor fora da faixa [63] caso não exista SPS com ADR=12)!!!;;;;Tap;Tap;;Geral;Sim;Sim;;;CDC
8a92f02758c846f88b9890a49eeec088;1;R;0x0001;;Holding register;36;Binary input;184;0;1;;1;;;;;;;SPS12;;Público;SPS12 : Indicação de modo mestre;SPS12 : Indication of master mode;;SPS12_LED_MESTRE;SPS12_LED_MESTRE;SPS12_LED_MESTRE;;;;;Tap;Tap;;Geral;Sim;Sim;;;CDC
6b9e0497bde746149ea8bb454bce0ece;1;R;0x0002;;Holding register;36;Binary input;185;0;1;;1;;;;;;;SPS12;;Público;SPS12 : Indicação de modo comandado;SPS12 : Indication of follower mode;;SPS12_LED_COMAND.;SPS12_LED_COMAND.;SPS12_LED_COMAND.;;;;;Tap;Tap;;Geral;Sim;Sim;;;CDC
216e00ca36a04615aa0123b05b88ade5;1;R;0x0004;;Holding register;36;Binary input;186;0;1;;1;;;;0=Local\1=Remoto;0=Local\1=Remote;0=Local\1=Remoto;SPS12;;Público;SPS12 : Indicação de modo local/remoto;SPS12 : Indication of local/remote mode;;;;;;;;;Modo;Mode;;Geral;;;;;CDC
6c74243e496e4762bdbf794c5830c964;1;R;0x0008;;Holding register;36;Binary input;187;0;1;;1;;;;0=Manual\1=Automático;0=Manual\1=Automatic;0=Manual\1=Automático;SPS12;;Público;SPS12 : Indicação de modo manual/automático;SPS12 : Indication of manual/automatic mode;;SPS12_LED_AUTO/LED_MANUAL;SPS12_LED_AUTO/LED_MANUAL;SPS12_LED_AUTO/LED_MANUAL;;;;;Modo;Mode;;Geral;;;;;CDC
a747b97388984ab38cb6f9d3da1a85d3;1;R;0x0010;;Holding register;36;Binary input;188;0;1;;1;;;;0=Fase\1=Banco;0=Phase\1=Bank;0=Fase\1=Banco;SPS12;;Público;SPS12 : Indicação de modo fase individual/banco;SPS12 : Indication of individual phase/bank;;;;;;;;;;;;;;;;;CDC
382e9a6f85e6430d9762c0a217723e17;1;R;0x0020;;Holding register;36;Binary input;189;0;1;;1;;;;0=Trifásico\1=Monofásico;0=Three-phase\1=Single-phase;0=Trifásico\1=Monofásico;SPS12;;Público;SPS12 : Indicação de modo trifásico/monofásico;SPS12 : Indication of three-phase/single-phase mode;;;;;;;;;;;;;;;;;CDC
97a99126d77b46eb98e8769f3e024efa;1;R;0x0001;;Holding register;37;Binary input;192;0;1;;1;;;;0=Não acionado\1=Acionado;0=Not triggered\1=Triggered;;SPS12;;Público;SPS12 : Indicação de autodiagnóstico por erro de sincronismo entre fases;SPS12 : Indication of self-diagnosis for synchronism error between phases;;SPS12_E01;SPS12_E01;SPS12_E01;;;;;Autodiagnósticos;Self-diagnosis;;Autodiagnóstico;;;;;CDC
0dc4718b00fe4768ba1942db923b752d;1;R;0x0002;;Holding register;37;Binary input;193;0;1;;1;;;;0=Não acionado\1=Acionado;0=Not triggered\1=Triggered;;SPS12;;Público;SPS12 : Indicação de autodiagnóstico por erro de sincronismo entre bancos;SPS12 : Indication of self-diagnosis for synchronism error between banks;;SPS12_E01;SPS12_E01;SPS12_E01;;;;;Autodiagnósticos;Self-diagnosis;;Autodiagnóstico;;;;;CDC
b5bf59b6357340aea9c5866333a24c5a;1;R;0x0004;;Holding register;37;Binary input;194;0;1;;1;;;;0=Não acionado\1=Acionado;0=Not triggered\1=Triggered;;SPS12;;Público;SPS12 : Indicação de autodiagnóstico por erro de programação;SPS12 : Indication of self-diagnosis for programming error;;SPS12_E04;SPS12_E04;SPS12_E04;;;;;Autodiagnósticos;Self-diagnosis;;Autodiagnóstico;;;;;CDC
53a48983d3704b42b1ed2c5bc4ebdcd0;1;R;0x0008;;Holding register;37;Binary input;195;0;1;;1;;;;0=Não acionado\1=Acionado;0=Not triggered\1=Triggered;;SPS12;;Público;SPS12 : Indicação de autodiagnóstico por erro de leitura de tap;SPS12 : Indication of self-diagnosis for tap position reading error;;SPS12_E08;SPS12_E08;SPS12_E08;;;;;Autodiagnósticos;Self-diagnosis;;Autodiagnóstico;;;;;CDC
c7cb0fd5e2e642e493e08051947d4cab;1;R;0x0010;;Holding register;37;Binary input;196;0;1;;1;;;;;;;SPS12;;Público;SPS12 : Indicação de pronto para mudança de tap;SPS12 : Indication of ready to tap changing;;;;;;;;;;;;;;;;;CDC
b5d1bbd68ba34b6fa532a24e775d00ac;1;R;16;;Holding register;38;Analog input;13;2;50;;1;;;;;;;SPS13;;Público;SPS13 : Indicação de posição de tap;SPS13 : Indication of tap position;;;;;ALERTA(Lê valor fora da faixa [63] caso não exista SPS com ADR=13)!!!;;;;Tap;Tap;;Geral;Sim;Sim;;;CDC
fb9c9c33ed7f4767ab255e751480aec6;1;R;0x0001;;Holding register;39;Binary input;200;0;1;;1;;;;;;;SPS13;;Público;SPS13 : Indicação de modo mestre;SPS13 : Indication of master mode;;SPS13_LED_MESTRE;SPS13_LED_MESTRE;SPS13_LED_MESTRE;;;;;Tap;Tap;;Geral;Sim;Sim;;;CDC
1bf981b26c1349888ff9cfa9dc1d2670;1;R;0x0002;;Holding register;39;Binary input;201;0;1;;1;;;;;;;SPS13;;Público;SPS13 : Indicação de modo comandado;SPS13 : Indication of follower mode;;SPS13_LED_COMAND.;SPS13_LED_COMAND.;SPS13_LED_COMAND.;;;;;Tap;Tap;;Geral;Sim;Sim;;;CDC
b625897da8c947d9b9822cd73f3303fa;1;R;0x0004;;Holding register;39;Binary input;202;0;1;;1;;;;0=Local\1=Remoto;0=Local\1=Remote;0=Local\1=Remoto;SPS13;;Público;SPS13 : Indicação de modo local/remoto;SPS13 : Indication of local/remote mode;;;;;;;;;Modo;Mode;;Geral;;;;;CDC
aeec900eeb754577abbfb269ab789e3d;1;R;0x0008;;Holding register;39;Binary input;203;0;1;;1;;;;0=Manual\1=Automático;0=Manual\1=Automatic;0=Manual\1=Automático;SPS13;;Público;SPS13 : Indicação de modo manual/automático;SPS13 : Indication of manual/automatic mode;;SPS13_LED_AUTO/LED_MANUAL;SPS13_LED_AUTO/LED_MANUAL;SPS13_LED_AUTO/LED_MANUAL;;;;;Modo;Mode;;Geral;;;;;CDC
8a9b6b1ab5a94b7794f8ef106f6b9d26;1;R;0x0010;;Holding register;39;Binary input;204;0;1;;1;;;;0=Fase\1=Banco;0=Phase\1=Bank;0=Fase\1=Banco;SPS13;;Público;SPS13 : Indicação de modo fase individual/banco;SPS13 : Indication of individual phase/bank;;;;;;;;;;;;;;;;;CDC
097dc8cb804443e19581c22f1631ee80;1;R;0x0020;;Holding register;39;Binary input;205;0;1;;1;;;;0=Trifásico\1=Monofásico;0=Three-phase\1=Single-phase;0=Trifásico\1=Monofásico;SPS13;;Público;SPS13 : Indicação de modo trifásico/monofásico;SPS13 : Indication of three-phase/single-phase mode;;;;;;;;;;;;;;;;;CDC
03334a3e3f1d4db4a2d377c52b989382;1;R;0x0001;;Holding register;40;Binary input;208;0;1;;1;;;;0=Não acionado\1=Acionado;0=Not triggered\1=Triggered;;SPS13;;Público;SPS13 : Indicação de autodiagnóstico por erro de sincronismo entre fases;SPS13 : Indication of self-diagnosis for synchronism error between phases;;SPS13_E01;SPS13_E01;SPS13_E01;;;;;Autodiagnósticos;Self-diagnosis;;Autodiagnóstico;;;;;CDC
25658fb968724dbcaaeb02dd7c3131ce;1;R;0x0002;;Holding register;40;Binary input;209;0;1;;1;;;;0=Não acionado\1=Acionado;0=Not triggered\1=Triggered;;SPS13;;Público;SPS13 : Indicação de autodiagnóstico por erro de sincronismo entre bancos;SPS13 : Indication of self-diagnosis for synchronism error between banks;;SPS13_E01;SPS13_E01;SPS13_E01;;;;;Autodiagnósticos;Self-diagnosis;;Autodiagnóstico;;;;;CDC
a31ad23297b24115bc925f2383b9737a;1;R;0x0004;;Holding register;40;Binary input;210;0;1;;1;;;;0=Não acionado\1=Acionado;0=Not triggered\1=Triggered;;SPS13;;Público;SPS13 : Indicação de autodiagnóstico por erro de programação;SPS13 : Indication of self-diagnosis for programming error;;SPS13_E04;SPS13_E04;SPS13_E04;;;;;Autodiagnósticos;Self-diagnosis;;Autodiagnóstico;;;;;CDC
d6d5d184bd364cc2a3a6a111d67c0dcf;1;R;0x0008;;Holding register;40;Binary input;211;0;1;;1;;;;0=Não acionado\1=Acionado;0=Not triggered\1=Triggered;;SPS13;;Público;SPS13 : Indicação de autodiagnóstico por erro de leitura de tap;SPS13 : Indication of self-diagnosis for tap position reading error;;SPS13_E08;SPS13_E08;SPS13_E08;;;;;Autodiagnósticos;Self-diagnosis;;Autodiagnóstico;;;;;CDC
15f773db3ef94c93bd377922608e9d63;1;R;0x0010;;Holding register;40;Binary input;212;0;1;;1;;;;;;;SPS13;;Público;SPS13 : Indicação de pronto para mudança de tap;SPS13 : Indication of ready to tap changing;;;;;;;;;;;;;;;;;CDC
02c424f4e5fa4272a818d16bcee73340;1;R;16;;Holding register;41;Analog input;14;2;50;;1;;;;;;;SPS14;;Público;SPS14 : Indicação de posição de tap;SPS14 : Indication of tap position;;;;;ALERTA(Lê valor fora da faixa [63] caso não exista SPS com ADR=14)!!!;;;;Tap;Tap;;Geral;Sim;Sim;;;CDC
e8d9dffe17f94297963f6bcee2f23d8a;1;R;0x0001;;Holding register;42;Binary input;216;0;1;;1;;;;;;;SPS14;;Público;SPS14 : Indicação de modo mestre;SPS14 : Indication of master mode;;SPS14_LED_MESTRE;SPS14_LED_MESTRE;SPS14_LED_MESTRE;;;;;Tap;Tap;;Geral;Sim;Sim;;;CDC
5ca7bc1e32a945948c0071c8ee5eec18;1;R;0x0002;;Holding register;42;Binary input;217;0;1;;1;;;;;;;SPS14;;Público;SPS14 : Indicação de modo comandado;SPS14 : Indication of follower mode;;SPS14_LED_COMAND.;SPS14_LED_COMAND.;SPS14_LED_COMAND.;;;;;Tap;Tap;;Geral;Sim;Sim;;;CDC
0c44300c8c804245a363d8b8ba5f7af0;1;R;0x0004;;Holding register;42;Binary input;218;0;1;;1;;;;0=Local\1=Remoto;0=Local\1=Remote;0=Local\1=Remoto;SPS14;;Público;SPS14 : Indicação de modo local/remoto;SPS14 : Indication of local/remote mode;;;;;;;;;Modo;Mode;;Geral;;;;;CDC
b9efcca59e464fa1a89f4e311db1d1c0;1;R;0x0008;;Holding register;42;Binary input;219;0;1;;1;;;;0=Manual\1=Automático;0=Manual\1=Automatic;0=Manual\1=Automático;SPS14;;Público;SPS14 : Indicação de modo manual/automático;SPS14 : Indication of manual/automatic mode;;SPS14_LED_AUTO/LED_MANUAL;SPS14_LED_AUTO/LED_MANUAL;SPS14_LED_AUTO/LED_MANUAL;;;;;Modo;Mode;;Geral;;;;;CDC
80181d82c8894d45895d089bc9c04014;1;R;0x0010;;Holding register;42;Binary input;220;0;1;;1;;;;0=Fase\1=Banco;0=Phase\1=Bank;0=Fase\1=Banco;SPS14;;Público;SPS14 : Indicação de modo fase individual/banco;SPS14 : Indication of individual phase/bank;;;;;;;;;;;;;;;;;CDC
f4665a7d00264d63af26117e8d47634d;1;R;0x0020;;Holding register;42;Binary input;221;0;1;;1;;;;0=Trifásico\1=Monofásico;0=Three-phase\1=Single-phase;0=Trifásico\1=Monofásico;SPS14;;Público;SPS14 : Indicação de modo trifásico/monofásico;SPS14 : Indication of three-phase/single-phase mode;;;;;;;;;;;;;;;;;CDC
8f6161ecf08345fea4a0bbe98df0fa02;1;R;0x0001;;Holding register;43;Binary input;224;0;1;;1;;;;0=Não acionado\1=Acionado;0=Not triggered\1=Triggered;;SPS14;;Público;SPS14 : Indicação de autodiagnóstico por erro de sincronismo entre fases;SPS14 : Indication of self-diagnosis for synchronism error between phases;;SPS14_E01;SPS14_E01;SPS14_E01;;;;;Autodiagnósticos;Self-diagnosis;;Autodiagnóstico;;;;;CDC
a369563b7d3d47cd953172ecffe9a34b;1;R;0x0002;;Holding register;43;Binary input;225;0;1;;1;;;;0=Não acionado\1=Acionado;0=Not triggered\1=Triggered;;SPS14;;Público;SPS14 : Indicação de autodiagnóstico por erro de sincronismo entre bancos;SPS14 : Indication of self-diagnosis for synchronism error between banks;;SPS14_E01;SPS14_E01;SPS14_E01;;;;;Autodiagnósticos;Self-diagnosis;;Autodiagnóstico;;;;;CDC
b78dfd65541449d4980689f51abd33bd;1;R;0x0004;;Holding register;43;Binary input;226;0;1;;1;;;;0=Não acionado\1=Acionado;0=Not triggered\1=Triggered;;SPS14;;Público;SPS14 : Indicação de autodiagnóstico por erro de programação;SPS14 : Indication of self-diagnosis for programming error;;SPS14_E04;SPS14_E04;SPS14_E04;;;;;Autodiagnósticos;Self-diagnosis;;Autodiagnóstico;;;;;CDC
667359373cce4181bd337545fdfc61b8;1;R;0x0008;;Holding register;43;Binary input;227;0;1;;1;;;;0=Não acionado\1=Acionado;0=Not triggered\1=Triggered;;SPS14;;Público;SPS14 : Indicação de autodiagnóstico por erro de leitura de tap;SPS14 : Indication of self-diagnosis for tap position reading error;;SPS14_E08;SPS14_E08;SPS14_E08;;;;;Autodiagnósticos;Self-diagnosis;;Autodiagnóstico;;;;;CDC
dbf2031bdf90455a888aaad993a6d075;1;R;0x0010;;Holding register;43;Binary input;228;0;1;;1;;;;;;;SPS14;;Público;SPS14 : Indicação de pronto para mudança de tap;SPS14 : Indication of ready to tap changing;;;;;;;;;;;;;;;;;CDC
cf82c344c4f14e92ace9329556d0c594;1;R;16;;Holding register;44;Analog input;15;2;50;;1;;;;;;;SPS15;;Público;SPS15 : Indicação de posição de tap;SPS15 : Indication of tap position;;;;;ALERTA(Lê valor fora da faixa [63] caso não exista SPS com ADR=15)!!!;;;;Tap;Tap;;Geral;Sim;Sim;;;CDC
46975676f2fd4754aa695a6f914aac83;1;R;0x0001;;Holding register;45;Binary input;232;0;1;;1;;;;;;;SPS15;;Público;SPS15 : Indicação de modo mestre;SPS15 : Indication of master mode;;SPS15_LED_MESTRE;SPS15_LED_MESTRE;SPS15_LED_MESTRE;;;;;Tap;Tap;;Geral;Sim;Sim;;;CDC
41974550beb54a5faa145ae69109d5dc;1;R;0x0002;;Holding register;45;Binary input;233;0;1;;1;;;;;;;SPS15;;Público;SPS15 : Indicação de modo comandado;SPS15 : Indication of follower mode;;SPS15_LED_COMAND.;SPS15_LED_COMAND.;SPS15_LED_COMAND.;;;;;Tap;Tap;;Geral;Sim;Sim;;;CDC
38db544e1c014959874acd6d922cbd3c;1;R;0x0004;;Holding register;45;Binary input;234;0;1;;1;;;;0=Local\1=Remoto;0=Local\1=Remote;0=Local\1=Remoto;SPS15;;Público;SPS15 : Indicação de modo local/remoto;SPS15 : Indication of local/remote mode;;;;;;;;;Modo;Mode;;Geral;;;;;CDC
31726d08c1674dccab0502d157de4d6d;1;R;0x0008;;Holding register;45;Binary input;235;0;1;;1;;;;0=Manual\1=Automático;0=Manual\1=Automatic;0=Manual\1=Automático;SPS15;;Público;SPS15 : Indicação de modo manual/automático;SPS15 : Indication of manual/automatic mode;;SPS15_LED_AUTO/LED_MANUAL;SPS15_LED_AUTO/LED_MANUAL;SPS15_LED_AUTO/LED_MANUAL;;;;;Modo;Mode;;Geral;;;;;CDC
017913d8bc754b62ace0090cd606fd94;1;R;0x0010;;Holding register;45;Binary input;236;0;1;;1;;;;0=Fase\1=Banco;0=Phase\1=Bank;0=Fase\1=Banco;SPS15;;Público;SPS15 : Indicação de modo fase individual/banco;SPS15 : Indication of individual phase/bank;;;;;;;;;;;;;;;;;CDC
c1f4c2ca0b764c8dbf8eec22b1fb92c4;1;R;0x0020;;Holding register;45;Binary input;237;0;1;;1;;;;0=Trifásico\1=Monofásico;0=Three-phase\1=Single-phase;0=Trifásico\1=Monofásico;SPS15;;Público;SPS15 : Indicação de modo trifásico/monofásico;SPS15 : Indication of three-phase/single-phase mode;;;;;;;;;;;;;;;;;CDC
ef3749b5c5014fee8e01e058fa73257e;1;R;0x0001;;Holding register;46;Binary input;240;0;1;;1;;;;0=Não acionado\1=Acionado;0=Not triggered\1=Triggered;;SPS15;;Público;SPS15 : Indicação de autodiagnóstico por erro de sincronismo entre fases;SPS15 : Indication of self-diagnosis for synchronism error between phases;;SPS15_E01;SPS15_E01;SPS15_E01;;;;;Autodiagnósticos;Self-diagnosis;;Autodiagnóstico;;;;;CDC
679d5562fa4e4f4ba365ccf73420271c;1;R;0x0002;;Holding register;46;Binary input;241;0;1;;1;;;;0=Não acionado\1=Acionado;0=Not triggered\1=Triggered;;SPS15;;Público;SPS15 : Indicação de autodiagnóstico por erro de sincronismo entre bancos;SPS15 : Indication of self-diagnosis for synchronism error between banks;;SPS15_E01;SPS15_E01;SPS15_E01;;;;;Autodiagnósticos;Self-diagnosis;;Autodiagnóstico;;;;;CDC
7ee6088db6764791b509abd0aa409480;1;R;0x0004;;Holding register;46;Binary input;242;0;1;;1;;;;0=Não acionado\1=Acionado;0=Not triggered\1=Triggered;;SPS15;;Público;SPS15 : Indicação de autodiagnóstico por erro de programação;SPS15 : Indication of self-diagnosis for programming error;;SPS15_E04;SPS15_E04;SPS15_E04;;;;;Autodiagnósticos;Self-diagnosis;;Autodiagnóstico;;;;;CDC
6a0eec80bd394efe952684e807efca55;1;R;0x0008;;Holding register;46;Binary input;243;0;1;;1;;;;0=Não acionado\1=Acionado;0=Not triggered\1=Triggered;;SPS15;;Público;SPS15 : Indicação de autodiagnóstico por erro de leitura de tap;SPS15 : Indication of self-diagnosis for tap position reading error;;SPS15_E08;SPS15_E08;SPS15_E08;;;;;Autodiagnósticos;Self-diagnosis;;Autodiagnóstico;;;;;CDC
b50fd712a453455d9e4e1f5ec09ec89c;1;R;0x0010;;Holding register;46;Binary input;244;0;1;;1;;;;;;;SPS15;;Público;SPS15 : Indicação de pronto para mudança de tap;SPS15 : Indication of ready to tap changing;;;;;;;;;;;;;;;;;CDC
3ce32f7fd25d44d8bee066f9c2645740;1;R;16;;Holding register;47;Analog input;16;2;50;;1;;;;;;;SPS16;;Público;SPS16 : Indicação de posição de tap;SPS16 : Indication of tap position;;;;;ALERTA(Lê valor fora da faixa [63] caso não exista SPS com ADR=16)!!!;;;;Tap;Tap;;Geral;Sim;Sim;;;CDC
6f9060fd1c5e4913ac6ca82e4bdf75b8;1;R;0x0001;;Holding register;48;Binary input;248;0;1;;1;;;;;;;SPS16;;Público;SPS16 : Indicação de modo mestre;SPS16 : Indication of master mode;;SPS16_LED_MESTRE;SPS16_LED_MESTRE;SPS16_LED_MESTRE;;;;;Tap;Tap;;Geral;Sim;Sim;;;CDC
03b771a42f1f472c8d080238621fe637;1;R;0x0002;;Holding register;48;Binary input;249;0;1;;1;;;;;;;SPS16;;Público;SPS16 : Indicação de modo comandado;SPS16 : Indication of follower mode;;SPS16_LED_COMAND.;SPS16_LED_COMAND.;SPS16_LED_COMAND.;;;;;Tap;Tap;;Geral;Sim;Sim;;;CDC
e4fccabbfce34ee2973a68d60373f09c;1;R;0x0004;;Holding register;48;Binary input;250;0;1;;1;;;;0=Local\1=Remoto;0=Local\1=Remote;0=Local\1=Remoto;SPS16;;Público;SPS16 : Indicação de modo local/remoto;SPS16 : Indication of local/remote mode;;;;;;;;;Modo;Mode;;Geral;;;;;CDC
ac384c99c55949c593a6faf429ca753a;1;R;0x0008;;Holding register;48;Binary input;251;0;1;;1;;;;0=Manual\1=Automático;0=Manual\1=Automatic;0=Manual\1=Automático;SPS16;;Público;SPS16 : Indicação de modo manual/automático;SPS16 : Indication of manual/automatic mode;;SPS16_LED_AUTO/LED_MANUAL;SPS16_LED_AUTO/LED_MANUAL;SPS16_LED_AUTO/LED_MANUAL;;;;;Modo;Mode;;Geral;;;;;CDC
090e6a519074400a902b8758bbb93f31;1;R;0x0010;;Holding register;48;Binary input;252;0;1;;1;;;;0=Fase\1=Banco;0=Phase\1=Bank;0=Fase\1=Banco;SPS16;;Público;SPS16 : Indicação de modo fase individual/banco;SPS16 : Indication of individual phase/bank;;;;;;;;;;;;;;;;;CDC
76af2abb67664c77be6d4c1ef3bb47d9;1;R;0x0020;;Holding register;48;Binary input;253;0;1;;1;;;;0=Trifásico\1=Monofásico;0=Three-phase\1=Single-phase;0=Trifásico\1=Monofásico;SPS16;;Público;SPS16 : Indicação de modo trifásico/monofásico;SPS16 : Indication of three-phase/single-phase mode;;;;;;;;;;;;;;;;;CDC
4c6246d26e3b43e382676a38e1bcdaf4;1;R;0x0001;;Holding register;49;Binary input;256;0;1;;1;;;;0=Não acionado\1=Acionado;0=Not triggered\1=Triggered;;SPS16;;Público;SPS16 : Indicação de autodiagnóstico por erro de sincronismo entre fases;SPS16 : Indication of self-diagnosis for synchronism error between phases;;SPS16_E01;SPS16_E01;SPS16_E01;;;;;Autodiagnósticos;Self-diagnosis;;Autodiagnóstico;;;;;CDC
7606286e63f341edba39c5b655d910d0;1;R;0x0002;;Holding register;49;Binary input;257;0;1;;1;;;;0=Não acionado\1=Acionado;0=Not triggered\1=Triggered;;SPS16;;Público;SPS16 : Indicação de autodiagnóstico por erro de sincronismo entre bancos;SPS16 : Indication of self-diagnosis for synchronism error between banks;;SPS16_E01;SPS16_E01;SPS16_E01;;;;;Autodiagnósticos;Self-diagnosis;;Autodiagnóstico;;;;;CDC
6fd3a9b24dfb4d6db6ec2db04894df55;1;R;0x0004;;Holding register;49;Binary input;258;0;1;;1;;;;0=Não acionado\1=Acionado;0=Not triggered\1=Triggered;;SPS16;;Público;SPS16 : Indicação de autodiagnóstico por erro de programação;SPS16 : Indication of self-diagnosis for programming error;;SPS16_E04;SPS16_E04;SPS16_E04;;;;;Autodiagnósticos;Self-diagnosis;;Autodiagnóstico;;;;;CDC
2d3b4a0ed57a4f0f8aa157cee5fe2ec1;1;R;0x0008;;Holding register;49;Binary input;259;0;1;;1;;;;0=Não acionado\1=Acionado;0=Not triggered\1=Triggered;;SPS16;;Público;SPS16 : Indicação de autodiagnóstico por erro de leitura de tap;SPS16 : Indication of self-diagnosis for tap position reading error;;SPS16_E08;SPS16_E08;SPS16_E08;;;;;Autodiagnósticos;Self-diagnosis;;Autodiagnóstico;;;;;CDC
6ba218acfb70423facdb9a72a5942ee3;1;R;0x0010;;Holding register;49;Binary input;260;0;1;;1;;;;;;;SPS16;;Público;SPS16 : Indicação de pronto para mudança de tap;SPS16 : Indication of ready to tap changing;;;;;;;;;;;;;;;;;CDC
4e6350f0fa964cd892f79830e26bc66f;1;R;16;;Holding register;50;Analog input;17;2;50;;1;;;;;;;SPS17;;Público;SPS17 : Indicação de posição de tap;SPS17 : Indication of tap position;;;;;ALERTA(Lê valor fora da faixa [63] caso não exista SPS com ADR=17)!!!;;;;Tap;Tap;;Geral;Sim;Sim;;;CDC
34fd338330114e118249d9c63cf7e7fe;1;R;0x0001;;Holding register;51;Binary input;264;0;1;;1;;;;;;;SPS17;;Público;SPS17 : Indicação de modo mestre;SPS17 : Indication of master mode;;SPS17_LED_MESTRE;SPS17_LED_MESTRE;SPS17_LED_MESTRE;;;;;Tap;Tap;;Geral;Sim;Sim;;;CDC
aa6b6568bc6d458c8a5de446cebb7423;1;R;0x0002;;Holding register;51;Binary input;265;0;1;;1;;;;;;;SPS17;;Público;SPS17 : Indicação de modo comandado;SPS17 : Indication of follower mode;;SPS17_LED_COMAND.;SPS17_LED_COMAND.;SPS17_LED_COMAND.;;;;;Tap;Tap;;Geral;Sim;Sim;;;CDC
c1b1e4d2f8ca4b62a104ac8e1c0452be;1;R;0x0004;;Holding register;51;Binary input;266;0;1;;1;;;;0=Local\1=Remoto;0=Local\1=Remote;0=Local\1=Remoto;SPS17;;Público;SPS17 : Indicação de modo local/remoto;SPS17 : Indication of local/remote mode;;;;;;;;;Modo;Mode;;Geral;;;;;CDC
60d91f9ac74b421a9d0c8ac59679aea3;1;R;0x0008;;Holding register;51;Binary input;267;0;1;;1;;;;0=Manual\1=Automático;0=Manual\1=Automatic;0=Manual\1=Automático;SPS17;;Público;SPS17 : Indicação de modo manual/automático;SPS17 : Indication of manual/automatic mode;;SPS17_LED_AUTO/LED_MANUAL;SPS17_LED_AUTO/LED_MANUAL;SPS17_LED_AUTO/LED_MANUAL;;;;;Modo;Mode;;Geral;;;;;CDC
606dcb46d91542cf8e75fb5195f3c0b9;1;R;0x0010;;Holding register;51;Binary input;268;0;1;;1;;;;0=Fase\1=Banco;0=Phase\1=Bank;0=Fase\1=Banco;SPS17;;Público;SPS17 : Indicação de modo fase individual/banco;SPS17 : Indication of individual phase/bank;;;;;;;;;;;;;;;;;CDC
07188904cb6d4a9a9ef5412185a8c6ea;1;R;0x0020;;Holding register;51;Binary input;269;0;1;;1;;;;0=Trifásico\1=Monofásico;0=Three-phase\1=Single-phase;0=Trifásico\1=Monofásico;SPS17;;Público;SPS17 : Indicação de modo trifásico/monofásico;SPS17 : Indication of three-phase/single-phase mode;;;;;;;;;;;;;;;;;CDC
4bcfd0a3e8cf4815b0c9de292c450301;1;R;0x0001;;Holding register;52;Binary input;272;0;1;;1;;;;0=Não acionado\1=Acionado;0=Not triggered\1=Triggered;;SPS17;;Público;SPS17 : Indicação de autodiagnóstico por erro de sincronismo entre fases;SPS17 : Indication of self-diagnosis for synchronism error between phases;;SPS17_E01;SPS17_E01;SPS17_E01;;;;;Autodiagnósticos;Self-diagnosis;;Autodiagnóstico;;;;;CDC
48764a34d5124cc98c53f1012e04c93c;1;R;0x0002;;Holding register;52;Binary input;273;0;1;;1;;;;0=Não acionado\1=Acionado;0=Not triggered\1=Triggered;;SPS17;;Público;SPS17 : Indicação de autodiagnóstico por erro de sincronismo entre bancos;SPS17 : Indication of self-diagnosis for synchronism error between banks;;SPS17_E01;SPS17_E01;SPS17_E01;;;;;Autodiagnósticos;Self-diagnosis;;Autodiagnóstico;;;;;CDC
575dc931d0574b2e97a76fbf1a3b8a43;1;R;0x0004;;Holding register;52;Binary input;274;0;1;;1;;;;0=Não acionado\1=Acionado;0=Not triggered\1=Triggered;;SPS17;;Público;SPS17 : Indicação de autodiagnóstico por erro de programação;SPS17 : Indication of self-diagnosis for programming error;;SPS17_E04;SPS17_E04;SPS17_E04;;;;;Autodiagnósticos;Self-diagnosis;;Autodiagnóstico;;;;;CDC
64a0d3e9830e45be917e64a0d3e6993b;1;R;0x0008;;Holding register;52;Binary input;275;0;1;;1;;;;0=Não acionado\1=Acionado;0=Not triggered\1=Triggered;;SPS17;;Público;SPS17 : Indicação de autodiagnóstico por erro de leitura de tap;SPS17 : Indication of self-diagnosis for tap position reading error;;SPS17_E08;SPS17_E08;SPS17_E08;;;;;Autodiagnósticos;Self-diagnosis;;Autodiagnóstico;;;;;CDC
45814658fbaf44a4813ff6f663af12ad;1;R;0x0010;;Holding register;52;Binary input;276;0;1;;1;;;;;;;SPS17;;Público;SPS17 : Indicação de pronto para mudança de tap;SPS17 : Indication of ready to tap changing;;;;;;;;;;;;;;;;;CDC
0ce97e5ef4884a15badccb9aadae3cde;1;R;16;;Holding register;53;Analog input;18;2;50;;1;;;;;;;SPS18;;Público;SPS18 : Indicação de posição de tap;SPS18 : Indication of tap position;;;;;ALERTA(Lê valor fora da faixa [63] caso não exista SPS com ADR=18)!!!;;;;Tap;Tap;;Geral;Sim;Sim;;;CDC
1a32cb65c37b48e7a26d03dfc54d6134;1;R;0x0001;;Holding register;54;Binary input;280;0;1;;1;;;;;;;SPS18;;Público;SPS18 : Indicação de modo mestre;SPS18 : Indication of master mode;;SPS18_LED_MESTRE;SPS18_LED_MESTRE;SPS18_LED_MESTRE;;;;;Tap;Tap;;Geral;Sim;Sim;;;CDC
fe36db0d77084b23839f9d059f6817e4;1;R;0x0002;;Holding register;54;Binary input;281;0;1;;1;;;;;;;SPS18;;Público;SPS18 : Indicação de modo comandado;SPS18 : Indication of follower mode;;SPS18_LED_COMAND.;SPS18_LED_COMAND.;SPS18_LED_COMAND.;;;;;Tap;Tap;;Geral;Sim;Sim;;;CDC
b2b84668a5434a73864606594a3ea9d0;1;R;0x0004;;Holding register;54;Binary input;282;0;1;;1;;;;0=Local\1=Remoto;0=Local\1=Remote;0=Local\1=Remoto;SPS18;;Público;SPS18 : Indicação de modo local/remoto;SPS18 : Indication of local/remote mode;;;;;;;;;Modo;Mode;;Geral;;;;;CDC
3b002c05b8f845ec9c1a72e8e317683a;1;R;0x0008;;Holding register;54;Binary input;283;0;1;;1;;;;0=Manual\1=Automático;0=Manual\1=Automatic;0=Manual\1=Automático;SPS18;;Público;SPS18 : Indicação de modo manual/automático;SPS18 : Indication of manual/automatic mode;;SPS18_LED_AUTO/LED_MANUAL;SPS18_LED_AUTO/LED_MANUAL;SPS18_LED_AUTO/LED_MANUAL;;;;;Modo;Mode;;Geral;;;;;CDC
dbf4d77c12794f638cd9551fa891f7f1;1;R;0x0010;;Holding register;54;Binary input;284;0;1;;1;;;;0=Fase\1=Banco;0=Phase\1=Bank;0=Fase\1=Banco;SPS18;;Público;SPS18 : Indicação de modo fase individual/banco;SPS18 : Indication of individual phase/bank;;;;;;;;;;;;;;;;;CDC
ef59c5bdc57043b19fd4b1711f733d0a;1;R;0x0020;;Holding register;54;Binary input;285;0;1;;1;;;;0=Trifásico\1=Monofásico;0=Three-phase\1=Single-phase;0=Trifásico\1=Monofásico;SPS18;;Público;SPS18 : Indicação de modo trifásico/monofásico;SPS18 : Indication of three-phase/single-phase mode;;;;;;;;;;;;;;;;;CDC
998736095959452389cf44f4a75a120d;1;R;0x0001;;Holding register;55;Binary input;288;0;1;;1;;;;0=Não acionado\1=Acionado;0=Not triggered\1=Triggered;;SPS18;;Público;SPS18 : Indicação de autodiagnóstico por erro de sincronismo entre fases;SPS18 : Indication of self-diagnosis for synchronism error between phases;;SPS18_E01;SPS18_E01;SPS18_E01;;;;;Autodiagnósticos;Self-diagnosis;;Autodiagnóstico;;;;;CDC
ef1d5b5332af4b34a6f17b5b73efc0b0;1;R;0x0002;;Holding register;55;Binary input;289;0;1;;1;;;;0=Não acionado\1=Acionado;0=Not triggered\1=Triggered;;SPS18;;Público;SPS18 : Indicação de autodiagnóstico por erro de sincronismo entre bancos;SPS18 : Indication of self-diagnosis for synchronism error between banks;;SPS18_E01;SPS18_E01;SPS18_E01;;;;;Autodiagnósticos;Self-diagnosis;;Autodiagnóstico;;;;;CDC
66572791b85945f193b5a1bf658fe181;1;R;0x0004;;Holding register;55;Binary input;290;0;1;;1;;;;0=Não acionado\1=Acionado;0=Not triggered\1=Triggered;;SPS18;;Público;SPS18 : Indicação de autodiagnóstico por erro de programação;SPS18 : Indication of self-diagnosis for programming error;;SPS18_E04;SPS18_E04;SPS18_E04;;;;;Autodiagnósticos;Self-diagnosis;;Autodiagnóstico;;;;;CDC
ab7a026ebf6e4655acbf99e9145fd893;1;R;0x0008;;Holding register;55;Binary input;291;0;1;;1;;;;0=Não acionado\1=Acionado;0=Not triggered\1=Triggered;;SPS18;;Público;SPS18 : Indicação de autodiagnóstico por erro de leitura de tap;SPS18 : Indication of self-diagnosis for tap position reading error;;SPS18_E08;SPS18_E08;SPS18_E08;;;;;Autodiagnósticos;Self-diagnosis;;Autodiagnóstico;;;;;CDC
ed2ae4a8e08e4035934bede0fcffd6ac;1;R;0x0010;;Holding register;55;Binary input;292;0;1;;1;;;;;;;SPS18;;Público;SPS18 : Indicação de pronto para mudança de tap;SPS18 : Indication of ready to tap changing;;;;;;;;;;;;;;;;;CDC
ef3ce31d487d44a5a9b8d29bc30780d3;1;R;0x0001;;Holding register;56;Binary input;296;0;1;;1;;;;;;;BANK1;;Público;Indicação de modo mestre do banco ou transformador 1;Indication of mode master of bank or tranformer 1;;;;;;;;;;;;;;;;;CDC
c5bc1243de29443f864be2e87d80fd43;1;R;0x0002;;Holding register;56;Binary input;297;0;1;;1;;;;;;;BANK1;;Público;Indicação de modo comandado do banco ou transformador 1;Indication of mode follower of bank or transformer 1;;;;;;;;;;;;;;;;;CDC
9b1bca914ed14ec8970d0cf9d64f1735;1;R;0x0004;;Holding register;56;Binary input;298;0;1;;1;;;;;;;BANK1;;Público;Indicação de modo manual/automático do banco ou transformador 1;Indication of manual/automatic mode of bank or transformer 1;;;;;;;;;;;;;;;;;CDC
96ed6697c2944888a8be7122fec7e132;1;R;0x0008;;Holding register;56;Binary input;299;0;1;;1;;;;;;;BANK1;;Público;Indicação de sincronismo e comunicação OK do banco ou transformador 1;Indication of synchronism and comunication OK of bank or transformer 1;;;;;;;;;;;;;;;;;CDC
2cddd3b9feff4359b0032fd6ace8f4e3;1;R;0x0010;;Holding register;56;Binary input;300;0;1;;1;;;;0=Não acionado\1=Acionado;0=Not triggered\1=Triggered;;BANK1;;Público;Indicação de autodiagnóstico por fallha de sincronismo entre bancos do banco ou transformador 1;Indication of self-diagnosis for synchronism error between banks of bank or transformer 1;;;;;;;;;Autodiagnósticos;Self-diagnosis;;Autodiagnóstico;;;;;CDC
eb5d88252457448f98c56986755eb2d4;1;R;0x0020;;Holding register;56;Binary input;301;0;1;;1;;;;;;;BANK1;;Público;Indicação de pronto para efetuar comutação do banco ou transformador 1;Indication of ready to change tap of bank or transformer 1;;;;;;;;;;;;;;;;;CDC
16278c142a284fb581f68a361f5f0a5f;1;R;16;;Holding register;57;Analog input;19;2;50;;1;;;;;;;BANK1;;Público;Indicação de tap atual do SPS / SPS-I principal do banco ou transformador 1;Indication of SPS / SPS-I tap position of bank or transformer 1;;;;;ALERTA(Lê valor fora da faixa [63] caso não exista SPS com ADR=3)!!!;;;;;;;;;;;;CDC
efb7c054b7744f4387f70d7ae0361290;1;R;0x0001;;Holding register;58;Binary input;304;0;1;;1;;;;;;;BANK2;;Público;Indicação de modo mestre do banco ou transformador 2;Indication of mode master of bank/tranformer 2;;;;;;;;;;;;;;;;;CDC
9c4f970d8b3443c89f903545f58d222a;1;R;0x0002;;Holding register;58;Binary input;305;0;1;;1;;;;;;;BANK2;;Público;Indicação de modo comandado do banco ou transformador 2;Indication of mode follower of bank or transformer 2;;;;;;;;;;;;;;;;;CDC
c4275a6ccc7648a0992e06b535b1768e;1;R;0x0004;;Holding register;58;Binary input;306;0;1;;1;;;;;;;BANK2;;Público;Indicação de modo manual/automático do banco ou transformador 2;Indication of manual/automatic mode of bank or transformer 2;;;;;;;;;;;;;;;;;CDC
543c4f4c3f8043ad8a917dff2029ba94;1;R;0x0008;;Holding register;58;Binary input;307;0;1;;1;;;;;;;BANK2;;Público;Indicação de sincronismo e comunicação OK do banco ou transformador 2;Indication of synchronism and comunication OK of bank or transformer 2;;;;;;;;;;;;;;;;;CDC
19bbbcf5810f4b8182dba9a109b48074;1;R;0x0010;;Holding register;58;Binary input;308;0;1;;1;;;;0=Não acionado\1=Acionado;0=Not triggered\1=Triggered;;BANK2;;Público;Indicação de autodiagnóstico por fallha de sincronismo entre bancos do banco ou transformador 2;Indication of self-diagnosis for synchronism error between banks of bank or transformer 2;;;;;;;;;Autodiagnósticos;Self-diagnosis;;Autodiagnóstico;;;;;CDC
108d6c4dbedd494d96e8f98df63a458a;1;R;0x0020;;Holding register;58;Binary input;309;0;1;;1;;;;;;;BANK2;;Público;Indicação de pronto para efetuar comutação do banco ou transformador 2;Indication of ready to change tap of bank or transformer 2;;;;;;;;;;;;;;;;;CDC
ece7448931344b529c4c7357d6a295ef;1;R;16;;Holding register;59;Analog input;20;2;50;;1;;;;;;;BANK2;;Público;Indicação de tap atual do SPS / SPS-I principal do banco ou transformador 2;Indication of SPS / SPS-I tap position of bank or transformer 2;;;;;ALERTA(Lê valor fora da faixa [63] caso não exista SPS com ADR=6)!!!;;;;;;;;;;;;CDC
22a04660988f44c8b3a1d9bdd24b3f44;1;R;0x0001;;Holding register;60;Binary input;312;0;1;;1;;;;;;;BANK3;;Público;Indicação de modo mestre do banco ou transformador 3;Indication of mode master of bank/tranformer 3;;;;;;;;;;;;;;;;;CDC
f6d7691740a24c6da4354fc510405110;1;R;0x0002;;Holding register;60;Binary input;313;0;1;;1;;;;;;;BANK3;;Público;Indicação de modo comandado do banco ou transformador 3;Indication of mode follower of bank or transformer 3;;;;;;;;;;;;;;;;;CDC
4c7fdc076af64d6db095db20cc7c5044;1;R;0x0004;;Holding register;60;Binary input;314;0;1;;1;;;;;;;BANK3;;Público;Indicação de modo manual/automático do banco ou transformador 3;Indication of manual/automatic mode of bank or transformer 3;;;;;;;;;;;;;;;;;CDC
b1dba18d562f46249448afd4ff01d89b;1;R;0x0008;;Holding register;60;Binary input;315;0;1;;1;;;;;;;BANK3;;Público;Indicação de sincronismo e comunicação OK do banco ou transformador 3;Indication of synchronism and comunication OK of bank or transformer 3;;;;;;;;;;;;;;;;;CDC
e332637244424f2a96ba32477f7b89d5;1;R;0x0010;;Holding register;60;Binary input;316;0;1;;1;;;;0=Não acionado\1=Acionado;0=Not triggered\1=Triggered;;BANK3;;Público;Indicação de autodiagnóstico por fallha de sincronismo entre bancos do banco ou transformador 3;Indication of self-diagnosis for synchronism error between banks of bank or transformer 3;;;;;;;;;Autodiagnósticos;Self-diagnosis;;Autodiagnóstico;;;;;CDC
36f226a9a49749258b8041a4f3fad065;1;R;0x0020;;Holding register;60;Binary input;317;0;1;;1;;;;;;;BANK3;;Público;Indicação de pronto para efetuar comutação do banco ou transformador 3;Indication of ready to change tap of bank or transformer 3;;;;;;;;;;;;;;;;;CDC
562ccf484ef344f6885bbc9a1e5cc712;1;R;16;;Holding register;61;Analog input;21;2;50;;1;;;;;;;BANK3;;Público;Indicação de tap atual do SPS / SPS-I principal do banco ou transformador 3;Indication of SPS / SPS-I tap position of bank or transformer 3;;;;;ALERTA(Lê valor fora da faixa [63] caso não exista SPS com ADR=9)!!!;;;;;;;;;;;;CDC
fe034495cb5e4c71875b8917fe0cf671;1;R;0x0001;;Holding register;62;Binary input;320;0;1;;1;;;;;;;BANK4;;Público;Indicação de modo mestre do banco ou transformador 4;Indication of mode master of bank/tranformer 4;;;;;;;;;;;;;;;;;CDC
5376a35cee8e4f1f9e1a3a4fc57d4e0e;1;R;0x0002;;Holding register;62;Binary input;321;0;1;;1;;;;;;;BANK4;;Público;Indicação de modo comandado do banco ou transformador 4;Indication of mode follower of bank or transformer 4;;;;;;;;;;;;;;;;;CDC
cc450c5ce3fe45b5907e993b0cbade7c;1;R;0x0004;;Holding register;62;Binary input;322;0;1;;1;;;;;;;BANK4;;Público;Indicação de modo manual/automático do banco ou transformador 4;Indication of manual/automatic mode of bank or transformer 4;;;;;;;;;;;;;;;;;CDC
d09ee069ce2045b5bc4717bca5ecf36a;1;R;0x0008;;Holding register;62;Binary input;323;0;1;;1;;;;;;;BANK4;;Público;Indicação de sincronismo e comunicação OK do banco ou transformador 4;Indication of synchronism and comunication OK of bank or transformer 4;;;;;;;;;;;;;;;;;CDC
2e6bb2b06c0049c3afbd8bb5451477bd;1;R;0x0010;;Holding register;62;Binary input;324;0;1;;1;;;;0=Não acionado\1=Acionado;0=Not triggered\1=Triggered;;BANK4;;Público;Indicação de autodiagnóstico por fallha de sincronismo entre bancos do banco ou transformador 4;Indication of self-diagnosis for synchronism error between banks of bank or transformer 4;;;;;;;;;Autodiagnósticos;Self-diagnosis;;Autodiagnóstico;;;;;CDC
42950a9bd59b4e2e955420a319184c1d;1;R;0x0020;;Holding register;62;Binary input;325;0;1;;1;;;;;;;BANK4;;Público;Indicação de pronto para efetuar comutação do banco ou transformador 4;Indication of ready to change tap of bank or transformer 4;;;;;;;;;;;;;;;;;CDC
68fa4438e3b941f69e71136825256d84;1;R;16;;Holding register;63;Analog input;22;2;50;;1;;;;;;;BANK4;;Público;Indicação de tap atual do SPS / SPS-I principal do banco ou transformador 4;Indication of SPS / SPS-I tap position of bank or transformer 4;;;;;ALERTA(Lê valor fora da faixa [0] caso não exista SPS com ADR=12)!!!;;;;;;;;;;;;CDC
1e0a056f9f5a495e95b48034f5c073d0;1;R;0x0001;;Holding register;64;Binary input;328;0;1;;1;;;;;;;BANK5;;Público;Indicação de modo mestre do banco ou transformador 5;Indication of mode master of bank/tranformer 5;;;;;;;;;;;;;;;;;CDC
e9e60fad747948d8a210f47c7e9616c5;1;R;0x0002;;Holding register;64;Binary input;329;0;1;;1;;;;;;;BANK5;;Público;Indicação de modo comandado do banco ou transformador 5;Indication of mode follower of bank or transformer 5;;;;;;;;;;;;;;;;;CDC
fac0ae716e1e44a681a8ce54970719fb;1;R;0x0004;;Holding register;64;Binary input;330;0;1;;1;;;;;;;BANK5;;Público;Indicação de modo manual/automático do banco ou transformador 5;Indication of manual/automatic mode of bank or transformer 5;;;;;;;;;;;;;;;;;CDC
932714a4bc1741baa99770c79fd22763;1;R;0x0008;;Holding register;64;Binary input;331;0;1;;1;;;;;;;BANK5;;Público;Indicação de sincronismo e comunicação OK do banco ou transformador 5;Indication of synchronism and comunication OK of bank or transformer 5;;;;;;;;;;;;;;;;;CDC
adbc891161844440bd2295a47eda591c;1;R;0x0010;;Holding register;64;Binary input;332;0;1;;1;;;;0=Não acionado\1=Acionado;0=Not triggered\1=Triggered;;BANK5;;Público;Indicação de autodiagnóstico por fallha de sincronismo entre bancos do banco ou transformador 5;Indication of self-diagnosis for synchronism error between banks of bank or transformer 5;;;;;;;;;Autodiagnósticos;Self-diagnosis;;Autodiagnóstico;;;;;CDC
f4891d951dfd43229183d2b205c0fbc0;1;R;0x0020;;Holding register;64;Binary input;333;0;1;;1;;;;;;;BANK5;;Público;Indicação de pronto para efetuar comutação do banco ou transformador 5;Indication of ready to change tap of bank or transformer 5;;;;;;;;;;;;;;;;;CDC
a6594e173d83425e8ed715a132b6b398;1;R;16;;Holding register;65;Analog input;23;2;50;;1;;;;;;;BANK5;;Público;Indicação de tap atual do SPS / SPS-I principal do banco ou transformador 5;Indication of SPS / SPS-I tap position of bank or transformer 5;;;;;ALERTA(Lê valor fora da faixa [0] caso não exista SPS com ADR=15)!!!;;;;;;;;;;;;CDC
e163fc0f4dc14d4cbcf2fcf799a170f3;1;R;0x0001;;Holding register;66;Binary input;336;0;1;;1;;;;;;;BANK6;;Público;Indicação de modo mestre do banco ou transformador 6;Indication of mode master of bank/tranformer 6;;;;;;;;;;;;;;;;;CDC
32ef96e2a66e4201959121ba4e5654dd;1;R;0x0002;;Holding register;66;Binary input;337;0;1;;1;;;;;;;BANK6;;Público;Indicação de modo comandado do banco ou transformador 6;Indication of mode follower of bank or transformer 6;;;;;;;;;;;;;;;;;CDC
468139eca8704a38ac2f09f7246f954d;1;R;0x0004;;Holding register;66;Binary input;338;0;1;;1;;;;;;;BANK6;;Público;Indicação de modo manual/automático do banco ou transformador 6;Indication of manual/automatic mode of bank or transformer 6;;;;;;;;;;;;;;;;;CDC
06202717fbc04adfae79360aef36b25c;1;R;0x0008;;Holding register;66;Binary input;339;0;1;;1;;;;;;;BANK6;;Público;Indicação de sincronismo e comunicação OK do banco ou transformador 6;Indication of synchronism and comunication OK of bank or transformer 6;;;;;;;;;;;;;;;;;CDC
a6a72e8eafc6465f9ad55e93c56bf9a2;1;R;0x0010;;Holding register;66;Binary input;340;0;1;;1;;;;0=Não acionado\1=Acionado;0=Not triggered\1=Triggered;;BANK6;;Público;Indicação de autodiagnóstico por fallha de sincronismo entre bancos do banco ou transformador 6;Indication of self-diagnosis for synchronism error between banks of bank or transformer 6;;;;;;;;;Autodiagnósticos;Self-diagnosis;;Autodiagnóstico;;;;;CDC
9ab741fea9584b75b708dcf8aed5de31;1;R;0x0020;;Holding register;66;Binary input;341;0;1;;1;;;;;;;BANK6;;Público;Indicação de pronto para efetuar comutação do banco ou transformador 6;Indication of ready to change tap of bank or transformer 6;;;;;;;;;;;;;;;;;CDC
9e7f591dd9f949fba3251156f9fdec86;1;R;16;;Holding register;67;Analog input;24;2;50;;1;;;;;;;BANK6;;Público;Indicação de tap atual do SPS / SPS-I principal do banco ou transformador 6;Indication of SPS / SPS-I tap position of bank or transformer 6;;;;;ALERTA(Lê valor fora da faixa [0] caso não exista SPS com ADR=18)!!!;;;;;;;;;;;;CDC
519d2a37fb9447c5bae739d7ecb2ecd8;1;R;16;;Holding register;68;Analog input;25;1;6;;1;;;;;;;GENERAL;;Público;Indicação de números de nodos no sistema;Indication of number of nodes in the system;;;;;ALERTA(Não Lê em DNP3)!!!;;;;;;;;;;;;CDC
b65cda1caa9a4c17ab55e856e2384a2b;1;R;0x0001;;Holding register;69;Binary input;344;0;1;;1;;;;;;;SPS1;;Público;SPS1 : Indicação de modo individual;SPS1 : Indication of individual mode;;SPS1_LED_INDIVIDUA;SPS1_LED_INDIVIDUA;SPS1_LED_INDIVIDUA;;;;;Modo;Mode;;Geral;;;;;CDC
4922c78fe6cb4e2baf2565ad194fc525;1;R;0x0002;;Holding register;69;Binary input;345;0;1;;1;;;;;;;SPS2;;Público;SPS2 : Indicação de modo individual;SPS2 : Indication of individual mode;;SPS2_LED_INDIVIDUA;SPS2_LED_INDIVIDUA;SPS2_LED_INDIVIDUA;;;;;Modo;Mode;;Geral;;;;;CDC
3d5e4a9e9c0444ab8b41b9b4db43f903;1;R;0x0004;;Holding register;69;Binary input;346;0;1;;1;;;;;;;SPS3;;Público;SPS3 : Indicação de modo individual;SPS3 : Indication of individual mode;;SPS3_LED_INDIVIDUA;SPS3_LED_INDIVIDUA;SPS3_LED_INDIVIDUA;;;;;Modo;Mode;;Geral;;;;;CDC
74f3fc9b13304b0496c771b1151094f2;1;R;0x0008;;Holding register;69;Binary input;347;0;1;;1;;;;;;;SPS4;;Público;SPS4 : Indicação de modo individual;SPS4 : Indication of individual mode;;SPS4_LED_INDIVIDUA;SPS4_LED_INDIVIDUA;SPS4_LED_INDIVIDUA;;;;;Modo;Mode;;Geral;;;;;CDC
f4fb5e3b09064ed996e78eea07d3a966;1;R;0x0010;;Holding register;69;Binary input;348;0;1;;1;;;;;;;SPS5;;Público;SPS5 : Indicação de modo individual;SPS5 : Indication of individual mode;;SPS5_LED_INDIVIDUA;SPS5_LED_INDIVIDUA;SPS5_LED_INDIVIDUA;;;;;Modo;Mode;;Geral;;;;;CDC
d5a55c8a197e48fdbd7ba891574d9348;1;R;0x0020;;Holding register;69;Binary input;349;0;1;;1;;;;;;;SPS6;;Público;SPS6 : Indicação de modo individual;SPS6 : Indication of individual mode;;SPS6_LED_INDIVIDUA;SPS6_LED_INDIVIDUA;SPS6_LED_INDIVIDUA;;;;;Modo;Mode;;Geral;;;;;CDC
9684762b3d484b39b36af0398e9e25ec;1;R;0x0040;;Holding register;69;Binary input;350;0;1;;1;;;;;;;SPS7;;Público;SPS7 : Indicação de modo individual;SPS7 : Indication of individual mode;;SPS7_LED_INDIVIDUA;SPS7_LED_INDIVIDUA;SPS7_LED_INDIVIDUA;;;;;Modo;Mode;;Geral;;;;;CDC
fc3f0b5a5db44346b7f0de70dc7863cd;1;R;0x0080;;Holding register;69;Binary input;351;0;1;;1;;;;;;;SPS8;;Público;SPS8 : Indicação de modo individual;SPS8 : Indication of individual mode;;SPS8_LED_INDIVIDUA;SPS8_LED_INDIVIDUA;SPS8_LED_INDIVIDUA;;;;;Modo;Mode;;Geral;;;;;CDC
ef82f53955db4d3dbf5cdb8deacb922d;1;R;0x0001;;Holding register;70;Binary input;352;0;1;;1;;;;;;;SPS9;;Público;SPS9 : Indicação de modo individual;SPS9 : Indication of individual mode;;SPS9_LED_INDIVIDUA;SPS9_LED_INDIVIDUA;SPS9_LED_INDIVIDUA;;;;;Modo;Mode;;Geral;;;;;CDC
d4cf5ef98b654040a8fa4e37f9e5e116;1;R;0x0002;;Holding register;70;Binary input;353;0;1;;1;;;;;;;SPS10;;Público;SPS10 : Indicação de modo individual;SPS10 : Indication of individual mode;;SPS10_LED_INDIVIDUA;SPS10_LED_INDIVIDUA;SPS10_LED_INDIVIDUA;;;;;Modo;Mode;;Geral;;;;;CDC
da9858b78a8e4bc2bbd9181caf9e90fc;1;R;0x0004;;Holding register;70;Binary input;354;0;1;;1;;;;;;;SPS11;;Público;SPS11 : Indicação de modo individual;SPS11 : Indication of individual mode;;SPS11_LED_INDIVIDUA;SPS11_LED_INDIVIDUA;SPS11_LED_INDIVIDUA;;;;;Modo;Mode;;Geral;;;;;CDC
ee9ad412a42b44f4b70398f361fbaae4;1;R;0x0008;;Holding register;70;Binary input;355;0;1;;1;;;;;;;SPS12;;Público;SPS12 : Indicação de modo individual;SPS12 : Indication of individual mode;;SPS12_LED_INDIVIDUA;SPS12_LED_INDIVIDUA;SPS12_LED_INDIVIDUA;;;;;Modo;Mode;;Geral;;;;;CDC
21eda58dc5db49188be9064c7a7fd5d4;1;R;0x0010;;Holding register;70;Binary input;356;0;1;;1;;;;;;;SPS13;;Público;SPS13 : Indicação de modo individual;SPS13 : Indication of individual mode;;SPS13_LED_INDIVIDUA;SPS13_LED_INDIVIDUA;SPS13_LED_INDIVIDUA;;;;;Modo;Mode;;Geral;;;;;CDC
e480214143264b85a5fd7f70cc0c7c23;1;R;0x0020;;Holding register;70;Binary input;357;0;1;;1;;;;;;;SPS14;;Público;SPS14 : Indicação de modo individual;SPS14 : Indication of individual mode;;SPS14_LED_INDIVIDUA;SPS14_LED_INDIVIDUA;SPS14_LED_INDIVIDUA;;;;;Modo;Mode;;Geral;;;;;CDC
03d088a0fd804c55ae48be783bf1bd26;1;R;0x0040;;Holding register;70;Binary input;358;0;1;;1;;;;;;;SPS15;;Público;SPS15 : Indicação de modo individual;SPS15 : Indication of individual mode;;SPS15_LED_INDIVIDUA;SPS15_LED_INDIVIDUA;SPS15_LED_INDIVIDUA;;;;;Modo;Mode;;Geral;;;;;CDC
be0771c164d24c32b176214fb391c9b0;1;R;0x0080;;Holding register;70;Binary input;359;0;1;;1;;;;;;;SPS16;;Público;SPS16 : Indicação de modo individual;SPS16 : Indication of individual mode;;SPS16_LED_INDIVIDUA;SPS16_LED_INDIVIDUA;SPS16_LED_INDIVIDUA;;;;;Modo;Mode;;Geral;;;;;CDC
3e403a4f1c7b47b2bfc02424f8787cba;1;R;0x0001;;Holding register;71;Binary input;360;0;1;;1;;;;;;;SPS17;;Público;SPS17 : Indicação de modo individual;SPS17 : Indication of individual mode;;SPS17_LED_INDIVIDUA;SPS17_LED_INDIVIDUA;SPS17_LED_INDIVIDUA;;;;;Modo;Mode;;Geral;;;;;CDC
92b0eacf261c48e4916676f854b28544;1;R;0x0002;;Holding register;71;Binary input;361;0;1;;1;;;;;;;SPS18;;Público;SPS18 : Indicação de modo individual;SPS18 : Indication of individual mode;;SPS18_LED_INDIVIDUA;SPS18_LED_INDIVIDUA;SPS18_LED_INDIVIDUA;;;;;Modo;Mode;;Geral;;;;;CDC
91d63d7561a449d69d7b5bfb12ed6d54;1;R;16;;Holding register;72;Analog input;26;0;65535;;1;;;;;;;GENERAL;;Público;Indicação de versão de firmware;Indication of firmware version;;;;;ALERTA(Não Lê em DNP3)!!!;;;;;;;;;;;;CDC
029fc079ffbe47bea58025e2292e6e63;1;R;16;;Holding register;73;Analog input;27;0;65535;;1;;;;;;;GENERAL;;Público;Indicação de release de firmware;Indication of firmware release;;;;;ALERTA(Não Lê em DNP3)!!!;;;;;;;;;;;;CDC
;;;;;;;;;;;;;;;;;;;;;;;;;;;;;;;;;;;;;;;;
edca739f9d7e4e04ad91acb6a512d47a;0;RW;16;;Holding register;256;Analog output;0;0;2;;1;;;;0=Sem paralelismo\1=Paralelismo monofásico\2=Paralelismo trifásico;0=No Parallelism\1=Single-Phase Parallelism\2=Three-Phase Parallelism;0=Sin paralelismo\1=Paralelismo monofásico\2=Paralelismo trifásico;SPS1;;Público;SPS1 : Parâmetro de modo de operação;SPS1 : Parameter of operation mode;;SPS1_MOD;SPS1_MOD;SPS1_MOD;ALERTA(Não responde caso não exista SPS com ADR=1)!!!;;;;Configuração;Configuration;;Parâmetro;;;;;CDC
25014b23b3e14207877daf7de2893026;1;RW;16;;Holding register;257;Analog output;1;2;50;;1;;;;;;;SPS1;;Público;SPS1 : Parâmetro de número de taps;SPS1 : Parameter of number quantity;;SPS1_TAP;SPS1_TAP;SPS1_TAP;ALERTA(Não responde caso não exista SPS com ADR=1)!!!;;;;Configuração;Configuration;;Parâmetro;;;;;CDC
dae45aacc88d44a8afbaab1cddb786f8;1;RW;16;;Holding register;258;Analog output;2;0;4;;1;;;;0=Numérico bilateral\1=Numérico bilateral inverso\2=Alfanumérico\3=Alfanumérico inverso\4=Númerico simples;0=Bilateral Numeric\1=Inverser Bilateral Numeric\2=Alpha-Numeric\3=Inverse Alpha-Numeric\4=Simple Numeric;0=Numérico bilateral\1=Numérico bilateral inverso\2=Alfanumérico\3=Alfanumérico inverso\4=Númerico simple;SPS1;;Público;SPS1 : Parâmetro de tipo de indicação de tap;SPS1 : Parameter of tap indication type;;SPS1_IDC;SPS1_IDC;SPS1_IDC;ALERTA(Não responde caso não exista SPS com ADR=1)!!!;;;;;;;;;;;;CDC
42c06f3fe38647c4ab1a4ca404085e88;1;RW;16;;Holding register;259;Analog output;3;2;50;;1;;;;;;;SPS1;;Público;SPS1 : Parâmetro de posição do tap central;SPS1 : Parameter of middle tap position;;SPS1_CNT;SPS1_CNT;SPS1_CNT;ALERTA(Não responde caso não exista SPS com ADR=1)!!!;;;;Configuração;Configuration;;Parâmetro;;;;;CDC
ea2f79b0637e4ff6bfe867e63b321b5f;1;RW;16;;Holding register;260;Analog output;4;47;200;;10;ohm;ohm;ohm;;;;SPS1;;Público;SPS1 : Parâmetro de resistência por passo;SPS1 : Parameter of resistence per step;;SPS1_RES;SPS1_RES;SPS1_RES;ALERTA(Não responde caso não exista SPS com ADR=1)!!!;;;;Configuração;Configuration;;Parâmetro;;;;;CDC
64a9d452dc824963a04acaeee43791b4;1;RW;16;;Holding register;261;Analog output;5;1;100;;1;s;s;s;;;;SPS1;;Público;SPS1 : Parâmetro de tempo para sincronismo;SPS1 : Parameter of synchronism time;;SPS1_SNC;SPS1_SNC;SPS1_SNC;ALERTA(Não responde caso não exista SPS com ADR=1)!!!;;;;Configuração;Configuration;;Parâmetro;;;;;CDC
f1c86f11224346d8aa5ece3e274279d9;1;RW;16;;Holding register;262;Analog output;6;2;25;;1;s;s;s;;;;SPS1;;Público;SPS1 : Parâmetro de tempo para alarme E04;SPS1 : Parameter of time for alarm E04;;SPS1_PRG;SPS1_PRG;SPS1_PRG;ALERTA(Não responde caso não exista SPS com ADR=1 e permite escrita 1 porém o mínimo é 2)!!!;;;;Configuração;Configuration;;Parâmetro;;;;;CDC
1e673a35a5dc452da7f04aff988ed87f;1;RW;16;;Holding register;263;Analog output;7;0;34;;1;;;;;;;SPS1;;Público;SPS1 : Parâmetro de função do relé 1;SPS1 : Parameter of relay 1 operation;;SPS1_RL1;SPS1_RL1;SPS1_RL1;ALERTA(Não responde caso não exista SPS com ADR=1)!!!;;;;;;;;;;;;CDC
dd1fe8696b6b404897b90fd604a57893;1;RW;16;;Holding register;264;Analog output;8;0;34;;1;;;;;;;SPS1;;Público;SPS1 : Parâmetro de função do relé 2;SPS1 : Parameter of relay 2 operation;;SPS1_RL2;SPS1_RL2;SPS1_RL2;ALERTA(Não responde caso não exista SPS com ADR=1)!!!;;;;;;;;;;;;CDC
89504c2e10304056893ec503a0b6e585;1;RW;16;;Holding register;265;Analog output;9;0;34;;1;;;;;;;SPS1;;Público;SPS1 : Parâmetro de função do relé 3;SPS1 : Parameter of relay 3 operation;;SPS1_RL3;SPS1_RL3;SPS1_RL3;ALERTA(Não responde caso não exista SPS com ADR=1)!!!;;;;;;;;;;;;CDC
62e603190199483caaf633caf4f76d85;1;RW;16;;Holding register;266;Analog output;10;0;34;;1;;;;;;;SPS1;;Público;SPS1 : Parâmetro de função do relé 4;SPS1 : Parameter of relay 4 operation;;SPS1_RL4;SPS1_RL4;SPS1_RL4;ALERTA(Não responde caso não exista SPS com ADR=1)!!!;;;;;;;;;;;;CDC
a1f691d198d3400091844bb6724dc606;1;RW;16;;Holding register;267;Analog output;11;0;9;;1;;;;0=Desabilita\1=0-1 mA\2=-1-1 mA\3=0-5 mA\4=-5-5 mA\5=0-10 mA\6=-10-10 mA\7=0-20 mA\8=-20-20 mA\9=4-20 mA;0=Disable\1=0-1 mA\2=-1-1 mA\3=0-5 mA\4=-5-5 mA\5=0-10 mA\6=-10-10 mA\7=0-20 mA\8=-20-20 mA\9=4-20 mA;0=Desactiva\1=0-1 mA\2=-1-1 mA\3=0-5 mA\4=-5-5 mA\5=0-10 mA\6=-10-10 mA\7=0-20 mA\8=-20-20 mA\9=4-20 mA;SPS1;;Público;SPS1 : Parâmetro de opção de saída mA;SPS1 : Parameter of mA output;;SPS1_OCS;SPS1_OCS;SPS1_OCS;ALERTA(Não responde caso não exista SPS com ADR=1)!!!;;;;Configuração;Configuration;;Parâmetro;;;;;CDC
46cf42cc099248a9b0d15d3d2af78e21;1;RW;16;;Holding register;268;Analog output;12;1;3;;1;;;;1=Português\2=Inglês\3=Espanhol;1=Portuguese\2=English\3=Spanish;1=Portugués\2=Inglés\3=Español;SPS1;;Público;SPS1 : Parâmetro de opção de idioma;SPS1 : Parameter of language option;;SPS1_LNG;SPS1_LNG;SPS1_LNG;ALERTA(Não responde caso não exista SPS com ADR=1)!!!;;;;;;;;;;;;CDC
;;;;;;;;;;;;;;;;;;;;;;;;;;;;;;;;;;;;;;;;
ed61cc599948425e8f776f2f0ea00aa0;1;RW;0x0001;;Holding register;275;Binary output;0;0;1;;1;;;;;;;SPS1;;Público;SPS1 : Comando de subir tap;SPS1 : Command of raise tap;;;;;ALERTA(Não responde caso não exista SPS com ADR=1)!!!;;;;;;;;;;SDp_SPS1_$YLTC1$CO$TapChgR$Oper$ctlVal;;CDC
2a2df3d2a8984ad7b621b40a6aaab651;1;RW;0x0002;;Holding register;275;Binary output;1;0;1;;1;;;;;;;SPS1;;Público;SPS1 : Comando de descer tap;SPS1 : Command of lower tap;;;;;ALERTA(Não responde caso não exista SPS com ADR=1)!!!;;;;;;;;;;SDp_SPS1_$YLTC1$CO$TapChgL$Oper$ctlVal;;CDC
153b3220b91b4311ad3036c8f03fcfaa;1;RW;0x0004;;Holding register;275;Binary output;2;0;1;;1;;;;;;;SPS1;;Público;SPS1 : Parâmetro de modo mestre;SPS1 : Parameter of master mode;;;;;ALERTA(Não responde caso não exista SPS com ADR=1)!!!;;;;;;;;;;;;CDC
4479cd9fd35346488929b2312a1553f0;1;RW;0x0008;;Holding register;275;Binary output;3;0;1;;1;;;;;;;SPS1;;Público;SPS1 : Parâmetro de modo comandado;SPS1 : Parameter of follower mode;;;;;ALERTA(Não responde caso não exista SPS com ADR=1)!!!;;;;;;;;;;;;CDC
787df507e27e4165a7ecacb72b01cf56;1;RW;0x0010;;Holding register;275;Binary output;4;0;1;;1;;;;;;;SPS1;;Público;SPS1 : Parâmetro de modo individual;SPS1 : Parameter of individual mode;;;;;ALERTA(Não responde caso não exista SPS com ADR=1)!!!;;;;;;;;;;;;CDC
c1ec126fcfa349de87967718d0583212;1;RW;0x0020;;Holding register;275;Binary output;5;0;1;;1;;;;;;;SPS1;;Público;SPS1 : Parâmetro de modo automático/banco;SPS1 : Parameter of automatic or bank mode;;;;;ALERTA(Não responde caso não exista SPS com ADR=1)!!!;;;;;;;;;;SDp_SPS1_$YLTC1$CO$Bnk$Oper$ctlVal;;CDC
50b59aa7323648059ecdcb482374368e;1;RW;0x0040;;Holding register;275;Binary output;6;0;1;;1;;;;;;;SPS1;;Público;SPS1 : Parâmetro de modo manual/fase;SPS1 : Parameter of manual/phase mode;;;;;ALERTA(Não responde caso não exista SPS com ADR=1)!!!;;;;;;;;;;SDp_SPS1_$YLTC1$CO$IndvPh$Oper$ctlVal;;CDC
2c1362181db14331b3d441ac90e78117;1;RW;0x0080;;Holding register;275;Binary output;7;0;1;;1;;;;;;;SPS1;;Público;SPS1 : Parâmetro de modo local/remoto;SPS1 : Parameter of local/remote mode;;;;;ALERTA(Não responde caso não exista SPS com ADR=1)!!!;;;;;;;;;;SDp_SPS1_$YLTC1$CO$CtlRem$Oper$ctlVal;;CDC
;;;;;;;;;;;;;;;;;;;;;;;;;;;;;;;;;;;;;;;;
fe832ae27c894d48b3f18a014b5becf1;0;RW;16;;Holding register;512;Analog output;13;0;2;;1;;;;0=Sem paralelismo\1=Paralelismo monofásico\2=Paralelismo trifásico;0=No Parallelism\1=Single-Phase Parallelism\2=Three-Phase Parallelism;0=Sin paralelismo\1=Paralelismo monofásico\2=Paralelismo trifásico;SPS2;;Público;SPS2 : Parâmetro de modo de operação;SPS2 : Parameter of operation mode;;SPS2_MOD;SPS2_MOD;SPS2_MOD;ALERTA(Não responde caso não exista SPS com ADR=2)!!!;;;;Configuração;Configuration;;Parâmetro;;;;;CDC
15b2df00af6640709ea8f53d459fe777;1;RW;16;;Holding register;513;Analog output;14;2;50;;1;;;;;;;SPS2;;Público;SPS2 : Parâmetro de número de taps;SPS2 : Parameter of tap quantity;;SPS2_TAP;SPS2_TAP;SPS2_TAP;ALERTA(Não responde caso não exista SPS com ADR=2)!!!;;;;Configuração;Configuration;;Parâmetro;;;;;CDC
28493fa6573c4bf5863f6ce9917bd20b;1;RW;16;;Holding register;514;Analog output;15;0;4;;1;;;;0=Numérico bilateral\1=Numérico bilateral inverso\2=Alfanumérico\3=Alfanumérico inverso\4=Númerico simples;0=Bilateral Numeric\1=Inverser Bilateral Numeric\2=Alpha-Numeric\3=Inverse Alpha-Numeric\4=Simple Numeric;0=Numérico bilateral\1=Numérico bilateral inverso\2=Alfanumérico\3=Alfanumérico inverso\4=Númerico simple;SPS2;;Público;SPS2 : Parâmetro de tipo de indicação de tap;SPS2 : Parameter of tap indication type;;SPS2_IDC;SPS2_IDC;SPS2_IDC;ALERTA(Não responde caso não exista SPS com ADR=2)!!!;;;;;;;;;;;;CDC
9b84734110584fb9998105b6c9ed6d11;1;RW;16;;Holding register;515;Analog output;16;2;50;;1;;;;;;;SPS2;;Público;SPS2 : Parâmetro de posição do tap central;SPS2 : Parameter of middle tap position;;SPS2_CNT;SPS2_CNT;SPS2_CNT;ALERTA(Não responde caso não exista SPS com ADR=2)!!!;;;;Configuração;Configuration;;Parâmetro;;;;;CDC
34c856fd16e3418d803572d87ec9cdc8;1;RW;16;;Holding register;516;Analog output;17;47;200;;10;ohm;ohm;ohm;;;;SPS2;;Público;SPS2 : Parâmetro de resistência por passo;SPS2 : Parameter of resistence per step;;SPS2_RES;SPS2_RES;SPS2_RES;ALERTA(Não responde caso não exista SPS com ADR=2)!!!;;;;Configuração;Configuration;;Parâmetro;;;;;CDC
9003647d78e441a285103df976737085;1;RW;16;;Holding register;517;Analog output;18;1;100;;1;s;s;s;;;;SPS2;;Público;SPS2 : Parâmetro de tempo para sincronismo;SPS2 : Parameter of synchronism time;;SPS2_SNC;SPS2_SNC;SPS2_SNC;ALERTA(Não responde caso não exista SPS com ADR=2)!!!;;;;Configuração;Configuration;;Parâmetro;;;;;CDC
a79c85bd3f3e4c029277ec4cb9ad1668;1;RW;16;;Holding register;518;Analog output;19;2;25;;1;s;s;s;;;;SPS2;;Público;SPS2 : Parâmetro de tempo para alarme E04;SPS2 : Parameter of time for alarm E04;;SPS2_PRG;SPS2_PRG;SPS2_PRG;ALERTA(Não responde caso não exista SPS com ADR=2 e permite escrita 1 porém o mínimo é 2)!!!;;;;Configuração;Configuration;;Parâmetro;;;;;CDC
23641c33ca844bc693f10e84f719786a;1;RW;16;;Holding register;519;Analog output;20;0;34;;1;;;;;;;SPS2;;Público;SPS2 : Parâmetro de função do relé 1;SPS2 : Parameter of relay 1 operation;;SPS2_RL1;SPS2_RL1;SPS2_RL1;ALERTA(Não responde caso não exista SPS com ADR=2)!!!;;;;;;;;;;;;CDC
0f6b104ab3764bffb942555212616a6c;1;RW;16;;Holding register;520;Analog output;21;0;34;;1;;;;;;;SPS2;;Público;SPS2 : Parâmetro de função do relé 2;SPS2 : Parameter of relay 2 operation;;SPS2_RL2;SPS2_RL2;SPS2_RL2;ALERTA(Não responde caso não exista SPS com ADR=2)!!!;;;;;;;;;;;;CDC
82ffa8d24a36444289e6cc98e2921170;1;RW;16;;Holding register;521;Analog output;22;0;34;;1;;;;;;;SPS2;;Público;SPS2 : Parâmetro de função do relé 3;SPS2 : Parameter of relay 3 operation;;SPS2_RL3;SPS2_RL3;SPS2_RL3;ALERTA(Não responde caso não exista SPS com ADR=2)!!!;;;;;;;;;;;;CDC
aa9588d5774c4d008e5e9ddbc6b6caac;1;RW;16;;Holding register;522;Analog output;23;0;34;;1;;;;;;;SPS2;;Público;SPS2 : Parâmetro de função do relé 4;SPS2 : Parameter of relay 4 operation;;SPS2_RL4;SPS2_RL4;SPS2_RL4;ALERTA(Não responde caso não exista SPS com ADR=2)!!!;;;;;;;;;;;;CDC
e0687aae049745fe989f1d253341263e;1;RW;16;;Holding register;523;Analog output;24;0;9;;1;;;;0=Desabilita\1=0 a 1 mA\2=-1 a 1 mA\3=0 a 5 mA\4=-5 a 5 mA\5=0 a 10 mA\6=-10 a 10 mA\7=0 a 20 mA\8=-20 a 20 mA\9=4 a 20 mA;0=Disable\1=0-1 mA\2=-1-1 mA\3=0-5 mA\4=-5-5 mA\5=0-10 mA\6=-10-10 mA\7=0-20 mA\8=-20-20 mA\9=4-20 mA;0=Desactiva\1=0-1 mA\2=-1-1 mA\3=0-5 mA\4=-5-5 mA\5=0-10 mA\6=-10-10 mA\7=0-20 mA\8=-20-20 mA\9=4-20 mA;SPS2;;Público;SPS2 : Parâmetro de opção de saída mA;SPS2 : Parameter of mA output;;SPS2_OCS;SPS2_OCS;SPS2_OCS;ALERTA(Não responde caso não exista SPS com ADR=2)!!!;;;;Configuração;Configuration;;Parâmetro;;;;;CDC
397ea4cdbd9c49099fa76dd17b6ff905;1;RW;16;;Holding register;524;Analog output;25;1;3;;1;;;;1=Português\2=Inglês\3=Espanhol;1=Portuguese\2=English\3=Spanish;1=Portugués\2=Inglés\3=Español;SPS2;;Público;SPS2 : Parâmetro de opção de idioma;SPS2 : Parameter of language option;;SPS2_LNG;SPS2_LNG;SPS2_LNG;ALERTA(Não responde caso não exista SPS com ADR=2)!!!;;;;;;;;;;;;CDC
;;;;;;;;;;;;;;;;;;;;;;;;;;;;;;;;;;;;;;;;
fb9de7c8148f44d29ce78e6b6d14068f;1;RW;0x0001;;Holding register;531;Binary output;8;0;1;;1;;;;;;;SPS2;;Público;SPS2 : Comando de subir tap;SPS2 : Command of raise tap;;;;;ALERTA(Não responde caso não exista SPS com ADR=2)!!!;;;;;;;;;;SDp_SPS2_$YLTC1$CO$TapChgR$Oper$ctlVal;;CDC
ecc2985ed3534cb6b123435ff1675f1b;1;RW;0x0002;;Holding register;531;Binary output;9;0;1;;1;;;;;;;SPS2;;Público;SPS2 : Comando de descer tap;SPS2 : Command of lower tap;;;;;ALERTA(Não responde caso não exista SPS com ADR=2)!!!;;;;;;;;;;SDp_SPS2_$YLTC1$CO$TapChgL$Oper$ctlVal;;CDC
2c9834e121474b88be73ac88cb676d2f;1;RW;0x0004;;Holding register;531;Binary output;10;0;1;;1;;;;;;;SPS2;;Público;SPS2 : Parâmetro de modo mestre;SPS2 : Parameter of master mode;;;;;ALERTA(Não responde caso não exista SPS com ADR=2)!!!;;;;;;;;;;;;CDC
9132eb021c9e4a03b76f2fb0d67682e1;1;RW;0x0008;;Holding register;531;Binary output;11;0;1;;1;;;;;;;SPS2;;Público;SPS2 : Parâmetro de modo comandado;SPS2 : Parameter of follower mode;;;;;ALERTA(Não responde caso não exista SPS com ADR=2)!!!;;;;;;;;;;;;CDC
89904922c7314a1582b96c34c036ec36;1;RW;0x0010;;Holding register;531;Binary output;12;0;1;;1;;;;;;;SPS2;;Público;SPS2 : Parâmetro de modo individual;SPS2 : Parameter of individual mode;;;;;ALERTA(Não responde caso não exista SPS com ADR=2)!!!;;;;;;;;;;;;CDC
3601e10d014e417b8f1579b4a1d3b70f;1;RW;0x0020;;Holding register;531;Binary output;13;0;1;;1;;;;;;;SPS2;;Público;SPS2 : Parâmetro de modo automático/banco;SPS2 : Parameter of automatic/bank mode;;;;;ALERTA(Não responde caso não exista SPS com ADR=2)!!!;;;;;;;;;;SDp_SPS2_$YLTC1$CO$Bnk$Oper$ctlVal;;CDC
5b513012c14d4784b17123f3613f051e;1;RW;0x0040;;Holding register;531;Binary output;14;0;1;;1;;;;;;;SPS2;;Público;SPS2 : Parâmetro de modo manual/fase;SPS2 : Parameter of manual/phase mode;;;;;ALERTA(Não responde caso não exista SPS com ADR=2)!!!;;;;;;;;;;SDp_SPS2_$YLTC1$CO$IndvPh$Oper$ctlVal;;CDC
73459cee2f814225963a00992c61eda9;1;RW;0x0080;;Holding register;531;Binary output;15;0;1;;1;;;;;;;SPS2;;Público;SPS2 : Parâmetro de modo local/remoto;SPS2 : Parameter of local/remote mode;;;;;ALERTA(Não responde caso não exista SPS com ADR=2)!!!;;;;;;;;;;SDp_SPS2_$YLTC1$CO$CtlRem$Oper$ctlVal;;CDC
;;;;;;;;;;;;;;;;;;;;;;;;;;;;;;;;;;;;;;;;
4a962670779349bf8ec9afd040c760b7;0;RW;16;;Holding register;768;Analog output;26;0;2;;1;;;;0=Sem paralelismo\1=Paralelismo monofásico\2=Paralelismo trifásico;0=No Parallelism\1=Single-Phase Parallelism\2=Three-Phase Parallelism;0=Sin paralelismo\1=Paralelismo monofásico\2=Paralelismo trifásico;SPS3;;Público;SPS3 : Parâmetro de modo de operação;SPS3 : Parameter of operation mode;;SPS3_MOD;SPS3_MOD;SPS3_MOD;ALERTA(Não responde caso não exista SPS com ADR=3)!!!;;;;Configuração;Configuration;;Parâmetro;;;;;CDC
90ea3424008b42958ca7f3509f693e3f;1;RW;16;;Holding register;769;Analog output;27;2;50;;1;;;;;;;SPS3;;Público;SPS3 : Parâmetro de número de taps;SPS3 : Parameter of tap quantity;;SPS3_TAP;SPS3_TAP;SPS3_TAP;ALERTA(Não responde caso não exista SPS com ADR=3)!!!;;;;Configuração;Configuration;;Parâmetro;;;;;CDC
9e4719fc01224715856a522b93b667d3;1;RW;16;;Holding register;770;Analog output;28;0;4;;1;;;;0=Numérico bilateral\1=Numérico bilateral inverso\2=Alfanumérico\3=Alfanumérico inverso\4=Númerico simples;0=Bilateral Numeric\1=Inverser Bilateral Numeric\2=Alpha-Numeric\3=Inverse Alpha-Numeric\4=Simple Numeric;0=Numérico bilateral\1=Numérico bilateral inverso\2=Alfanumérico\3=Alfanumérico inverso\4=Númerico simple;SPS3;;Público;SPS3 : Parâmetro de tipo de indicação de tap;SPS3 : Parameter of tap indication type;;SPS3_IDC;SPS3_IDC;SPS3_IDC;ALERTA(Não responde caso não exista SPS com ADR=3)!!!;;;;;;;;;;;;CDC
4df2b4985ced4300a4f5a657754fccd6;1;RW;16;;Holding register;771;Analog output;29;2;50;;1;;;;;;;SPS3;;Público;SPS3 : Parâmetro de posição do tap central;SPS3 : Parameter of middle tap position;;SPS3_CNT;SPS3_CNT;SPS3_CNT;ALERTA(Não responde caso não exista SPS com ADR=3)!!!;;;;Configuração;Configuration;;Parâmetro;;;;;CDC
0c0469415f62454ab685be4e61edc048;1;RW;16;;Holding register;772;Analog output;30;47;200;;10;ohm;ohm;ohm;;;;SPS3;;Público;SPS3 : Parâmetro de resistência por passo;SPS3 : Parameter of resistence per step;;SPS3_RES;SPS3_RES;SPS3_RES;ALERTA(Não responde caso não exista SPS com ADR=3)!!!;;;;Configuração;Configuration;;Parâmetro;;;;;CDC
49941a5147b84404b94adba5a1202d10;1;RW;16;;Holding register;773;Analog output;31;1;100;;1;s;s;s;;;;SPS3;;Público;SPS3 : Parâmetro de tempo para sincronismo;SPS3 : Parameter of synchronism time;;SPS3_SNC;SPS3_SNC;SPS3_SNC;ALERTA(Não responde caso não exista SPS com ADR=3)!!!;;;;Configuração;Configuration;;Parâmetro;;;;;CDC
ba229700bf0448a5897981006a44c438;1;RW;16;;Holding register;774;Analog output;32;2;25;;1;s;s;s;;;;SPS3;;Público;SPS3 : Parâmetro de tempo para alarme E04;SPS3 : Parameter of time for alarm E04;;SPS3_PRG;SPS3_PRG;SPS3_PRG;ALERTA(Não responde caso não exista SPS com ADR=3 e permite escrita 1 porém o mínimo é 2)!!!;;;;Configuração;Configuration;;Parâmetro;;;;;CDC
13d11de7889a495da9637629dae4c0e2;1;RW;16;;Holding register;775;Analog output;33;0;34;;1;;;;;;;SPS3;;Público;SPS3 : Parâmetro de função do relé 1;SPS3 : Parameter of relay 1 operation;;SPS3_RL1;SPS3_RL1;SPS3_RL1;ALERTA(Não responde caso não exista SPS com ADR=3)!!!;;;;;;;;;;;;CDC
8d6dc4fe8c5d4951b8435a3c9a297877;1;RW;16;;Holding register;776;Analog output;34;0;34;;1;;;;;;;SPS3;;Público;SPS3 : Parâmetro de função do relé 2;SPS3 : Parameter of relay 2 operation;;SPS3_RL2;SPS3_RL2;SPS3_RL2;ALERTA(Não responde caso não exista SPS com ADR=3)!!!;;;;;;;;;;;;CDC
eb92c7d82c3a418f833b33871b2285d0;1;RW;16;;Holding register;777;Analog output;35;0;34;;1;;;;;;;SPS3;;Público;SPS3 : Parâmetro de função do relé 3;SPS3 : Parameter of relay 3 operation;;SPS3_RL3;SPS3_RL3;SPS3_RL3;ALERTA(Não responde caso não exista SPS com ADR=3)!!!;;;;;;;;;;;;CDC
3fb531b7ef2e4553819a45cd30056a2c;1;RW;16;;Holding register;778;Analog output;36;0;34;;1;;;;;;;SPS3;;Público;SPS3 : Parâmetro de função do relé 4;SPS3 : Parameter of relay 4 operation;;SPS3_RL4;SPS3_RL4;SPS3_RL4;ALERTA(Não responde caso não exista SPS com ADR=3)!!!;;;;;;;;;;;;CDC
103ef8ba3445436d9d61ce263dc6f724;1;RW;16;;Holding register;779;Analog output;37;0;9;;1;;;;0=Desabilita\1=0 a 1 mA\2=-1 a 1 mA\3=0 a 5 mA\4=-5 a 5 mA\5=0 a 10 mA\6=-10 a 10 mA\7=0 a 20 mA\8=-20 a 20 mA\9=4 a 20 mA;0=Disable\1=0-1 mA\2=-1-1 mA\3=0-5 mA\4=-5-5 mA\5=0-10 mA\6=-10-10 mA\7=0-20 mA\8=-20-20 mA\9=4-20 mA;0=Desactiva\1=0-1 mA\2=-1-1 mA\3=0-5 mA\4=-5-5 mA\5=0-10 mA\6=-10-10 mA\7=0-20 mA\8=-20-20 mA\9=4-20 mA;SPS3;;Público;SPS3 : Parâmetro de opção de saída mA;SPS3 : Parameter of mA output;;SPS3_OCS;SPS3_OCS;SPS3_OCS;ALERTA(Não responde caso não exista SPS com ADR=3)!!!;;;;Configuração;Configuration;;Parâmetro;;;;;CDC
636efed27c4a44c1beb8bd3aa4369131;1;RW;16;;Holding register;780;Analog output;38;1;3;;1;;;;1=Português\2=Inglês\3=Espanhol;1=Portuguese\2=English\3=Spanish;1=Portugués\2=Inglés\3=Español;SPS3;;Público;SPS3 : Parâmetro de opção de idioma;SPS3 : Parameter of language option;;SPS3_LNG;SPS3_LNG;SPS3_LNG;ALERTA(Não responde caso não exista SPS com ADR=3)!!!;;;;;;;;;;;;CDC
;;;;;;;;;;;;;;;;;;;;;;;;;;;;;;;;;;;;;;;;
0d5f6a88620148138a3c8377f75f279e;1;RW;0x0001;;Holding register;787;Binary output;16;0;1;;1;;;;;;;SPS3;;Público;SPS3 : Comando de subir tap;SPS3 : Command of raise tap;;;;;ALERTA(Não responde caso não exista SPS com ADR=3)!!!;;;;;;;;;;SDp_SPS3_$YLTC1$CO$TapChgR$Oper$ctlVal;;CDC
d1ea4f97492840dd93d79044f4ac7e6a;1;RW;0x0002;;Holding register;787;Binary output;17;0;1;;1;;;;;;;SPS3;;Público;SPS3 : Comando de descer tap;SPS3 : Command of lower tap;;;;;ALERTA(Não responde caso não exista SPS com ADR=3)!!!;;;;;;;;;;SDp_SPS3_$YLTC1$CO$TapChgL$Oper$ctlVal;;CDC
c89079821dfc42c4a1b3212a458f0576;1;RW;0x0004;;Holding register;787;Binary output;18;0;1;;1;;;;;;;SPS3;;Público;SPS3 : Parâmetro de modo mestre;SPS3 : Parameter of master mode;;;;;ALERTA(Não responde caso não exista SPS com ADR=3)!!!;;;;;;;;;;SDp_SPS3_$YLTC1$CO$CtlMstr$Oper$ctlVal;;CDC
796c935a4fe54caa826411e9c0dfab71;1;RW;0x0008;;Holding register;787;Binary output;19;0;1;;1;;;;;;;SPS3;;Público;SPS3 : Parâmetro de modo comandado;SPS3 : Parameter of follower mode;;;;;ALERTA(Não responde caso não exista SPS com ADR=3)!!!;;;;;;;;;;SDp_SPS3_$YLTC1$CO$CtlFlwr$Oper$ctlVal;;CDC
0ae212c2b81b4bb980bed2f9b38f6a5d;1;RW;0x0010;;Holding register;787;Binary output;20;0;1;;1;;;;;;;SPS3;;Público;SPS3 : Parâmetro de modo individual;SPS3 : Parameter of individual mode;;;;;ALERTA(Não responde caso não exista SPS com ADR=3)!!!;;;;;;;;;;SDp_SPS3_$YLTC1$CO$CtlIndv$Oper$ctlVal;;CDC
2f808a5f8e5e456cbbe51d6b54d1bf6c;1;RW;0x0020;;Holding register;787;Binary output;21;0;1;;1;;;;;;;SPS3;;Público;SPS3 : Parâmetro de modo automático/banco;SPS3 : Parameter of automatic/bank mode;;;;;ALERTA(Não responde caso não exista SPS com ADR=3)!!!;;;;;;;;;;SDp_SPS3_$YLTC1$CO$Bnk$Oper$ctlVal;;CDC
52ea8c2c26fb4addb09d321ea35f3e5c;1;RW;0x0040;;Holding register;787;Binary output;22;0;1;;1;;;;;;;SPS3;;Público;SPS3 : Parâmetro de modo manual/fase;SPS3 : Parameter of manual/phase mode;;;;;ALERTA(Não responde caso não exista SPS com ADR=3)!!!;;;;;;;;;;SDp_SPS3_$YLTC1$CO$IndvPh$Oper$ctlVal;;CDC
cc36fc0471a84e4fb097421c2299cd6e;1;RW;0x0080;;Holding register;787;Binary output;23;0;1;;1;;;;;;;SPS3;;Público;SPS3 : Parâmetro de modo local/remoto;SPS3 : Parameter of local/remote mode;;;;;ALERTA(Não responde caso não exista SPS com ADR=3)!!!;;;;;;;;;;SDp_SPS3_$YLTC1$CO$CtlRem$Oper$ctlVal;;CDC
;;;;;;;;;;;;;;;;;;;;;;;;;;;;;;;;;;;;;;;;
4695899fc5034f0884f5cb194dcfddf7;0;RW;16;;Holding register;1024;Analog output;39;0;2;;1;;;;0=Sem paralelismo\1=Paralelismo monofásico\2=Paralelismo trifásico;0=No Parallelism\1=Single-Phase Parallelism\2=Three-Phase Parallelism;0=Sin paralelismo\1=Paralelismo monofásico\2=Paralelismo trifásico;SPS4;;Público;SPS4 : Parâmetro de modo de operação;SPS4 : Parameter of operation mode;;SPS4_MOD;SPS4_MOD;SPS4_MOD;ALERTA(Não responde caso não exista SPS com ADR=4)!!!;;;;Configuração;Configuration;;Parâmetro;;;;;CDC
87ba3cc133d64a5c992f8c243aedf9df;1;RW;16;;Holding register;1025;Analog output;40;2;50;;1;;;;;;;SPS4;;Público;SPS4 : Parâmetro de número de taps;SPS4 : Parameter of tap quantity;;SPS4_TAP;SPS4_TAP;SPS4_TAP;ALERTA(Não responde caso não exista SPS com ADR=4)!!!;;;;Configuração;Configuration;;Parâmetro;;;;;CDC
8b39917371fc4b99856b299624bec497;1;RW;16;;Holding register;1026;Analog output;41;0;4;;1;;;;0=Numérico bilateral\1=Numérico bilateral inverso\2=Alfanumérico\3=Alfanumérico inverso\4=Númerico simples;0=Bilateral Numeric\1=Inverser Bilateral Numeric\2=Alpha-Numeric\3=Inverse Alpha-Numeric\4=Simple Numeric;0=Numérico bilateral\1=Numérico bilateral inverso\2=Alfanumérico\3=Alfanumérico inverso\4=Númerico simple;SPS4;;Público;SPS4 : Parâmetro de tipo de indicação de tap;SPS4 : Parameter of tap indication type;;SPS4_IDC;SPS4_IDC;SPS4_IDC;ALERTA(Não responde caso não exista SPS com ADR=4)!!!;;;;;;;;;;;;CDC
1286d7a989eb4c8ea46e0cf05218d550;1;RW;16;;Holding register;1027;Analog output;42;2;50;;1;;;;;;;SPS4;;Público;SPS4 : Parâmetro de posição do tap central;SPS4 : Parameter of middle tap position;;SPS4_CNT;SPS4_CNT;SPS4_CNT;ALERTA(Não responde caso não exista SPS com ADR=4)!!!;;;;Configuração;Configuration;;Parâmetro;;;;;CDC
1232c6d3fdc54b2a815cc520be6fb550;1;RW;16;;Holding register;1028;Analog output;43;47;200;;10;ohm;ohm;ohm;;;;SPS4;;Público;SPS4 : Parâmetro de resistência por passo;SPS4 : Parameter of resistence per step;;SPS4_RES;SPS4_RES;SPS4_RES;ALERTA(Não responde caso não exista SPS com ADR=4)!!!;;;;Configuração;Configuration;;Parâmetro;;;;;CDC
ed166278c1114ccf8c3bda6d90028905;1;RW;16;;Holding register;1029;Analog output;44;1;100;;1;s;s;s;;;;SPS4;;Público;SPS4 : Parâmetro de tempo para sincronismo;SPS4 : Parameter of synchronism time;;SPS4_SNC;SPS4_SNC;SPS4_SNC;ALERTA(Não responde caso não exista SPS com ADR=4)!!!;;;;Configuração;Configuration;;Parâmetro;;;;;CDC
c1c6888d0e574bee8244c381b9f9844e;1;RW;16;;Holding register;1030;Analog output;45;2;25;;1;s;s;s;;;;SPS4;;Público;SPS4 : Parâmetro de tempo para alarme E04;SPS4 : Parameter of time for alarm E04;;SPS4_PRG;SPS4_PRG;SPS4_PRG;ALERTA(Não responde caso não exista SPS com ADR=4 e permite escrita 1 porém o mínimo é 2)!!!;;;;Configuração;Configuration;;Parâmetro;;;;;CDC
a15a0c691aaa4ece84060b75ac041b38;1;RW;16;;Holding register;1031;Analog output;46;0;34;;1;;;;;;;SPS4;;Público;SPS4 : Parâmetro de função do relé 1;SPS4 : Parameter of relay 1 operation;;SPS4_RL1;SPS4_RL1;SPS4_RL1;ALERTA(Não responde caso não exista SPS com ADR=4)!!!;;;;;;;;;;;;CDC
f0c4bb9ada3444e6a3f4d4b54b67a5ca;1;RW;16;;Holding register;1032;Analog output;47;0;34;;1;;;;;;;SPS4;;Público;SPS4 : Parâmetro de função do relé 2;SPS4 : Parameter of relay 2 operation;;SPS4_RL2;SPS4_RL2;SPS4_RL2;ALERTA(Não responde caso não exista SPS com ADR=4)!!!;;;;;;;;;;;;CDC
7cd2d759c9ac4344984221ab820d7102;1;RW;16;;Holding register;1033;Analog output;48;0;34;;1;;;;;;;SPS4;;Público;SPS4 : Parâmetro de função do relé 3;SPS4 : Parameter of relay 3 operation;;SPS4_RL3;SPS4_RL3;SPS4_RL3;ALERTA(Não responde caso não exista SPS com ADR=4)!!!;;;;;;;;;;;;CDC
c80ca74170074887aa8272853c3b2b4f;1;RW;16;;Holding register;1034;Analog output;49;0;34;;1;;;;;;;SPS4;;Público;SPS4 : Parâmetro de função do relé 4;SPS4 : Parameter of relay 4 operation;;SPS4_RL4;SPS4_RL4;SPS4_RL4;ALERTA(Não responde caso não exista SPS com ADR=4)!!!;;;;;;;;;;;;CDC
e083bcebed32495e8ca8ec9f89a0dc9c;1;RW;16;;Holding register;1035;Analog output;50;0;9;;1;;;;0=Desabilita\1=0 a 1 mA\2=-1 a 1 mA\3=0 a 5 mA\4=-5 a 5 mA\5=0 a 10 mA\6=-10 a 10 mA\7=0 a 20 mA\8=-20 a 20 mA\9=4 a 20 mA;0=Disable\1=0-1 mA\2=-1-1 mA\3=0-5 mA\4=-5-5 mA\5=0-10 mA\6=-10-10 mA\7=0-20 mA\8=-20-20 mA\9=4-20 mA;0=Desactiva\1=0-1 mA\2=-1-1 mA\3=0-5 mA\4=-5-5 mA\5=0-10 mA\6=-10-10 mA\7=0-20 mA\8=-20-20 mA\9=4-20 mA;SPS4;;Público;SPS4 : Parâmetro de opção de saída mA;SPS4 : Parameter of mA output;;SPS4_OCS;SPS4_OCS;SPS4_OCS;ALERTA(Não responde caso não exista SPS com ADR=4)!!!;;;;Configuração;Configuration;;Parâmetro;;;;;CDC
9478fcce840a454882dab2e74a087f46;1;RW;16;;Holding register;1036;Analog output;51;1;3;;1;;;;1=Português\2=Inglês\3=Espanhol;1=Portuguese\2=English\3=Spanish;1=Portugués\2=Inglés\3=Español;SPS4;;Público;SPS4 : Parâmetro de opção de idioma;SPS4 : Parameter of language option;;SPS4_LNG;SPS4_LNG;SPS4_LNG;ALERTA(Não responde caso não exista SPS com ADR=4)!!!;;;;;;;;;;;;CDC
;;;;;;;;;;;;;;;;;;;;;;;;;;;;;;;;;;;;;;;;
30ead767c1544b39a4cce8fdba4d8b8b;1;RW;0x0001;;Holding register;1043;Binary output;24;0;1;;1;;;;;;;SPS4;;Público;SPS4 : Comando de subir tap;SPS4 : Command of raise tap;;;;;ALERTA(Não responde caso não exista SPS com ADR=4)!!!;;;;;;;;;;SDp_SPS4_$YLTC1$CO$TapChgR$Oper$ctlVal;;CDC
4aaaa2a3e4f5467d8c6257591f184b9e;1;RW;0x0002;;Holding register;1043;Binary output;25;0;1;;1;;;;;;;SPS4;;Público;SPS4 : Comando de descer tap;SPS4 : Command of lower tap;;;;;ALERTA(Não responde caso não exista SPS com ADR=4)!!!;;;;;;;;;;SDp_SPS4_$YLTC1$CO$TapChgL$Oper$ctlVal;;CDC
0b2b5417f0254e5f964446f84b6fcf15;1;RW;0x0004;;Holding register;1043;Binary output;26;0;1;;1;;;;;;;SPS4;;Público;SPS4 : Parâmetro de modo mestre;SPS4 : Parameter of master mode;;;;;ALERTA(Não responde caso não exista SPS com ADR=4)!!!;;;;;;;;;;;;CDC
83acba7dd41646dda8af8ba1da21b157;1;RW;0x0008;;Holding register;1043;Binary output;27;0;1;;1;;;;;;;SPS4;;Público;SPS4 : Parâmetro de modo comandado;SPS4 : Parameter of follower mode;;;;;ALERTA(Não responde caso não exista SPS com ADR=4)!!!;;;;;;;;;;;;CDC
964e3c8c526940e094bf27ab1631292e;1;RW;0x0010;;Holding register;1043;Binary output;28;0;1;;1;;;;;;;SPS4;;Público;SPS4 : Parâmetro de modo individual;SPS4 : Parameter of individual mode;;;;;ALERTA(Não responde caso não exista SPS com ADR=4)!!!;;;;;;;;;;;;CDC
e8da268818a448209b05a32e4f4ee63f;1;RW;0x0020;;Holding register;1043;Binary output;29;0;1;;1;;;;;;;SPS4;;Público;SPS4 : Parâmetro de modo automático/banco;SPS4 : Parameter of automatic/bank mode;;;;;ALERTA(Não responde caso não exista SPS com ADR=4)!!!;;;;;;;;;;SDp_SPS4_$YLTC1$CO$Bnk$Oper$ctlVal;;CDC
5f44917c2f474083999fa67cf1d092ca;1;RW;0x0040;;Holding register;1043;Binary output;30;0;1;;1;;;;;;;SPS4;;Público;SPS4 : Parâmetro de modo manual/fase;SPS4 : Parameter of manual/phase mode;;;;;ALERTA(Não responde caso não exista SPS com ADR=4)!!!;;;;;;;;;;SDp_SPS4_$YLTC1$CO$IndvPh$Oper$ctlVal;;CDC
e55f61f627a24a62a94a95e5c26a6353;1;RW;0x0080;;Holding register;1043;Binary output;31;0;1;;1;;;;;;;SPS4;;Público;SPS4 : Parâmetro de modo local/remoto;SPS4 : Parameter of local/remote mode;;;;;ALERTA(Não responde caso não exista SPS com ADR=4)!!!;;;;;;;;;;SDp_SPS4_$YLTC1$CO$CtlRem$Oper$ctlVal;;CDC
;;;;;;;;;;;;;;;;;;;;;;;;;;;;;;;;;;;;;;;;
42ebc4f7dd42472895a9dc815223851c;0;RW;16;;Holding register;1280;Analog output;52;0;2;;1;;;;0=Sem paralelismo\1=Paralelismo monofásico\2=Paralelismo trifásico;0=No Parallelism\1=Single-Phase Parallelism\2=Three-Phase Parallelism;0=Sin paralelismo\1=Paralelismo monofásico\2=Paralelismo trifásico;SPS5;;Público;SPS5 : Parâmetro de modo de operação;SPS5 : Parameter of operation mode;;SPS5_MOD;SPS5_MOD;SPS5_MOD;ALERTA(Não responde caso não exista SPS com ADR=5)!!!;;;;Configuração;Configuration;;Parâmetro;;;;;CDC
8ea5257b71ba4cd0a74556278f615258;1;RW;16;;Holding register;1281;Analog output;53;2;50;;1;;;;;;;SPS5;;Público;SPS5 : Parâmetro de número de taps;SPS5 : Parameter of tap quantity;;SPS5_TAP;SPS5_TAP;SPS5_TAP;ALERTA(Não responde caso não exista SPS com ADR=5)!!!;;;;Configuração;Configuration;;Parâmetro;;;;;CDC
db0aa1d06e454c0b84d019a74123f456;1;RW;16;;Holding register;1282;Analog output;54;0;4;;1;;;;0=Numérico bilateral\1=Numérico bilateral inverso\2=Alfanumérico\3=Alfanumérico inverso\4=Númerico simples;0=Bilateral Numeric\1=Inverser Bilateral Numeric\2=Alpha-Numeric\3=Inverse Alpha-Numeric\4=Simple Numeric;0=Numérico bilateral\1=Numérico bilateral inverso\2=Alfanumérico\3=Alfanumérico inverso\4=Númerico simple;SPS5;;Público;SPS5 : Parâmetro de tipo de indicação de tap;SPS5 : Parameter of tap indication type;;SPS5_IDC;SPS5_IDC;SPS5_IDC;ALERTA(Não responde caso não exista SPS com ADR=5)!!!;;;;;;;;;;;;CDC
9fdbae741d174490874563b610083e4d;1;RW;16;;Holding register;1283;Analog output;55;2;50;;1;;;;;;;SPS5;;Público;SPS5 : Parâmetro de posição do tap central;SPS5 : Parameter of middle tap position;;SPS5_CNT;SPS5_CNT;SPS5_CNT;ALERTA(Não responde caso não exista SPS com ADR=5)!!!;;;;Configuração;Configuration;;Parâmetro;;;;;CDC
3c22bc17a4354b918043cbdda5037509;1;RW;16;;Holding register;1284;Analog output;56;47;200;;10;ohm;ohm;ohm;;;;SPS5;;Público;SPS5 : Parâmetro de resistência por passo;SPS5 : Parameter of resistence per step;;SPS5_RES;SPS5_RES;SPS5_RES;ALERTA(Não responde caso não exista SPS com ADR=5)!!!;;;;Configuração;Configuration;;Parâmetro;;;;;CDC
11c25711c9eb46879c392b30dffe6a6d;1;RW;16;;Holding register;1285;Analog output;57;1;100;;1;s;s;s;;;;SPS5;;Público;SPS5 : Parâmetro de tempo para sincronismo;SPS5 : Parameter of synchronism time;;SPS5_SNC;SPS5_SNC;SPS5_SNC;ALERTA(Não responde caso não exista SPS com ADR=5)!!!;;;;Configuração;Configuration;;Parâmetro;;;;;CDC
3f84ab854b414349909ff54e53eb06de;1;RW;16;;Holding register;1286;Analog output;58;2;25;;1;s;s;s;;;;SPS5;;Público;SPS5 : Parâmetro de tempo para alarme E04;SPS5 : Parameter of time for alarm E04;;SPS5_PRG;SPS5_PRG;SPS5_PRG;ALERTA(Não responde caso não exista SPS com ADR=5 e permite escrita 1 porém o mínimo é 2)!!!;;;;Configuração;Configuration;;Parâmetro;;;;;CDC
1906048e586c4bc291ac07ec717bca3f;1;RW;16;;Holding register;1287;Analog output;59;0;34;;1;;;;;;;SPS5;;Público;SPS5 : Parâmetro de função do relé 1;SPS5 : Parameter of relay 1 operation;;SPS5_RL1;SPS5_RL1;SPS5_RL1;ALERTA(Não responde caso não exista SPS com ADR=5)!!!;;;;;;;;;;;;CDC
cbbe8131b1fb4d36afbc288d59a9c321;1;RW;16;;Holding register;1288;Analog output;60;0;34;;1;;;;;;;SPS5;;Público;SPS5 : Parâmetro de função do relé 2;SPS5 : Parameter of relay 2 operation;;SPS5_RL2;SPS5_RL2;SPS5_RL2;ALERTA(Não responde caso não exista SPS com ADR=5)!!!;;;;;;;;;;;;CDC
f2ed3d57292b4eb09998cae6bd9ed131;1;RW;16;;Holding register;1289;Analog output;61;0;34;;1;;;;;;;SPS5;;Público;SPS5 : Parâmetro de função do relé 3;SPS5 : Parameter of relay 3 operation;;SPS5_RL3;SPS5_RL3;SPS5_RL3;ALERTA(Não responde caso não exista SPS com ADR=5)!!!;;;;;;;;;;;;CDC
43d7a21fa2014ad1927e78cacd244308;1;RW;16;;Holding register;1290;Analog output;62;0;34;;1;;;;;;;SPS5;;Público;SPS5 : Parâmetro de função do relé 4;SPS5 : Parameter of relay 4 operation;;SPS5_RL4;SPS5_RL4;SPS5_RL4;ALERTA(Não responde caso não exista SPS com ADR=5)!!!;;;;;;;;;;;;CDC
38012d7e14ae4e7e97fd593e67de3ff6;1;RW;16;;Holding register;1291;Analog output;63;0;9;;1;;;;0=Desabilita\1=0 a 1 mA\2=-1 a 1 mA\3=0 a 5 mA\4=-5 a 5 mA\5=0 a 10 mA\6=-10 a 10 mA\7=0 a 20 mA\8=-20 a 20 mA\9=4 a 20 mA;0=Disable\1=0-1 mA\2=-1-1 mA\3=0-5 mA\4=-5-5 mA\5=0-10 mA\6=-10-10 mA\7=0-20 mA\8=-20-20 mA\9=4-20 mA;0=Desactiva\1=0-1 mA\2=-1-1 mA\3=0-5 mA\4=-5-5 mA\5=0-10 mA\6=-10-10 mA\7=0-20 mA\8=-20-20 mA\9=4-20 mA;SPS5;;Público;SPS5 : Parâmetro de opção de saída mA;SPS5 : Parameter of mA output;;SPS5_OCS;SPS5_OCS;SPS5_OCS;ALERTA(Não responde caso não exista SPS com ADR=5)!!!;;;;Configuração;Configuration;;Parâmetro;;;;;CDC
ed79f612f1b147fd8f1b7b4134128f66;1;RW;16;;Holding register;1292;Analog output;64;1;3;;1;;;;1=Português\2=Inglês\3=Espanhol;1=Portuguese\2=English\3=Spanish;1=Portugués\2=Inglés\3=Español;SPS5;;Público;SPS5 : Parâmetro de opção de idioma;SPS5 : Parameter of language option;;SPS5_LNG;SPS5_LNG;SPS5_LNG;ALERTA(Não responde caso não exista SPS com ADR=5)!!!;;;;;;;;;;;;CDC
;;;;;;;;;;;;;;;;;;;;;;;;;;;;;;;;;;;;;;;;
f961d47d1ee9467796740e68d90ed1cf;1;RW;0x0001;;Holding register;1299;Binary output;32;0;1;;1;;;;;;;SPS5;;Público;SPS5 : Comando de subir tap;SPS5 : Command of raise tap;;;;;ALERTA(Não responde caso não exista SPS com ADR=5)!!!;;;;;;;;;;SDp_SPS5_$YLTC1$CO$TapChgR$Oper$ctlVal;;CDC
b69e32d305d5441692a6e0e42ff55fac;1;RW;0x0002;;Holding register;1299;Binary output;33;0;1;;1;;;;;;;SPS5;;Público;SPS5 : Comando de descer tap;SPS5 : Command of lower tap;;;;;ALERTA(Não responde caso não exista SPS com ADR=5)!!!;;;;;;;;;;SDp_SPS5_$YLTC1$CO$TapChgL$Oper$ctlVal;;CDC
2a200364c871401394c9abbbae6cd5fb;1;RW;0x0004;;Holding register;1299;Binary output;34;0;1;;1;;;;;;;SPS5;;Público;SPS5 : Parâmetro de modo mestre;SPS5 : Parameter of master mode;;;;;ALERTA(Não responde caso não exista SPS com ADR=5)!!!;;;;;;;;;;;;CDC
28caf91c741e479b87803185e278fb72;1;RW;0x0008;;Holding register;1299;Binary output;35;0;1;;1;;;;;;;SPS5;;Público;SPS5 : Parâmetro de modo comandado;SPS5 : Parameter of follower mode;;;;;ALERTA(Não responde caso não exista SPS com ADR=5)!!!;;;;;;;;;;;;CDC
c50b05d84d5c43fdad95c80d2b9aa65a;1;RW;0x0010;;Holding register;1299;Binary output;36;0;1;;1;;;;;;;SPS5;;Público;SPS5 : Parâmetro de modo individual;SPS5 : Parameter of individual mode;;;;;ALERTA(Não responde caso não exista SPS com ADR=5)!!!;;;;;;;;;;;;CDC
4febf777f04d4f80b039484051382b0e;1;RW;0x0020;;Holding register;1299;Binary output;37;0;1;;1;;;;;;;SPS5;;Público;SPS5 : Parâmetro de modo automático/banco;SPS5 : Parameter of automatic/bank mode;;;;;ALERTA(Não responde caso não exista SPS com ADR=5)!!!;;;;;;;;;;SDp_SPS5_$YLTC1$CO$Bnk$Oper$ctlVal;;CDC
eafb700e7ba0425bbb097ed65da17817;1;RW;0x0040;;Holding register;1299;Binary output;38;0;1;;1;;;;;;;SPS5;;Público;SPS5 : Parâmetro de modo manual/fase;SPS5 : Parameter of manual/phase mode;;;;;ALERTA(Não responde caso não exista SPS com ADR=5)!!!;;;;;;;;;;SDp_SPS5_$YLTC1$CO$IndvPh$Oper$ctlVal;;CDC
f6b19b873b9a409787b498ec684dc5d4;1;RW;0x0080;;Holding register;1299;Binary output;39;0;1;;1;;;;;;;SPS5;;Público;SPS5 : Parâmetro de modo local/remoto;SPS5 : Parameter of local/remote mode;;;;;ALERTA(Não responde caso não exista SPS com ADR=5)!!!;;;;;;;;;;SDp_SPS5_$YLTC1$CO$CtlRem$Oper$ctlVal;;CDC
;;;;;;;;;;;;;;;;;;;;;;;;;;;;;;;;;;;;;;;;
498c43eac20f4e2b9f682a7bb084d56b;0;RW;16;;Holding register;1536;Analog output;65;0;2;;1;;;;0=Sem paralelismo\1=Paralelismo monofásico\2=Paralelismo trifásico;0=No Parallelism\1=Single-Phase Parallelism\2=Three-Phase Parallelism;0=Sin paralelismo\1=Paralelismo monofásico\2=Paralelismo trifásico;SPS6;;Público;SPS6 : Parâmetro de modo de operação;SPS6 : Parameter of operation mode;;SPS6_MOD;SPS6_MOD;SPS6_MOD;ALERTA(Não responde caso não exista SPS com ADR=6)!!!;;;;Configuração;Configuration;;Parâmetro;;;;;CDC
dcb228f4cbb1458699e56ac6851e7435;1;RW;16;;Holding register;1537;Analog output;66;2;50;;1;;;;;;;SPS6;;Público;SPS6 : Parâmetro de número de taps;SPS6 : Parameter of tap quantity;;SPS6_TAP;SPS6_TAP;SPS6_TAP;ALERTA(Não responde caso não exista SPS com ADR=6)!!!;;;;Configuração;Configuration;;Parâmetro;;;;;CDC
dcb425bb384841a59f9096cc212a8dc1;1;RW;16;;Holding register;1538;Analog output;67;0;4;;1;;;;0=Numérico bilateral\1=Numérico bilateral inverso\2=Alfanumérico\3=Alfanumérico inverso\4=Númerico simples;0=Bilateral Numeric\1=Inverser Bilateral Numeric\2=Alpha-Numeric\3=Inverse Alpha-Numeric\4=Simple Numeric;0=Numérico bilateral\1=Numérico bilateral inverso\2=Alfanumérico\3=Alfanumérico inverso\4=Númerico simple;SPS6;;Público;SPS6 : Parâmetro de tipo de indicação de tap;SPS6 : Parameter of tap indication type;;SPS6_IDC;SPS6_IDC;SPS6_IDC;ALERTA(Não responde caso não exista SPS com ADR=6)!!!;;;;;;;;;;;;CDC
b2f75ff846214aaba27457e919c93fcd;1;RW;16;;Holding register;1539;Analog output;68;2;50;;1;;;;;;;SPS6;;Público;SPS6 : Parâmetro de posição do tap central;SPS6 : Parameter of middle tap position;;SPS6_CNT;SPS6_CNT;SPS6_CNT;ALERTA(Não responde caso não exista SPS com ADR=6)!!!;;;;Configuração;Configuration;;Parâmetro;;;;;CDC
86f0cfcd90a548238e2b061893140faf;1;RW;16;;Holding register;1540;Analog output;69;47;200;;10;ohm;ohm;ohm;;;;SPS6;;Público;SPS6 : Parâmetro de resistência por passo;SPS6 : Parameter of resistence per step;;SPS6_RES;SPS6_RES;SPS6_RES;ALERTA(Não responde caso não exista SPS com ADR=6)!!!;;;;Configuração;Configuration;;Parâmetro;;;;;CDC
308a6cd656af44c695b546e75b19a0ba;1;RW;16;;Holding register;1541;Analog output;70;1;100;;1;s;s;s;;;;SPS6;;Público;SPS6 : Parâmetro de tempo para sincronismo;SPS6 : Parameter of synchronism time;;SPS6_SNC;SPS6_SNC;SPS6_SNC;ALERTA(Não responde caso não exista SPS com ADR=6)!!!;;;;Configuração;Configuration;;Parâmetro;;;;;CDC
937c2db019a7486ba2431853488807f5;1;RW;16;;Holding register;1542;Analog output;71;2;25;;1;s;s;s;;;;SPS6;;Público;SPS6 : Parâmetro de tempo para alarme E04;SPS6 : Parameter of time for alarm E04;;SPS6_PRG;SPS6_PRG;SPS6_PRG;ALERTA(Não responde caso não exista SPS com ADR=6 e permite escrita 1 porém o mínimo é 2)!!!;;;;Configuração;Configuration;;Parâmetro;;;;;CDC
98f82397b98f45369d127dcb58c3ce72;1;RW;16;;Holding register;1543;Analog output;72;0;34;;1;;;;;;;SPS6;;Público;SPS6 : Parâmetro de função do relé 1;SPS6 : Parameter of relay 1 operation;;SPS6_RL1;SPS6_RL1;SPS6_RL1;ALERTA(Não responde caso não exista SPS com ADR=6)!!!;;;;;;;;;;;;CDC
4b90d8c713e940668a4c0b66b1597624;1;RW;16;;Holding register;1544;Analog output;73;0;34;;1;;;;;;;SPS6;;Público;SPS6 : Parâmetro de função do relé 2;SPS6 : Parameter of relay 2 operation;;SPS6_RL2;SPS6_RL2;SPS6_RL2;ALERTA(Não responde caso não exista SPS com ADR=6)!!!;;;;;;;;;;;;CDC
6be749542fd2429bb42420c1f627ee6d;1;RW;16;;Holding register;1545;Analog output;74;0;34;;1;;;;;;;SPS6;;Público;SPS6 : Parâmetro de função do relé 3;SPS6 : Parameter of relay 3 operation;;SPS6_RL3;SPS6_RL3;SPS6_RL3;ALERTA(Não responde caso não exista SPS com ADR=6)!!!;;;;;;;;;;;;CDC
8e70bf7bfa464073865c746dfc0a6953;1;RW;16;;Holding register;1546;Analog output;75;0;34;;1;;;;;;;SPS6;;Público;SPS6 : Parâmetro de função do relé 4;SPS6 : Parameter of relay 4 operation;;SPS6_RL4;SPS6_RL4;SPS6_RL4;ALERTA(Não responde caso não exista SPS com ADR=6)!!!;;;;;;;;;;;;CDC
2f86940515ec429e8aad68cb1899c035;1;RW;16;;Holding register;1547;Analog output;76;0;9;;1;;;;0=Desabilita\1=0 a 1 mA\2=-1 a 1 mA\3=0 a 5 mA\4=-5 a 5 mA\5=0 a 10 mA\6=-10 a 10 mA\7=0 a 20 mA\8=-20 a 20 mA\9=4 a 20 mA;0=Disable\1=0-1 mA\2=-1-1 mA\3=0-5 mA\4=-5-5 mA\5=0-10 mA\6=-10-10 mA\7=0-20 mA\8=-20-20 mA\9=4-20 mA;0=Desactiva\1=0-1 mA\2=-1-1 mA\3=0-5 mA\4=-5-5 mA\5=0-10 mA\6=-10-10 mA\7=0-20 mA\8=-20-20 mA\9=4-20 mA;SPS6;;Público;SPS6 : Parâmetro de opção de saída mA;SPS6 : Parameter of mA output;;SPS6_OCS;SPS6_OCS;SPS6_OCS;ALERTA(Não responde caso não exista SPS com ADR=6)!!!;;;;Configuração;Configuration;;Parâmetro;;;;;CDC
7cff6a4cc58047e1a80520974f2f4b17;1;RW;16;;Holding register;1548;Analog output;77;1;3;;1;;;;1=Português\2=Inglês\3=Espanhol;1=Portuguese\2=English\3=Spanish;1=Portugués\2=Inglés\3=Español;SPS6;;Público;SPS6 : Parâmetro de opção de idioma;SPS6 : Parameter of language option;;SPS6_LNG;SPS6_LNG;SPS6_LNG;ALERTA(Não responde caso não exista SPS com ADR=6)!!!;;;;;;;;;;;;CDC
;;;;;;;;;;;;;;;;;;;;;;;;;;;;;;;;;;;;;;;;
b15f4c3ba39f4f8899db5409519170c8;1;RW;0x0001;;Holding register;1555;Binary output;40;0;1;;1;;;;;;;SPS6;;Público;SPS6 : Comando de subir tap;SPS6 : Command of raise tap;;;;;ALERTA(Não responde caso não exista SPS com ADR=6)!!!;;;;;;;;;;SDp_SPS6_$YLTC1$CO$TapChgR$Oper$ctlVal;;CDC
009abed926d34777b733b404da023e39;1;RW;0x0002;;Holding register;1555;Binary output;41;0;1;;1;;;;;;;SPS6;;Público;SPS6 : Comando de descer tap;SPS6 : Command of lower tap;;;;;ALERTA(Não responde caso não exista SPS com ADR=6)!!!;;;;;;;;;;SDp_SPS6_$YLTC1$CO$TapChgL$Oper$ctlVal;;CDC
17a27982a715449ea0781428cc49faf0;1;RW;0x0004;;Holding register;1555;Binary output;42;0;1;;1;;;;;;;SPS6;;Público;SPS6 : Parâmetro de modo mestre;SPS6 : Parameter of master mode;;;;;ALERTA(Não responde caso não exista SPS com ADR=6)!!!;;;;;;;;;;SDp_SPS6_$YLTC1$CO$CtlMstr$Oper$ctlVal;;CDC
74f8289451ae498cb33c683bc021a7aa;1;RW;0x0008;;Holding register;1555;Binary output;43;0;1;;1;;;;;;;SPS6;;Público;SPS6 : Parâmetro de modo comandado;SPS6 : Parameter of follower mode;;;;;ALERTA(Não responde caso não exista SPS com ADR=6)!!!;;;;;;;;;;SDp_SPS6_$YLTC1$CO$CtlFlwr$Oper$ctlVal;;CDC
ce4b2ba616ce44ebbb057c10644a25d4;1;RW;0x0010;;Holding register;1555;Binary output;44;0;1;;1;;;;;;;SPS6;;Público;SPS6 : Parâmetro de modo individual;SPS6 : Parameter of individual mode;;;;;ALERTA(Não responde caso não exista SPS com ADR=6)!!!;;;;;;;;;;SDp_SPS6_$YLTC1$CO$CtlIndv$Oper$ctlVal;;CDC
7f070f0cd037499480ad93eeb150824f;1;RW;0x0020;;Holding register;1555;Binary output;45;0;1;;1;;;;;;;SPS6;;Público;SPS6 : Parâmetro de modo automático/banco;SPS6 : Parameter of automatic/bank mode;;;;;ALERTA(Não responde caso não exista SPS com ADR=6)!!!;;;;;;;;;;SDp_SPS6_$YLTC1$CO$Bnk$Oper$ctlVal;;CDC
c21fc527ae004996bf75d2b2656f56b0;1;RW;0x0040;;Holding register;1555;Binary output;46;0;1;;1;;;;;;;SPS6;;Público;SPS6 : Parâmetro de modo manual/fase;SPS6 : Parameter of manual/phase mode;;;;;ALERTA(Não responde caso não exista SPS com ADR=6)!!!;;;;;;;;;;SDp_SPS6_$YLTC1$CO$IndvPh$Oper$ctlVal;;CDC
ca65f95dea9c4144956412700fd7b3ed;1;RW;0x0080;;Holding register;1555;Binary output;47;0;1;;1;;;;;;;SPS6;;Público;SPS6 : Parâmetro de modo local/remoto;SPS6 : Parameter of local/remote mode;;;;;ALERTA(Não responde caso não exista SPS com ADR=6)!!!;;;;;;;;;;SDp_SPS6_$YLTC1$CO$CtlRem$Oper$ctlVal;;CDC
;;;;;;;;;;;;;;;;;;;;;;;;;;;;;;;;;;;;;;;;
8d9ddf70144b4bfe8b282ccec0c211f4;0;RW;16;;Holding register;1792;Analog output;78;0;2;;1;;;;0=Sem paralelismo\1=Paralelismo monofásico\2=Paralelismo trifásico;0=No Parallelism\1=Single-Phase Parallelism\2=Three-Phase Parallelism;0=Sin paralelismo\1=Paralelismo monofásico\2=Paralelismo trifásico;SPS7;;Público;SPS7 : Parâmetro de modo de operação;SPS7 : Parameter of operation mode;;SPS7_MOD;SPS7_MOD;SPS7_MOD;ALERTA(Não responde caso não exista SPS com ADR=7)!!!;;;;Configuração;Configuration;;Parâmetro;;;;;CDC
4cd36e9313ea4ce4a73c4871b284c849;1;RW;16;;Holding register;1793;Analog output;79;2;50;;1;;;;;;;SPS7;;Público;SPS7 : Parâmetro de número de taps;SPS7 : Parameter of tap quantity;;SPS7_TAP;SPS7_TAP;SPS7_TAP;ALERTA(Não responde caso não exista SPS com ADR=7)!!!;;;;Configuração;Configuration;;Parâmetro;;;;;CDC
9d2ce901101148a9be010502375fb2cd;1;RW;16;;Holding register;1794;Analog output;80;0;4;;1;;;;0=Numérico bilateral\1=Numérico bilateral inverso\2=Alfanumérico\3=Alfanumérico inverso\4=Númerico simples;0=Bilateral Numeric\1=Inverser Bilateral Numeric\2=Alpha-Numeric\3=Inverse Alpha-Numeric\4=Simple Numeric;0=Numérico bilateral\1=Numérico bilateral inverso\2=Alfanumérico\3=Alfanumérico inverso\4=Númerico simple;SPS7;;Público;SPS7 : Parâmetro de tipo de indicação de tap;SPS7 : Parameter of tap indication type;;SPS7_IDC;SPS7_IDC;SPS7_IDC;ALERTA(Não responde caso não exista SPS com ADR=7)!!!;;;;;;;;;;;;CDC
f4b23c01a5ea48738b475ae1b438ce39;1;RW;16;;Holding register;1795;Analog output;81;2;50;;1;;;;;;;SPS7;;Público;SPS7 : Parâmetro de posição do tap central;SPS7 : Parameter of middle tap position;;SPS7_CNT;SPS7_CNT;SPS7_CNT;ALERTA(Não responde caso não exista SPS com ADR=7)!!!;;;;Configuração;Configuration;;Parâmetro;;;;;CDC
05d268094b5e484e956b52e44089d814;1;RW;16;;Holding register;1796;Analog output;82;47;200;;10;ohm;ohm;ohm;;;;SPS7;;Público;SPS7 : Parâmetro de resistência por passo;SPS7 : Parameter of resistence per step;;SPS7_RES;SPS7_RES;SPS7_RES;ALERTA(Não responde caso não exista SPS com ADR=7)!!!;;;;Configuração;Configuration;;Parâmetro;;;;;CDC
ce7deb74160b4103ba58d52549ae4377;1;RW;16;;Holding register;1797;Analog output;83;1;100;;1;s;s;s;;;;SPS7;;Público;SPS7 : Parâmetro de tempo para sincronismo;SPS7 : Parameter of synchronism time;;SPS7_SNC;SPS7_SNC;SPS7_SNC;ALERTA(Não responde caso não exista SPS com ADR=7)!!!;;;;Configuração;Configuration;;Parâmetro;;;;;CDC
2a57794027a64957b5c9b3b2f5ef28d5;1;RW;16;;Holding register;1798;Analog output;84;2;25;;1;s;s;s;;;;SPS7;;Público;SPS7 : Parâmetro de tempo para alarme E04;SPS7 : Parameter of time for alarm E04;;SPS7_PRG;SPS7_PRG;SPS7_PRG;ALERTA(Não responde caso não exista SPS com ADR=7 e permite escrita 1 porém o mínimo é 2)!!!;;;;Configuração;Configuration;;Parâmetro;;;;;CDC
a8eac48b16ec4956b0a5958a5f06670c;1;RW;16;;Holding register;1799;Analog output;85;0;34;;1;;;;;;;SPS7;;Público;SPS7 : Parâmetro de função do relé 1;SPS7 : Parameter of relay 1 operation;;SPS7_RL1;SPS7_RL1;SPS7_RL1;ALERTA(Não responde caso não exista SPS com ADR=7)!!!;;;;;;;;;;;;CDC
44a1d1209f834275abc8f561364f524c;1;RW;16;;Holding register;1800;Analog output;86;0;34;;1;;;;;;;SPS7;;Público;SPS7 : Parâmetro de função do relé 2;SPS7 : Parameter of relay 2 operation;;SPS7_RL2;SPS7_RL2;SPS7_RL2;ALERTA(Não responde caso não exista SPS com ADR=7)!!!;;;;;;;;;;;;CDC
48311df6c2ed4200a5804923731b81b5;1;RW;16;;Holding register;1801;Analog output;87;0;34;;1;;;;;;;SPS7;;Público;SPS7 : Parâmetro de função do relé 3;SPS7 : Parameter of relay 3 operation;;SPS7_RL3;SPS7_RL3;SPS7_RL3;ALERTA(Não responde caso não exista SPS com ADR=7)!!!;;;;;;;;;;;;CDC
760c04ba5d78449c8c88ac0b5daa9c1c;1;RW;16;;Holding register;1802;Analog output;88;0;34;;1;;;;;;;SPS7;;Público;SPS7 : Parâmetro de função do relé 4;SPS7 : Parameter of relay 4 operation;;SPS7_RL4;SPS7_RL4;SPS7_RL4;ALERTA(Não responde caso não exista SPS com ADR=7)!!!;;;;;;;;;;;;CDC
479dfd08810e46d39b47bf263098aa83;1;RW;16;;Holding register;1803;Analog output;89;0;9;;1;;;;0=Desabilita\1=0 a 1 mA\2=-1 a 1 mA\3=0 a 5 mA\4=-5 a 5 mA\5=0 a 10 mA\6=-10 a 10 mA\7=0 a 20 mA\8=-20 a 20 mA\9=4 a 20 mA;0=Disable\1=0-1 mA\2=-1-1 mA\3=0-5 mA\4=-5-5 mA\5=0-10 mA\6=-10-10 mA\7=0-20 mA\8=-20-20 mA\9=4-20 mA;0=Desactiva\1=0-1 mA\2=-1-1 mA\3=0-5 mA\4=-5-5 mA\5=0-10 mA\6=-10-10 mA\7=0-20 mA\8=-20-20 mA\9=4-20 mA;SPS7;;Público;SPS7 : Parâmetro de opção de saída mA;SPS7 : Parameter of mA output;;SPS7_OCS;SPS7_OCS;SPS7_OCS;ALERTA(Não responde caso não exista SPS com ADR=7)!!!;;;;Configuração;Configuration;;Parâmetro;;;;;CDC
fd7cd83dbd77465aaa88ca68d13b6fbb;1;RW;16;;Holding register;1804;Analog output;90;1;3;;1;;;;1=Português\2=Inglês\3=Espanhol;1=Portuguese\2=English\3=Spanish;1=Portugués\2=Inglés\3=Español;SPS7;;Público;SPS7 : Parâmetro de opção de idioma;SPS7 : Parameter of language option;;SPS7_LNG;SPS7_LNG;SPS7_LNG;ALERTA(Não responde caso não exista SPS com ADR=7)!!!;;;;;;;;;;;;CDC
;;;;;;;;;;;;;;;;;;;;;;;;;;;;;;;;;;;;;;;;
97789f73d543443f966bcda4996277d9;1;RW;0x0001;;Holding register;1811;Binary output;48;0;1;;1;;;;;;;SPS7;;Público;SPS7 : Comando de subir tap;SPS7 : Command of raise tap;;;;;ALERTA(Não responde caso não exista SPS com ADR=7)!!!;;;;;;;;;;SDp_SPS7_$YLTC1$CO$TapChgR$Oper$ctlVal;;CDC
37433b27d1e446bd8da6b7489472e7ab;1;RW;0x0002;;Holding register;1811;Binary output;49;0;1;;1;;;;;;;SPS7;;Público;SPS7 : Comando de descer tap;SPS7 : Command of lower tap;;;;;ALERTA(Não responde caso não exista SPS com ADR=7)!!!;;;;;;;;;;SDp_SPS7_$YLTC1$CO$TapChgL$Oper$ctlVal;;CDC
b3ae144bd68a4bf6a7ef4b72530ea8a2;1;RW;0x0004;;Holding register;1811;Binary output;50;0;1;;1;;;;;;;SPS7;;Público;SPS7 : Parâmetro de modo mestre;SPS7 : Parameter of master mode;;;;;ALERTA(Não responde caso não exista SPS com ADR=7)!!!;;;;;;;;;;;;CDC
5c66a0a4cfc144a08c630eeb37d4b509;1;RW;0x0008;;Holding register;1811;Binary output;51;0;1;;1;;;;;;;SPS7;;Público;SPS7 : Parâmetro de modo comandado;SPS7 : Parameter of follower mode;;;;;ALERTA(Não responde caso não exista SPS com ADR=7)!!!;;;;;;;;;;;;CDC
cc4ff7510e0d471b85273611aaefe194;1;RW;0x0010;;Holding register;1811;Binary output;52;0;1;;1;;;;;;;SPS7;;Público;SPS7 : Parâmetro de modo individual;SPS7 : Parameter of individual mode;;;;;ALERTA(Não responde caso não exista SPS com ADR=7)!!!;;;;;;;;;;;;CDC
2f9f13f2d4074976bb02ee77d52d8350;1;RW;0x0020;;Holding register;1811;Binary output;53;0;1;;1;;;;;;;SPS7;;Público;SPS7 : Parâmetro de modo automático/banco;SPS7 : Parameter of automatic/bank mode;;;;;ALERTA(Não responde caso não exista SPS com ADR=7)!!!;;;;;;;;;;SDp_SPS7_$YLTC1$CO$Bnk$Oper$ctlVal;;CDC
d7dc7ecd4afb4bb0a43b1b1f3dc46b42;1;RW;0x0040;;Holding register;1811;Binary output;54;0;1;;1;;;;;;;SPS7;;Público;SPS7 : Parâmetro de modo manual/fase;SPS7 : Parameter of manual/phase mode;;;;;ALERTA(Não responde caso não exista SPS com ADR=7)!!!;;;;;;;;;;SDp_SPS7_$YLTC1$CO$IndvPh$Oper$ctlVal;;CDC
795628c117534b9f98450187b27c78b5;1;RW;0x0080;;Holding register;1811;Binary output;55;0;1;;1;;;;;;;SPS7;;Público;SPS7 : Parâmetro de modo local/remoto;SPS7 : Parameter of local/remote mode;;;;;ALERTA(Não responde caso não exista SPS com ADR=7)!!!;;;;;;;;;;SDp_SPS7_$YLTC1$CO$CtlRem$Oper$ctlVal;;CDC
;;;;;;;;;;;;;;;;;;;;;;;;;;;;;;;;;;;;;;;;
4280679f670d4bd78437e29937d4ae79;0;RW;16;;Holding register;2048;Analog output;91;0;2;;1;;;;0=Sem paralelismo\1=Paralelismo monofásico\2=Paralelismo trifásico;0=No Parallelism\1=Single-Phase Parallelism\2=Three-Phase Parallelism;0=Sin paralelismo\1=Paralelismo monofásico\2=Paralelismo trifásico;SPS8;;Público;SPS8 : Parâmetro de modo de operação;SPS8 : Parameter of operation mode;;SPS8_MOD;SPS8_MOD;SPS8_MOD;ALERTA(Não responde caso não exista SPS com ADR=8)!!!;;;;Configuração;Configuration;;Parâmetro;;;;;CDC
1aa4b70b335b47a194bd6e38f2921ba1;1;RW;16;;Holding register;2049;Analog output;92;2;50;;1;;;;;;;SPS8;;Público;SPS8 : Parâmetro de número de taps;SPS8 : Parameter of tap quantity;;SPS8_TAP;SPS8_TAP;SPS8_TAP;ALERTA(Não responde caso não exista SPS com ADR=8)!!!;;;;Configuração;Configuration;;Parâmetro;;;;;CDC
8f9fa953a03a48858d881162f6b88a51;1;RW;16;;Holding register;2050;Analog output;93;0;4;;1;;;;0=Numérico bilateral\1=Numérico bilateral inverso\2=Alfanumérico\3=Alfanumérico inverso\4=Númerico simples;0=Bilateral Numeric\1=Inverser Bilateral Numeric\2=Alpha-Numeric\3=Inverse Alpha-Numeric\4=Simple Numeric;0=Numérico bilateral\1=Numérico bilateral inverso\2=Alfanumérico\3=Alfanumérico inverso\4=Númerico simple;SPS8;;Público;SPS8 : Parâmetro de tipo de indicação de tap;SPS8 : Parameter of tap indication type;;SPS8_IDC;SPS8_IDC;SPS8_IDC;ALERTA(Não responde caso não exista SPS com ADR=8)!!!;;;;;;;;;;;;CDC
028c2f652b254a94ad6bd53840bbdf39;1;RW;16;;Holding register;2051;Analog output;94;2;50;;1;;;;;;;SPS8;;Público;SPS8 : Parâmetro de posição do tap central;SPS8 : Parameter of middle tap position;;SPS8_CNT;SPS8_CNT;SPS8_CNT;ALERTA(Não responde caso não exista SPS com ADR=8)!!!;;;;Configuração;Configuration;;Parâmetro;;;;;CDC
859a2ce178ad4fd3aa026b4b8471c69c;1;RW;16;;Holding register;2052;Analog output;95;47;200;;10;ohm;ohm;ohm;;;;SPS8;;Público;SPS8 : Parâmetro de resistência por passo;SPS8 : Parameter of resistence per step;;SPS8_RES;SPS8_RES;SPS8_RES;ALERTA(Não responde caso não exista SPS com ADR=8)!!!;;;;Configuração;Configuration;;Parâmetro;;;;;CDC
961846761b904882853e94e9d0c7ee7a;1;RW;16;;Holding register;2053;Analog output;96;1;100;;1;s;s;s;;;;SPS8;;Público;SPS8 : Parâmetro de tempo para sincronismo;SPS8 : Parameter of synchronism time;;SPS8_SNC;SPS8_SNC;SPS8_SNC;ALERTA(Não responde caso não exista SPS com ADR=8)!!!;;;;Configuração;Configuration;;Parâmetro;;;;;CDC
9cd46bcd151b44a2a5e39327499dca63;1;RW;16;;Holding register;2054;Analog output;97;2;25;;1;s;s;s;;;;SPS8;;Público;SPS8 : Parâmetro de tempo para alarme E04;SPS8 : Parameter of time for alarm E04;;SPS8_PRG;SPS8_PRG;SPS8_PRG;ALERTA(Não responde caso não exista SPS com ADR=8 e permite escrita 1 porém o mínimo é 2)!!!;;;;Configuração;Configuration;;Parâmetro;;;;;CDC
431923baa2574597a094c0ab29a7cbae;1;RW;16;;Holding register;2055;Analog output;98;0;34;;1;;;;;;;SPS8;;Público;SPS8 : Parâmetro de função do relé 1;SPS8 : Parameter of relay 1 operation;;SPS8_RL1;SPS8_RL1;SPS8_RL1;ALERTA(Não responde caso não exista SPS com ADR=8)!!!;;;;;;;;;;;;CDC
c5288c2307354528b110b3e6410c7bb2;1;RW;16;;Holding register;2056;Analog output;99;0;34;;1;;;;;;;SPS8;;Público;SPS8 : Parâmetro de função do relé 2;SPS8 : Parameter of relay 2 operation;;SPS8_RL2;SPS8_RL2;SPS8_RL2;ALERTA(Não responde caso não exista SPS com ADR=8)!!!;;;;;;;;;;;;CDC
6cc3217a114f40829f27320e1505c008;1;RW;16;;Holding register;2057;Analog output;100;0;34;;1;;;;;;;SPS8;;Público;SPS8 : Parâmetro de função do relé 3;SPS8 : Parameter of relay 3 operation;;SPS8_RL3;SPS8_RL3;SPS8_RL3;ALERTA(Não responde caso não exista SPS com ADR=8)!!!;;;;;;;;;;;;CDC
6519f935bfb140c49dc00dd0a1fbcec1;1;RW;16;;Holding register;2058;Analog output;101;0;34;;1;;;;;;;SPS8;;Público;SPS8 : Parâmetro de função do relé 4;SPS8 : Parameter of relay 4 operation;;SPS8_RL4;SPS8_RL4;SPS8_RL4;ALERTA(Não responde caso não exista SPS com ADR=8)!!!;;;;;;;;;;;;CDC
161b69c926a841afb2747c69b1a128a7;1;RW;16;;Holding register;2059;Analog output;102;0;9;;1;;;;0=Desabilita\1=0 a 1 mA\2=-1 a 1 mA\3=0 a 5 mA\4=-5 a 5 mA\5=0 a 10 mA\6=-10 a 10 mA\7=0 a 20 mA\8=-20 a 20 mA\9=4 a 20 mA;0=Disable\1=0-1 mA\2=-1-1 mA\3=0-5 mA\4=-5-5 mA\5=0-10 mA\6=-10-10 mA\7=0-20 mA\8=-20-20 mA\9=4-20 mA;0=Desactiva\1=0-1 mA\2=-1-1 mA\3=0-5 mA\4=-5-5 mA\5=0-10 mA\6=-10-10 mA\7=0-20 mA\8=-20-20 mA\9=4-20 mA;SPS8;;Público;SPS8 : Parâmetro de opção de saída mA;SPS8 : Parameter of mA output;;SPS8_OCS;SPS8_OCS;SPS8_OCS;ALERTA(Não responde caso não exista SPS com ADR=8)!!!;;;;Configuração;Configuration;;Parâmetro;;;;;CDC
d09d55a51edd405d8ce2368e13baf0de;1;RW;16;;Holding register;2060;Analog output;103;1;3;;1;;;;1=Português\2=Inglês\3=Espanhol;1=Portuguese\2=English\3=Spanish;1=Portugués\2=Inglés\3=Español;SPS8;;Público;SPS8 : Parâmetro de opção de idioma;SPS8 : Parameter of language option;;SPS8_LNG;SPS8_LNG;SPS8_LNG;ALERTA(Não responde caso não exista SPS com ADR=8)!!!;;;;;;;;;;;;CDC
;;;;;;;;;;;;;;;;;;;;;;;;;;;;;;;;;;;;;;;;
6a47ea1a507642fdaf6dc8db2916d071;1;RW;0x0001;;Holding register;2067;Binary output;56;0;1;;1;;;;;;;SPS8;;Público;SPS8 : Comando de subir tap;SPS8 : Command of raise tap;;;;;ALERTA(Não responde caso não exista SPS com ADR=8)!!!;;;;;;;;;;SDp_SPS8_$YLTC1$CO$TapChgR$Oper$ctlVal;;CDC
c7b3a83b126f494e9d942d3a5f1a4e98;1;RW;0x0002;;Holding register;2067;Binary output;57;0;1;;1;;;;;;;SPS8;;Público;SPS8 : Comando de descer tap;SPS8 : Command of lower tap;;;;;ALERTA(Não responde caso não exista SPS com ADR=8)!!!;;;;;;;;;;SDp_SPS8_$YLTC1$CO$TapChgL$Oper$ctlVal;;CDC
23bc2050c0f94db196b1cc07471d2ca4;1;RW;0x0004;;Holding register;2067;Binary output;58;0;1;;1;;;;;;;SPS8;;Público;SPS8 : Parâmetro de modo mestre;SPS8 : Parameter of master mode;;;;;ALERTA(Não responde caso não exista SPS com ADR=8)!!!;;;;;;;;;;;;CDC
4b2247808720448baec6dfc9a4c88d9d;1;RW;0x0008;;Holding register;2067;Binary output;59;0;1;;1;;;;;;;SPS8;;Público;SPS8 : Parâmetro de modo comandado;SPS8 : Parameter of follower mode;;;;;ALERTA(Não responde caso não exista SPS com ADR=8)!!!;;;;;;;;;;;;CDC
a67bbfd7d68c4a278ae6e7ba220c9a29;1;RW;0x0010;;Holding register;2067;Binary output;60;0;1;;1;;;;;;;SPS8;;Público;SPS8 : Parâmetro de modo individual;SPS8 : Parameter of individual mode;;;;;ALERTA(Não responde caso não exista SPS com ADR=8)!!!;;;;;;;;;;;;CDC
ec2765fdfa0e4f4ab83bcc4306cc4cf4;1;RW;0x0020;;Holding register;2067;Binary output;61;0;1;;1;;;;;;;SPS8;;Público;SPS8 : Parâmetro de modo automático/banco;SPS8 : Parameter of automatic/bank mode;;;;;ALERTA(Não responde caso não exista SPS com ADR=8)!!!;;;;;;;;;;SDp_SPS8_$YLTC1$CO$Bnk$Oper$ctlVal;;CDC
cfa7034fca454a0fbae8a4d499ca9cd0;1;RW;0x0040;;Holding register;2067;Binary output;62;0;1;;1;;;;;;;SPS8;;Público;SPS8 : Parâmetro de modo manual/fase;SPS8 : Parameter of manual/phase mode;;;;;ALERTA(Não responde caso não exista SPS com ADR=8)!!!;;;;;;;;;;SDp_SPS8_$YLTC1$CO$IndvPh$Oper$ctlVal;;CDC
ea48f0c1766b4537936e5ed7c4e3044d;1;RW;0x0080;;Holding register;2067;Binary output;63;0;1;;1;;;;;;;SPS8;;Público;SPS8 : Parâmetro de modo local/remoto;SPS8 : Parameter of local/remote mode;;;;;ALERTA(Não responde caso não exista SPS com ADR=8)!!!;;;;;;;;;;SDp_SPS8_$YLTC1$CO$CtlRem$Oper$ctlVal;;CDC
;;;;;;;;;;;;;;;;;;;;;;;;;;;;;;;;;;;;;;;;
9f5adb135be24031966e4d3a6af8dbf2;0;RW;16;;Holding register;2304;Analog output;104;0;2;;1;;;;0=Sem paralelismo\1=Paralelismo monofásico\2=Paralelismo trifásico;0=No Parallelism\1=Single-Phase Parallelism\2=Three-Phase Parallelism;0=Sin paralelismo\1=Paralelismo monofásico\2=Paralelismo trifásico;SPS9;;Público;SPS9 : Parâmetro de modo de operação;SPS9 : Parameter of operation mode;;SPS9_MOD;SPS9_MOD;SPS9_MOD;ALERTA(Não responde caso não exista SPS com ADR=9)!!!;;;;Configuração;Configuration;;Parâmetro;;;;;CDC
fa790bc748c34bafb263b7b4310fbdad;1;RW;16;;Holding register;2305;Analog output;105;2;50;;1;;;;;;;SPS9;;Público;SPS9 : Parâmetro de número de taps;SPS9 : Parameter of tap quantity;;SPS9_TAP;SPS9_TAP;SPS9_TAP;ALERTA(Não responde caso não exista SPS com ADR=9)!!!;;;;Configuração;Configuration;;Parâmetro;;;;;CDC
e07ee386d26a442ebe4acf4a2d7fe5c1;1;RW;16;;Holding register;2306;Analog output;106;0;4;;1;;;;0=Numérico bilateral\1=Numérico bilateral inverso\2=Alfanumérico\3=Alfanumérico inverso\4=Númerico simples;0=Bilateral Numeric\1=Inverser Bilateral Numeric\2=Alpha-Numeric\3=Inverse Alpha-Numeric\4=Simple Numeric;0=Numérico bilateral\1=Numérico bilateral inverso\2=Alfanumérico\3=Alfanumérico inverso\4=Númerico simple;SPS9;;Público;SPS9 : Parâmetro de tipo de indicação de tap;SPS9 : Parameter of tap indication type;;SPS9_IDC;SPS9_IDC;SPS9_IDC;ALERTA(Não responde caso não exista SPS com ADR=9)!!!;;;;;;;;;;;;CDC
b38772cc6dd941638ba30f7a8cb5caf1;1;RW;16;;Holding register;2307;Analog output;107;2;50;;1;;;;;;;SPS9;;Público;SPS9 : Parâmetro de posição do tap central;SPS9 : Parameter of middle tap position;;SPS9_CNT;SPS9_CNT;SPS9_CNT;ALERTA(Não responde caso não exista SPS com ADR=9)!!!;;;;Configuração;Configuration;;Parâmetro;;;;;CDC
7d73e66c39224091aa89ec3d9c269812;1;RW;16;;Holding register;2308;Analog output;108;47;200;;10;ohm;ohm;ohm;;;;SPS9;;Público;SPS9 : Parâmetro de resistência por passo;SPS9 : Parameter of resistence per step;;SPS9_RES;SPS9_RES;SPS9_RES;ALERTA(Não responde caso não exista SPS com ADR=9)!!!;;;;Configuração;Configuration;;Parâmetro;;;;;CDC
db71332bab684886b24cff87910e6374;1;RW;16;;Holding register;2309;Analog output;109;1;100;;1;s;s;s;;;;SPS9;;Público;SPS9 : Parâmetro de tempo para sincronismo;SPS9 : Parameter of synchronism time;;SPS9_SNC;SPS9_SNC;SPS9_SNC;ALERTA(Não responde caso não exista SPS com ADR=9)!!!;;;;Configuração;Configuration;;Parâmetro;;;;;CDC
be9637c6e40342529bd3da1793fb4ae8;1;RW;16;;Holding register;2310;Analog output;110;2;25;;1;s;s;s;;;;SPS9;;Público;SPS9 : Parâmetro de tempo para alarme E04;SPS9 : Parameter of time for alarm E04;;SPS9_PRG;SPS9_PRG;SPS9_PRG;ALERTA(Não responde caso não exista SPS com ADR=9 e permite escrita 1 porém o mínimo é 2)!!!;;;;Configuração;Configuration;;Parâmetro;;;;;CDC
d0d278664a824e39bc37dacff94f2c50;1;RW;16;;Holding register;2311;Analog output;111;0;34;;1;;;;;;;SPS9;;Público;SPS9 : Parâmetro de função do relé 1;SPS9 : Parameter of relay 1 operation;;SPS9_RL1;SPS9_RL1;SPS9_RL1;ALERTA(Não responde caso não exista SPS com ADR=9)!!!;;;;;;;;;;;;CDC
826350bdfbbe4c9593bc28e3a61fbb10;1;RW;16;;Holding register;2312;Analog output;112;0;34;;1;;;;;;;SPS9;;Público;SPS9 : Parâmetro de função do relé 2;SPS9 : Parameter of relay 2 operation;;SPS9_RL2;SPS9_RL2;SPS9_RL2;ALERTA(Não responde caso não exista SPS com ADR=9)!!!;;;;;;;;;;;;CDC
5d0a76338a74472197328981d87e2342;1;RW;16;;Holding register;2313;Analog output;113;0;34;;1;;;;;;;SPS9;;Público;SPS9 : Parâmetro de função do relé 3;SPS9 : Parameter of relay 3 operation;;SPS9_RL3;SPS9_RL3;SPS9_RL3;ALERTA(Não responde caso não exista SPS com ADR=9)!!!;;;;;;;;;;;;CDC
9d6ebdb5ab924513b53b4b7a0c051029;1;RW;16;;Holding register;2314;Analog output;114;0;34;;1;;;;;;;SPS9;;Público;SPS9 : Parâmetro de função do relé 4;SPS9 : Parameter of relay 4 operation;;SPS9_RL4;SPS9_RL4;SPS9_RL4;ALERTA(Não responde caso não exista SPS com ADR=9)!!!;;;;;;;;;;;;CDC
234640feb4ef49b48005413f70df1585;1;RW;16;;Holding register;2315;Analog output;115;0;9;;1;;;;0=Desabilita\1=0 a 1 mA\2=-1 a 1 mA\3=0 a 5 mA\4=-5 a 5 mA\5=0 a 10 mA\6=-10 a 10 mA\7=0 a 20 mA\8=-20 a 20 mA\9=4 a 20 mA;0=Disable\1=0-1 mA\2=-1-1 mA\3=0-5 mA\4=-5-5 mA\5=0-10 mA\6=-10-10 mA\7=0-20 mA\8=-20-20 mA\9=4-20 mA;0=Desactiva\1=0-1 mA\2=-1-1 mA\3=0-5 mA\4=-5-5 mA\5=0-10 mA\6=-10-10 mA\7=0-20 mA\8=-20-20 mA\9=4-20 mA;SPS9;;Público;SPS9 : Parâmetro de opção de saída mA;SPS9 : Parameter of mA output;;SPS9_OCS;SPS9_OCS;SPS9_OCS;ALERTA(Não responde caso não exista SPS com ADR=9)!!!;;;;Configuração;Configuration;;Parâmetro;;;;;CDC
c8b485abd92f40bb985d5187989bb289;1;RW;16;;Holding register;2316;Analog output;116;1;3;;1;;;;1=Português\2=Inglês\3=Espanhol;1=Portuguese\2=English\3=Spanish;1=Portugués\2=Inglés\3=Español;SPS9;;Público;SPS9 : Parâmetro de opção de idioma;SPS9 : Parameter of language option;;SPS9_LNG;SPS9_LNG;SPS9_LNG;ALERTA(Não responde caso não exista SPS com ADR=9)!!!;;;;;;;;;;;;CDC
;;;;;;;;;;;;;;;;;;;;;;;;;;;;;;;;;;;;;;;;
5d2990964a0a471e813b34deb6b0c9a0;1;RW;0x0001;;Holding register;2323;Binary output;64;0;1;;1;;;;;;;SPS9;;Público;SPS9 : Comando de subir tap;SPS9 : Command of raise tap;;;;;ALERTA(Não responde caso não exista SPS com ADR=9)!!!;;;;;;;;;;SDp_SPS9_$YLTC1$CO$TapChgR$Oper$ctlVal;;CDC
83c14014649e42e7b1125e9edc359a75;1;RW;0x0002;;Holding register;2323;Binary output;65;0;1;;1;;;;;;;SPS9;;Público;SPS9 : Comando de descer tap;SPS9 : Command of lower tap;;;;;ALERTA(Não responde caso não exista SPS com ADR=9)!!!;;;;;;;;;;SDp_SPS9_$YLTC1$CO$TapChgL$Oper$ctlVal;;CDC
4ef1dcabaf8440ab923fad02bd84def4;1;RW;0x0004;;Holding register;2323;Binary output;66;0;1;;1;;;;;;;SPS9;;Público;SPS9 : Parâmetro de modo mestre;SPS9 : Parameter of master mode;;;;;ALERTA(Não responde caso não exista SPS com ADR=9)!!!;;;;;;;;;;SDp_SPS9_$YLTC1$CO$CtlMstr$Oper$ctlVal;;CDC
6ea8d1d3ca8b427b904d46df29a456d8;1;RW;0x0008;;Holding register;2323;Binary output;67;0;1;;1;;;;;;;SPS9;;Público;SPS9 : Parâmetro de modo comandado;SPS9 : Parameter of follower mode;;;;;ALERTA(Não responde caso não exista SPS com ADR=9)!!!;;;;;;;;;;SDp_SPS9_$YLTC1$CO$CtlFlwr$Oper$ctlVal;;CDC
b7e4dd25745d40b481cedebde74d0880;1;RW;0x0010;;Holding register;2323;Binary output;68;0;1;;1;;;;;;;SPS9;;Público;SPS9 : Parâmetro de modo individual;SPS9 : Parameter of individual mode;;;;;ALERTA(Não responde caso não exista SPS com ADR=9)!!!;;;;;;;;;;SDp_SPS9_$YLTC1$CO$CtlIndv$Oper$ctlVal;;CDC
925b32c0b0cb4f5eb7b3108d9035b15e;1;RW;0x0020;;Holding register;2323;Binary output;69;0;1;;1;;;;;;;SPS9;;Público;SPS9 : Parâmetro de modo automático/banco;SPS9 : Parameter of automatic/bank mode;;;;;ALERTA(Não responde caso não exista SPS com ADR=9)!!!;;;;;;;;;;SDp_SPS9_$YLTC1$CO$Bnk$Oper$ctlVal;;CDC
abe44730ca024ea8899a447aa4fe744c;1;RW;0x0040;;Holding register;2323;Binary output;70;0;1;;1;;;;;;;SPS9;;Público;SPS9 : Parâmetro de modo manual/fase;SPS9 : Parameter of manual/phase mode;;;;;ALERTA(Não responde caso não exista SPS com ADR=9)!!!;;;;;;;;;;SDp_SPS9_$YLTC1$CO$IndvPh$Oper$ctlVal;;CDC
41feaf353d63431a8531d28c7701d3b9;1;RW;0x0080;;Holding register;2323;Binary output;71;0;1;;1;;;;;;;SPS9;;Público;SPS9 : Parâmetro de modo local/remoto;SPS9 : Parameter of local/remote mode;;;;;ALERTA(Não responde caso não exista SPS com ADR=9)!!!;;;;;;;;;;SDp_SPS9_$YLTC1$CO$CtlRem$Oper$ctlVal;;CDC
;;;;;;;;;;;;;;;;;;;;;;;;;;;;;;;;;;;;;;;;
d01e6bc1cae74b75869cf5463a8f1859;0;RW;16;;Holding register;2560;Analog output;117;0;2;;1;;;;0=Sem paralelismo\1=Paralelismo monofásico\2=Paralelismo trifásico;0=No Parallelism\1=Single-Phase Parallelism\2=Three-Phase Parallelism;0=Sin paralelismo\1=Paralelismo monofásico\2=Paralelismo trifásico;SPS10;;Público;SPS10 : Parâmetro de modo de operação;SPS10 : Parameter of operation mode;;SPS10_MOD;SPS10_MOD;SPS10_MOD;ALERTA(Não responde caso não exista SPS com ADR=10)!!!;;;;Configuração;Configuration;;Parâmetro;;;;;CDC
4796089d3d0e40bea3bb6692d5236c00;1;RW;16;;Holding register;2561;Analog output;118;2;50;;1;;;;;;;SPS10;;Público;SPS10 : Parâmetro de número de taps;SPS10 : Parameter of tap quantity;;SPS10_TAP;SPS10_TAP;SPS10_TAP;ALERTA(Não responde caso não exista SPS com ADR=10)!!!;;;;Configuração;Configuration;;Parâmetro;;;;;CDC
598eadb0428c45e58791c17fbfef64f0;1;RW;16;;Holding register;2562;Analog output;119;0;4;;1;;;;0=Numérico bilateral\1=Numérico bilateral inverso\2=Alfanumérico\3=Alfanumérico inverso\4=Númerico simples;0=Bilateral Numeric\1=Inverser Bilateral Numeric\2=Alpha-Numeric\3=Inverse Alpha-Numeric\4=Simple Numeric;0=Numérico bilateral\1=Numérico bilateral inverso\2=Alfanumérico\3=Alfanumérico inverso\4=Númerico simple;SPS10;;Público;SPS10 : Parâmetro de tipo de indicação de tap;SPS10 : Parameter of tap indication type;;SPS10_IDC;SPS10_IDC;SPS10_IDC;ALERTA(Não responde caso não exista SPS com ADR=10)!!!;;;;;;;;;;;;CDC
176fb7a9770d42f4a43ee562d3af2744;1;RW;16;;Holding register;2563;Analog output;120;2;50;;1;;;;;;;SPS10;;Público;SPS10 : Parâmetro de posição do tap central;SPS10 : Parameter of middle tap position;;SPS10_CNT;SPS10_CNT;SPS10_CNT;ALERTA(Não responde caso não exista SPS com ADR=10)!!!;;;;Configuração;Configuration;;Parâmetro;;;;;CDC
8ef7ae4672f5417085eb10e411f6ca43;1;RW;16;;Holding register;2564;Analog output;121;47;200;;10;ohm;ohm;ohm;;;;SPS10;;Público;SPS10 : Parâmetro de resistência por passo;SPS10 : Parameter of resistence per step;;SPS10_RES;SPS10_RES;SPS10_RES;ALERTA(Não responde caso não exista SPS com ADR=10)!!!;;;;Configuração;Configuration;;Parâmetro;;;;;CDC
4f40a080536e4e3db59a172407a1d143;1;RW;16;;Holding register;2565;Analog output;122;1;100;;1;s;s;s;;;;SPS10;;Público;SPS10 : Parâmetro de tempo para sincronismo;SPS10 : Parameter of synchronism time;;SPS10_SNC;SPS10_SNC;SPS10_SNC;ALERTA(Não responde caso não exista SPS com ADR=10)!!!;;;;Configuração;Configuration;;Parâmetro;;;;;CDC
66efd97477464712bad840fc2ba7ac86;1;RW;16;;Holding register;2566;Analog output;123;2;25;;1;s;s;s;;;;SPS10;;Público;SPS10 : Parâmetro de tempo para alarme E04;SPS10 : Parameter of time for alarm E04;;SPS10_PRG;SPS10_PRG;SPS10_PRG;ALERTA(Não responde caso não exista SPS com ADR=10 e permite escrita 1 porém o mínimo é 2)!!!;;;;Configuração;Configuration;;Parâmetro;;;;;CDC
7ddfd320a25f4f7c89d9e7b944982784;1;RW;16;;Holding register;2567;Analog output;124;0;34;;1;;;;;;;SPS10;;Público;SPS10 : Parâmetro de função do relé 1;SPS10 : Parameter of relay 1 operation;;SPS10_RL1;SPS10_RL1;SPS10_RL1;ALERTA(Não responde caso não exista SPS com ADR=10)!!!;;;;;;;;;;;;CDC
da07e027404f48419f067177f47ff7b0;1;RW;16;;Holding register;2568;Analog output;125;0;34;;1;;;;;;;SPS10;;Público;SPS10 : Parâmetro de função do relé 2;SPS10 : Parameter of relay 2 operation;;SPS10_RL2;SPS10_RL2;SPS10_RL2;ALERTA(Não responde caso não exista SPS com ADR=10)!!!;;;;;;;;;;;;CDC
d219da72cce64fd1a95fa55383ad0fac;1;RW;16;;Holding register;2569;Analog output;126;0;34;;1;;;;;;;SPS10;;Público;SPS10 : Parâmetro de função do relé 3;SPS10 : Parameter of relay 3 operation;;SPS10_RL3;SPS10_RL3;SPS10_RL3;ALERTA(Não responde caso não exista SPS com ADR=10)!!!;;;;;;;;;;;;CDC
35b30ef32dce40878f95eecfd70516d6;1;RW;16;;Holding register;2570;Analog output;127;0;34;;1;;;;;;;SPS10;;Público;SPS10 : Parâmetro de função do relé 4;SPS10 : Parameter of relay 4 operation;;SPS10_RL4;SPS10_RL4;SPS10_RL4;ALERTA(Não responde caso não exista SPS com ADR=10)!!!;;;;;;;;;;;;CDC
d342d30e6ca54dd0be9bae7b00ca489d;1;RW;16;;Holding register;2571;Analog output;128;0;9;;1;;;;0=Desabilita\1=0 a 1 mA\2=-1 a 1 mA\3=0 a 5 mA\4=-5 a 5 mA\5=0 a 10 mA\6=-10 a 10 mA\7=0 a 20 mA\8=-20 a 20 mA\9=4 a 20 mA;0=Disable\1=0-1 mA\2=-1-1 mA\3=0-5 mA\4=-5-5 mA\5=0-10 mA\6=-10-10 mA\7=0-20 mA\8=-20-20 mA\9=4-20 mA;0=Desactiva\1=0-1 mA\2=-1-1 mA\3=0-5 mA\4=-5-5 mA\5=0-10 mA\6=-10-10 mA\7=0-20 mA\8=-20-20 mA\9=4-20 mA;SPS10;;Público;SPS10 : Parâmetro de opção de saída mA;SPS10 : Parameter of mA output;;SPS10_OCS;SPS10_OCS;SPS10_OCS;ALERTA(Não responde caso não exista SPS com ADR=10)!!!;;;;Configuração;Configuration;;Parâmetro;;;;;CDC
c6754dcae2c248b3ae9adcf7d00a22fd;1;RW;16;;Holding register;2572;Analog output;129;1;3;;1;;;;1=Português\2=Inglês\3=Espanhol;1=Portuguese\2=English\3=Spanish;1=Portugués\2=Inglés\3=Español;SPS10;;Público;SPS10 : Parâmetro de opção de idioma;SPS10 : Parameter of language option;;SPS10_LNG;SPS10_LNG;SPS10_LNG;ALERTA(Não responde caso não exista SPS com ADR=10)!!!;;;;;;;;;;;;CDC
;;;;;;;;;;;;;;;;;;;;;;;;;;;;;;;;;;;;;;;;
90f5aab570a4417da37c3c68bbb00b00;1;RW;0x0001;;Holding register;2579;Binary output;72;0;1;;1;;;;;;;SPS10;;Público;SPS10 : Comando de subir tap;SPS10 : Command of raise tap;;;;;ALERTA(Não responde caso não exista SPS com ADR=10)!!!;;;;;;;;;;;;CDC
dc1fe66e0e6e44bab69915e51197ec09;1;RW;0x0002;;Holding register;2579;Binary output;73;0;1;;1;;;;;;;SPS10;;Público;SPS10 : Comando de descer tap;SPS10 : Command of lower tap;;;;;ALERTA(Não responde caso não exista SPS com ADR=10)!!!;;;;;;;;;;;;CDC
00ae1070252846a38ea2741b5e939471;1;RW;0x0004;;Holding register;2579;Binary output;74;0;1;;1;;;;;;;SPS10;;Público;SPS10 : Parâmetro de modo mestre;SPS10 : Parameter of master mode;;;;;ALERTA(Não responde caso não exista SPS com ADR=10)!!!;;;;;;;;;;;;CDC
2b46ba2682d84ebf9beb85192d084d5a;1;RW;0x0008;;Holding register;2579;Binary output;75;0;1;;1;;;;;;;SPS10;;Público;SPS10 : Parâmetro de modo comandado;SPS10 : Parameter of follower mode;;;;;ALERTA(Não responde caso não exista SPS com ADR=10)!!!;;;;;;;;;;;;CDC
31975b59869540bbbd65c4d412137f1f;1;RW;0x0010;;Holding register;2579;Binary output;76;0;1;;1;;;;;;;SPS10;;Público;SPS10 : Parâmetro de modo individual;SPS10 : Parameter of individual mode;;;;;ALERTA(Não responde caso não exista SPS com ADR=10)!!!;;;;;;;;;;;;CDC
5fb1db629a654f57955c1099984510cd;1;RW;0x0020;;Holding register;2579;Binary output;77;0;1;;1;;;;;;;SPS10;;Público;SPS10 : Parâmetro de modo automático/banco;SPS10 : Parameter of automatic/bank mode;;;;;ALERTA(Não responde caso não exista SPS com ADR=10)!!!;;;;;;;;;;;;CDC
27da8282409d46f0825293e079a254ab;1;RW;0x0040;;Holding register;2579;Binary output;78;0;1;;1;;;;;;;SPS10;;Público;SPS10 : Parâmetro de modo manual/fase;SPS10 : Parameter of manual/phase mode;;;;;ALERTA(Não responde caso não exista SPS com ADR=10)!!!;;;;;;;;;;;;CDC
5aed10ae445246529c2262dc90c463ba;1;RW;0x0080;;Holding register;2579;Binary output;79;0;1;;1;;;;;;;SPS10;;Público;SPS10 : Parâmetro de modo local/remoto;SPS10 : Parameter of local/remote mode;;;;;ALERTA(Não responde caso não exista SPS com ADR=10)!!!;;;;;;;;;;;;CDC
;;;;;;;;;;;;;;;;;;;;;;;;;;;;;;;;;;;;;;;;
c64252d2c5514355a357408d242b8da1;0;RW;16;;Holding register;2816;Analog output;130;0;2;;1;;;;0=Sem paralelismo\1=Paralelismo monofásico\2=Paralelismo trifásico;0=No Parallelism\1=Single-Phase Parallelism\2=Three-Phase Parallelism;0=Sin paralelismo\1=Paralelismo monofásico\2=Paralelismo trifásico;SPS11;;Público;SPS11 : Parâmetro de modo de operação;SPS11 : Parameter of operation mode;;SPS11_MOD;SPS11_MOD;SPS11_MOD;ALERTA(Não responde caso não exista SPS com ADR=11)!!!;;;;Configuração;Configuration;;Parâmetro;;;;;CDC
f93dfe0adcc64a86a2617b3d245818b3;1;RW;16;;Holding register;2817;Analog output;131;2;50;;1;;;;;;;SPS11;;Público;SPS11 : Parâmetro de número de taps;SPS11 : Parameter of tap quantity;;SPS11_TAP;SPS11_TAP;SPS11_TAP;ALERTA(Não responde caso não exista SPS com ADR=11)!!!;;;;Configuração;Configuration;;Parâmetro;;;;;CDC
00dea7d9e84a4c9e8045b48c4964bcde;1;RW;16;;Holding register;2818;Analog output;132;0;4;;1;;;;0=Numérico bilateral\1=Numérico bilateral inverso\2=Alfanumérico\3=Alfanumérico inverso\4=Númerico simples;0=Bilateral Numeric\1=Inverser Bilateral Numeric\2=Alpha-Numeric\3=Inverse Alpha-Numeric\4=Simple Numeric;0=Numérico bilateral\1=Numérico bilateral inverso\2=Alfanumérico\3=Alfanumérico inverso\4=Númerico simple;SPS11;;Público;SPS11 : Parâmetro de tipo de indicação de tap;SPS11 : Parameter of tap indication type;;SPS11_IDC;SPS11_IDC;SPS11_IDC;ALERTA(Não responde caso não exista SPS com ADR=11)!!!;;;;;;;;;;;;CDC
d8c66e4bb33b4270834272ae2c9a7216;1;RW;16;;Holding register;2819;Analog output;133;2;50;;1;;;;;;;SPS11;;Público;SPS11 : Parâmetro de posição do tap central;SPS11 : Parameter of middle tap position;;SPS11_CNT;SPS11_CNT;SPS11_CNT;ALERTA(Não responde caso não exista SPS com ADR=11)!!!;;;;Configuração;Configuration;;Parâmetro;;;;;CDC
84f1b4d6131d494393d4979345adfffa;1;RW;16;;Holding register;2820;Analog output;134;47;200;;10;ohm;ohm;ohm;;;;SPS11;;Público;SPS11 : Parâmetro de resistência por passo;SPS11 : Parameter of resistence per step;;SPS11_RES;SPS11_RES;SPS11_RES;ALERTA(Não responde caso não exista SPS com ADR=11)!!!;;;;Configuração;Configuration;;Parâmetro;;;;;CDC
f995b2fb0f9f4f58aef4a04feefb9486;1;RW;16;;Holding register;2821;Analog output;135;1;100;;1;s;s;s;;;;SPS11;;Público;SPS11 : Parâmetro de tempo para sincronismo;SPS11 : Parameter of synchronism time;;SPS11_SNC;SPS11_SNC;SPS11_SNC;ALERTA(Não responde caso não exista SPS com ADR=11)!!!;;;;Configuração;Configuration;;Parâmetro;;;;;CDC
53999691aa0a4783b13ff6f4c0207f35;1;RW;16;;Holding register;2822;Analog output;136;2;25;;1;s;s;s;;;;SPS11;;Público;SPS11 : Parâmetro de tempo para alarme E04;SPS11 : Parameter of time for alarm E04;;SPS11_PRG;SPS11_PRG;SPS11_PRG;ALERTA(Não responde caso não exista SPS com ADR=11 e permite escrita 1 porém o mínimo é 2)!!!;;;;Configuração;Configuration;;Parâmetro;;;;;CDC
0e3cedbec2934105ba1a6010f94bda25;1;RW;16;;Holding register;2823;Analog output;137;0;34;;1;;;;;;;SPS11;;Público;SPS11 : Parâmetro de função do relé 1;SPS11 : Parameter of relay 1 operation;;SPS11_RL1;SPS11_RL1;SPS11_RL1;ALERTA(Não responde caso não exista SPS com ADR=11)!!!;;;;;;;;;;;;CDC
98465aca67a5433087649a402394e01b;1;RW;16;;Holding register;2824;Analog output;138;0;34;;1;;;;;;;SPS11;;Público;SPS11 : Parâmetro de função do relé 2;SPS11 : Parameter of relay 2 operation;;SPS11_RL2;SPS11_RL2;SPS11_RL2;ALERTA(Não responde caso não exista SPS com ADR=11)!!!;;;;;;;;;;;;CDC
97d3ae45ce5944fd99724a7dff418fc9;1;RW;16;;Holding register;2825;Analog output;139;0;34;;1;;;;;;;SPS11;;Público;SPS11 : Parâmetro de função do relé 3;SPS11 : Parameter of relay 3 operation;;SPS11_RL3;SPS11_RL3;SPS11_RL3;ALERTA(Não responde caso não exista SPS com ADR=11)!!!;;;;;;;;;;;;CDC
0de62d06b0ea433da79a11c6da83f4f2;1;RW;16;;Holding register;2826;Analog output;140;0;34;;1;;;;;;;SPS11;;Público;SPS11 : Parâmetro de função do relé 4;SPS11 : Parameter of relay 4 operation;;SPS11_RL4;SPS11_RL4;SPS11_RL4;ALERTA(Não responde caso não exista SPS com ADR=11)!!!;;;;;;;;;;;;CDC
eb6f1f7d8d23481f947fb25963b73d13;1;RW;16;;Holding register;2827;Analog output;141;0;9;;1;;;;0=Desabilita\1=0 a 1 mA\2=-1 a 1 mA\3=0 a 5 mA\4=-5 a 5 mA\5=0 a 10 mA\6=-10 a 10 mA\7=0 a 20 mA\8=-20 a 20 mA\9=4 a 20 mA;0=Disable\1=0-1 mA\2=-1-1 mA\3=0-5 mA\4=-5-5 mA\5=0-10 mA\6=-10-10 mA\7=0-20 mA\8=-20-20 mA\9=4-20 mA;0=Desactiva\1=0-1 mA\2=-1-1 mA\3=0-5 mA\4=-5-5 mA\5=0-10 mA\6=-10-10 mA\7=0-20 mA\8=-20-20 mA\9=4-20 mA;SPS11;;Público;SPS11 : Parâmetro de opção de saída mA;SPS11 : Parameter of mA output;;SPS11_OCS;SPS11_OCS;SPS11_OCS;ALERTA(Não responde caso não exista SPS com ADR=11)!!!;;;;Configuração;Configuration;;Parâmetro;;;;;CDC
a9397974c7d04d06845951e2b2eca500;1;RW;16;;Holding register;2828;Analog output;142;1;3;;1;;;;1=Português\2=Inglês\3=Espanhol;1=Portuguese\2=English\3=Spanish;1=Portugués\2=Inglés\3=Español;SPS11;;Público;SPS11 : Parâmetro de opção de idioma;SPS11 : Parameter of language option;;SPS11_LNG;SPS11_LNG;SPS11_LNG;ALERTA(Não responde caso não exista SPS com ADR=11)!!!;;;;;;;;;;;;CDC
;;;;;;;;;;;;;;;;;;;;;;;;;;;;;;;;;;;;;;;;
321a4d44e1814c43a8948b8f2cf2b8df;1;RW;0x0001;;Holding register;2835;Binary output;80;0;1;;1;;;;;;;SPS11;;Público;SPS11 : Comando de subir tap;SPS11 : Command of raise tap;;;;;ALERTA(Não responde caso não exista SPS com ADR=11)!!!;;;;;;;;;;;;CDC
6225a3addb674377ac9d62859cd7ca65;1;RW;0x0002;;Holding register;2835;Binary output;81;0;1;;1;;;;;;;SPS11;;Público;SPS11 : Comando de descer tap;SPS11 : Command of lower tap;;;;;ALERTA(Não responde caso não exista SPS com ADR=11)!!!;;;;;;;;;;;;CDC
398e06ef8e7b4bb88a9369359d589df9;1;RW;0x0004;;Holding register;2835;Binary output;82;0;1;;1;;;;;;;SPS11;;Público;SPS11 : Parâmetro de modo mestre;SPS11 : Parameter of master mode;;;;;ALERTA(Não responde caso não exista SPS com ADR=11)!!!;;;;;;;;;;;;CDC
415687d353834970aa6eacb23ff1cb91;1;RW;0x0008;;Holding register;2835;Binary output;83;0;1;;1;;;;;;;SPS11;;Público;SPS11 : Parâmetro de modo comandado;SPS11 : Parameter of follower mode;;;;;ALERTA(Não responde caso não exista SPS com ADR=11)!!!;;;;;;;;;;;;CDC
8f948636284543d4868ce0919a2ca51b;1;RW;0x0010;;Holding register;2835;Binary output;84;0;1;;1;;;;;;;SPS11;;Público;SPS11 : Parâmetro de modo individual;SPS11 : Parameter of individual mode;;;;;ALERTA(Não responde caso não exista SPS com ADR=11)!!!;;;;;;;;;;;;CDC
15c59c693d9240488f0d918881a8d2be;1;RW;0x0020;;Holding register;2835;Binary output;85;0;1;;1;;;;;;;SPS11;;Público;SPS11 : Parâmetro de modo automático/banco;SPS11 : Parameter of automatic/bank mode;;;;;ALERTA(Não responde caso não exista SPS com ADR=11)!!!;;;;;;;;;;;;CDC
563ecd5fb47f4560be7d67de82cb0dc3;1;RW;0x0040;;Holding register;2835;Binary output;86;0;1;;1;;;;;;;SPS11;;Público;SPS11 : Parâmetro de modo manual/fase;SPS11 : Parameter of manual/phase mode;;;;;ALERTA(Não responde caso não exista SPS com ADR=11)!!!;;;;;;;;;;;;CDC
174a5f05e33d450cb1e38e9f1571ee4a;1;RW;0x0080;;Holding register;2835;Binary output;87;0;1;;1;;;;;;;SPS11;;Público;SPS11 : Parâmetro de modo local/remoto;SPS11 : Parameter of local/remote mode;;;;;ALERTA(Não responde caso não exista SPS com ADR=11)!!!;;;;;;;;;;;;CDC
;;;;;;;;;;;;;;;;;;;;;;;;;;;;;;;;;;;;;;;;
a6dcce2c1f6c4d60bdb50963483daa0f;0;RW;16;;Holding register;3072;Analog output;143;0;2;;1;;;;0=Sem paralelismo\1=Paralelismo monofásico\2=Paralelismo trifásico;0=No Parallelism\1=Single-Phase Parallelism\2=Three-Phase Parallelism;0=Sin paralelismo\1=Paralelismo monofásico\2=Paralelismo trifásico;SPS12;;Público;SPS12 : Parâmetro de modo de operação;SPS12 : Parameter of operation mode;;SPS12_MOD;SPS12_MOD;SPS12_MOD;ALERTA(Não responde caso não exista SPS com ADR=12)!!!;;;;Configuração;Configuration;;Parâmetro;;;;;CDC
4b4a919397324da99da8850f4786dfa3;1;RW;16;;Holding register;3073;Analog output;144;2;50;;1;;;;;;;SPS12;;Público;SPS12 : Parâmetro de número de taps;SPS12 : Parameter of tap quantity;;SPS12_TAP;SPS12_TAP;SPS12_TAP;ALERTA(Não responde caso não exista SPS com ADR=12)!!!;;;;Configuração;Configuration;;Parâmetro;;;;;CDC
3ddf945db8314074a2f5cca15626dc19;1;RW;16;;Holding register;3074;Analog output;145;0;4;;1;;;;0=Numérico bilateral\1=Numérico bilateral inverso\2=Alfanumérico\3=Alfanumérico inverso\4=Númerico simples;0=Bilateral Numeric\1=Inverser Bilateral Numeric\2=Alpha-Numeric\3=Inverse Alpha-Numeric\4=Simple Numeric;0=Numérico bilateral\1=Numérico bilateral inverso\2=Alfanumérico\3=Alfanumérico inverso\4=Númerico simple;SPS12;;Público;SPS12 : Parâmetro de tipo de indicação de tap;SPS12 : Parameter of tap indication type;;SPS12_IDC;SPS12_IDC;SPS12_IDC;ALERTA(Não responde caso não exista SPS com ADR=12)!!!;;;;;;;;;;;;CDC
67105b56aa5e40b5819fbcad4fe62dcb;1;RW;16;;Holding register;3075;Analog output;146;2;50;;1;;;;;;;SPS12;;Público;SPS12 : Parâmetro de posição do tap central;SPS12 : Parameter of middle tap position;;SPS12_CNT;SPS12_CNT;SPS12_CNT;ALERTA(Não responde caso não exista SPS com ADR=12)!!!;;;;Configuração;Configuration;;Parâmetro;;;;;CDC
efd83cb1a77f4d7283502cc32dfae479;1;RW;16;;Holding register;3076;Analog output;147;47;200;;10;ohm;ohm;ohm;;;;SPS12;;Público;SPS12 : Parâmetro de resistência por passo;SPS12 : Parameter of resistence per step;;SPS12_RES;SPS12_RES;SPS12_RES;ALERTA(Não responde caso não exista SPS com ADR=12)!!!;;;;Configuração;Configuration;;Parâmetro;;;;;CDC
a105fa5d8c714a05bd9c573b3535455f;1;RW;16;;Holding register;3077;Analog output;148;1;100;;1;s;s;s;;;;SPS12;;Público;SPS12 : Parâmetro de tempo para sincronismo;SPS12 : Parameter of synchronism time;;SPS12_SNC;SPS12_SNC;SPS12_SNC;ALERTA(Não responde caso não exista SPS com ADR=12)!!!;;;;Configuração;Configuration;;Parâmetro;;;;;CDC
44208e9d42004de7832cd94acc6b597d;1;RW;16;;Holding register;3078;Analog output;149;2;25;;1;s;s;s;;;;SPS12;;Público;SPS12 : Parâmetro de tempo para alarme E04;SPS12 : Parameter of time for alarm E04;;SPS12_PRG;SPS12_PRG;SPS12_PRG;ALERTA(Não responde caso não exista SPS com ADR=12 e permite escrita 1 porém o mínimo é 2)!!!;;;;Configuração;Configuration;;Parâmetro;;;;;CDC
046467cf06a04825959f01e86b6869b9;1;RW;16;;Holding register;3079;Analog output;150;0;34;;1;;;;;;;SPS12;;Público;SPS12 : Parâmetro de função do relé 1;SPS12 : Parameter of relay 1 operation;;SPS12_RL1;SPS12_RL1;SPS12_RL1;ALERTA(Não responde caso não exista SPS com ADR=12)!!!;;;;;;;;;;;;CDC
d06105aa633b41988eb23400fd6cad3a;1;RW;16;;Holding register;3080;Analog output;151;0;34;;1;;;;;;;SPS12;;Público;SPS12 : Parâmetro de função do relé 2;SPS12 : Parameter of relay 2 operation;;SPS12_RL2;SPS12_RL2;SPS12_RL2;ALERTA(Não responde caso não exista SPS com ADR=12)!!!;;;;;;;;;;;;CDC
6762786043cc45e5a481d83badd63eb6;1;RW;16;;Holding register;3081;Analog output;152;0;34;;1;;;;;;;SPS12;;Público;SPS12 : Parâmetro de função do relé 3;SPS12 : Parameter of relay 3 operation;;SPS12_RL3;SPS12_RL3;SPS12_RL3;ALERTA(Não responde caso não exista SPS com ADR=12)!!!;;;;;;;;;;;;CDC
a948ee49cf474b8ab9f85906353fd986;1;RW;16;;Holding register;3082;Analog output;153;0;34;;1;;;;;;;SPS12;;Público;SPS12 : Parâmetro de função do relé 4;SPS12 : Parameter of relay 4 operation;;SPS12_RL4;SPS12_RL4;SPS12_RL4;ALERTA(Não responde caso não exista SPS com ADR=12)!!!;;;;;;;;;;;;CDC
78acdaf97fae4bd1b259885cc58ae75a;1;RW;16;;Holding register;3083;Analog output;154;0;9;;1;;;;0=Desabilita\1=0 a 1 mA\2=-1 a 1 mA\3=0 a 5 mA\4=-5 a 5 mA\5=0 a 10 mA\6=-10 a 10 mA\7=0 a 20 mA\8=-20 a 20 mA\9=4 a 20 mA;0=Disable\1=0-1 mA\2=-1-1 mA\3=0-5 mA\4=-5-5 mA\5=0-10 mA\6=-10-10 mA\7=0-20 mA\8=-20-20 mA\9=4-20 mA;0=Desactiva\1=0-1 mA\2=-1-1 mA\3=0-5 mA\4=-5-5 mA\5=0-10 mA\6=-10-10 mA\7=0-20 mA\8=-20-20 mA\9=4-20 mA;SPS12;;Público;SPS12 : Parâmetro de opção de saída mA;SPS12 : Parameter of mA output;;SPS12_OCS;SPS12_OCS;SPS12_OCS;ALERTA(Não responde caso não exista SPS com ADR=12)!!!;;;;Configuração;Configuration;;Parâmetro;;;;;CDC
91c592fd63af4c0aa795efb003c0da9e;1;RW;16;;Holding register;3084;Analog output;155;1;3;;1;;;;1=Português\2=Inglês\3=Espanhol;1=Portuguese\2=English\3=Spanish;1=Portugués\2=Inglés\3=Español;SPS12;;Público;SPS12 : Parâmetro de opção de idioma;SPS12 : Parameter of language option;;SPS12_LNG;SPS12_LNG;SPS12_LNG;ALERTA(Não responde caso não exista SPS com ADR=12)!!!;;;;;;;;;;;;CDC
;;;;;;;;;;;;;;;;;;;;;;;;;;;;;;;;;;;;;;;;
2c6fc839a7424416a2875fa850367266;1;RW;0x0001;;Holding register;3091;Binary output;88;0;1;;1;;;;;;;SPS12;;Público;SPS12 : Comando de subir tap;SPS12 : Command of raise tap;;;;;ALERTA(Não responde caso não exista SPS com ADR=12)!!!;;;;;;;;;;;;CDC
1a8155485ea8445fa20369325502150e;1;RW;0x0002;;Holding register;3091;Binary output;89;0;1;;1;;;;;;;SPS12;;Público;SPS12 : Comando de descer tap;SPS12 : Command of lower tap;;;;;ALERTA(Não responde caso não exista SPS com ADR=12)!!!;;;;;;;;;;;;CDC
4d9f794ddcb3410f97a9d9fc2fcf0e15;1;RW;0x0004;;Holding register;3091;Binary output;90;0;1;;1;;;;;;;SPS12;;Público;SPS12 : Parâmetro de modo mestre;SPS12 : Parameter of master mode;;;;;ALERTA(Não responde caso não exista SPS com ADR=12)!!!;;;;;;;;;;;;CDC
282d822d720844759eefb602d3f58759;1;RW;0x0008;;Holding register;3091;Binary output;91;0;1;;1;;;;;;;SPS12;;Público;SPS12 : Parâmetro de modo comandado;SPS12 : Parameter of follower mode;;;;;ALERTA(Não responde caso não exista SPS com ADR=12)!!!;;;;;;;;;;;;CDC
ba9a77d52cfc4cf0ac382d8aa0fb50bc;1;RW;0x0010;;Holding register;3091;Binary output;92;0;1;;1;;;;;;;SPS12;;Público;SPS12 : Parâmetro de modo individual;SPS12 : Parameter of individual mode;;;;;ALERTA(Não responde caso não exista SPS com ADR=12)!!!;;;;;;;;;;;;CDC
fee9ae56b28b464bb59a1051aa635d29;1;RW;0x0020;;Holding register;3091;Binary output;93;0;1;;1;;;;;;;SPS12;;Público;SPS12 : Parâmetro de modo automático/banco;SPS12 : Parameter of automatic/bank mode;;;;;ALERTA(Não responde caso não exista SPS com ADR=12)!!!;;;;;;;;;;;;CDC
cf1987e6540c4065b69d26d8e36c6a4e;1;RW;0x0040;;Holding register;3091;Binary output;94;0;1;;1;;;;;;;SPS12;;Público;SPS12 : Parâmetro de modo manual/fase;SPS12 : Parameter of manual/phase mode;;;;;ALERTA(Não responde caso não exista SPS com ADR=12)!!!;;;;;;;;;;;;CDC
b733851741e14fc0939a375294f6ac17;1;RW;0x0080;;Holding register;3091;Binary output;95;0;1;;1;;;;;;;SPS12;;Público;SPS12 : Parâmetro de modo local/remoto;SPS12 : Parameter of local/remote mode;;;;;ALERTA(Não responde caso não exista SPS com ADR=12)!!!;;;;;;;;;;;;CDC
;;;;;;;;;;;;;;;;;;;;;;;;;;;;;;;;;;;;;;;;
5829626ccead4649b48b4e4805b30621;0;RW;16;;Holding register;3328;Analog output;156;0;2;;1;;;;0=Sem paralelismo\1=Paralelismo monofásico\2=Paralelismo trifásico;0=No Parallelism\1=Single-Phase Parallelism\2=Three-Phase Parallelism;0=Sin paralelismo\1=Paralelismo monofásico\2=Paralelismo trifásico;SPS13;;Público;SPS13 : Parâmetro de modo de operação;SPS13 : Parameter of operation mode;;SPS13_MOD;SPS13_MOD;SPS13_MOD;ALERTA(Não responde caso não exista SPS com ADR=13)!!!;;;;Configuração;Configuration;;Parâmetro;;;;;CDC
525f6c6e8a49486e99fea9cf9d0ed70c;1;RW;16;;Holding register;3329;Analog output;157;2;50;;1;;;;;;;SPS13;;Público;SPS13 : Parâmetro de número de taps;SPS13 : Parameter of tap quantity;;SPS13_TAP;SPS13_TAP;SPS13_TAP;ALERTA(Não responde caso não exista SPS com ADR=13)!!!;;;;Configuração;Configuration;;Parâmetro;;;;;CDC
0c489192090b4dc99b7d4e72b6b45172;1;RW;16;;Holding register;3330;Analog output;158;0;4;;1;;;;0=Numérico bilateral\1=Numérico bilateral inverso\2=Alfanumérico\3=Alfanumérico inverso\4=Númerico simples;0=Bilateral Numeric\1=Inverser Bilateral Numeric\2=Alpha-Numeric\3=Inverse Alpha-Numeric\4=Simple Numeric;0=Numérico bilateral\1=Numérico bilateral inverso\2=Alfanumérico\3=Alfanumérico inverso\4=Númerico simple;SPS13;;Público;SPS13 : Parâmetro de tipo de indicação de tap;SPS13 : Parameter of tap indication type;;SPS13_IDC;SPS13_IDC;SPS13_IDC;ALERTA(Não responde caso não exista SPS com ADR=13)!!!;;;;;;;;;;;;CDC
78919bec1cf14b09b618db01e7b75a36;1;RW;16;;Holding register;3331;Analog output;159;2;50;;1;;;;;;;SPS13;;Público;SPS13 : Parâmetro de posição do tap central;SPS13 : Parameter of middle tap position;;SPS13_CNT;SPS13_CNT;SPS13_CNT;ALERTA(Não responde caso não exista SPS com ADR=13)!!!;;;;Configuração;Configuration;;Parâmetro;;;;;CDC
a382eb9832f34965994a6f62273fde42;1;RW;16;;Holding register;3332;Analog output;160;47;200;;10;ohm;ohm;ohm;;;;SPS13;;Público;SPS13 : Parâmetro de resistência por passo;SPS13 : Parameter of resistence per step;;SPS13_RES;SPS13_RES;SPS13_RES;ALERTA(Não responde caso não exista SPS com ADR=13)!!!;;;;Configuração;Configuration;;Parâmetro;;;;;CDC
0523e5fc0bc84f9dbd1b69f7ecd07c90;1;RW;16;;Holding register;3333;Analog output;161;1;100;;1;s;s;s;;;;SPS13;;Público;SPS13 : Parâmetro de tempo para sincronismo;SPS13 : Parameter of synchronism time;;SPS13_SNC;SPS13_SNC;SPS13_SNC;ALERTA(Não responde caso não exista SPS com ADR=13)!!!;;;;Configuração;Configuration;;Parâmetro;;;;;CDC
59c1880b8dd144b18888054c08c42daa;1;RW;16;;Holding register;3334;Analog output;162;2;25;;1;s;s;s;;;;SPS13;;Público;SPS13 : Parâmetro de tempo para alarme E04;SPS13 : Parameter of time for alarm E04;;SPS13_PRG;SPS13_PRG;SPS13_PRG;ALERTA(Não responde caso não exista SPS com ADR=13 e permite escrita 1 porém o mínimo é 2)!!!;;;;Configuração;Configuration;;Parâmetro;;;;;CDC
c5970082ba3c4078b8b5f97c1df15e22;1;RW;16;;Holding register;3335;Analog output;163;0;34;;1;;;;;;;SPS13;;Público;SPS13 : Parâmetro de função do relé 1;SPS13 : Parameter of relay 1 operation;;SPS13_RL1;SPS13_RL1;SPS13_RL1;ALERTA(Não responde caso não exista SPS com ADR=13)!!!;;;;;;;;;;;;CDC
6522a58ba36f4046a58fb3e82c8b1f28;1;RW;16;;Holding register;3336;Analog output;164;0;34;;1;;;;;;;SPS13;;Público;SPS13 : Parâmetro de função do relé 2;SPS13 : Parameter of relay 2 operation;;SPS13_RL2;SPS13_RL2;SPS13_RL2;ALERTA(Não responde caso não exista SPS com ADR=13)!!!;;;;;;;;;;;;CDC
a8fdb42813634aed80f781fa5efa6a09;1;RW;16;;Holding register;3337;Analog output;165;0;34;;1;;;;;;;SPS13;;Público;SPS13 : Parâmetro de função do relé 3;SPS13 : Parameter of relay 3 operation;;SPS13_RL3;SPS13_RL3;SPS13_RL3;ALERTA(Não responde caso não exista SPS com ADR=13)!!!;;;;;;;;;;;;CDC
e77d189133ad4ec8ad52c06b17f80215;1;RW;16;;Holding register;3338;Analog output;166;0;34;;1;;;;;;;SPS13;;Público;SPS13 : Parâmetro de função do relé 4;SPS13 : Parameter of relay 4 operation;;SPS13_RL4;SPS13_RL4;SPS13_RL4;ALERTA(Não responde caso não exista SPS com ADR=13)!!!;;;;;;;;;;;;CDC
0a363b428bb84643b83159efc7a5071a;1;RW;16;;Holding register;3339;Analog output;167;0;9;;1;;;;0=Desabilita\1=0 a 1 mA\2=-1 a 1 mA\3=0 a 5 mA\4=-5 a 5 mA\5=0 a 10 mA\6=-10 a 10 mA\7=0 a 20 mA\8=-20 a 20 mA\9=4 a 20 mA;0=Disable\1=0-1 mA\2=-1-1 mA\3=0-5 mA\4=-5-5 mA\5=0-10 mA\6=-10-10 mA\7=0-20 mA\8=-20-20 mA\9=4-20 mA;0=Desactiva\1=0-1 mA\2=-1-1 mA\3=0-5 mA\4=-5-5 mA\5=0-10 mA\6=-10-10 mA\7=0-20 mA\8=-20-20 mA\9=4-20 mA;SPS13;;Público;SPS13 : Parâmetro de opção de saída mA;SPS13 : Parameter of mA output;;SPS13_OCS;SPS13_OCS;SPS13_OCS;ALERTA(Não responde caso não exista SPS com ADR=13)!!!;;;;Configuração;Configuration;;Parâmetro;;;;;CDC
f0de3127c6254a32aa2d7cac2ff5268c;1;RW;16;;Holding register;3340;Analog output;168;1;3;;1;;;;1=Português\2=Inglês\3=Espanhol;1=Portuguese\2=English\3=Spanish;1=Portugués\2=Inglés\3=Español;SPS13;;Público;SPS13 : Parâmetro de opção de idioma;SPS13 : Parameter of language option;;SPS13_LNG;SPS13_LNG;SPS13_LNG;ALERTA(Não responde caso não exista SPS com ADR=13)!!!;;;;;;;;;;;;CDC
;;;;;;;;;;;;;;;;;;;;;;;;;;;;;;;;;;;;;;;;
f2ebf4c707a345e7b56da12734eec393;1;RW;0x0001;;Holding register;3347;Binary output;96;0;1;;1;;;;;;;SPS13;;Público;SPS13 : Comando de subir tap;SPS13 : Command of raise tap;;;;;ALERTA(Não responde caso não exista SPS com ADR=13)!!!;;;;;;;;;;;;CDC
6fd77e858cd84e3a9ce8e33b6b4a4e4f;1;RW;0x0002;;Holding register;3347;Binary output;97;0;1;;1;;;;;;;SPS13;;Público;SPS13 : Comando de descer tap;SPS13 : Command of lower tap;;;;;ALERTA(Não responde caso não exista SPS com ADR=13)!!!;;;;;;;;;;;;CDC
b321eb94500841e4b3e7398f124a701f;1;RW;0x0004;;Holding register;3347;Binary output;98;0;1;;1;;;;;;;SPS13;;Público;SPS13 : Parâmetro de modo mestre;SPS13 : Parameter of master mode;;;;;ALERTA(Não responde caso não exista SPS com ADR=13)!!!;;;;;;;;;;;;CDC
c83b1523cc7d4f1c8d886258676b8d0a;1;RW;0x0008;;Holding register;3347;Binary output;99;0;1;;1;;;;;;;SPS13;;Público;SPS13 : Parâmetro de modo comandado;SPS13 : Parameter of follower mode;;;;;ALERTA(Não responde caso não exista SPS com ADR=13)!!!;;;;;;;;;;;;CDC
be3d53ee92e94e5e8125a17243812735;1;RW;0x0010;;Holding register;3347;Binary output;100;0;1;;1;;;;;;;SPS13;;Público;SPS13 : Parâmetro de modo individual;SPS13 : Parameter of individual mode;;;;;ALERTA(Não responde caso não exista SPS com ADR=13)!!!;;;;;;;;;;;;CDC
8c153599e20e465f837ad69d546741cd;1;RW;0x0020;;Holding register;3347;Binary output;101;0;1;;1;;;;;;;SPS13;;Público;SPS13 : Parâmetro de modo automático/banco;SPS13 : Parameter of automatic/bank mode;;;;;ALERTA(Não responde caso não exista SPS com ADR=13)!!!;;;;;;;;;;;;CDC
23464706223944eebd897a32af5117d5;1;RW;0x0040;;Holding register;3347;Binary output;102;0;1;;1;;;;;;;SPS13;;Público;SPS13 : Parâmetro de modo manual/fase;SPS13 : Parameter of manual/phase mode;;;;;ALERTA(Não responde caso não exista SPS com ADR=13)!!!;;;;;;;;;;;;CDC
2be6926430064546b0c9a34935b2d3d5;1;RW;0x0080;;Holding register;3347;Binary output;103;0;1;;1;;;;;;;SPS13;;Público;SPS13 : Parâmetro de modo local/remoto;SPS13 : Parameter of local/remote mode;;;;;ALERTA(Não responde caso não exista SPS com ADR=13)!!!;;;;;;;;;;;;CDC
;;;;;;;;;;;;;;;;;;;;;;;;;;;;;;;;;;;;;;;;
e7cf38ab722649219eb0e79adc38406d;0;RW;16;;Holding register;3584;Analog output;169;0;2;;1;;;;0=Sem paralelismo\1=Paralelismo monofásico\2=Paralelismo trifásico;0=No Parallelism\1=Single-Phase Parallelism\2=Three-Phase Parallelism;0=Sin paralelismo\1=Paralelismo monofásico\2=Paralelismo trifásico;SPS14;;Público;SPS14 : Parâmetro de modo de operação;SPS14 : Parameter of operation mode;;SPS14_MOD;SPS14_MOD;SPS14_MOD;ALERTA(Não responde caso não exista SPS com ADR=14)!!!;;;;Configuração;Configuration;;Parâmetro;;;;;CDC
03c0be6bbdb64093967934dea4180718;1;RW;16;;Holding register;3585;Analog output;170;2;50;;1;;;;;;;SPS14;;Público;SPS14 : Parâmetro de número de taps;SPS14 : Parameter of tap quantity;;SPS14_TAP;SPS14_TAP;SPS14_TAP;ALERTA(Não responde caso não exista SPS com ADR=14)!!!;;;;Configuração;Configuration;;Parâmetro;;;;;CDC
c089fc778187465c88c9fb6a254c86c8;1;RW;16;;Holding register;3586;Analog output;171;0;4;;1;;;;0=Numérico bilateral\1=Numérico bilateral inverso\2=Alfanumérico\3=Alfanumérico inverso\4=Númerico simples;0=Bilateral Numeric\1=Inverser Bilateral Numeric\2=Alpha-Numeric\3=Inverse Alpha-Numeric\4=Simple Numeric;0=Numérico bilateral\1=Numérico bilateral inverso\2=Alfanumérico\3=Alfanumérico inverso\4=Númerico simple;SPS14;;Público;SPS14 : Parâmetro de tipo de indicação de tap;SPS14 : Parameter of tap indication type;;SPS14_IDC;SPS14_IDC;SPS14_IDC;ALERTA(Não responde caso não exista SPS com ADR=14)!!!;;;;;;;;;;;;CDC
338ff5d1ce814af9ac6c577e8a1b61d6;1;RW;16;;Holding register;3587;Analog output;172;2;50;;1;;;;;;;SPS14;;Público;SPS14 : Parâmetro de posição do tap central;SPS14 : Parameter of middle tap position;;SPS14_CNT;SPS14_CNT;SPS14_CNT;ALERTA(Não responde caso não exista SPS com ADR=14)!!!;;;;Configuração;Configuration;;Parâmetro;;;;;CDC
7a511b7a31234e8e8dea9f3f086eaf92;1;RW;16;;Holding register;3588;Analog output;173;47;200;;10;ohm;ohm;ohm;;;;SPS14;;Público;SPS14 : Parâmetro de resistência por passo;SPS14 : Parameter of resistence per step;;SPS14_RES;SPS14_RES;SPS14_RES;ALERTA(Não responde caso não exista SPS com ADR=14)!!!;;;;Configuração;Configuration;;Parâmetro;;;;;CDC
db54761387044210acdde022c70efbac;1;RW;16;;Holding register;3589;Analog output;174;1;100;;1;s;s;s;;;;SPS14;;Público;SPS14 : Parâmetro de tempo para sincronismo;SPS14 : Parameter of synchronism time;;SPS14_SNC;SPS14_SNC;SPS14_SNC;ALERTA(Não responde caso não exista SPS com ADR=14)!!!;;;;Configuração;Configuration;;Parâmetro;;;;;CDC
53c962febc7340d0b4b2289de0331a64;1;RW;16;;Holding register;3590;Analog output;175;2;25;;1;s;s;s;;;;SPS14;;Público;SPS14 : Parâmetro de tempo para alarme E04;SPS14 : Parameter of time for alarm E04;;SPS14_PRG;SPS14_PRG;SPS14_PRG;ALERTA(Não responde caso não exista SPS com ADR=14 e permite escrita 1 porém o mínimo é 2)!!!;;;;Configuração;Configuration;;Parâmetro;;;;;CDC
0372a5581557438eac822da490748ea7;1;RW;16;;Holding register;3591;Analog output;176;0;34;;1;;;;;;;SPS14;;Público;SPS14 : Parâmetro de função do relé 1;SPS14 : Parameter of relay 1 operation;;SPS14_RL1;SPS14_RL1;SPS14_RL1;ALERTA(Não responde caso não exista SPS com ADR=14)!!!;;;;;;;;;;;;CDC
0884b037b8a84461a355454b68550e45;1;RW;16;;Holding register;3592;Analog output;177;0;34;;1;;;;;;;SPS14;;Público;SPS14 : Parâmetro de função do relé 2;SPS14 : Parameter of relay 2 operation;;SPS14_RL2;SPS14_RL2;SPS14_RL2;ALERTA(Não responde caso não exista SPS com ADR=14)!!!;;;;;;;;;;;;CDC
dfd132c79231417182d24db5f0f743d8;1;RW;16;;Holding register;3593;Analog output;178;0;34;;1;;;;;;;SPS14;;Público;SPS14 : Parâmetro de função do relé 3;SPS14 : Parameter of relay 3 operation;;SPS14_RL3;SPS14_RL3;SPS14_RL3;ALERTA(Não responde caso não exista SPS com ADR=14)!!!;;;;;;;;;;;;CDC
99b6783119e24be2bb7753f806648184;1;RW;16;;Holding register;3594;Analog output;179;0;34;;1;;;;;;;SPS14;;Público;SPS14 : Parâmetro de função do relé 4;SPS14 : Parameter of relay 4 operation;;SPS14_RL4;SPS14_RL4;SPS14_RL4;ALERTA(Não responde caso não exista SPS com ADR=14)!!!;;;;;;;;;;;;CDC
5de0e84258994e17b27b03001ace974a;1;RW;16;;Holding register;3595;Analog output;180;0;9;;1;;;;0=Desabilita\1=0 a 1 mA\2=-1 a 1 mA\3=0 a 5 mA\4=-5 a 5 mA\5=0 a 10 mA\6=-10 a 10 mA\7=0 a 20 mA\8=-20 a 20 mA\9=4 a 20 mA;0=Disable\1=0-1 mA\2=-1-1 mA\3=0-5 mA\4=-5-5 mA\5=0-10 mA\6=-10-10 mA\7=0-20 mA\8=-20-20 mA\9=4-20 mA;0=Desactiva\1=0-1 mA\2=-1-1 mA\3=0-5 mA\4=-5-5 mA\5=0-10 mA\6=-10-10 mA\7=0-20 mA\8=-20-20 mA\9=4-20 mA;SPS14;;Público;SPS14 : Parâmetro de opção de saída mA;SPS14 : Parameter of mA output;;SPS14_OCS;SPS14_OCS;SPS14_OCS;ALERTA(Não responde caso não exista SPS com ADR=14)!!!;;;;Configuração;Configuration;;Parâmetro;;;;;CDC
cdb962c64e544b4aab095147c45cf1f7;1;RW;16;;Holding register;3596;Analog output;181;1;3;;1;;;;1=Português\2=Inglês\3=Espanhol;1=Portuguese\2=English\3=Spanish;1=Portugués\2=Inglés\3=Español;SPS14;;Público;SPS14 : Parâmetro de opção de idioma;SPS14 : Parameter of language option;;SPS14_LNG;SPS14_LNG;SPS14_LNG;ALERTA(Não responde caso não exista SPS com ADR=14)!!!;;;;;;;;;;;;CDC
;;;;;;;;;;;;;;;;;;;;;;;;;;;;;;;;;;;;;;;;
a68bbcb8e1fc4e20a30c1ba062079562;1;RW;0x0001;;Holding register;3603;Binary output;104;0;1;;1;;;;;;;SPS14;;Público;SPS14 : Comando de subir tap;SPS14 : Command of raise tap;;;;;ALERTA(Não responde caso não exista SPS com ADR=14)!!!;;;;;;;;;;;;CDC
7e9b1a3810144ff0bec1402448351d90;1;RW;0x0002;;Holding register;3603;Binary output;105;0;1;;1;;;;;;;SPS14;;Público;SPS14 : Comando de descer tap;SPS14 : Command of lower tap;;;;;ALERTA(Não responde caso não exista SPS com ADR=14)!!!;;;;;;;;;;;;CDC
e844a85465c0466c87a6a51ff9f6b343;1;RW;0x0004;;Holding register;3603;Binary output;106;0;1;;1;;;;;;;SPS14;;Público;SPS14 : Parâmetro de modo mestre;SPS14 : Parameter of master mode;;;;;ALERTA(Não responde caso não exista SPS com ADR=14)!!!;;;;;;;;;;;;CDC
824de4edc531420390dc62d2ad7851c8;1;RW;0x0008;;Holding register;3603;Binary output;107;0;1;;1;;;;;;;SPS14;;Público;SPS14 : Parâmetro de modo comandado;SPS14 : Parameter of follower mode;;;;;ALERTA(Não responde caso não exista SPS com ADR=14)!!!;;;;;;;;;;;;CDC
efc820ef1c5f4b4e9200addb429185c1;1;RW;0x0010;;Holding register;3603;Binary output;108;0;1;;1;;;;;;;SPS14;;Público;SPS14 : Parâmetro de modo individual;SPS14 : Parameter of individual mode;;;;;ALERTA(Não responde caso não exista SPS com ADR=14)!!!;;;;;;;;;;;;CDC
85658f0e7a1c4429b024d6b2a9604ebe;1;RW;0x0020;;Holding register;3603;Binary output;109;0;1;;1;;;;;;;SPS14;;Público;SPS14 : Parâmetro de modo automático/banco;SPS14 : Parameter of automatic/bank mode;;;;;ALERTA(Não responde caso não exista SPS com ADR=14)!!!;;;;;;;;;;;;CDC
f7fe968a3d0141dd94f31412ff090538;1;RW;0x0040;;Holding register;3603;Binary output;110;0;1;;1;;;;;;;SPS14;;Público;SPS14 : Parâmetro de modo manual/Fase;SPS14 : Parameter of manual/phase mode;;;;;ALERTA(Não responde caso não exista SPS com ADR=14)!!!;;;;;;;;;;;;CDC
94069f8f55d147b0aef9c95a7ea28a9b;1;RW;0x0080;;Holding register;3603;Binary output;111;0;1;;1;;;;;;;SPS14;;Público;SPS14 : Parâmetro de modo local/remoto;SPS14 : Parameter of local/remote mode;;;;;ALERTA(Não responde caso não exista SPS com ADR=14)!!!;;;;;;;;;;;;CDC
;;;;;;;;;;;;;;;;;;;;;;;;;;;;;;;;;;;;;;;;
2887468c6bda40a88c6ad47eea22f198;0;RW;16;;Holding register;3840;Analog output;182;0;2;;1;;;;0=Sem paralelismo\1=Paralelismo monofásico\2=Paralelismo trifásico;0=No Parallelism\1=Single-Phase Parallelism\2=Three-Phase Parallelism;0=Sin paralelismo\1=Paralelismo monofásico\2=Paralelismo trifásico;SPS15;;Público;SPS15 : Parâmetro de modo de operação;SPS15 : Parameter of operation mode;;SPS15_MOD;SPS15_MOD;SPS15_MOD;ALERTA(Não responde caso não exista SPS com ADR=15)!!!;;;;Configuração;Configuration;;Parâmetro;;;;;CDC
c3272450aa374e6ea81292402ad32049;1;RW;16;;Holding register;3841;Analog output;183;2;50;;1;;;;;;;SPS15;;Público;SPS15 : Parâmetro de número de taps;SPS15 : Parameter of tap quantity;;SPS15_TAP;SPS15_TAP;SPS15_TAP;ALERTA(Não responde caso não exista SPS com ADR=15)!!!;;;;Configuração;Configuration;;Parâmetro;;;;;CDC
d6c0a416eb354ff9b0e5915e5471d5a9;1;RW;16;;Holding register;3842;Analog output;184;0;4;;1;;;;0=Numérico bilateral\1=Numérico bilateral inverso\2=Alfanumérico\3=Alfanumérico inverso\4=Númerico simples;0=Bilateral Numeric\1=Inverser Bilateral Numeric\2=Alpha-Numeric\3=Inverse Alpha-Numeric\4=Simple Numeric;0=Numérico bilateral\1=Numérico bilateral inverso\2=Alfanumérico\3=Alfanumérico inverso\4=Númerico simple;SPS15;;Público;SPS15 : Parâmetro de tipo de indicação de tap;SPS15 : Parameter of tap indication type;;SPS15_IDC;SPS15_IDC;SPS15_IDC;ALERTA(Não responde caso não exista SPS com ADR=15)!!!;;;;;;;;;;;;CDC
c61a9fdf99d1401ca2c43407bb32ed94;1;RW;16;;Holding register;3843;Analog output;185;2;50;;1;;;;;;;SPS15;;Público;SPS15 : Parâmetro de posição do tap central;SPS15 : Parameter of middle tap position;;SPS15_CNT;SPS15_CNT;SPS15_CNT;ALERTA(Não responde caso não exista SPS com ADR=15)!!!;;;;Configuração;Configuration;;Parâmetro;;;;;CDC
83cac717e2cf4729b7ec045a1a6dbbd5;1;RW;16;;Holding register;3844;Analog output;186;47;200;;10;ohm;ohm;ohm;;;;SPS15;;Público;SPS15 : Parâmetro de resistência por passo;SPS15 : Parameter of resistence per step;;SPS15_RES;SPS15_RES;SPS15_RES;ALERTA(Não responde caso não exista SPS com ADR=15)!!!;;;;Configuração;Configuration;;Parâmetro;;;;;CDC
d4272e046d9b4f6f90f0cc1331f1c434;1;RW;16;;Holding register;3845;Analog output;187;1;100;;1;s;s;s;;;;SPS15;;Público;SPS15 : Parâmetro de tempo para sincronismo;SPS15 : Parameter of synchronism time;;SPS15_SNC;SPS15_SNC;SPS15_SNC;ALERTA(Não responde caso não exista SPS com ADR=15)!!!;;;;Configuração;Configuration;;Parâmetro;;;;;CDC
c4a53d7e31e34cfa85dbe7628237c525;1;RW;16;;Holding register;3846;Analog output;188;2;25;;1;s;s;s;;;;SPS15;;Público;SPS15 : Parâmetro de tempo para alarme E04;SPS15 : Parameter of time for alarm E04;;SPS15_PRG;SPS15_PRG;SPS15_PRG;ALERTA(Não responde caso não exista SPS com ADR=15 e permite escrita 1 porém o mínimo é 2)!!!;;;;Configuração;Configuration;;Parâmetro;;;;;CDC
d4c16b69922140e1adfdc933c3ffe4b9;1;RW;16;;Holding register;3847;Analog output;189;0;34;;1;;;;;;;SPS15;;Público;SPS15 : Parâmetro de função do relé 1;SPS15 : Parameter of relay 1 operation;;SPS15_RL1;SPS15_RL1;SPS15_RL1;ALERTA(Não responde caso não exista SPS com ADR=15)!!!;;;;;;;;;;;;CDC
adae69eac73f40439cfb386d2de0f86e;1;RW;16;;Holding register;3848;Analog output;190;0;34;;1;;;;;;;SPS15;;Público;SPS15 : Parâmetro de função do relé 2;SPS15 : Parameter of relay 2 operation;;SPS15_RL2;SPS15_RL2;SPS15_RL2;ALERTA(Não responde caso não exista SPS com ADR=15)!!!;;;;;;;;;;;;CDC
68fea462f05242c9bf4f95823e640cd4;1;RW;16;;Holding register;3849;Analog output;191;0;34;;1;;;;;;;SPS15;;Público;SPS15 : Parâmetro de função do relé 3;SPS15 : Parameter of relay 3 operation;;SPS15_RL3;SPS15_RL3;SPS15_RL3;ALERTA(Não responde caso não exista SPS com ADR=15)!!!;;;;;;;;;;;;CDC
386133782fca4453b080bcc5771f3983;1;RW;16;;Holding register;3850;Analog output;192;0;34;;1;;;;;;;SPS15;;Público;SPS15 : Parâmetro de função do relé 4;SPS15 : Parameter of relay 4 operation;;SPS15_RL4;SPS15_RL4;SPS15_RL4;ALERTA(Não responde caso não exista SPS com ADR=15)!!!;;;;;;;;;;;;CDC
5b0a4ef289284f5baa88da6e3ea0c413;1;RW;16;;Holding register;3851;Analog output;193;0;9;;1;;;;0=Desabilita\1=0 a 1 mA\2=-1 a 1 mA\3=0 a 5 mA\4=-5 a 5 mA\5=0 a 10 mA\6=-10 a 10 mA\7=0 a 20 mA\8=-20 a 20 mA\9=4 a 20 mA;0=Disable\1=0-1 mA\2=-1-1 mA\3=0-5 mA\4=-5-5 mA\5=0-10 mA\6=-10-10 mA\7=0-20 mA\8=-20-20 mA\9=4-20 mA;0=Desactiva\1=0-1 mA\2=-1-1 mA\3=0-5 mA\4=-5-5 mA\5=0-10 mA\6=-10-10 mA\7=0-20 mA\8=-20-20 mA\9=4-20 mA;SPS15;;Público;SPS15 : Parâmetro de opção de saída mA;SPS15 : Parameter of mA output;;SPS15_OCS;SPS15_OCS;SPS15_OCS;ALERTA(Não responde caso não exista SPS com ADR=15)!!!;;;;Configuração;Configuration;;Parâmetro;;;;;CDC
10efea7525d74e9a9f5f02af53f4f104;1;RW;16;;Holding register;3852;Analog output;194;1;3;;1;;;;1=Português\2=Inglês\3=Espanhol;1=Portuguese\2=English\3=Spanish;1=Portugués\2=Inglés\3=Español;SPS15;;Público;SPS15 : Parâmetro de opção de idioma;SPS15 : Parameter of language option;;SPS15_LNG;SPS15_LNG;SPS15_LNG;ALERTA(Não responde caso não exista SPS com ADR=15)!!!;;;;;;;;;;;;CDC
;;;;;;;;;;;;;;;;;;;;;;;;;;;;;;;;;;;;;;;;
b027b651443d4deb82cd55f70e50f766;1;RW;0x0001;;Holding register;3859;Binary output;112;0;1;;1;;;;;;;SPS15;;Público;SPS15 : Comando de subir tap;SPS15 : Command of raise tap;;;;;ALERTA(Não responde caso não exista SPS com ADR=15)!!!;;;;;;;;;;;;CDC
c5cf4211bab54b2d9ef1602427bc7cd8;1;RW;0x0002;;Holding register;3859;Binary output;113;0;1;;1;;;;;;;SPS15;;Público;SPS15 : Comando de descer tap;SPS15 : Command of lower tap;;;;;ALERTA(Não responde caso não exista SPS com ADR=15)!!!;;;;;;;;;;;;CDC
88dcb81e8dcc4faab1e5efb4b51ed209;1;RW;0x0004;;Holding register;3859;Binary output;114;0;1;;1;;;;;;;SPS15;;Público;SPS15 : Parâmetro de modo mestre;SPS15 : Parameter of master mode;;;;;ALERTA(Não responde caso não exista SPS com ADR=15)!!!;;;;;;;;;;;;CDC
d3cfa9f851f74eb08d5bafa1c2d3a55d;1;RW;0x0008;;Holding register;3859;Binary output;115;0;1;;1;;;;;;;SPS15;;Público;SPS15 : Parâmetro de modo comandado;SPS15 : Parameter of follower mode;;;;;ALERTA(Não responde caso não exista SPS com ADR=15)!!!;;;;;;;;;;;;CDC
33a651abdbc3413981fbb5331f043ba9;1;RW;0x0010;;Holding register;3859;Binary output;116;0;1;;1;;;;;;;SPS15;;Público;SPS15 : Parâmetro de modo individual;SPS15 : Parameter of individual mode;;;;;ALERTA(Não responde caso não exista SPS com ADR=15)!!!;;;;;;;;;;;;CDC
7bb7567da2cb461091ed63b3c7f6e780;1;RW;0x0020;;Holding register;3859;Binary output;117;0;1;;1;;;;;;;SPS15;;Público;SPS15 : Parâmetro de modo automático/banco;SPS15 : Parameter of automatic/bank mode;;;;;ALERTA(Não responde caso não exista SPS com ADR=15)!!!;;;;;;;;;;;;CDC
f1c984d9a9ea4b4584f279a8ad6cdb2b;1;RW;0x0040;;Holding register;3859;Binary output;118;0;1;;1;;;;;;;SPS15;;Público;SPS15 : Parâmetro de modo manual/fase;SPS15 : Parameter of manual/phase mode;;;;;ALERTA(Não responde caso não exista SPS com ADR=15)!!!;;;;;;;;;;;;CDC
58ef71082cdd40b4ba0d6e64611ae142;1;RW;0x0080;;Holding register;3859;Binary output;119;0;1;;1;;;;;;;SPS15;;Público;SPS15 : Parâmetro de modo local/remoto;SPS15 : Parameter of local/remote mode;;;;;ALERTA(Não responde caso não exista SPS com ADR=15)!!!;;;;;;;;;;;;CDC
;;;;;;;;;;;;;;;;;;;;;;;;;;;;;;;;;;;;;;;;
3a956926448e4a67818747d67b8d46a4;0;RW;16;;Holding register;4096;Analog output;195;0;2;;1;;;;0=Sem paralelismo\1=Paralelismo monofásico\2=Paralelismo trifásico;0=No Parallelism\1=Single-Phase Parallelism\2=Three-Phase Parallelism;0=Sin paralelismo\1=Paralelismo monofásico\2=Paralelismo trifásico;SPS16;;Público;SPS16 : Parâmetro de modo de operação;SPS16 : Parameter of operation mode;;SPS16_MOD;SPS16_MOD;SPS16_MOD;ALERTA(Não responde caso não exista SPS com ADR=16)!!!;;;;Configuração;Configuration;;Parâmetro;;;;;CDC
5d6ce1a6f8164f73a321eb867e10db3c;1;RW;16;;Holding register;4097;Analog output;196;2;50;;1;;;;;;;SPS16;;Público;SPS16 : Parâmetro de número de taps;SPS16 : Parameter of tap quantity;;SPS16_TAP;SPS16_TAP;SPS16_TAP;ALERTA(Não responde caso não exista SPS com ADR=16)!!!;;;;Configuração;Configuration;;Parâmetro;;;;;CDC
3dffdde7b1384d26bf057a98e664c23d;1;RW;16;;Holding register;4098;Analog output;197;0;4;;1;;;;0=Numérico bilateral\1=Numérico bilateral inverso\2=Alfanumérico\3=Alfanumérico inverso\4=Númerico simples;0=Bilateral Numeric\1=Inverser Bilateral Numeric\2=Alpha-Numeric\3=Inverse Alpha-Numeric\4=Simple Numeric;0=Numérico bilateral\1=Numérico bilateral inverso\2=Alfanumérico\3=Alfanumérico inverso\4=Númerico simple;SPS16;;Público;SPS16 : Parâmetro de tipo de indicação de tap;SPS16 : Parameter of tap indication type;;SPS16_IDC;SPS16_IDC;SPS16_IDC;ALERTA(Não responde caso não exista SPS com ADR=16)!!!;;;;;;;;;;;;CDC
73b17cf705bf48d79f798fe3024cc07a;1;RW;16;;Holding register;4099;Analog output;198;2;50;;1;;;;;;;SPS16;;Público;SPS16 : Parâmetro de posição do tap central;SPS16 : Parameter of middle tap position;;SPS16_CNT;SPS16_CNT;SPS16_CNT;ALERTA(Não responde caso não exista SPS com ADR=16)!!!;;;;Configuração;Configuration;;Parâmetro;;;;;CDC
324c2dc7dd5f402cacf4c4f1f3656818;1;RW;16;;Holding register;4100;Analog output;199;47;200;;10;ohm;ohm;ohm;;;;SPS16;;Público;SPS16 : Parâmetro de resistência por passo;SPS16 : Parameter of resistence per step;;SPS16_RES;SPS16_RES;SPS16_RES;ALERTA(Não responde caso não exista SPS com ADR=16)!!!;;;;Configuração;Configuration;;Parâmetro;;;;;CDC
f7e1b979547e4ce09bd8812d5fed9229;1;RW;16;;Holding register;4101;Analog output;200;1;100;;1;s;s;s;;;;SPS16;;Público;SPS16 : Parâmetro de tempo para sincronismo;SPS16 : Parameter of synchronism time;;SPS16_SNC;SPS16_SNC;SPS16_SNC;ALERTA(Não responde caso não exista SPS com ADR=16)!!!;;;;Configuração;Configuration;;Parâmetro;;;;;CDC
2d9f4fb77583487a80b83febde49f6c4;1;RW;16;;Holding register;4102;Analog output;201;2;25;;1;s;s;s;;;;SPS16;;Público;SPS16 : Parâmetro de tempo para alarme E04;SPS16 : Parameter of time for alarm E04;;SPS16_PRG;SPS16_PRG;SPS16_PRG;ALERTA(Não responde caso não exista SPS com ADR=16 e permite escrita 1 porém o mínimo é 2)!!!;;;;Configuração;Configuration;;Parâmetro;;;;;CDC
c65ba81bd6f7463c8d9a7b70acf63c6c;1;RW;16;;Holding register;4103;Analog output;202;0;34;;1;;;;;;;SPS16;;Público;SPS16 : Parâmetro de função do relé 1;SPS16 : Parameter of relay 1 operation;;SPS16_RL1;SPS16_RL1;SPS16_RL1;ALERTA(Não responde caso não exista SPS com ADR=16)!!!;;;;;;;;;;;;CDC
3679c08d236148129b81f2c268fa654e;1;RW;16;;Holding register;4104;Analog output;203;0;34;;1;;;;;;;SPS16;;Público;SPS16 : Parâmetro de função do relé 2;SPS16 : Parameter of relay 2 operation;;SPS16_RL2;SPS16_RL2;SPS16_RL2;ALERTA(Não responde caso não exista SPS com ADR=16)!!!;;;;;;;;;;;;CDC
4fef91831b1745de9c3fdcffa5bacb21;1;RW;16;;Holding register;4105;Analog output;204;0;34;;1;;;;;;;SPS16;;Público;SPS16 : Parâmetro de função do relé 3;SPS16 : Parameter of relay 3 operation;;SPS16_RL3;SPS16_RL3;SPS16_RL3;ALERTA(Não responde caso não exista SPS com ADR=16)!!!;;;;;;;;;;;;CDC
6b070093a0cc423584d5ffbdb532e725;1;RW;16;;Holding register;4106;Analog output;205;0;34;;1;;;;;;;SPS16;;Público;SPS16 : Parâmetro de função do relé 4;SPS16 : Parameter of relay 4 operation;;SPS16_RL4;SPS16_RL4;SPS16_RL4;ALERTA(Não responde caso não exista SPS com ADR=16)!!!;;;;;;;;;;;;CDC
00b8e6a29d7242df9ced0555d80ceec5;1;RW;16;;Holding register;4107;Analog output;206;0;9;;1;;;;0=Desabilita\1=0 a 1 mA\2=-1 a 1 mA\3=0 a 5 mA\4=-5 a 5 mA\5=0 a 10 mA\6=-10 a 10 mA\7=0 a 20 mA\8=-20 a 20 mA\9=4 a 20 mA;0=Disable\1=0-1 mA\2=-1-1 mA\3=0-5 mA\4=-5-5 mA\5=0-10 mA\6=-10-10 mA\7=0-20 mA\8=-20-20 mA\9=4-20 mA;0=Desactiva\1=0-1 mA\2=-1-1 mA\3=0-5 mA\4=-5-5 mA\5=0-10 mA\6=-10-10 mA\7=0-20 mA\8=-20-20 mA\9=4-20 mA;SPS16;;Público;SPS16 : Parâmetro de opção de saída mA;SPS16 : Parameter of mA output;;SPS16_OCS;SPS16_OCS;SPS16_OCS;ALERTA(Não responde caso não exista SPS com ADR=16)!!!;;;;Configuração;Configuration;;Parâmetro;;;;;CDC
3614bcc44f464ef4b6b27ed64c1d7ef3;1;RW;16;;Holding register;4108;Analog output;207;1;3;;1;;;;1=Português\2=Inglês\3=Espanhol;1=Portuguese\2=English\3=Spanish;1=Portugués\2=Inglés\3=Español;SPS16;;Público;SPS16 : Parâmetro de opção de idioma;SPS16 : Parameter of language option;;SPS16_LNG;SPS16_LNG;SPS16_LNG;ALERTA(Não responde caso não exista SPS com ADR=16)!!!;;;;;;;;;;;;CDC
;;;;;;;;;;;;;;;;;;;;;;;;;;;;;;;;;;;;;;;;
0919c12f67774a5c8986c04bc4946c1f;1;RW;0x0001;;Holding register;4115;Binary output;120;0;1;;1;;;;;;;SPS16;;Público;SPS16 : Comando de subir tap;SPS16 : Command of raise tap;;;;;ALERTA(Não responde caso não exista SPS com ADR=16)!!!;;;;;;;;;;;;CDC
d8970169343e4f99948948bf80b0410b;1;RW;0x0002;;Holding register;4115;Binary output;121;0;1;;1;;;;;;;SPS16;;Público;SPS16 : Comando de descer tap;SPS16 : Command of lower tap;;;;;ALERTA(Não responde caso não exista SPS com ADR=16)!!!;;;;;;;;;;;;CDC
a66ffd52d61e411ab289f57d5bcb5aa4;1;RW;0x0004;;Holding register;4115;Binary output;122;0;1;;1;;;;;;;SPS16;;Público;SPS16 : Parâmetro de modo mestre;SPS16 : Parameter of master mode;;;;;ALERTA(Não responde caso não exista SPS com ADR=16)!!!;;;;;;;;;;;;CDC
f72dcce0b08b4cefbdf033c3c6bcf8de;1;RW;0x0008;;Holding register;4115;Binary output;123;0;1;;1;;;;;;;SPS16;;Público;SPS16 : Parâmetro de modo comandado;SPS16 : Parameter of follower mode;;;;;ALERTA(Não responde caso não exista SPS com ADR=16)!!!;;;;;;;;;;;;CDC
181234fe3e7440f1b0371e1aacb78937;1;RW;0x0010;;Holding register;4115;Binary output;124;0;1;;1;;;;;;;SPS16;;Público;SPS16 : Parâmetro de modo individual;SPS16 : Parameter of individual mode;;;;;ALERTA(Não responde caso não exista SPS com ADR=16)!!!;;;;;;;;;;;;CDC
0b0302f561ec48879b8c14232bd136f4;1;RW;0x0020;;Holding register;4115;Binary output;125;0;1;;1;;;;;;;SPS16;;Público;SPS16 : Parâmetro de modo automático/banco;SPS16 : Parameter of automatic/bank mode;;;;;ALERTA(Não responde caso não exista SPS com ADR=16)!!!;;;;;;;;;;;;CDC
a5775532df1247188f0a01e0a5153dc3;1;RW;0x0040;;Holding register;4115;Binary output;126;0;1;;1;;;;;;;SPS16;;Público;SPS16 : Parâmetro de modo manual/fase;SPS16 : Parameter of manual/phase mode;;;;;ALERTA(Não responde caso não exista SPS com ADR=16)!!!;;;;;;;;;;;;CDC
d07dd3491a6b4d27b08cd6f52b98275a;1;RW;0x0080;;Holding register;4115;Binary output;127;0;1;;1;;;;;;;SPS16;;Público;SPS16 : Parâmetro de modo local/remoto;SPS16 : Parameter of local/remote mode;;;;;ALERTA(Não responde caso não exista SPS com ADR=16)!!!;;;;;;;;;;;;CDC
;;;;;;;;;;;;;;;;;;;;;;;;;;;;;;;;;;;;;;;;
acb84a5c9529499a842c2d3b4bc5cf1f;0;RW;16;;Holding register;4352;Analog output;208;0;2;;1;;;;0=Sem paralelismo\1=Paralelismo monofásico\2=Paralelismo trifásico;0=No Parallelism\1=Single-Phase Parallelism\2=Three-Phase Parallelism;0=Sin paralelismo\1=Paralelismo monofásico\2=Paralelismo trifásico;SPS17;;Público;SPS17 : Parâmetro de modo de operação;SPS17 : Parameter of operation mode;;SPS17_MOD;SPS17_MOD;SPS17_MOD;ALERTA(Não responde caso não exista SPS com ADR=17)!!!;;;;Configuração;Configuration;;Parâmetro;;;;;CDC
56b85f460e6f4d1d8eed1b2256ab479c;1;RW;16;;Holding register;4353;Analog output;209;2;50;;1;;;;;;;SPS17;;Público;SPS17 : Parâmetro de número de taps;SPS17 : Parameter of tap quantity;;SPS17_TAP;SPS17_TAP;SPS17_TAP;ALERTA(Não responde caso não exista SPS com ADR=17)!!!;;;;Configuração;Configuration;;Parâmetro;;;;;CDC
e7030353eee648c1824eff9fb709fde2;1;RW;16;;Holding register;4354;Analog output;210;0;4;;1;;;;0=Numérico bilateral\1=Numérico bilateral inverso\2=Alfanumérico\3=Alfanumérico inverso\4=Númerico simples;0=Bilateral Numeric\1=Inverser Bilateral Numeric\2=Alpha-Numeric\3=Inverse Alpha-Numeric\4=Simple Numeric;0=Numérico bilateral\1=Numérico bilateral inverso\2=Alfanumérico\3=Alfanumérico inverso\4=Númerico simple;SPS17;;Público;SPS17 : Parâmetro de tipo de indicação de tap;SPS17 : Parameter of tap indication type;;SPS17_IDC;SPS17_IDC;SPS17_IDC;ALERTA(Não responde caso não exista SPS com ADR=17)!!!;;;;;;;;;;;;CDC
bf804f4b3f024224a03c1e6f346d20a0;1;RW;16;;Holding register;4355;Analog output;211;2;50;;1;;;;;;;SPS17;;Público;SPS17 : Parâmetro de posição do tap central;SPS17 : Parameter of middle tap position;;SPS17_CNT;SPS17_CNT;SPS17_CNT;ALERTA(Não responde caso não exista SPS com ADR=17)!!!;;;;Configuração;Configuration;;Parâmetro;;;;;CDC
d9dc137f1ed94b71bf9fc533fa6d8ff0;1;RW;16;;Holding register;4356;Analog output;212;47;200;;10;ohm;ohm;ohm;;;;SPS17;;Público;SPS17 : Parâmetro de resistência por passo;SPS17 : Parameter of resistence per step;;SPS17_RES;SPS17_RES;SPS17_RES;ALERTA(Não responde caso não exista SPS com ADR=17)!!!;;;;Configuração;Configuration;;Parâmetro;;;;;CDC
d24bad5679144043a8cdfc90ea853d04;1;RW;16;;Holding register;4357;Analog output;213;1;100;;1;s;s;s;;;;SPS17;;Público;SPS17 : Parâmetro de tempo para sincronismo;SPS17 : Parameter of synchronism time;;SPS17_SNC;SPS17_SNC;SPS17_SNC;ALERTA(Não responde caso não exista SPS com ADR=17)!!!;;;;Configuração;Configuration;;Parâmetro;;;;;CDC
122348df65e34ce797b9246a305daad4;1;RW;16;;Holding register;4358;Analog output;214;2;25;;1;s;s;s;;;;SPS17;;Público;SPS17 : Parâmetro de tempo para alarme E04;SPS17 : Parameter of time for alarm E04;;SPS17_PRG;SPS17_PRG;SPS17_PRG;ALERTA(Não responde caso não exista SPS com ADR=17 e permite escrita 1 porém o mínimo é 2)!!!;;;;Configuração;Configuration;;Parâmetro;;;;;CDC
0fb48ba5ffad40cfacb8d214866cfc4d;1;RW;16;;Holding register;4359;Analog output;215;0;34;;1;;;;;;;SPS17;;Público;SPS17 : Parâmetro de função do relé 1;SPS17 : Parameter of relay 1 operation;;SPS17_RL1;SPS17_RL1;SPS17_RL1;ALERTA(Não responde caso não exista SPS com ADR=17)!!!;;;;;;;;;;;;CDC
f1e2e255d7654ea6bb0adb538f8a13be;1;RW;16;;Holding register;4360;Analog output;216;0;34;;1;;;;;;;SPS17;;Público;SPS17 : Parâmetro de função do relé 2;SPS17 : Parameter of relay 2 operation;;SPS17_RL2;SPS17_RL2;SPS17_RL2;ALERTA(Não responde caso não exista SPS com ADR=17)!!!;;;;;;;;;;;;CDC
d7fdaa0e4369403a955a3136364ceda3;1;RW;16;;Holding register;4361;Analog output;217;0;34;;1;;;;;;;SPS17;;Público;SPS17 : Parâmetro de função do relé 3;SPS17 : Parameter of relay 3 operation;;SPS17_RL3;SPS17_RL3;SPS17_RL3;ALERTA(Não responde caso não exista SPS com ADR=17)!!!;;;;;;;;;;;;CDC
7a671353237c48f18ff02774037699fb;1;RW;16;;Holding register;4362;Analog output;218;0;34;;1;;;;;;;SPS17;;Público;SPS17 : Parâmetro de função do relé 4;SPS17 : Parameter of relay 4 operation;;SPS17_RL4;SPS17_RL4;SPS17_RL4;ALERTA(Não responde caso não exista SPS com ADR=17)!!!;;;;;;;;;;;;CDC
9c891756705a47b1976c7bfa1413e1b2;1;RW;16;;Holding register;4363;Analog output;219;0;9;;1;;;;0=Desabilita\1=0 a 1 mA\2=-1 a 1 mA\3=0 a 5 mA\4=-5 a 5 mA\5=0 a 10 mA\6=-10 a 10 mA\7=0 a 20 mA\8=-20 a 20 mA\9=4 a 20 mA;0=Disable\1=0-1 mA\2=-1-1 mA\3=0-5 mA\4=-5-5 mA\5=0-10 mA\6=-10-10 mA\7=0-20 mA\8=-20-20 mA\9=4-20 mA;0=Desactiva\1=0-1 mA\2=-1-1 mA\3=0-5 mA\4=-5-5 mA\5=0-10 mA\6=-10-10 mA\7=0-20 mA\8=-20-20 mA\9=4-20 mA;SPS17;;Público;SPS17 : Parâmetro de opção de saída mA;SPS17 : Parameter of mA output;;SPS17_OCS;SPS17_OCS;SPS17_OCS;ALERTA(Não responde caso não exista SPS com ADR=17)!!!;;;;Configuração;Configuration;;Parâmetro;;;;;CDC
0fb33152107e48e5b90dbdcf4c5db03b;1;RW;16;;Holding register;4364;Analog output;220;1;3;;1;;;;1=Português\2=Inglês\3=Espanhol;1=Portuguese\2=English\3=Spanish;1=Portugués\2=Inglés\3=Español;SPS17;;Público;SPS17 : Parâmetro de opção de idioma;SPS17 : Parameter of language option;;SPS17_LNG;SPS17_LNG;SPS17_LNG;ALERTA(Não responde caso não exista SPS com ADR=17)!!!;;;;;;;;;;;;CDC
;;;;;;;;;;;;;;;;;;;;;;;;;;;;;;;;;;;;;;;;
331d0afdc05a425db37f44a4a59c8356;1;RW;0x0001;;Holding register;4371;Binary output;128;0;1;;1;;;;;;;SPS17;;Público;SPS17 : Comando de subir tap;SPS17 : Command of raise tap;;;;;ALERTA(Não responde caso não exista SPS com ADR=17)!!!;;;;;;;;;;;;CDC
290290784ab140cc952de3168a1f1043;1;RW;0x0002;;Holding register;4371;Binary output;129;0;1;;1;;;;;;;SPS17;;Público;SPS17 : Comando de descer tap;SPS17 : Command of lower tap;;;;;ALERTA(Não responde caso não exista SPS com ADR=17)!!!;;;;;;;;;;;;CDC
78c5756c5c7c4c2296d6ac8cfe130e9d;1;RW;0x0004;;Holding register;4371;Binary output;130;0;1;;1;;;;;;;SPS17;;Público;SPS17 : Parâmetro de modo mestre;SPS17 : Parameter of master mode;;;;;ALERTA(Não responde caso não exista SPS com ADR=17)!!!;;;;;;;;;;;;CDC
5513276f694e4b39bce1defbd945e58b;1;RW;0x0008;;Holding register;4371;Binary output;131;0;1;;1;;;;;;;SPS17;;Público;SPS17 : Parâmetro de modo comandado;SPS17 : Parameter of follower mode;;;;;ALERTA(Não responde caso não exista SPS com ADR=17)!!!;;;;;;;;;;;;CDC
793e9f5d0582472b83f9fe0b68d8ff94;1;RW;0x0010;;Holding register;4371;Binary output;132;0;1;;1;;;;;;;SPS17;;Público;SPS17 : Parâmetro de modo individual;SPS17 : Parameter of individual mode;;;;;ALERTA(Não responde caso não exista SPS com ADR=17)!!!;;;;;;;;;;;;CDC
732a0ef976fe4466a404f078eb1b4555;1;RW;0x0020;;Holding register;4371;Binary output;133;0;1;;1;;;;;;;SPS17;;Público;SPS17 : Parâmetro de modo automático/banco;SPS17 : Parameter of automatic/bank mode;;;;;ALERTA(Não responde caso não exista SPS com ADR=17)!!!;;;;;;;;;;;;CDC
741676c672444da89cb702f7f996a7c1;1;RW;0x0040;;Holding register;4371;Binary output;134;0;1;;1;;;;;;;SPS17;;Público;SPS17 : Parâmetro de modo manual/fase;SPS17 : Parameter of manual/phase mode;;;;;ALERTA(Não responde caso não exista SPS com ADR=17)!!!;;;;;;;;;;;;CDC
fa1f1e96d8094f40b97b014f70942420;1;RW;0x0080;;Holding register;4371;Binary output;135;0;1;;1;;;;;;;SPS17;;Público;SPS17 : Parâmetro de modo local/remoto;SPS17 : Parameter of local/remote mode;;;;;ALERTA(Não responde caso não exista SPS com ADR=17)!!!;;;;;;;;;;;;CDC
;;;;;;;;;;;;;;;;;;;;;;;;;;;;;;;;;;;;;;;;
becbd4fcda6a46b2ba205d5a5fb0ae12;0;RW;16;;Holding register;4608;Analog output;221;0;2;;1;;;;0=Sem paralelismo\1=Paralelismo monofásico\2=Paralelismo trifásico;0=No Parallelism\1=Single-Phase Parallelism\2=Three-Phase Parallelism;0=Sin paralelismo\1=Paralelismo monofásico\2=Paralelismo trifásico;SPS18;;Público;SPS18 : Parâmetro de modo de operação;SPS18 : Parameter of operation mode;;SPS18_MOD;SPS18_MOD;SPS18_MOD;ALERTA(Não responde caso não exista SPS com ADR=18)!!!;;;;Configuração;Configuration;;Parâmetro;;;;;CDC
94bb7872582e4b63b89a699af7e197d5;1;RW;16;;Holding register;4609;Analog output;222;2;50;;1;;;;;;;SPS18;;Público;SPS18 : Parâmetro de número de taps;SPS18 : Parameter of tap quantity;;SPS18_TAP;SPS18_TAP;SPS18_TAP;ALERTA(Não responde caso não exista SPS com ADR=18)!!!;;;;Configuração;Configuration;;Parâmetro;;;;;CDC
0c3152c2bd46447f87417b21cb908bc2;1;RW;16;;Holding register;4610;Analog output;223;0;4;;1;;;;0=Numérico bilateral\1=Numérico bilateral inverso\2=Alfanumérico\3=Alfanumérico inverso\4=Númerico simples;0=Bilateral Numeric\1=Inverser Bilateral Numeric\2=Alpha-Numeric\3=Inverse Alpha-Numeric\4=Simple Numeric;0=Numérico bilateral\1=Numérico bilateral inverso\2=Alfanumérico\3=Alfanumérico inverso\4=Númerico simple;SPS18;;Público;SPS18 : Parâmetro de tipo de indicação de tap;SPS18 : Parameter of tap indication type;;SPS18_IDC;SPS18_IDC;SPS18_IDC;ALERTA(Não responde caso não exista SPS com ADR=18)!!!;;;;;;;;;;;;CDC
ab2822a01bf84c2dae16541437a00f0f;1;RW;16;;Holding register;4611;Analog output;224;2;50;;1;;;;;;;SPS18;;Público;SPS18 : Parâmetro de posição do tap central;SPS18 : Parameter of middle tap position;;SPS18_CNT;SPS18_CNT;SPS18_CNT;ALERTA(Não responde caso não exista SPS com ADR=18)!!!;;;;Configuração;Configuration;;Parâmetro;;;;;CDC
3e76e243660749bba86f0753dc4b1f16;1;RW;16;;Holding register;4612;Analog output;225;47;200;;10;ohm;ohm;ohm;;;;SPS18;;Público;SPS18 : Parâmetro de resistência por passo;SPS18 : Parameter of resistence per step;;SPS18_RES;SPS18_RES;SPS18_RES;ALERTA(Não responde caso não exista SPS com ADR=18)!!!;;;;Configuração;Configuration;;Parâmetro;;;;;CDC
0a424952dd804b2cb3157580fbcfa2d4;1;RW;16;;Holding register;4613;Analog output;226;1;100;;1;s;s;s;;;;SPS18;;Público;SPS18 : Parâmetro de tempo para sincronismo;SPS18 : Parameter of synchronism time;;SPS18_SNC;SPS18_SNC;SPS18_SNC;ALERTA(Não responde caso não exista SPS com ADR=18)!!!;;;;Configuração;Configuration;;Parâmetro;;;;;CDC
7ea4b00d151342659d518ebc0ad21884;1;RW;16;;Holding register;4614;Analog output;227;2;25;;1;s;s;s;;;;SPS18;;Público;SPS18 : Parâmetro de tempo para alarme E04;SPS18 : Parameter of time for alarm E04;;SPS18_PRG;SPS18_PRG;SPS18_PRG;ALERTA(Não responde caso não exista SPS com ADR=18 e permite escrita 1 porém o mínimo é 2)!!!;;;;Configuração;Configuration;;Parâmetro;;;;;CDC
6004467ce35d4a2a9e094641b19a6742;1;RW;16;;Holding register;4615;Analog output;228;0;34;;1;;;;;;;SPS18;;Público;SPS18 : Parâmetro de função do relé 1;SPS18 : Parameter of relay 1 operation;;SPS18_RL1;SPS18_RL1;SPS18_RL1;ALERTA(Não responde caso não exista SPS com ADR=18)!!!;;;;;;;;;;;;CDC
41c0ada900f04cbfbba621683eb1dc63;1;RW;16;;Holding register;4616;Analog output;229;0;34;;1;;;;;;;SPS18;;Público;SPS18 : Parâmetro de função do relé 2;SPS18 : Parameter of relay 2 operation;;SPS18_RL2;SPS18_RL2;SPS18_RL2;ALERTA(Não responde caso não exista SPS com ADR=18)!!!;;;;;;;;;;;;CDC
2b3aefb693e14e89934f59408c8879b7;1;RW;16;;Holding register;4617;Analog output;230;0;34;;1;;;;;;;SPS18;;Público;SPS18 : Parâmetro de função do relé 3;SPS18 : Parameter of relay 3 operation;;SPS18_RL3;SPS18_RL3;SPS18_RL3;ALERTA(Não responde caso não exista SPS com ADR=18)!!!;;;;;;;;;;;;CDC
e90e9161f45c40fa834a44fcb50c45a0;1;RW;16;;Holding register;4618;Analog output;231;0;34;;1;;;;;;;SPS18;;Público;SPS18 : Parâmetro de função do relé 4;SPS18 : Parameter of relay 4 operation;;SPS18_RL4;SPS18_RL4;SPS18_RL4;ALERTA(Não responde caso não exista SPS com ADR=18)!!!;;;;;;;;;;;;CDC
c584dc09269c4de1916312f155b6bf75;1;RW;16;;Holding register;4619;Analog output;232;0;9;;1;;;;0=Desabilita\1=0 a 1 mA\2=-1 a 1 mA\3=0 a 5 mA\4=-5 a 5 mA\5=0 a 10 mA\6=-10 a 10 mA\7=0 a 20 mA\8=-20 a 20 mA\9=4 a 20 mA;0=Disable\1=0-1 mA\2=-1-1 mA\3=0-5 mA\4=-5-5 mA\5=0-10 mA\6=-10-10 mA\7=0-20 mA\8=-20-20 mA\9=4-20 mA;0=Desactiva\1=0-1 mA\2=-1-1 mA\3=0-5 mA\4=-5-5 mA\5=0-10 mA\6=-10-10 mA\7=0-20 mA\8=-20-20 mA\9=4-20 mA;SPS18;;Público;SPS18 : Parâmetro de opção de saída mA;SPS18 : Parameter of mA output;;SPS18_OCS;SPS18_OCS;SPS18_OCS;ALERTA(Não responde caso não exista SPS com ADR=18)!!!;;;;Configuração;Configuration;;Parâmetro;;;;;CDC
0ac668ab9dda433b8d473350f8e20f1f;1;RW;16;;Holding register;4620;Analog output;233;1;3;;1;;;;1=Português\2=Inglês\3=Espanhol;1=Portuguese\2=English\3=Spanish;1=Portugués\2=Inglés\3=Español;SPS18;;Público;SPS18 : Parâmetro de opção de idioma;SPS18 : Parameter of language option;;SPS18_LNG;SPS18_LNG;SPS18_LNG;ALERTA(Não responde caso não exista SPS com ADR=18)!!!;;;;;;;;;;;;CDC
;;;;;;;;;;;;;;;;;;;;;;;;;;;;;;;;;;;;;;;;
a5342f696a5b446e8af1803385ac8814;1;RW;0x0001;;Holding register;4627;Binary output;136;0;1;;1;;;;;;;SPS18;;Público;SPS18 : Comando de subir tap;SPS18 : Command of raise tap;;;;;ALERTA(Não responde caso não exista SPS com ADR=18)!!!;;;;;;;;;;;;CDC
87d04684740845fa81238d2ddf291df0;1;RW;0x0002;;Holding register;4627;Binary output;137;0;1;;1;;;;;;;SPS18;;Público;SPS18 : Comando de descer tap;SPS18 : Command of lower tap;;;;;ALERTA(Não responde caso não exista SPS com ADR=18)!!!;;;;;;;;;;;;CDC
d94db1a32c704d59944a5d7a49cd60a3;1;RW;0x0004;;Holding register;4627;Binary output;138;0;1;;1;;;;;;;SPS18;;Público;SPS18 : Parâmetro de modo mestre;SPS18 : Parameter of master mode;;;;;ALERTA(Não responde caso não exista SPS com ADR=18)!!!;;;;;;;;;;;;CDC
40dcacba451a4432af729c817e19c0ff;1;RW;0x0008;;Holding register;4627;Binary output;139;0;1;;1;;;;;;;SPS18;;Público;SPS18 : Parâmetro de modo comandado;SPS18 : Parameter of follower mode;;;;;ALERTA(Não responde caso não exista SPS com ADR=18)!!!;;;;;;;;;;;;CDC
9b92e1df39094e08879a2ab16c58725e;1;RW;0x0010;;Holding register;4627;Binary output;140;0;1;;1;;;;;;;SPS18;;Público;SPS18 : Parâmetro de modo individual;SPS18 : Parameter of individual mode;;;;;ALERTA(Não responde caso não exista SPS com ADR=18)!!!;;;;;;;;;;;;CDC
b3b062a4099c411f92e8fec62574dc1b;1;RW;0x0020;;Holding register;4627;Binary output;141;0;1;;1;;;;;;;SPS18;;Público;SPS18 : Parâmetro de modo automático/banco;SPS18 : Parameter of automatic/bank mode;;;;;ALERTA(Não responde caso não exista SPS com ADR=18)!!!;;;;;;;;;;;;CDC
2dcf56580f77441e91c98db0538c4a6b;1;RW;0x0040;;Holding register;4627;Binary output;142;0;1;;1;;;;;;;SPS18;;Público;SPS18 : Parâmetro de modo manual/fase;SPS18 : Parameter of manual/phase mode;;;;;ALERTA(Não responde caso não exista SPS com ADR=18)!!!;;;;;;;;;;;;CDC
c2964058b91c4f1bacdc987a446f5a5f;1;RW;0x0080;;Holding register;4627;Binary output;143;0;1;;1;;;;;;;SPS18;;Público;SPS18 : Parâmetro de modo local/remoto;SPS18 : Parameter of local/remote mode;;;;;ALERTA(Não responde caso não exista SPS com ADR=18)!!!;;;;;;;;;;;;CDC
