UUID;Teste automático;Modo;Tratamento;Tabela (Modbus);Tipo (Modbus);Registrador (Modbus);Tipo (DNP3);Índice (DNP3);Limite inferior;Limite superior;Valor default;Divisor;Unidade pt;Unidade en;Unidade es;Conversão pt;Conversão en;Conversão es;Opcional;Condicional;Nível de acesso;Descrição pt;Descrição en;Descrição es;Display pt;Display en;Display es;Observações;Funcionalidade pt;Funcionalidade en;Funcionalidade es;Grupo pt;Grupo en;Grupo es;Classificação;Gráfico rápido;Histórico de dados;IEC 61850;Link;CDC
7230ed3a05094fa68107863ce4b288d5;0;RW;Bit;TabAutoTeste;Coil;0;Binary output;0;0;1;0;1;;;;;;;;;Privado;Entrar no modo auto teste;Enter auto test mode;;;;;;;;;;;;;;;;;
;;;;;;;;;;;;;;;;;;;;;;;;;;;;;;;;;;;;;;;;
5ce95a54ab134a6595dfa6567beb8a5c;1;RW;16;TabParametrosGerais;Holding register;1000;Analog output;0;0;120;30;1;dias;days;días;;;;;;Público;Parâmetro de constante de tempo para cálculo de tendências de evolução;Parameter of time constant to calculate evolution trends;Parámetro de constante de tiempo para cálculo de tendencias de evolución;;;;;Geral;General;;Configuração;Configuration;Configuración;Parâmetro;;;SDBBM$LPHD1$SP$TmTndClc$setMag$i \ SDBBM$LPHD1$SP$TmTndClc$setMag$f;;
48950b67ab0b46c3be94f8114bc3b89d;1;RW;16;TabParametrosGerais;Holding register;1001;Analog output;1;30;1200;240;1;s;s;s;;;;;;Fábrica;Parâmetro de tempo entre amostras;Parameter of time interval between samples;;;;;;;;;;;;Parâmetro;;;;;
8f0f42669bb54ec9a715fbcb2c1a92a4;1;RW;16;TabParametrosGerais;Holding register;1002;Analog output;2;10;2600;2520;1;;;;;;;;;Fábrica;Parâmetro de número de amostras para tangente delta;Parameter of number of tangent delta samples;;;;;;Geral;General;;Configuração;Configuration;Configuración;Parâmetro;;;SDBBM$LPHD1$SP$LosFactSmp$setMag$i \ SDBBM$LPHD1$SP$LosFactSmp$setMag$f;;
0a8e4159c1aa4c81a3dfa22131826c90;1;RW;16;TabParametrosGerais;Holding register;1003;Analog output;3;10;2600;2520;1;;;;;;;;;Fábrica;Parâmetro de número de amostras para capacitância;Parameter of number of capacitance samples;;;;;;Geral;General;;Configuração;Configuration;Configuración;Parâmetro;;;SDBBM$LPHD1$SP$ReactSmp$setMag$i \ SDBBM$LPHD1$SP$ReactSmp$setMag$f;;
4f8d2e72cee748c198ebe0238a78e136;1;RW;16;TabParametrosGerais;Holding register;1004;Analog output;4;1;5;1;1;;;;;;;;;Fábrica;Parâmetro de número de desvios padrões utilizados para filtro;Parameter of number of standard deviations used for filter;;;;;;;;;;;;Parâmetro;;;;;
d2c92d960dde4779ac530a41fcf4b395;1;RW;16;TabParametrosGerais;Holding register;1005;Analog output;5;0;200;5;10;%;%;%;;;;;;Público;Parâmetro de histerese dos alarmes;Parameter of alarms hysteresis;;;;;;Geral;General;;Configuração;Configuration;Configuración;Parâmetro;;;SDBBM$LPHD1$SP$AlmTm$setMag$i \ SDBBM$LPHD1$SP$AlmTm$setMag$f;;
;;;;;;;;;;;;;;;;;;;;;;;;;;;;;;;;;;;;;;;;
874ff49293b14434a54496df506358f5;1;RW;Bit;TabParametrosCompCalc;Coil;1000;Binary output;1;0;1;1;1;;;;0=OFF\1=ON;0=OFF\1=ON;0=OFF\1=ON;;;Fábrica;Parâmetro de compensação conjunto 1;Parameter of compensation set 1;;;;;;;;;;;;Parâmetro;;;;;
e3c50d09cf8e4042abd56365059e5806;1;RW;Bit;TabParametrosCompCalc;Coil;1001;Binary output;2;0;1;1;1;;;;0=OFF\1=ON;0=OFF\1=ON;0=OFF\1=ON;;;Fábrica;Parâmetro de compensação conjunto 2;Parameter of compensation set 2;;;;;;;;;;;;Parâmetro;;;;;
53aae1b99b4c4912937f7d65aa3297c4;1;RW;Bit;TabParametrosCompCalc;Coil;1002;Binary output;3;0;1;0;1;;;;0=OFF\1=ON;0=OFF\1=ON;0=OFF\1=ON;;;Público;Parâmetro de habilitar monitoramento no conjunto 1;Indication of monitoring status in set 1;;;;;;Geral;General;;Configuração;Configuration;Configuración;Parâmetro;;;SDBSET1$ZBSH4$SP$Ena$setMag$i \ SDBSET1$ZBSH4$SP$Ena$setMag$f;;
e69b35884f4243ccb7c3857ef865c95d;1;RW;Bit;TabParametrosCompCalc;Coil;1003;Binary output;4;0;1;0;1;;;;0=OFF\1=ON;0=OFF\1=ON;0=OFF\1=ON;;;Público;Parâmetro de habilitar monitoramento no conjunto 2;Indication of monitoring status in set 2;;;;;;Geral;General;;Configuração;Configuration;Configuración;Parâmetro;;;SDBSET2$ZBSH4$SP$Ena$setMag$i \ SDBSET2$ZBSH4$SP$Ena$setMag$f;;
;;;;;;;;;;;;;;;;;;;;;;;;;;;;;;;;;;;;;;;;
a3d75494cd6b46c78686bff39cef4e67;1;RW;16;TabParametrosCalcConj1;Holding register;2000;Analog output;6;0;1000;10;1;%;%;%;;;;;;Fábrica;Parâmetro de dif max. Entre cálculos redundantes tg. Delta Conjunto 1;Parameter of max difference between redundant tg. Delta calculations set 1;;;;;;;;;;;;Parâmetro;;;;;
7207ff74f0e0400f8a0c6aa19cf351d7;1;RW;16;TabParametrosCalcConj1;Holding register;2001;Analog output;7;0;5000;450;1000;%;%;%;;;;;;Fábrica;Parâmetro de curva de relevância XA Conjunto 1;Parameter of XA relevance curve set 1;;;;;;;;;;;;Parâmetro;;;;;
5410fc1ae0084c5fae2f4a4113fc8599;1;RW;16;TabParametrosCalcConj1;Holding register;2002;Analog output;8;0;5000;750;1000;%;%;%;;;;;;Fábrica;Parâmetro de curva de relevância XB Conjunto 1;Parameter of XB relevance curve set 1;;;;;;;;;;;;Parâmetro;;;;;
61845dd8982d4a5fbd56cf3a44402ed8;1;RW;16;TabParametrosCalcConj1;Holding register;2003;Analog output;9;0;5000;150;1000;%;%;%;;;;;;Fábrica;Parâmetro de curva de relevância YA Conjunto 1;Parameter of YA relevance curve set 1;;;;;;;;;;;;Parâmetro;;;;;
62a7273679464db8bc142e86c8179df3;1;RW;16;TabParametrosCalcConj1;Holding register;2004;Analog output;10;500;32000;5000;10;pF;pF;pF;;;;;;Público;Parâmetro de valor inicial de capacitância - Conjunto 1 - Fase A;Parameter of capacitance initial value - Set 1 - Phase A;;;;;;Conjunto 1;Set 1;;Valores iniciais;Initial values;Valores iniciales;Parâmetro;;Sim;SDBSET1$ZBSH1$SP$RefReact$setMag$i \ SDBSET1$ZBSH1$SP$RefReact$setMag$f;;
460ab0e5edc14af1b315eb31c0fb28b2;1;RW;16;TabParametrosCalcConj1;Holding register;2005;Analog output;11;10;32000;300;1000;%;%;%;;;;;;Público;Parâmetro de valor inicial de tangente delta - Conjunto 1 - Fase A;Parameter of tangent delta initial value - Set 1 - Phase A;;;;;;Conjunto 1;Set 1;;Valores iniciais;Initial values;Valores iniciales;Parâmetro;;Sim;SDBSET1$ZBSH1$SP$RefLosFact$setMag$i \ SDBSET1$ZBSH1$SP$RefLosFact$setMag$f;;
924a2046e7bc42b18a2364f8733e417b;1;RW;16;TabParametrosCalcConj1;Holding register;2006;Analog output;12;500;32000;5000;10;pF;pF;pF;;;;;;Público;Parâmetro de valor inicial de capacitância - Conjunto 1 - Fase B;Parameter of capacitance initial value - Set 1 - Phase B;;;;;;Conjunto 1;Set 1;;Valores iniciais;Initial values;Valores iniciales;Parâmetro;;Sim;SDBSET1$ZBSH2$SP$RefReact$setMag$i \ SDBSET1$ZBSH2$SP$RefReact$setMag$f;;
9528334c2c8c49b19a9576222e4e4395;1;RW;16;TabParametrosCalcConj1;Holding register;2007;Analog output;13;10;32000;300;1000;%;%;%;;;;;;Público;Parâmetro de valor inicial de tangente delta - Conjunto 1 - Fase B;Parameter of tangent delta initial value - Set 1 - Phase B;;;;;;Conjunto 1;Set 1;;Valores iniciais;Initial values;Valores iniciales;Parâmetro;;Sim;SDBSET1$ZBSH2$SP$RefLosFact$setMag$i \ SDBSET1$ZBSH2$SP$RefLosFact$setMag$f;;
8454c376d3a94e51996d7114cd637841;1;RW;16;TabParametrosCalcConj1;Holding register;2008;Analog output;14;500;32000;5000;10;pF;pF;pF;;;;;;Público;Parâmetro de valor inicial de capacitância - Conjunto 1 - Fase C;Parameter of capacitance initial value - Set 1 - Phase C;;;;;;Conjunto 1;Set 1;;Valores iniciais;Initial values;Valores iniciales;Parâmetro;;Sim;SDBSET1$ZBSH3$SP$RefReact$setMag$i \ SDBSET1$ZBSH3$SP$RefReact$setMag$f;;
84195832f19f45bcacd29ae019f9a8f4;1;RW;16;TabParametrosCalcConj1;Holding register;2009;Analog output;15;10;32000;300;1000;%;%;%;;;;;;Público;Parâmetro de valor inicial de tangente delta - Conjunto 1 - Fase C;Parameter of tangent delta initial value - Set 1 - Phase C;;;;;;Conjunto 1;Set 1;;Valores iniciais;Initial values;Valores iniciales;Parâmetro;;Sim;SDBSET1$ZBSH3$SP$RefLosFact$setMag$i \ SDBSET1$ZBSH3$SP$RefLosFact$setMag$f;;
;;;;;;;;;;;;;;;;;;;;;;;;;;;;;;;;;;;;;;;;
0046e548d8a84af5981e1eaf19a9197d;1;RW;16;TabParametrosCalcConj2;Holding register;2100;Analog output;16;0;1000;10;1;%;%;%;;;;;;Fábrica;Parâmetro de dif max. Entre cálculos redundantes tg. Delta Conjunto 2;Parameter of max difference between redundant tg. Delta calculations set 2;;;;;;;;;;;;Parâmetro;;;;;
27db7e47a5b94f5db84f932747dbf59d;1;RW;16;TabParametrosCalcConj2;Holding register;2101;Analog output;17;0;5000;450;1000;%;%;%;;;;;;Fábrica;Parâmetro de curva de relevância XA Conjunto 2;Parameter of XA relevance curve set 2;;;;;;;;;;;;Parâmetro;;;;;
a72f63691972444781286cd8990b181f;1;RW;16;TabParametrosCalcConj2;Holding register;2102;Analog output;18;0;5000;750;1000;%;%;%;;;;;;Fábrica;Parâmetro de curva de relevância XB Conjunto 2;Parameter of XB relevance curve set 2;;;;;;;;;;;;Parâmetro;;;;;
f60e116c55be42b19fded6a78dcf6f60;1;RW;16;TabParametrosCalcConj2;Holding register;2103;Analog output;19;0;5000;150;1000;%;%;%;;;;;;Fábrica;Parâmetro de curva de relevância YA Conjunto 2;Parameter of YA relevance curve set 2;;;;;;;;;;;;Parâmetro;;;;;
cf98f39c297f4429a8b371de78b6bc64;1;RW;16;TabParametrosCalcConj2;Holding register;2104;Analog output;20;500;32000;5000;10;pF;pF;pF;;;;;;Público;Parâmetro de valor inicial de capacitância - Conjunto 2 - Fase A;Parameter of capacitance initial value - Set 2 - Phase A;;;;;;Conjunto 2;Set 2;;Valores iniciais;Initial values;Valores iniciales;Parâmetro;;Sim;SDBSET2$ZBSH1$SP$RefReact$setMag$i \ SDBSET2$ZBSH1$SP$RefReact$setMag$f;;
6bb1af2dee634803b2f884ed4e8a6c6e;1;RW;16;TabParametrosCalcConj2;Holding register;2105;Analog output;21;10;32000;300;1000;%;%;%;;;;;;Público;Parâmetro de valor inicial de tangente delta - Conjunto 2 - Fase A;Parameter of tangent delta initial value - Set 2 - Phase A;;;;;;Conjunto 2;Set 2;;Valores iniciais;Initial values;Valores iniciales;Parâmetro;;Sim;SDBSET2$ZBSH1$SP$RefLosFact$setMag$i \ SDBSET2$ZBSH1$SP$RefLosFact$setMag$f;;
d7d94fb93d7446dda1b65317fcc5e0a5;1;RW;16;TabParametrosCalcConj2;Holding register;2106;Analog output;22;500;32000;5000;10;pF;pF;pF;;;;;;Público;Parâmetro de valor inicial de capacitância - Conjunto 2 - Fase B;Parameter of capacitance initial value - Set 2 - Phase B;;;;;;Conjunto 2;Set 2;;Valores iniciais;Initial values;Valores iniciales;Parâmetro;;Sim;SDBSET2$ZBSH2$SP$RefReact$setMag$i \ SDBSET2$ZBSH2$SP$RefReact$setMag$f;;
182c21c6702b4e30bc07e40b1484704f;1;RW;16;TabParametrosCalcConj2;Holding register;2107;Analog output;23;10;32000;300;1000;%;%;%;;;;;;Público;Parâmetro de valor inicial de tangente delta - Conjunto 2 - Fase B;Parameter of tangent delta initial value - Set 2 - Phase B;;;;;;Conjunto 2;Set 2;;Valores iniciais;Initial values;Valores iniciales;Parâmetro;;Sim;SDBSET2$ZBSH2$SP$RefLosFact$setMag$i \ SDBSET2$ZBSH2$SP$RefLosFact$setMag$f;;
5e1ad8ba20c2445cbfd7710a542f649c;1;RW;16;TabParametrosCalcConj2;Holding register;2108;Analog output;24;500;32000;5000;10;pF;pF;pF;;;;;;Público;Parâmetro de valor inicial de capacitância - Conjunto 2 - Fase C;Parameter of capacitance initial value - Set 2 - Phase C;;;;;;Conjunto 2;Set 2;;Valores iniciais;Initial values;Valores iniciales;Parâmetro;;Sim;SDBSET2$ZBSH3$SP$RefReact$setMag$i \ SDBSET2$ZBSH3$SP$RefReact$setMag$f;;
bbf6fa66cd4147829f5e749542d397b7;1;RW;16;TabParametrosCalcConj2;Holding register;2109;Analog output;25;10;32000;300;1000;%;%;%;;;;;;Público;Parâmetro de valor inicial de tangente delta - Conjunto 2 - Fase C;Parameter of tangent delta initial value - Set 2 - Phase C;;;;;;Conjunto 2;Set 2;;Valores iniciais;Initial values;Valores iniciales;Parâmetro;;Sim;SDBSET2$ZBSH3$SP$RefLosFact$setMag$i \ SDBSET2$ZBSH3$SP$RefLosFact$setMag$f;;
;;;;;;;;;;;;;;;;;;;;;;;;;;;;;;;;;;;;;;;;
d968de8a50d849c2b6750d3740a5662d;1;RW;Bit;TabAlarmesAutoMode;Coil;2000;Binary output;5;0;1;0;1;;;;0=OFF\1=ON;0=OFF\1=ON;0=OFF\1=ON;;;Público;Parâmetro de habilitar modo automático dos alarmes de capacitância;Parameter for activating the automatic mode of capacitance alarms;;;;;;Geral;General;;Configuração;Configuration;Configuración;Parâmetro;;;SDBBM$LPHD1$SP$AutoReact$setMag$i \ SDBBM$LPHD1$SP$AutoReact$setMag$f;;
5d96c911b8404f20bb70b67ad76773bf;1;RW;Bit;TabAlarmesAutoMode;Coil;2001;Binary output;6;0;1;0;1;;;;0=OFF\1=ON;0=OFF\1=ON;0=OFF\1=ON;;;Público;Parâmetro de habilitar modo automático dos alarmes de tangente;Parameter for activating the automatic mode of tangent alarms;;;;;;Geral;General;;Configuração;Configuration;Configuración;Parâmetro;;;SDBBM$LPHD1$SP$AutoLosFact$setMag$i \ SDBBM$LPHD1$SP$AutoLosFact$setMag$f;;
7d12c2c902ba44f49f77266a0cd31f50;1;RW;Bit;TabAlarmesAutoMode;Coil;2002;Binary output;7;0;1;0;1;;;;0=OFF\1=ON;0=OFF\1=ON;0=OFF\1=ON;;;Público;Parâmetro de habilitar modo automático dos alarmes de corrente de fuga;Parameter for activating the automatic mode of leakage current alarms;;;;;;Geral;General;;Configuração;Configuration;Configuración;Parâmetro;;;SDBBM$LPHD1$SP$AutoLeakA$setMag$i \ SDBBM$LPHD1$SP$AutoLeakA$setMag$f;;
;;;;;;;;;;;;;;;;;;;;;;;;;;;;;;;;;;;;;;;;
5917788f15fc478da58d34608bd8fe00;1;RW;16;TabIfugaGeral;Holding register;3000;Analog output;26;1;2000;150;1;%;%;%;;;;;;Público;Parâmetro de alarme percentual por corrente de fuga - Alta - Geral;Parameter of percentual alarms by leakage current - High;;;;;;Geral;General;;Alarmes percentuais;Percentage alarms;Alarmas de porcentaje;Parâmetro;;;SDBBM$LPHD1$SP$LeakAPctHi$setMag$i \ SDBBM$LPHD1$SP$LeakAPctHi$setMag$f;;
a31ae50aa7b74a94a179027c7df5bade;1;RW;16;TabIfugaGeral;Holding register;3001;Analog output;27;1;2000;200;1;%;%;%;;;;;;Público;Parâmetro de alarme percentual por corrente de fuga - Muito alta - Geral;Parameter of percentual alarms by leakage current - Very high;;;;;;Geral;General;;Alarmes percentuais;Percentage alarms;Alarmas de porcentaje;Parâmetro;;;SDBBM$LPHD1$SP$LeakAPctHiHi$setMag$i \ SDBBM$LPHD1$SP$LeakAPctHiHi$setMag$f;;
8b5d62298c3243488118705125c2b813;1;RW;16;TabIfugaGeral;Holding register;3002;Analog output;28;20;80;50;1;%;%;%;;;;;;Público;Parâmetro de autodiagnóstico percentual por corrente de fuga - Baixa - Geral;Parameter of percentual self-diagnostic by leakage current - Low;;;;;;Geral;General;;Autodiagnósticos;Self-diagnosis;Autodiagnósticos;Parâmetro;;;SDBBM$LPHD1$SP$LeakAPctLo$setMag$i \ SDBBM$LPHD1$SP$LeakAPctLo$setMag$f;;
fc8717e811f64de0ab84f522d535abd1;1;RW;16;TabIfugaGeral;Holding register;3003;Analog output;29;1;50;10;1;%;%;%;;;;;;Público;Parâmetro de alarme percentual por corrente de fuga - Histerese;Parameter of percentual alarms by leakage current - Histeresis;;;;;;Geral;General;;Configuração;Configuration;Configuración;Parâmetro;;;SDBBM$LPHD1$SP$LeakAPctHys$setMag$i \ SDBBM$LPHD1$SP$LeakAPctHys$setMag$f;;
;;;;;;;;;;;;;;;;;;;;;;;;;;;;;;;;;;;;;;;;
6b5060b5e60c4752833151dd39c345d4;1;RW;16;TabTempoAlarmesIfugaConj1;Holding register;3100;Analog output;30;30;1800;60;1;s;s;s;;;;;;Público;Parâmetro de tempo para alarme por corrente de fuga - Alta - Conjunto 1;Parameter of time for alarm by leakage current - High - Set 1;;;;;;Conjunto 1;Set 1;;Tempo para alarmes;Time for alarm;Tiempo para  alarmas;Parâmetro;;;SDBSET1$ZBSH4$SP$TmLeakAHi$setMag$i \ SDBSET1$ZBSH4$SP$TmLeakAHi$setMag$f;;
599f7ee8f53c435f984ab04b9eac2088;1;RW;16;TabTempoAlarmesIfugaConj1;Holding register;3101;Analog output;31;30;1800;60;1;s;s;s;;;;;;Público;Parâmetro de tempo para alarme por corrente de fuga - Muito alta - Conjunto 1;Parameter of time for alarm by leakage current - Very high - Set 1;;;;;;Conjunto 1;Set 1;;Tempo para alarmes;Time for alarm;Tiempo para  alarmas;Parâmetro;;;SDBSET1$ZBSH4$SP$TmLeakAHiHi$setMag$i \ SDBSET1$ZBSH4$SP$TmLeakAHiHi$setMag$f;;
;;;;;;;;;;;;;;;;;;;;;;;;;;;;;;;;;;;;;;;;
dba54fe3343d4d5ca32193c422f69fcb;1;RW;16;TabAlarmesIfugaLimiarConj1;Holding register;3200;Analog output;32;8;10000;1000;100;mA;mA;mA;;;;;;Público;Parâmetro de corrente de fuga mínima - Conjunto 1 - Fase A;Parameter of minimal leakage current - Set 1 - Phase A;;;;;;Conjunto 1;Set 1;;Alarmes - Corrente de fuga;Alarms - Leakage current;Alarmas - Corriente de fuga;Parâmetro;;Sim;SDBSET1$ZBSH1$SP$MinLeakA$setMag$i \ SDBSET1$ZBSH1$SP$MinLeakA$setMag$f;;
55539e8403ed448393a5cf138d7d6e43;1;RW;16;TabAlarmesIfugaLimiarConj1;Holding register;3201;Analog output;33;1;15000;8000;100;mA;mA;mA;;;;;;Público;Parâmetro de alarme por corrente de fuga - Alta - Conjunto 1 - Fase A;Parameter of alarm by leakage current - High - Set 1 - Phase A;;;;;;Conjunto 1;Set 1;;Alarmes - Corrente de fuga;Alarms - Leakage current;Alarmas - Corriente de fuga;Parâmetro;;Sim;SDBSET1$ZBSH1$SP$LeakA$setMag$i \ SDBSET1$ZBSH1$SP$LeakA$setMag$f;;
ea9a671903a04dcd865bac9d9c02796d;1;RW;16;TabAlarmesIfugaLimiarConj1;Holding register;3202;Analog output;34;1;15000;9000;100;mA;mA;mA;;;;;;Público;Parâmetro de alarme por corrente de fuga - Muito alta - Conjunto 1 - Fase A;Parameter of alarm by leakage current - Very high - Set 1 - Phase A;;;;;;Conjunto 1;Set 1;;Alarmes - Corrente de fuga;Alarms - Leakage current;Alarmas - Corriente de fuga;Parâmetro;;Sim;SDBSET1$ZBSH1$SP$LeakAHi$setMag$i \ SDBSET1$ZBSH1$SP$LeakAHi$setMag$f;;
a04f5c0c295240489e4d41fc1593446d;1;RW;16;TabAlarmesIfugaLimiarConj1;Holding register;3203;Analog output;35;8;10000;1000;100;mA;mA;mA;;;;;;Público;Parâmetro de corrente de fuga mínima - Conjunto 1 - Fase B;Parameter of minimal leakage current - Set 1 - Phase B;;;;;;Conjunto 1;Set 1;;Alarmes - Corrente de fuga;Alarms - Leakage current;Alarmas - Corriente de fuga;Parâmetro;;Sim;SDBSET1$ZBSH2$SP$MinLeakA$setMag$i \ SDBSET1$ZBSH2$SP$MinLeakA$setMag$f;;
da6ae0bfdcbe4e0fb869b6666ebd23bc;1;RW;16;TabAlarmesIfugaLimiarConj1;Holding register;3204;Analog output;36;1;15000;8000;100;mA;mA;mA;;;;;;Público;Parâmetro de alarme por corrente de fuga - Alta - Conjunto 1 - Fase B;Parameter of alarm by leakage current - High - Set 1 - Phase B;;;;;;Conjunto 1;Set 1;;Alarmes - Corrente de fuga;Alarms - Leakage current;Alarmas - Corriente de fuga;Parâmetro;;Sim;SDBSET1$ZBSH2$SP$LeakA$setMag$i \ SDBSET1$ZBSH2$SP$LeakA$setMag$f;;
57e4e00ac4f74607af28355c810e3332;1;RW;16;TabAlarmesIfugaLimiarConj1;Holding register;3205;Analog output;37;1;15000;9000;100;mA;mA;mA;;;;;;Público;Parâmetro de alarme por corrente de fuga - Muito alta - Conjunto 1 - Fase B;Parameter of alarm by leakage current - Very high - Set 1 - Phase B;;;;;;Conjunto 1;Set 1;;Alarmes - Corrente de fuga;Alarms - Leakage current;Alarmas - Corriente de fuga;Parâmetro;;Sim;SDBSET1$ZBSH2$SP$LeakAHi$setMag$i \ SDBSET1$ZBSH2$SP$LeakAHi$setMag$f;;
c96dad184d274d948615c256cf7b07eb;1;RW;16;TabAlarmesIfugaLimiarConj1;Holding register;3206;Analog output;38;8;10000;1000;100;mA;mA;mA;;;;;;Público;Parâmetro de corrente de fuga mínima - Conjunto 1 - Fase C;Parameter of minimal leakage current - Set 1 - Phase C;;;;;;Conjunto 1;Set 1;;Alarmes - Corrente de fuga;Alarms - Leakage current;Alarmas - Corriente de fuga;Parâmetro;;Sim;SDBSET1$ZBSH3$SP$MinLeakA$setMag$i \ SDBSET1$ZBSH3$SP$MinLeakA$setMag$f;;
a71b97310dfe4ab9a5c88b05ace2feb6;1;RW;16;TabAlarmesIfugaLimiarConj1;Holding register;3207;Analog output;39;1;15000;8000;100;mA;mA;mA;;;;;;Público;Parâmetro de alarme por corrente de fuga - Alta - Conjunto 1 - Fase C;Parameter of alarm by leakage current - High - Set 1 - Phase C;;;;;;Conjunto 1;Set 1;;Alarmes - Corrente de fuga;Alarms - Leakage current;Alarmas - Corriente de fuga;Parâmetro;;Sim;SDBSET1$ZBSH3$SP$LeakA$setMag$i \ SDBSET1$ZBSH3$SP$LeakA$setMag$f;;
92bd33c4112545f888c83fac61903765;1;RW;16;TabAlarmesIfugaLimiarConj1;Holding register;3208;Analog output;40;1;15000;9000;100;mA;mA;mA;;;;;;Público;Parâmetro de alarme por corrente de fuga - Muito alta - Conjunto 1 - Fase C;Parameter of alarm by leakage current - Very high - Set 1 - Phase C;;;;;;Conjunto 1;Set 1;;Alarmes - Corrente de fuga;Alarms - Leakage current;Alarmas - Corriente de fuga;Parâmetro;;Sim;SDBSET1$ZBSH3$SP$LeakAHi$setMag$i \ SDBSET1$ZBSH3$SP$LeakAHi$setMag$f;;
;;;;;;;;;;;;;;;;;;;;;;;;;;;;;;;;;;;;;;;;
e0094e8112214659a853f9b38b00787e;1;RW;16;TabTempoAlarmesIfugaConj2;Holding register;3300;Analog output;41;30;1800;60;1;s;s;s;;;;;;Público;Parâmetro de tempo para alarme por corrente de fuga - Alta - Conjunto 2;Parameter of time for alarm by leakage current - High - Set 2;;;;;;Conjunto 2;Set 2;;Tempo para alarmes;Time for alarm;Tiempo para  alarmas;Parâmetro;;;SDBSET2$ZBSH4$SP$TmLeakAHi$setMag$i \ SDBSET2$ZBSH4$SP$TmLeakAHi$setMag$f;;
de55c0742add46cc8848d5f06654fb4a;1;RW;16;TabTempoAlarmesIfugaConj2;Holding register;3301;Analog output;42;30;1800;60;1;s;s;s;;;;;;Público;Parâmetro de tempo para alarme por corrente de fuga - Muito alta - Conjunto 2;Parameter of time for alarm by leakage current - Very high - Set 2;;;;;;Conjunto 2;Set 2;;Tempo para alarmes;Time for alarm;Tiempo para  alarmas;Parâmetro;;;SDBSET2$ZBSH4$SP$TmLeakAHiHi$setMag$i \ SDBSET2$ZBSH4$SP$TmLeakAHiHi$setMag$f;;
;;;;;;;;;;;;;;;;;;;;;;;;;;;;;;;;;;;;;;;;
df747684a4a14dbdae37473bcb51bb6c;1;RW;16;TabAlarmesIfugaLimiarConj2;Holding register;3400;Analog output;43;8;10000;1000;100;mA;mA;mA;;;;;;Público;Parâmetro de corrente de fuga mínima - Conjunto 2 - Fase A;Parameter of minimal leakage current - Set 2 - Phase A;;;;;;Conjunto 2;Set 2;;Alarmes - Corrente de fuga;Alarms - Leakage current;Alarmas - Corriente de fuga;Parâmetro;;Sim;SDBSET2$ZBSH1$SP$MinLeakA$setMag$i \ SDBSET2$ZBSH1$SP$MinLeakA$setMag$f;;
2a3c072001be4dbd9001de3baeedd71d;1;RW;16;TabAlarmesIfugaLimiarConj2;Holding register;3401;Analog output;44;1;15000;8000;100;mA;mA;mA;;;;;;Público;Parâmetro de alarme por corrente de fuga - Alta - Conjunto 2 - Fase A;Parameter of alarm by leakage current - High - Set 2 - Phase A;;;;;;Conjunto 2;Set 2;;Alarmes - Corrente de fuga;Alarms - Leakage current;Alarmas - Corriente de fuga;Parâmetro;;Sim;SDBSET2$ZBSH1$SP$LeakA$setMag$i \ SDBSET2$ZBSH1$SP$LeakA$setMag$f;;
efc81873ac154c65a504b49fae417a3c;1;RW;16;TabAlarmesIfugaLimiarConj2;Holding register;3402;Analog output;45;1;15000;9000;100;mA;mA;mA;;;;;;Público;Parâmetro de alarme por corrente de fuga - Muito alta - Conjunto 2 - Fase A;Parameter of alarm by leakage current - Very high - Set 2 - Phase A;;;;;;Conjunto 2;Set 2;;Alarmes - Corrente de fuga;Alarms - Leakage current;Alarmas - Corriente de fuga;Parâmetro;;Sim;SDBSET2$ZBSH1$SP$LeakAHi$setMag$i \ SDBSET2$ZBSH1$SP$LeakAHi$setMag$f;;
a4a849d3825c46a6b7232a7a2ec42eef;1;RW;16;TabAlarmesIfugaLimiarConj2;Holding register;3403;Analog output;46;8;10000;1000;100;mA;mA;mA;;;;;;Público;Parâmetro de corrente de fuga mínima - Conjunto 2 - Fase B;Parameter of minimal leakage current - Set 2 - Phase B;;;;;;Conjunto 2;Set 2;;Alarmes - Corrente de fuga;Alarms - Leakage current;Alarmas - Corriente de fuga;Parâmetro;;Sim;SDBSET2$ZBSH2$SP$MinLeakA$setMag$i \ SDBSET2$ZBSH2$SP$MinLeakA$setMag$f;;
db924754808d49e5a1dfdec06facfe95;1;RW;16;TabAlarmesIfugaLimiarConj2;Holding register;3404;Analog output;47;1;15000;8000;100;mA;mA;mA;;;;;;Público;Parâmetro de alarme por corrente de fuga - Alta - Conjunto 2 - Fase B;Parameter of alarm by leakage current - High - Set 2 - Phase B;;;;;;Conjunto 2;Set 2;;Alarmes - Corrente de fuga;Alarms - Leakage current;Alarmas - Corriente de fuga;Parâmetro;;Sim;SDBSET2$ZBSH2$SP$LeakA$setMag$i \ SDBSET2$ZBSH2$SP$LeakA$setMag$f;;
5f0050f5957f4e4292523c0503fe69ae;1;RW;16;TabAlarmesIfugaLimiarConj2;Holding register;3405;Analog output;48;1;15000;9000;100;mA;mA;mA;;;;;;Público;Parâmetro de alarme por corrente de fuga - Muito alta - Conjunto 2 - Fase B;Parameter of alarm by leakage current - Very high - Set 2 - Phase B;;;;;;Conjunto 2;Set 2;;Alarmes - Corrente de fuga;Alarms - Leakage current;Alarmas - Corriente de fuga;Parâmetro;;Sim;SDBSET2$ZBSH2$SP$LeakAHi$setMag$i \ SDBSET2$ZBSH2$SP$LeakAHi$setMag$f;;
4d9b041f5e7e46fbb949c244ce14eaa3;1;RW;16;TabAlarmesIfugaLimiarConj2;Holding register;3406;Analog output;49;8;10000;1000;100;mA;mA;mA;;;;;;Público;Parâmetro de corrente de fuga mínima - Conjunto 2 - Fase C;Parameter of minimal leakage current - Set 2 - Phase C;;;;;;Conjunto 2;Set 2;;Alarmes - Corrente de fuga;Alarms - Leakage current;Alarmas - Corriente de fuga;Parâmetro;;Sim;SDBSET2$ZBSH3$SP$MinLeakA$setMag$i \ SDBSET2$ZBSH3$SP$MinLeakA$setMag$f;;
b7f25b1312604b40805aa92f0684feb8;1;RW;16;TabAlarmesIfugaLimiarConj2;Holding register;3407;Analog output;50;1;15000;8000;100;mA;mA;mA;;;;;;Público;Parâmetro de alarme por corrente de fuga - Alta - Conjunto 2 - Fase C;Parameter of alarm by leakage current - High - Set 2 - Phase C;;;;;;Conjunto 2;Set 2;;Alarmes - Corrente de fuga;Alarms - Leakage current;Alarmas - Corriente de fuga;Parâmetro;;Sim;SDBSET2$ZBSH3$SP$LeakA$setMag$i \ SDBSET2$ZBSH3$SP$LeakA$setMag$f;;
58f6323ad13240cdbdfea3d2a255c82a;1;RW;16;TabAlarmesIfugaLimiarConj2;Holding register;3408;Analog output;51;1;15000;9000;100;mA;mA;mA;;;;;;Público;Parâmetro de alarme por corrente de fuga - Muito alta - Conjunto 2 - Fase C;Parameter of alarm by leakage current - Very high - Set 2 - Phase C;;;;;;Conjunto 2;Set 2;;Alarmes - Corrente de fuga;Alarms - Leakage current;Alarmas - Corriente de fuga;Parâmetro;;Sim;SDBSET2$ZBSH3$SP$LeakAHi$setMag$i \ SDBSET2$ZBSH3$SP$LeakAHi$setMag$f;;
;;;;;;;;;;;;;;;;;;;;;;;;;;;;;;;;;;;;;;;;
e88aec90661d4d62a779a4318d220ef1;1;RW;16;TabAlarmsParamGeral;Holding register;4000;Analog output;52;0;32000;300;100;%;%;%;;;;;;Público;Parâmetro de alarme percentual por alarme por capacitância - Alta - Geral;Parameter of alarm by capacitance auto - High - General;;;;;;Geral;General;;Alarmes percentuais;Percentage alarms;Alarmas de porcentaje;Parâmetro;;;SDBBM$LPHD1$SP$ReactPctHiHi$setMag$i \ SDBBM$LPHD1$SP$ReactPctHiHi$setMag$f;;
0ab164c41b07417c8cd4c65d78090da9;1;RW;16;TabAlarmsParamGeral;Holding register;4001;Analog output;53;0;32000;500;100;%;%;%;;;;;;Público;Parâmetro de alarme percentual por alarme por capacitância - Muito alta - Geral;Parameter of alarm by capacitance auto - Very high - General;;;;;;Geral;General;;Alarmes percentuais;Percentage alarms;Alarmas de porcentaje;Parâmetro;;;SDBBM$LPHD1$SP$ReactPctHi$setMag$i \ SDBBM$LPHD1$SP$ReactPctHi$setMag$f;;
851b6440cc954e5796e85d6596ab815a;1;RW;16;TabAlarmsParamGeral;Holding register;4002;Analog output;54;0;32000;100;1;%;%;%;;;;;;Público;Parâmetro de alarme percentual por alarme por tangente delta - Alta - Geral;Parameter of alarm by tangent delta auto - High - General;;;;;;Geral;General;;Alarmes percentuais;Percentage alarms;Alarmas de porcentaje;Parâmetro;;;SDBBM$LPHD1$SP$AmpPctLosFactHi$setMag$i \ SDBBM$LPHD1$SP$AmpPctLosFactHi$setMag$f;;
96a62fdde93143a1b35126e5dd73c8e5;1;RW;16;TabAlarmsParamGeral;Holding register;4003;Analog output;55;0;32000;200;1;%;%;%;;;;;;Público;Parâmetro de alarme percentual por alarme por tangente delta - Muito alta - Geral;Parameter of alarm by tangent delta auto - Very high - General;;;;;;Geral;General;;Alarmes percentuais;Percentage alarms;Alarmas de porcentaje;Parâmetro;;;SDBBM$LPHD1$SP$AmpPctLosFactHiHi$setMag$i \ SDBBM$LPHD1$SP$AmpPctLosFactHiHi$setMag$f;;
;;;;;;;;;;;;;;;;;;;;;;;;;;;;;;;;;;;;;;;;
84f9448a5ad44aeeaefef9437c264b67;1;RW;16;TabAlarmsParamConj1;Holding register;4100;Analog output;56;500;32000;5150;10;pF;pF;pF;;;;;;Público;Parâmetro de alarme por capacitância - Alta - Conjunto 1 - Fase A;Parameter of alarm by capacitance - High - Set 1 - Phase A;;;;;;Conjunto 1;Set 1;;Alarmes - Capacitância;Alarms - Capacitance;Alarmas - Capacitancia;Parâmetro;;Sim;SDBSET1$ZBSH1$SP$ReactSet$setMag$i \ SDBSET1$ZBSH1$SP$ReactSet$setMag$f;;
4263baa208fb430b8fe2811e24d38ebe;1;RW;16;TabAlarmsParamConj1;Holding register;4101;Analog output;57;500;32000;5250;10;pF;pF;pF;;;;;;Público;Parâmetro de alarme por capacitância - Muito alta - Conjunto 1 - Fase A;Parameter of alarm by capacitance - Very high - Set 1 - Phase A;;;;;;Conjunto 1;Set 1;;Alarmes - Capacitância;Alarms - Capacitance;Alarmas - Capacitancia;Parâmetro;;Sim;SDBSET1$ZBSH1$SP$ReactHi$setMag$i \ SDBSET1$ZBSH1$SP$ReactHi$setMag$f;;
0252b66ceb9d48b786b26f4efb2ec495;1;RW;16;TabAlarmsParamConj1;Holding register;4102;Analog output;58;10;32000;700;1000;%;%;%;;;;;;Público;Parâmetro de alarme por tangente delta - Alta - Conjunto 1 - Fase A;Parameter of alarm by tangent delta - High - Set 1 - Phase A;;;;;;Conjunto 1;Set 1;;Alarmes - Tangente delta;Alarms - Tangent delta;Alarmas - Tangente delta;Parâmetro;;Sim;SDBSET1$ZBSH1$SP$LosFactSet$setMag$i \ SDBSET1$ZBSH1$SP$LosFactSet$setMag$f;;
ee2bb5dc28ef4751bf381889cee9e2fa;1;RW;16;TabAlarmsParamConj1;Holding register;4103;Analog output;59;10;32000;1800;1000;%;%;%;;;;;;Público;Parâmetro de alarme por tangente delta - Muito alta - Conjunto 1 - Fase A;Parameter of alarm by tangent delta - Very high - Set 1 - Phase A;;;;;;Conjunto 1;Set 1;;Alarmes - Tangente delta;Alarms - Tangent delta;Alarmas - Tangente delta;Parâmetro;;Sim;SDBSET1$ZBSH1$SP$LosFactHi$setMag$i \ SDBSET1$ZBSH1$SP$LosFactHi$setMag$f;;
6edf6d944a3a4ba290f8f898e5a00adf;1;RW;16;TabAlarmsParamConj1;Holding register;4104;Analog output;60;0;365;30;1;dias;days;días;;;;;;Público;Parâmetro de alarme por tendência de evolução de capacitância - Alta - Conjunto 1 - Fase A;Parameter of alarm by capacitance evolution trend - High - Set 1 - Phase A;;;;;;Conjunto 1;Set 1;;Alarmes por tendência;Alarms by evolution trend;Alarmas de tendencias;Parâmetro;;;SDBSET1$ZBSH1$SP$ReactTndSet$setMag$i \ SDBSET1$ZBSH1$SP$ReactTndSet$setMag$f;;
9fe7ec2433d8424dae12cdd3148b5365;1;RW;16;TabAlarmsParamConj1;Holding register;4105;Analog output;61;1;365;30;1;dias;days;días;;;;;;Público;Parâmetro de alarme por tendência de evolução de tangente delta - Alta - Conjunto 1 - Fase A;Parameter of alarm by tangent delta evolution trend - High - Set 1 - Phase A;;;;;;Conjunto 1;Set 1;;Alarmes por tendência;Alarms by evolution trend;Alarmas de tendencias;Parâmetro;;;SDBSET1$ZBSH1$SP$LosFactTndSet$setMag$i \ SDBSET1$ZBSH1$SP$LosFactTndSet$setMag$f;;
f5d2d5ad9d744a3cb27f4cece37bf851;1;RW;16;TabAlarmsParamConj1;Holding register;4106;Analog output;62;500;32000;5150;10;pF;pF;pF;;;;;;Público;Parâmetro de alarme por capacitância - Alta - Conjunto 1 - Fase B;Parameter of alarm by capacitance - High - Set 1 - Phase B;;;;;;Conjunto 1;Set 1;;Alarmes - Capacitância;Alarms - Capacitance;Alarmas - Capacitancia;Parâmetro;;Sim;SDBSET1$ZBSH2$SP$ReactSet$setMag$i \ SDBSET1$ZBSH2$SP$ReactSet$setMag$f;;
0cb8f4c5a88d4ff29669ef243501a37f;1;RW;16;TabAlarmsParamConj1;Holding register;4107;Analog output;63;500;32000;5250;10;pF;pF;pF;;;;;;Público;Parâmetro de alarme por capacitância - Muito alta - Conjunto 1 - Fase B;Parameter of alarm by capacitance - Very high - Set 1 - Phase B;;;;;;Conjunto 1;Set 1;;Alarmes - Capacitância;Alarms - Capacitance;Alarmas - Capacitancia;Parâmetro;;Sim;SDBSET1$ZBSH2$SP$ReactHi$setMag$i \ SDBSET1$ZBSH2$SP$ReactHi$setMag$f;;
5987b25af0644a4c90145c76c6b51d6c;1;RW;16;TabAlarmsParamConj1;Holding register;4108;Analog output;64;10;32000;700;1000;%;%;%;;;;;;Público;Parâmetro de alarme por tangente delta - Alta - Conjunto 1 - Fase B;Parameter of alarm by tangent delta - High - Set 1 - Phase B;;;;;;Conjunto 1;Set 1;;Alarmes - Tangente delta;Alarms - Tangent delta;Alarmas - Tangente delta;Parâmetro;;Sim;SDBSET1$ZBSH2$SP$LosFactSet$setMag$i \ SDBSET1$ZBSH2$SP$LosFactSet$setMag$f;;
434e8dba91c3418092ac32a29343042c;1;RW;16;TabAlarmsParamConj1;Holding register;4109;Analog output;65;10;32000;1800;1000;%;%;%;;;;;;Público;Parâmetro de alarme por tangente delta - Muito alta - Conjunto 1 - Fase B;Parameter of alarm by tangent delta - Very high - Set 1 - Phase B;;;;;;Conjunto 1;Set 1;;Alarmes - Tangente delta;Alarms - Tangent delta;Alarmas - Tangente delta;Parâmetro;;Sim;SDBSET1$ZBSH2$SP$LosFactHi$setMag$i \ SDBSET1$ZBSH2$SP$LosFactHi$setMag$f;;
fd5e58e7483c42a185c6761290d2fb1f;1;RW;16;TabAlarmsParamConj1;Holding register;4110;Analog output;66;0;365;30;1;dias;days;días;;;;;;Público;Parâmetro de alarme por tendência de evolução de capacitância - Alta - Conjunto 1 - Fase B;Parameter of alarm by capacitance evolution trend - High - Set 1 - Phase B;;;;;;Conjunto 1;Set 1;;Alarmes por tendência;Alarms by evolution trend;Alarmas de tendencias;Parâmetro;;;SDBSET1$ZBSH2$SP$ReactTndSet$setMag$i \ SDBSET1$ZBSH2$SP$ReactTndSet$setMag$f;;
51f49b5845a64681849ceddd26d15e5d;1;RW;16;TabAlarmsParamConj1;Holding register;4111;Analog output;67;1;365;30;1;dias;days;días;;;;;;Público;Parâmetro de alarme por tendência de evolução de tangente delta - Alta - Conjunto 1 - Fase B;Parameter of alarm by tangent delta evolution trend - High - Set 1 - Phase B;;;;;;Conjunto 1;Set 1;;Alarmes por tendência;Alarms by evolution trend;Alarmas de tendencias;Parâmetro;;;SDBSET1$ZBSH2$SP$LosFactTndSet$setMag$i \ SDBSET1$ZBSH2$SP$LosFactTndSet$setMag$f;;
b49a66d4f2ee474aa394819d6c8d94f1;1;RW;16;TabAlarmsParamConj1;Holding register;4112;Analog output;68;500;32000;5150;10;pF;pF;pF;;;;;;Público;Parâmetro de alarme por capacitância - Alta - Conjunto 1 - Fase C;Parameter of alarm by capacitance - High - Set 1 - Phase C;;;;;;Conjunto 1;Set 1;;Alarmes - Capacitância;Alarms - Capacitance;Alarmas - Capacitancia;Parâmetro;;Sim;SDBSET1$ZBSH3$SP$ReactSet$setMag$i \ SDBSET1$ZBSH3$SP$ReactSet$setMag$f;;
e01b142c4f4d49f796cb37b50380f4bd;1;RW;16;TabAlarmsParamConj1;Holding register;4113;Analog output;69;500;32000;5250;10;pF;pF;pF;;;;;;Público;Parâmetro de alarme por capacitância - Muito alta - Conjunto 1 - Fase C;Parameter of alarm by capacitance - Very high - Set 1 - Phase C;;;;;;Conjunto 1;Set 1;;Alarmes - Capacitância;Alarms - Capacitance;Alarmas - Capacitancia;Parâmetro;;Sim;SDBSET1$ZBSH3$SP$ReactHi$setMag$i \ SDBSET1$ZBSH3$SP$ReactHi$setMag$f;;
aa31b8200b8842d7b39f7d19b9df9fd5;1;RW;16;TabAlarmsParamConj1;Holding register;4114;Analog output;70;10;32000;700;1000;%;%;%;;;;;;Público;Parâmetro de alarme por tangente delta - Alta - Conjunto 1 - Fase C;Parameter of alarm by tangent delta - High - Set 1 - Phase C;;;;;;Conjunto 1;Set 1;;Alarmes - Tangente delta;Alarms - Tangent delta;Alarmas - Tangente delta;Parâmetro;;Sim;SDBSET1$ZBSH3$SP$LosFactSet$setMag$i \ SDBSET1$ZBSH3$SP$LosFactSet$setMag$f;;
913e0a1f7896487692a3f430fbee0b5e;1;RW;16;TabAlarmsParamConj1;Holding register;4115;Analog output;71;10;32000;1800;1000;%;%;%;;;;;;Público;Parâmetro de alarme por tangente delta - Muito alta - Conjunto 1 - Fase C;Parameter of alarm by tangent delta - Very high - Set 1 - Phase C;;;;;;Conjunto 1;Set 1;;Alarmes - Tangente delta;Alarms - Tangent delta;Alarmas - Tangente delta;Parâmetro;;Sim;SDBSET1$ZBSH3$SP$LosFactHi$setMag$i \ SDBSET1$ZBSH3$SP$LosFactHi$setMag$f;;
08be1205f34d4421992c7305b90a3773;1;RW;16;TabAlarmsParamConj1;Holding register;4116;Analog output;72;0;365;30;1;dias;days;días;;;;;;Público;Parâmetro de alarme por tendência de evolução de capacitância - Alta - Conjunto 1 - Fase C;Parameter of alarm by capacitance evolution trend - High - Set 1 - Phase C;;;;;;Conjunto 1;Set 1;;Alarmes por tendência;Alarms by evolution trend;Alarmas de tendencias;Parâmetro;;;SDBSET1$ZBSH3$SP$ReactTndSet$setMag$i \ SDBSET1$ZBSH3$SP$ReactTndSet$setMag$f;;
3e0987157d52477db54a79f0638f9248;1;RW;16;TabAlarmsParamConj1;Holding register;4117;Analog output;73;1;365;30;1;dias;days;días;;;;;;Público;Parâmetro de alarme por tendência de evolução de tangente delta - Alta - Conjunto 1 - Fase C;Parameter of alarm by tangent delta evolution trend - High - Set 1 - Phase C;;;;;;Conjunto 1;Set 1;;Alarmes por tendência;Alarms by evolution trend;Alarmas de tendencias;Parâmetro;;;SDBSET1$ZBSH3$SP$LosFactTndSet$setMag$i \ SDBSET1$ZBSH3$SP$LosFactTndSet$setMag$f;;
;;;;;;;;;;;;;;;;;;;;;;;;;;;;;;;;;;;;;;;;
abb36c7f53c249f6a7d8e0603270859d;1;RW;16;TabAlarmsParamConj2;Holding register;4200;Analog output;74;500;32000;5150;10;pF;pF;pF;;;;;;Público;Parâmetro de alarme por capacitância - Alta - Conjunto 2 - Fase A;Parameter of alarm by capacitance - High - Set 2 - Phase A;;;;;;Conjunto 2;Set 2;;Alarmes - Capacitância;Alarms - Capacitance;Alarmas - Capacitancia;Parâmetro;;Sim;SDBSET2$ZBSH1$SP$ReactSet$setMag$i \ SDBSET2$ZBSH1$SP$ReactSet$setMag$f;;
9a3305eae13943029d8c746f24046958;1;RW;16;TabAlarmsParamConj2;Holding register;4201;Analog output;75;500;32000;5250;10;pF;pF;pF;;;;;;Público;Parâmetro de alarme por capacitância - Muito alta - Conjunto 2 - Fase A;Parameter of alarm by capacitance - Very high - Set 2 - Phase A;;;;;;Conjunto 2;Set 2;;Alarmes - Capacitância;Alarms - Capacitance;Alarmas - Capacitancia;Parâmetro;;Sim;SDBSET2$ZBSH1$SP$ReactHi$setMag$i \ SDBSET2$ZBSH1$SP$ReactHi$setMag$f;;
0691ef2c332b4f8a8b1cf9b7061be32b;1;RW;16;TabAlarmsParamConj2;Holding register;4202;Analog output;76;10;32000;700;1000;%;%;%;;;;;;Público;Parâmetro de alarme por tangente delta - Alta - Conjunto 2 - Fase A;Parameter of alarm by tangent delta - High - Set 2 - Phase A;;;;;;Conjunto 2;Set 2;;Alarmes - Tangente delta;Alarms - Tangent delta;Alarmas - Tangente delta;Parâmetro;;Sim;SDBSET2$ZBSH1$SP$LosFactSet$setMag$i \ SDBSET2$ZBSH1$SP$LosFactSet$setMag$f;;
b27477ec29c44275ab5b38d914da52a5;1;RW;16;TabAlarmsParamConj2;Holding register;4203;Analog output;77;10;32000;1800;1000;%;%;%;;;;;;Público;Parâmetro de alarme por tangente delta - Muito alta - Conjunto 2 - Fase A;Parameter of alarm by tangent delta - Very high - Set 2 - Phase A;;;;;;Conjunto 2;Set 2;;Alarmes - Tangente delta;Alarms - Tangent delta;Alarmas - Tangente delta;Parâmetro;;Sim;SDBSET2$ZBSH1$SP$LosFactHi$setMag$i \ SDBSET2$ZBSH1$SP$LosFactHi$setMag$f;;
afd28697fb6447d393d3f42ad269a135;1;RW;16;TabAlarmsParamConj2;Holding register;4204;Analog output;78;0;365;30;1;dias;days;días;;;;;;Público;Parâmetro de alarme por tendência de evolução de capacitância - Alta - Conjunto 2 - Fase A;Parameter of alarm by capacitance evolution trend - High - Set 2 - Phase A;;;;;;Conjunto 2;Set 2;;Alarmes por tendência;Alarms by evolution trend;Alarmas de tendencias;Parâmetro;;;SDBSET2$ZBSH1$SP$ReactTndSet$setMag$i \ SDBSET2$ZBSH1$SP$ReactTndSet$setMag$f;;
e7fbcf1d884d47f3b6343f124666c376;1;RW;16;TabAlarmsParamConj2;Holding register;4205;Analog output;79;1;365;30;1;dias;days;días;;;;;;Público;Parâmetro de alarme por tendência de evolução de tangente delta - Alta - Conjunto 2 - Fase A;Parameter of alarm by tangent delta evolution trend - High - Set 2 - Phase A;;;;;;Conjunto 2;Set 2;;Alarmes por tendência;Alarms by evolution trend;Alarmas de tendencias;Parâmetro;;;SDBSET2$ZBSH1$SP$LosFactTndSet$setMag$i \ SDBSET2$ZBSH1$SP$LosFactTndSet$setMag$f;;
997a6131910d4d27b40defffcd9b89e8;1;RW;16;TabAlarmsParamConj2;Holding register;4206;Analog output;80;500;32000;5150;10;pF;pF;pF;;;;;;Público;Parâmetro de alarme por capacitância - Alta - Conjunto 2 - Fase B;Parameter of alarm by capacitance - High - Set 2 - Phase B;;;;;;Conjunto 2;Set 2;;Alarmes - Capacitância;Alarms - Capacitance;Alarmas - Capacitancia;Parâmetro;;Sim;SDBSET2$ZBSH2$SP$ReactSet$setMag$i \ SDBSET2$ZBSH2$SP$ReactSet$setMag$f;;
bb83882d06494214ac2d0afa50e24c30;1;RW;16;TabAlarmsParamConj2;Holding register;4207;Analog output;81;500;32000;5250;10;pF;pF;pF;;;;;;Público;Parâmetro de alarme por capacitância - Muito alta - Conjunto 2 - Fase B;Parameter of alarm by capacitance - Very high - Set 2 - Phase B;;;;;;Conjunto 2;Set 2;;Alarmes - Capacitância;Alarms - Capacitance;Alarmas - Capacitancia;Parâmetro;;Sim;SDBSET2$ZBSH2$SP$ReactHi$setMag$i \ SDBSET2$ZBSH2$SP$ReactHi$setMag$f;;
e6dac42adb6d469d82e0982d681fe5fc;1;RW;16;TabAlarmsParamConj2;Holding register;4208;Analog output;82;10;32000;700;1000;%;%;%;;;;;;Público;Parâmetro de alarme por tangente delta - Alta - Conjunto 2 - Fase B;Parameter of alarm by tangent delta - High - Set 2 - Phase B;;;;;;Conjunto 2;Set 2;;Alarmes - Tangente delta;Alarms - Tangent delta;Alarmas - Tangente delta;Parâmetro;;Sim;SDBSET2$ZBSH2$SP$LosFactSet$setMag$i \ SDBSET2$ZBSH2$SP$LosFactSet$setMag$f;;
fc631e6df73b4d1b904738f07c5e61e5;1;RW;16;TabAlarmsParamConj2;Holding register;4209;Analog output;83;10;32000;1800;1000;%;%;%;;;;;;Público;Parâmetro de alarme por tangente delta - Muito alta - Conjunto 2 - Fase B;Parameter of alarm by tangent delta - Very high - Set 2 - Phase B;;;;;;Conjunto 2;Set 2;;Alarmes - Tangente delta;Alarms - Tangent delta;Alarmas - Tangente delta;Parâmetro;;Sim;SDBSET2$ZBSH2$SP$LosFactHi$setMag$i \ SDBSET2$ZBSH2$SP$LosFactHi$setMag$f;;
afad1c6e9f1746f3a6e0eeae342097ca;1;RW;16;TabAlarmsParamConj2;Holding register;4210;Analog output;84;0;365;30;1;dias;days;días;;;;;;Público;Parâmetro de alarme por tendência de evolução de capacitância - Alta - Conjunto 2 - Fase B;Parameter of alarm by capacitance evolution trend - High - Set 2 - Phase B;;;;;;Conjunto 2;Set 2;;Alarmes por tendência;Alarms by evolution trend;Alarmas de tendencias;Parâmetro;;;SDBSET2$ZBSH2$SP$ReactTndSet$setMag$i \ SDBSET2$ZBSH2$SP$ReactTndSet$setMag$f;;
93f351cc16824936bd81ee19f2ed6c2c;1;RW;16;TabAlarmsParamConj2;Holding register;4211;Analog output;85;1;365;30;1;dias;days;días;;;;;;Público;Parâmetro de alarme por tendência de evolução de tangente delta - Alta - Conjunto 2 - Fase B;Parameter of alarm by tangent delta evolution trend - High - Set 2 - Phase B;;;;;;Conjunto 2;Set 2;;Alarmes por tendência;Alarms by evolution trend;Alarmas de tendencias;Parâmetro;;;SDBSET2$ZBSH2$SP$LosFactTndSet$setMag$i \ SDBSET2$ZBSH2$SP$LosFactTndSet$setMag$f;;
1639a855c0d24ac88a67638a71fbba18;1;RW;16;TabAlarmsParamConj2;Holding register;4212;Analog output;86;500;32000;5150;10;pF;pF;pF;;;;;;Público;Parâmetro de alarme por capacitância - Alta - Conjunto 2 - Fase C;Parameter of alarm by capacitance - High - Set 2 - Phase C;;;;;;Conjunto 2;Set 2;;Alarmes - Capacitância;Alarms - Capacitance;Alarmas - Capacitancia;Parâmetro;;Sim;SDBSET2$ZBSH3$SP$ReactSet$setMag$i \ SDBSET2$ZBSH3$SP$ReactSet$setMag$f;;
54b6fdf8ceaa463494b1d3163709141d;1;RW;16;TabAlarmsParamConj2;Holding register;4213;Analog output;87;500;32000;5250;10;pF;pF;pF;;;;;;Público;Parâmetro de alarme por capacitância - Muito alta - Conjunto 2 - Fase C;Parameter of alarm by capacitance - Very high - Set 2 - Phase C;;;;;;Conjunto 2;Set 2;;Alarmes - Capacitância;Alarms - Capacitance;Alarmas - Capacitancia;Parâmetro;;Sim;SDBSET2$ZBSH3$SP$ReactHi$setMag$i \ SDBSET2$ZBSH3$SP$ReactHi$setMag$f;;
9123fe33c8a14786be60ab7247a080ad;1;RW;16;TabAlarmsParamConj2;Holding register;4214;Analog output;88;10;32000;700;1000;%;%;%;;;;;;Público;Parâmetro de alarme por tangente delta - Alta - Conjunto 2 - Fase C;Parameter of alarm by tangent delta - High - Set 2 - Phase C;;;;;;Conjunto 2;Set 2;;Alarmes - Tangente delta;Alarms - Tangent delta;Alarmas - Tangente delta;Parâmetro;;Sim;SDBSET2$ZBSH3$SP$LosFactSet$setMag$i \ SDBSET2$ZBSH3$SP$LosFactSet$setMag$f;;
57a095faf5ca4c7d8d184728c0aab368;1;RW;16;TabAlarmsParamConj2;Holding register;4215;Analog output;89;10;32000;1800;1000;%;%;%;;;;;;Público;Parâmetro de alarme por tangente delta - Muito alta - Conjunto 2 - Fase C;Parameter of alarm by tangent delta - Very high - Set 2 - Phase C;;;;;;Conjunto 2;Set 2;;Alarmes - Tangente delta;Alarms - Tangent delta;Alarmas - Tangente delta;Parâmetro;;Sim;SDBSET2$ZBSH3$SP$LosFactHi$setMag$i \ SDBSET2$ZBSH3$SP$LosFactHi$setMag$f;;
21756c9da4e1483c80478b8c92002f33;1;RW;16;TabAlarmsParamConj2;Holding register;4216;Analog output;90;0;365;30;1;dias;days;días;;;;;;Público;Parâmetro de alarme por tendência de evolução de capacitância - Alta - Conjunto 2 - Fase C;Parameter of alarm by capacitance evolution trend - High - Set 2 - Phase C;;;;;;Conjunto 2;Set 2;;Alarmes por tendência;Alarms by evolution trend;Alarmas de tendencias;Parâmetro;;;SDBSET2$ZBSH3$SP$ReactTndSet$setMag$i \ SDBSET2$ZBSH3$SP$ReactTndSet$setMag$f;;
6cad0f014a42403f8afc5e98e6a9a993;1;RW;16;TabAlarmsParamConj2;Holding register;4217;Analog output;91;1;365;30;1;dias;days;días;;;;;;Público;Parâmetro de alarme por tendência de evolução de tangente delta - Alta - Conjunto 2 - Fase C;Parameter of alarm by tangent delta evolution trend - High - Set 2 - Phase C;;;;;;Conjunto 2;Set 2;;Alarmes por tendência;Alarms by evolution trend;Alarmas de tendencias;Parâmetro;;;SDBSET2$ZBSH3$SP$LosFactTndSet$setMag$i \ SDBSET2$ZBSH3$SP$LosFactTndSet$setMag$f;;
;;;;;;;;;;;;;;;;;;;;;;;;;;;;;;;;;;;;;;;;
4753eda4426e4130b2dcc5d97ebeabf8;1;RW;Bit;TabOperaracaoReles;Coil;3000;Binary output;8;0;1;0;1;;;;0=NA\1=NF;0=NO\1=NC;0=NA\1=NC;;;Público;Parâmetro de modo de operação do relé 1;Parameter of operation selection - Relay 1;;;;;;Geral;General;;Relés;Relays;Relés;Parâmetro;;;;;
b693ac83fe3d473b87736c7859ab36c7;1;RW;Bit;TabOperaracaoReles;Coil;3001;Binary output;9;0;1;0;1;;;;0=NA\1=NF;0=NO\1=NC;0=NA\1=NC;;;Público;Parâmetro de modo de operação do relé 2;Parameter of operation selection - Relay 2;;;;;;Geral;General;;Relés;Relays;Relés;Parâmetro;;;;;
cc7373debef54bbfa96d0c16e046a29d;1;RW;Bit;TabOperaracaoReles;Coil;3002;Binary output;10;0;1;0;1;;;;0=NA\1=NF;0=NO\1=NC;0=NA\1=NC;;;Público;Parâmetro de modo de operação do relé 3;Parameter of operation selection - Relay 3;;;;;;Geral;General;;Relés;Relays;Relés;Parâmetro;;;;;
dfbf6d5f2f174787a449fd00e793dbbf;1;RW;Bit;TabOperaracaoReles;Coil;3003;Binary output;11;0;1;0;1;;;;0=NA\1=NF;0=NO\1=NC;0=NA\1=NC;;;Público;Parâmetro de modo de operação do relé 4;Parameter of operation selection - Relay 4;;;;;;Geral;General;;Relés;Relays;Relés;Parâmetro;;;;;
;;;;;;;;;;;;;;;;;;;;;;;;;;;;;;;;;;;;;;;;
da59ccb1697c4b7e9da3bb2c1138707d;1;RW;16;TabParametroRele1;Holding register;5100;Analog output;92;0;4;0;1;;;;0=Não Selecionado\1=Fase A\2=Fase B\3=Fase C\4=Qualquer;0=Not Selected\1=Phase A\2=Phase B\3=Phase C\4=Any;0=No Seleccionado\1=Fase A\2=Fase B\3=Fase C\4=Cualquier;;;Público;Parâmetro de seleção de fase - Relé 1;Parameter of phase selection - Relay 1;;;;;;Geral;General;;Relés;Relays;Relés;Parâmetro;;;;;
e833c4eea5d94b1aba2e3c69b029679a;1;RW;16;TabParametroRele1;Holding register;5101;Analog output;93;0;3;0;1;;;;0=Não Selecionado\1=Conjunto 1\2=Conjunto 2\3=Qualquer;0=Not Selected\1=Set 1\2=Set 2\3=Any;0=No Seleccionado\1=Conjunto 1\2=Conjunto 2\3=Cualquier;;;Público;Parâmetro de seleção de conjunto - Relé 1;Parameter of set selection - Relay 1;;;;;;Geral;General;;Relés;Relays;Relés;Parâmetro;;;;;
3d8b2a47d9574c488454dde4226fd725;1;RW;16;TabParametroRele1;Holding register;5102;Analog output;94;0;9;0;1;;;;0=Não Selecionado\1=Capacitância Alta\2=Capacitância Muito Alta\3=Tendência de Capacitância Alta\4=Tangente Delta Alta\5=Tangente Delta Muito Alta\6=Tendência de Tangente Delta Alta\7=Corrente de Fuga Alta \8=Corrente de Fuga Muito Alta \9=Qualquer;0=Not Selected\1=High Capacitance\2=Very High Capacitance\3=High Capacitance Trend\4=High Tangent Delta\5=Very High Tangent Delta\6=High Tangent Delta Trend\7=High Leakage Current\8=Very High Leakage Current \9=Any;0=No Seleccionado\1=Capacitancia Alta\2=Capacitancia Muy Alta\3=Tendencia de Capacitancia Alta\4=Tangente Delta Alta\5=Tangente Delta Muy Alta\6=Tendencia de Tangente Delta Alta\7=Corriente de Fuga Alta\8=Corriente de Fuga Muy Alta\9=Cualquier ;;;Público;Parâmetro de seleção de alarme - Relé 1;Parameter of alarm selection - Relay 1;;;;;;Geral;General;;Relés;Relays;Relés;Parâmetro;;;;;
;;;;;;;;;;;;;;;;;;;;;;;;;;;;;;;;;;;;;;;;
ae8cc418241c4ece84fe4f505876ff36;1;RW;16;TabParametroRele2;Holding register;5200;Analog output;95;0;4;0;1;;;;0=Não Selecionado\1=Fase A\2=Fase B\3=Fase C\4=Qualquer;0=Not Selected\1=Phase A\2=Phase B\3=Phase C\4=Any;0=No Seleccionado\1=Fase A\2=Fase B\3=Fase C\4=Cualquier;;;Público;Parâmetro de seleção de fase - Relé 2;Parameter of phase selection - Relay 2;;;;;;Geral;General;;Relés;Relays;Relés;Parâmetro;;;;;
eba1572e71b54f1697734a87d5c12c75;1;RW;16;TabParametroRele2;Holding register;5201;Analog output;96;0;3;0;1;;;;0=Não Selecionado\1=Conjunto 1\2=Conjunto 2\3=Qualquer;0=Not Selected\1=Set 1\2=Set 2\3=Any;0=No Seleccionado\1=Conjunto 1\2=Conjunto 2\3=Cualquier;;;Público;Parâmetro de seleção de conjunto - Relé 2;Parameter of set selection - Relay 2;;;;;;Geral;General;;Relés;Relays;Relés;Parâmetro;;;;;
6950c4b0f88e4cc8ad3e3dd892946841;1;RW;16;TabParametroRele2;Holding register;5202;Analog output;97;0;9;0;1;;;;0=Não Selecionado\1=Capacitância Alta\2=Capacitância Muito Alta\3=Tendência de Capacitância Alta\4=Tangente Delta Alta\5=Tangente Delta Muito Alta\6=Tendência de Tangente Delta Alta\7=Corrente de Fuga Alta \8=Corrente de Fuga Muito Alta \9=Qualquer;0=Not Selected\1=High Capacitance\2=Very High Capacitance\3=High Capacitance Trend\4=High Tangent Delta\5=Very High Tangent Delta\6=High Tangent Delta Trend\7=High Leakage Current\8=Very High Leakage Current \9=Any;0=No Seleccionado\1=Capacitancia Alta\2=Capacitancia Muy Alta\3=Tendencia de Capacitancia Alta\4=Tangente Delta Alta\5=Tangente Delta Muy Alta\6=Tendencia de Tangente Delta Alta\7=Corriente de Fuga Alta\8=Corriente de Fuga Muy Alta\9=Cualquier ;;;Público;Parâmetro de seleção de alarme - Relé 2;Parameter of alarm selection - Relay 2;;;;;;Geral;General;;Relés;Relays;Relés;Parâmetro;;;;;
;;;;;;;;;;;;;;;;;;;;;;;;;;;;;;;;;;;;;;;;
7c5ef50caa214b49935d69bd60e39406;1;RW;16;TabParametroRele3;Holding register;5300;Analog output;98;0;4;0;1;;;;0=Não Selecionado\1=Fase A\2=Fase B\3=Fase C\4=Qualquer;0=Not Selected\1=Phase A\2=Phase B\3=Phase C\4=Any;0=No Seleccionado\1=Fase A\2=Fase B\3=Fase C\4=Cualquier;;;Público;Parâmetro de seleção de fase - Relé 3;Parameter of phase selection - Relay 3;;;;;;Geral;General;;Relés;Relays;Relés;Parâmetro;;;;;
fa6fc988a36c4deda14f202a3bed4bbd;1;RW;16;TabParametroRele3;Holding register;5301;Analog output;99;0;3;0;1;;;;0=Não Selecionado\1=Conjunto 1\2=Conjunto 2\3=Qualquer;0=Not Selected\1=Set 1\2=Set 2\3=Any;0=No Seleccionado\1=Conjunto 1\2=Conjunto 2\3=Cualquier;;;Público;Parâmetro de seleção de conjunto - Relé 3;Parameter of set selection - Relay 3;;;;;;Geral;General;;Relés;Relays;Relés;Parâmetro;;;;;
9fc0ab9ef87d4394b66d1af109dceb29;1;RW;16;TabParametroRele3;Holding register;5302;Analog output;100;0;9;0;1;;;;0=Não Selecionado\1=Capacitância Alta\2=Capacitância Muito Alta\3=Tendência de Capacitância Alta\4=Tangente Delta Alta\5=Tangente Delta Muito Alta\6=Tendência de Tangente Delta Alta\7=Corrente de Fuga Alta \8=Corrente de Fuga Muito Alta \9=Qualquer;0=Not Selected\1=High Capacitance\2=Very High Capacitance\3=High Capacitance Trend\4=High Tangent Delta\5=Very High Tangent Delta\6=High Tangent Delta Trend\7=High Leakage Current\8=Very High Leakage Current \9=Any;0=No Seleccionado\1=Capacitancia Alta\2=Capacitancia Muy Alta\3=Tendencia de Capacitancia Alta\4=Tangente Delta Alta\5=Tangente Delta Muy Alta\6=Tendencia de Tangente Delta Alta\7=Corriente de Fuga Alta\8=Corriente de Fuga Muy Alta\9=Cualquier ;;;Público;Parâmetro de seleção de alarme - Relé 3;Parameter of alarm selection - Relay 3;;;;;;Geral;General;;Relés;Relays;Relés;Parâmetro;;;;;
;;;;;;;;;;;;;;;;;;;;;;;;;;;;;;;;;;;;;;;;
ba710491c0d040c882f2507048cb45f4;1;RW;16;TabParametroRele4;Holding register;5400;Analog output;101;0;4;0;1;;;;0=Não Selecionado\1=Fase A\2=Fase B\3=Fase C\4=Qualquer;0=Not Selected\1=Phase A\2=Phase B\3=Phase C\4=Any;0=No Seleccionado\1=Fase A\2=Fase B\3=Fase C\4=Cualquier;;;Público;Parâmetro de seleção de fase - Relé 4;Parameter of phase selection - Relay 4;;;;;;Geral;General;;Relés;Relays;Relés;Parâmetro;;;;;
3c3c5459a9294e78adcbf0641d3ae1f5;1;RW;16;TabParametroRele4;Holding register;5401;Analog output;102;0;3;0;1;;;;0=Não Selecionado\1=Conjunto 1\2=Conjunto 2\3=Qualquer;0=Not Selected\1=Set 1\2=Set 2\3=Any;0=No Seleccionado\1=Conjunto 1\2=Conjunto 2\3=Cualquier;;;Público;Parâmetro de seleção de conjunto - Relé 4;Parameter of set selection - Relay 4;;;;;;Geral;General;;Relés;Relays;Relés;Parâmetro;;;;;
1a8b0fdf70b64bef88e9172bb742e02f;1;RW;16;TabParametroRele4;Holding register;5402;Analog output;103;0;9;0;1;;;;0=Não Selecionado\1=Capacitância Alta\2=Capacitância Muito Alta\3=Tendência de Capacitância Alta\4=Tangente Delta Alta\5=Tangente Delta Muito Alta\6=Tendência de Tangente Delta Alta\7=Corrente de Fuga Alta \8=Corrente de Fuga Muito Alta \9=Qualquer;0=Not Selected\1=High Capacitance\2=Very High Capacitance\3=High Capacitance Trend\4=High Tangent Delta\5=Very High Tangent Delta\6=High Tangent Delta Trend\7=High Leakage Current\8=Very High Leakage Current \9=Any;0=No Seleccionado\1=Capacitancia Alta\2=Capacitancia Muy Alta\3=Tendencia de Capacitancia Alta\4=Tangente Delta Alta\5=Tangente Delta Muy Alta\6=Tendencia de Tangente Delta Alta\7=Corriente de Fuga Alta\8=Corriente de Fuga Muy Alta\9=Cualquier ;;;Público;Parâmetro de seleção de alarme - Relé 4;Parameter of alarm selection - Relay 4;;;;;;Geral;General;;Relés;Relays;Relés;Parâmetro;;;;;
;;;;;;;;;;;;;;;;;;;;;;;;;;;;;;;;;;;;;;;;
89e887aec900410c88f3201a4a2213be;1;R;Bit;TabEstadoReles;Discrete input;20000;Binary input;0;0;1;;1;;;;0=Não acionado\1=Acionado;0=Not triggered\1=Triggered;0=No accionado\1=Accionado;;;Público;Indicação de estado do relé de saída 1;Indication of output relay 1 status;;;;;;Geral;General;;Relés;Relay;Relés;Geral;;;SDBBM$LPHD1$ST$Rly1$stVal;;
fc149f581ffe4385bb0c43b3aaf0b109;1;R;Bit;TabEstadoReles;Discrete input;20001;Binary input;1;0;1;;1;;;;0=Não acionado\1=Acionado;0=Not triggered\1=Triggered;0=No accionado\1=Accionado;;;Público;Indicação de estado do relé de saída 2;Indication of output relay 2 status;;;;;;Geral;General;;Relés;Relay;Relés;Geral;;;SDBBM$LPHD1$ST$Rly2$stVal;;
d282111338c44ff0a4e6eea2d6b30395;1;R;Bit;TabEstadoReles;Discrete input;20002;Binary input;2;0;1;;1;;;;0=Não acionado\1=Acionado;0=Not triggered\1=Triggered;0=No accionado\1=Accionado;;;Público;Indicação de estado do relé de saída 3;Indication of output relay 3 status;;;;;;Geral;General;;Relés;Relay;Relés;Geral;;;SDBBM$LPHD1$ST$Rly3$stVal;;
0e65fc53e6b34e0391102294ad847e1d;1;R;Bit;TabEstadoReles;Discrete input;20003;Binary input;3;0;1;;1;;;;0=Não acionado\1=Acionado;0=Not triggered\1=Triggered;0=No accionado\1=Accionado;;;Público;Indicação de estado do relé de saída 4;Indication of output relay 4 status;;;;;;Geral;General;;Relés;Relay;Relés;Geral;;;SDBBM$LPHD1$ST$Rly4$stVal;;
;;;;;;;;;;;;;;;;;;;;;;;;;;;;;;;;;;;;;;;;
6dc5225c019c4f95871a10e86e3cee72;1;R;Bit;TabAutoDiagnosticoGeral;Discrete input;21000;Binary input;4;0;1;;1;;;;0=Não acionado\1=Acionado;0=Not triggered\1=Triggered;0=No accionado\1=Accionado;;;Público;Indicação de autodiagnóstico de falha de comunicação entre microcontroladores;Indication of self-diagnostic for communication failure between microcontrollers;;;;;;Geral;General;;Geral;General;;Autodiagnóstico;;;SDBBM$LPHD1$ST$CommErr$stVal;;
1de552d967af4ad6ae0e735484de0326;1;R;Bit;TabAutoDiagnosticoGeral;Discrete input;21001;Binary input;5;0;1;;1;;;;0=Não acionado\1=Acionado;0=Not triggered\1=Triggered;0=No accionado\1=Accionado;;;Público;Indicação de autodiagnóstico de imprecisão geral nos ângulos de fase;Indication of self-diagnostic for general inaccuracy in phase angles;;;;;;Geral;General;;Geral;General;;Autodiagnóstico;;;SDBBM$LPHD1$ST$PhAngErr$stVal;;
;;;;;;;;;;;;;;;;;;;;;;;;;;;;;;;;;;;;;;;;
f6bcaf56dbc84a5a985da4ddec84aa1c;1;R;16;TabAutoDiagnosticoContConj1;Input register;21000;Analog input;0;0;65535;;1;;;;;;;;;Privado;Indicação do contador cíclico de override - Conjunto 1;Indication of the cyclic counter for override - Conjunto 1;;;;;;;;;;;;;;;;;
e71f105c175a40508e0f61a3084704ee;1;R;16;TabAutoDiagnosticoContConj1;Input register;21001;Analog input;1;0;65535;;1;;;;;;;;;Privado;Indicação do contador cíclico de leitura ausente - Conjunto 1;Indication of the cyclic counter for missed read - Conjunto 1;;;;;;;;;;;;;;;;;
d3585775e88948da93c3f5341608be67;1;R;16;TabAutoDiagnosticoContConj1;Input register;21002;Analog input;2;0;65535;;1;;;;;;;;;Privado;Indicação do contador cíclico de erros de CRC - Conjunto 1;Indication of the cyclic counter for CRC errors - Conjunto 1;;;;;;;;;;;;;;;;;
;;;;;;;;;;;;;;;;;;;;;;;;;;;;;;;;;;;;;;;;
4fed062a9f37493aaa2340709aa4c5b2;1;R;Bit;TabAutoDiagnosticoConj1;Discrete input;21100;Binary input;6;0;1;;1;;;;0=Não acionado\1=Acionado;0=Not triggered\1=Triggered;0=No accionado\1=Accionado;;;Público;Indicação de autodiagnóstico de sequência de fases - Conjunto 1;Indication of self-diagnostic for phases sequence - Set 1;;;;;;Conjunto 1;Set 1;;Geral;General;;Autodiagnóstico;;;SDBSET1$LPHD4$ST$ErrPhSeq$stVal;;
9572acc1ab884fa4be21a46b05cbed13;1;R;Bit;TabAutoDiagnosticoConj1;Discrete input;21101;Binary input;7;0;1;;1;;;;0=Não acionado\1=Acionado;0=Not triggered\1=Triggered;0=No accionado\1=Accionado;;;Público;Indicação de autodiagnóstico de inconsistência na somatória - Conjunto 1;Indication of self-diagnostic for inconsistency in sum - Set 1;;;;;;Conjunto 1;Set 1;;Geral;General;;Autodiagnóstico;;;SDBSET1$ZBSH4$ST$ErrSum$stVal;;
9c0df92ecf264d9f8186a6e3c7dfb1a0;1;R;Bit;TabAutoDiagnosticoConj1;Discrete input;21102;Binary input;8;0;1;;1;;;;0=Não acionado\1=Acionado;0=Not triggered\1=Triggered;0=No accionado\1=Accionado;;;Público;Indicação de autodiagnóstico de falha na medição - Conjunto 1;Indication of self-diagnostic for failure on measurement - Set 1;;;;;;Conjunto 1;Set 1;;Geral;General;;Autodiagnóstico;;;SDBSET1$ZBSH4$ST$ErrMea$stVal;;
b69e83705e264942a90560464587a859;1;R;Bit;TabAutoDiagnosticoConj1;Discrete input;21103;Binary input;9;0;1;;1;;;;0=Não acionado\1=Acionado;0=Not triggered\1=Triggered;0=No accionado\1=Accionado;;;Público;Indicação de autodiagnóstico de corrente do canal A com onda indeterminada - Conjunto 1;Indication of self-diagnostic for channel A with indeterminate wave - Set 1;;;;;;Conjunto 1;Set 1;;Fase A;Phase A;;Autodiagnóstico;;;SDBSET1$LPHD1$ST$ErrARtg$stVal;;
e1006410a85b4983adf34fda3f2801d6;1;R;Bit;TabAutoDiagnosticoConj1;Discrete input;21104;Binary input;10;0;1;;1;;;;0=Não acionado\1=Acionado;0=Not triggered\1=Triggered;0=No accionado\1=Accionado;;;Público;Indicação de autodiagnóstico de corrente do canal A próxima à saturação do ADC - Conjunto 1;Indication of self-diagnostic for channel A close to ADC saturation - Set 1;;;;;;Conjunto 1;Set 1;;Fase A;Phase A;;Autodiagnóstico;;;SDBSET1$LPHD1$ST$ErrLeakA1$stVal;;
2afd784577524ba7bd1815234c632ef7;1;R;Bit;TabAutoDiagnosticoConj1;Discrete input;21105;Binary input;11;0;1;;1;;;;0=Não acionado\1=Acionado;0=Not triggered\1=Triggered;0=No accionado\1=Accionado;;;Público;Indicação de autodiagnóstico de corrente do canal A com imprecisão ângular - Conjunto 1;Indication of self-diagnostic for channel A with angular inaccurancy - Set 1;;;;;;Conjunto 1;Set 1;;Fase A;Phase A;;Autodiagnóstico;;;SDBSET1$LPHD1$ST$ErrAngLeakA$stVal;;
a37f9c6306b94204b25eb80a286fdc38;1;R;Bit;TabAutoDiagnosticoConj1;Discrete input;21106;Binary input;12;0;1;;1;;;;0=Não acionado\1=Acionado;0=Not triggered\1=Triggered;0=No accionado\1=Accionado;;;Público;Indicação de autodiagnóstico de corrente do canal A com alta diferença de frequência - Conjunto 1;Indication of self-diagnostic for channel A with high frequency difference - Set 1;;;;;;Conjunto 1;Set 1;;Fase A;Phase A;;Autodiagnóstico;;;SDBSET1$LPHD1$ST$ErrHzLeakA$stVal;;
6bf405ba5cec4bf2996a66190b575df4;1;R;Bit;TabAutoDiagnosticoConj1;Discrete input;21107;Binary input;13;0;1;;1;;;;0=Não acionado\1=Acionado;0=Not triggered\1=Triggered;0=No accionado\1=Accionado;;;Público;Indicação de autodiagnóstico de corrente do canal A com corrente de fuga baixa - Conjunto 1;Indication of self-diagnostic for channel A with low leakage current - Set 1;;;;;;Conjunto 1;Set 1;;Fase A;Phase A;;Autodiagnóstico;;;SDBSET1$LPHD1$ST$ErrLoLeakA$stVal;;
5f4f4d3f7b0a4b1d9c8e2f1a6b7c8d90;1;R;Bit;TabAutoDiagnosticoConj1;Discrete input;21134;Binary input;255;0;1;;1;;;;0=Não acionado\1=Acionado;0=Not triggered\1=Triggered;0=No accionado\1=Accionado;;;Público;Indicação de autodiagnóstico de corrente do canal A com corrente de fuga muito baixa - Conjunto 1;Indication of self-diagnostic for channel A with very low leakage current - Set 1;;;;;;Conjunto 1;Set 1;;Fase A;Phase A;;Autodiagnóstico;;;;;
9ea03789ca7c4ec8a88982a7674a2581;1;R;Bit;TabAutoDiagnosticoConj1;Discrete input;21108;Binary input;14;0;1;;1;;;;0=Não acionado\1=Acionado;0=Not triggered\1=Triggered;0=No accionado\1=Accionado;;;Público;Indicação de autodiagnóstico de corrente do canal A com offset fora dos limites - Conjunto 1;Indication of self-diagnostic for channel A with offset out of bounds - Set 1;;;;;;Conjunto 1;Set 1;;Fase A;Phase A;;Autodiagnóstico;;;SDBSET1$LPHD1$ST$ErrLeakA$stVal;;
ad36003aabe746deaa09b0859640856a;1;R;Bit;TabAutoDiagnosticoConj1;Discrete input;21109;Binary input;15;0;1;;1;;;;0=Não acionado\1=Acionado;0=Not triggered\1=Triggered;0=No accionado\1=Accionado;;;Público;Indicação de autodiagnóstico de corrente do canal B com onda indeterminada - Conjunto 1;Indication of self-diagnostic for channel B with indeterminate wave - Set 1;;;;;;Conjunto 1;Set 1;;Fase B;Phase B;;Autodiagnóstico;;;SDBSET1$LPHD2$ST$ErrARtg$stVal;;
2b2356916b7c4e73981e0a1fbfc88dcf;1;R;Bit;TabAutoDiagnosticoConj1;Discrete input;21110;Binary input;16;0;1;;1;;;;0=Não acionado\1=Acionado;0=Not triggered\1=Triggered;0=No accionado\1=Accionado;;;Público;Indicação de autodiagnóstico de corrente do canal B próxima à saturação do ADC - Conjunto 1;Indication of self-diagnostic for channel B close to ADC saturation - Set 1;;;;;;Conjunto 1;Set 1;;Fase B;Phase B;;Autodiagnóstico;;;SDBSET1$LPHD2$ST$ErrLeakA1$stVal;;
24f2ce1946704870860d973ab89efbdc;1;R;Bit;TabAutoDiagnosticoConj1;Discrete input;21111;Binary input;17;0;1;;1;;;;0=Não acionado\1=Acionado;0=Not triggered\1=Triggered;0=No accionado\1=Accionado;;;Público;Indicação de autodiagnóstico de corrente do canal B com imprecisão ângular - Conjunto 1;Indication of self-diagnostic for channel B with angular inaccurancy - Set 1;;;;;;Conjunto 1;Set 1;;Fase B;Phase B;;Autodiagnóstico;;;SDBSET1$LPHD2$ST$ErrAngLeakA$stVal;;
0312a50628a24c64848d9471a165011c;1;R;Bit;TabAutoDiagnosticoConj1;Discrete input;21112;Binary input;18;0;1;;1;;;;0=Não acionado\1=Acionado;0=Not triggered\1=Triggered;0=No accionado\1=Accionado;;;Público;Indicação de autodiagnóstico de corrente do canal B com alta diferença de frequência - Conjunto 1;Indication of self-diagnostic for channel B with high frequency difference - Set 1;;;;;;Conjunto 1;Set 1;;Fase B;Phase B;;Autodiagnóstico;;;SDBSET1$LPHD2$ST$ErrHzLeakA$stVal;;
74417e3b534347948c2228c3806391d7;1;R;Bit;TabAutoDiagnosticoConj1;Discrete input;21113;Binary input;19;0;1;;1;;;;0=Não acionado\1=Acionado;0=Not triggered\1=Triggered;0=No accionado\1=Accionado;;;Público;Indicação de autodiagnóstico de corrente do canal B com corrente de fuga baixa - Conjunto 1;Indication of self-diagnostic for channel B with low leakage current - Set 1;;;;;;Conjunto 1;Set 1;;Fase B;Phase B;;Autodiagnóstico;;;SDBSET1$LPHD2$ST$ErrLoLeakA$stVal;;
8a1d2c3e4f5b6789abc0d1e2f3a4b5c6;1;R;Bit;TabAutoDiagnosticoConj1;Discrete input;21135;Binary input;256;0;1;;1;;;;0=Não acionado\1=Acionado;0=Not triggered\1=Triggered;0=No accionado\1=Accionado;;;Público;Indicação de autodiagnóstico de corrente do canal B com corrente de fuga muito baixa - Conjunto 1;Indication of self-diagnostic for channel B with very low leakage current - Set 1;;;;;;Conjunto 1;Set 1;;Fase B;Phase B;;Autodiagnóstico;;;;;
638a25474352401485202769d2b04509;1;R;Bit;TabAutoDiagnosticoConj1;Discrete input;21114;Binary input;20;0;1;;1;;;;0=Não acionado\1=Acionado;0=Not triggered\1=Triggered;0=No accionado\1=Accionado;;;Público;Indicação de autodiagnóstico de corrente do canal B com offset fora dos limites - Conjunto 1;Indication of self-diagnostic for channel B with offset out of bounds - Set 1;;;;;;Conjunto 1;Set 1;;Fase B;Phase B;;Autodiagnóstico;;;SDBSET1$LPHD2$ST$ErrLeakA$stVal;;
54029fd043c94785b6fcfabfe244dc07;1;R;Bit;TabAutoDiagnosticoConj1;Discrete input;21115;Binary input;21;0;1;;1;;;;0=Não acionado\1=Acionado;0=Not triggered\1=Triggered;0=No accionado\1=Accionado;;;Público;Indicação de autodiagnóstico de corrente do canal C com onda indeterminada - Conjunto 1;Indication of self-diagnostic for channel C with indeterminate wave - Set 1;;;;;;Conjunto 1;Set 1;;Fase C;Phase C;;Autodiagnóstico;;;SDBSET1$LPHD3$ST$ErrARtg$stVal;;
0778bd6375df4d2fafbb773d5a4002a4;1;R;Bit;TabAutoDiagnosticoConj1;Discrete input;21116;Binary input;22;0;1;;1;;;;0=Não acionado\1=Acionado;0=Not triggered\1=Triggered;0=No accionado\1=Accionado;;;Público;Indicação de autodiagnóstico de corrente do canal C próxima à saturação do ADC - Conjunto 1;Indication of self-diagnostic for channel C close to ADC saturation - Set 1;;;;;;Conjunto 1;Set 1;;Fase C;Phase C;;Autodiagnóstico;;;SDBSET1$LPHD3$ST$ErrLeakA1$stVal;;
49499ac915e74709bed1c36ab6b6365e;1;R;Bit;TabAutoDiagnosticoConj1;Discrete input;21117;Binary input;23;0;1;;1;;;;0=Não acionado\1=Acionado;0=Not triggered\1=Triggered;0=No accionado\1=Accionado;;;Público;Indicação de autodiagnóstico de corrente do canal C com imprecisão ângular - Conjunto 1;Indication of self-diagnostic for channel C with angular inaccurancy - Set 1;;;;;;Conjunto 1;Set 1;;Fase C;Phase C;;Autodiagnóstico;;;SDBSET1$LPHD3$ST$ErrAngLeakA$stVal;;
179d374ad46548ac90a9d84a2673a89d;1;R;Bit;TabAutoDiagnosticoConj1;Discrete input;21118;Binary input;24;0;1;;1;;;;0=Não acionado\1=Acionado;0=Not triggered\1=Triggered;0=No accionado\1=Accionado;;;Público;Indicação de autodiagnóstico de corrente do canal C com alta diferença de frequência - Conjunto 1;Indication of self-diagnostic for channel C with high frequency difference - Set 1;;;;;;Conjunto 1;Set 1;;Fase C;Phase C;;Autodiagnóstico;;;SDBSET1$LPHD3$ST$ErrHzLeakA$stVal;;
61a9e019f6154a668abd14ef416b5205;1;R;Bit;TabAutoDiagnosticoConj1;Discrete input;21119;Binary input;25;0;1;;1;;;;0=Não acionado\1=Acionado;0=Not triggered\1=Triggered;0=No accionado\1=Accionado;;;Público;Indicação de autodiagnóstico de corrente do canal C com corrente de fuga baixa - Conjunto 1;Indication of self-diagnostic for channel C with low leakage current - Set 1;;;;;;Conjunto 1;Set 1;;Fase C;Phase C;;Autodiagnóstico;;;SDBSET1$LPHD3$ST$ErrLoLeakA$stVal;;
1b2c3d4e5f60718293a4b5c6d7e8f901;1;R;Bit;TabAutoDiagnosticoConj1;Discrete input;21136;Binary input;257;0;1;;1;;;;0=Não acionado\1=Acionado;0=Not triggered\1=Triggered;0=No accionado\1=Accionado;;;Público;Indicação de autodiagnóstico de corrente do canal C com corrente de fuga muito baixa - Conjunto 1;Indication of self-diagnostic for channel C with very low leakage current - Set 1;;;;;;Conjunto 1;Set 1;;Fase C;Phase C;;Autodiagnóstico;;;;;
93ef2d35cb4041f493aab88846f9ce8b;1;R;Bit;TabAutoDiagnosticoConj1;Discrete input;21137;Binary input;267;0;1;;1;;;;0=Não acionado\1=Acionado;0=Not triggered\1=Triggered;0=No accionado\1=Accionado;;;Público;Indicação de autodiagnóstico de bloco desligado - Conjunto 1;Indication of self-diagnostic for block powered off - Set 1;;;;;;Conjunto 1;Set 1;;Geral;General;;Autodiagnóstico;;;;;
a4c3c7d76a3d400892e451f7e11f2ca4;1;R;Bit;TabAutoDiagnosticoConj1;Discrete input;21120;Binary input;26;0;1;;1;;;;0=Não acionado\1=Acionado;0=Not triggered\1=Triggered;0=No accionado\1=Accionado;;;Público;Indicação de autodiagnóstico de corrente do canal C com offset fora dos limites - Conjunto 1;Indication of self-diagnostic for channel C with offset out of bounds - Set 1;;;;;;Conjunto 1;Set 1;;Fase C;Phase C;;Autodiagnóstico;;;SDBSET1$LPHD3$ST$ErrLeakA$stVal;;
efe4d56117664b25b3d485aa8aef74f7;1;R;Bit;TabAutoDiagnosticoConj1;Discrete input;21121;Binary input;27;0;1;;1;;;;0=Não acionado\1=Acionado;0=Not triggered\1=Triggered;0=No accionado\1=Accionado;;;Público;Indicação de autodiagnóstico de somatório de corrente calculada com onda indeterminada - Conjunto 1;Indication of self-diagnostic for calculated current sum with indeterminate wave - Set 1;;;;;;Conjunto 1;Set 1;;Somatório de corrente;Current sum;;Autodiagnóstico;;;SDBSET1$ZBSH4$ST$ErrCalc2$stVal;;
1ae0fce3b88d486ea5020bf5d315410a;1;R;Bit;TabAutoDiagnosticoConj1;Discrete input;21122;Binary input;28;0;1;;1;;;;0=Não acionado\1=Acionado;0=Not triggered\1=Triggered;0=No accionado\1=Accionado;;;Público;Indicação de autodiagnóstico de somatório de corrente calculada próxima à saturação do ADC - Conjunto 1;Indication of self-diagnostic for calculated current sum close to ADC saturation - Set 1;;;;;;Conjunto 1;Set 1;;Somatório de corrente;Current sum;;Autodiagnóstico;;;SDBSET1$ZBSH4$ST$ErrSumCalc3$stVal;;
f7090ee637d04f9995069b59d66e38ce;1;R;Bit;TabAutoDiagnosticoConj1;Discrete input;21123;Binary input;29;0;1;;1;;;;0=Não acionado\1=Acionado;0=Not triggered\1=Triggered;0=No accionado\1=Accionado;;;Público;Indicação de autodiagnóstico de somatório de corrente calculada com imprecisão ângular - Conjunto 1;Indication of self-diagnostic for calculated current sum with angular inaccurancy - Set 1;;;;;;Conjunto 1;Set 1;;Somatório de corrente;Current sum;;Autodiagnóstico;;;SDBSET1$ZBSH4$ST$ErrCalc$stVal;;
2937eab70a4e4ce1b6a41e8712130d4e;1;R;Bit;TabAutoDiagnosticoConj1;Discrete input;21124;Binary input;30;0;1;;1;;;;0=Não acionado\1=Acionado;0=Not triggered\1=Triggered;0=No accionado\1=Accionado;;;Público;Indicação de autodiagnóstico de somatório de corrente calculada com alta diferença de frequência - Conjunto 1;Indication of self-diagnostic for calculated current sum with high frequency difference - Set 1;;;;;;Conjunto 1;Set 1;;Somatório de corrente;Current sum;;Autodiagnóstico;;;SDBSET1$ZBSH4$ST$ErrOfsCalc$stVal;;
95c5efed06824fb9ba902f3b8f2e0230;1;R;Bit;TabAutoDiagnosticoConj1;Discrete input;21125;Binary input;31;0;1;;1;;;;;;;;;Privado;Reservado;Reserved;;;;;;;;;;;;;;;;;
c2d5f375b1d1416e881255fde2d758bc;1;R;Bit;TabAutoDiagnosticoConj1;Discrete input;21126;Binary input;32;0;1;;1;;;;0=Não acionado\1=Acionado;0=Not triggered\1=Triggered;0=No accionado\1=Accionado;;;Público;Indicação de autodiagnóstico de somatório de corrente calculada com offset fora dos limites - Conjunto 1;Indication of self-diagnostic for calculated current sum with offset out of bounds - Set 1;;;;;;Conjunto 1;Set 1;;Somatório de corrente;Current sum;;Autodiagnóstico;;;SDBSET1$ZBSH4$ST$ErrOfsCalc2$stVal;;
0615ed3b7e9a4f409de2ce39806144b2;1;R;Bit;TabAutoDiagnosticoConj1;Discrete input;21127;Binary input;33;0;1;;1;;;;0=Não acionado\1=Acionado;0=Not triggered\1=Triggered;0=No accionado\1=Accionado;;;Público;Indicação de autodiagnóstico de somatório de corrente medida com onda indeterminada - Conjunto 1;Indication of self-diagnostic for measured current sum with indeterminate wave - Set 1;;;;;;Conjunto 1;Set 1;;Somatório de corrente;Current sum;;Autodiagnóstico;;;SDBSET1$ZBSH4$ST$ErrMag2$stVal;;
4f1dce6bb57444d8893eafa3e7df35aa;1;R;Bit;TabAutoDiagnosticoConj1;Discrete input;21128;Binary input;34;0;1;;1;;;;0=Não acionado\1=Acionado;0=Not triggered\1=Triggered;0=No accionado\1=Accionado;;;Público;Indicação de autodiagnóstico de somatório de corrente medida próxima à saturação do ADC - Conjunto 1;Indication of self-diagnostic for measured current sum close to ADC saturation - Set 1;;;;;;Conjunto 1;Set 1;;Somatório de corrente;Current sum;;Autodiagnóstico;;;SDBSET1$ZBSH4$ST$ErrSumMag3$stVal;;
08656a2a4ea4475e9c3508f06e70251e;1;R;Bit;TabAutoDiagnosticoConj1;Discrete input;21129;Binary input;35;0;1;;1;;;;0=Não acionado\1=Acionado;0=Not triggered\1=Triggered;0=No accionado\1=Accionado;;;Público;Indicação de autodiagnóstico de somatório de corrente medida com imprecisão ângular - Conjunto 1;Indication of self-diagnostic for measured current sum with angular inaccurancy - Set 1;;;;;;Conjunto 1;Set 1;;Somatório de corrente;Current sum;;Autodiagnóstico;;;SDBSET1$ZBSH4$ST$ErrMag$stVal;;
e3750119e5ef45189c13743399f94a8a;1;R;Bit;TabAutoDiagnosticoConj1;Discrete input;21130;Binary input;36;0;1;;1;;;;0=Não acionado\1=Acionado;0=Not triggered\1=Triggered;0=No accionado\1=Accionado;;;Público;Indicação de autodiagnóstico de somatório de corrente medida com alta diferença de frequência - Conjunto 1;Indication of self-diagnostic for measured current sum with high frequency difference - Set 1;;;;;;Conjunto 1;Set 1;;Somatório de corrente;Current sum;;Autodiagnóstico;;;SDBSET1$ZBSH4$ST$ErrOfsMag$stVal;;
20e8d2fc93884462b7de202644aa0abe;1;R;Bit;TabAutoDiagnosticoConj1;Discrete input;21131;Binary input;37;0;1;;1;;;;;;;;;Privado;Reservado;Reserved;;;;;;;;;;;;;;;;;
a6fa36bda90b4d86849ea2ac63487ab1;1;R;Bit;TabAutoDiagnosticoConj1;Discrete input;21132;Binary input;38;0;1;;1;;;;0=Não acionado\1=Acionado;0=Not triggered\1=Triggered;0=No accionado\1=Accionado;;;Público;Indicação de autodiagnóstico de somatório de corrente medida com offset fora dos limites - Conjunto 1;Indication of self-diagnostic for measured current sum with offset out of bounds - Set 1;;;;;;Conjunto 1;Set 1;;Somatório de corrente;Current sum;;Autodiagnóstico;;;SDBSET1$ZBSH4$ST$ErrSumMag$stVal;;
7d4dfdab25704146b505bbd04016f510;1;R;Bit;TabAutoDiagnosticoConj1;Discrete input;21133;Binary input;39;0;1;;1;;;;0=Não acionado\1=Acionado;0=Not triggered\1=Triggered;0=No accionado\1=Accionado;;;Público;Indicação de autodiagnóstico disparidade entre frequências - Conjunto 1;Indication of self-diagnostic for frequency disparity - Set 1;;;;;;Conjunto 1;Set 1;;Geral;General;;Autodiagnóstico;;;SDBSET1$LPHD4$ST$ErrHzA$stVal;;
;;;;;;;;;;;;;;;;;;;;;;;;;;;;;;;;;;;;;;;;
9ee5ca0233a64bd694baede4613e52f5;1;R;16;TabAutoDiagnosticoContConj2;Input register;21100;Analog input;3;0;65535;;1;;;;;;;;;Privado;Indicação do contador cíclico de override - Conjunto 2;Indication of the cyclic counter for override - Conjunto 2;;;;;;;;;;;;;;;;;
58be74f6b2bd41c09a13d11be23b0ca2;1;R;16;TabAutoDiagnosticoContConj2;Input register;21101;Analog input;4;0;65535;;1;;;;;;;;;Privado;Indicação do contador cíclico de leitura ausente - Conjunto 2;Indication of the cyclic counter for missed read - Conjunto 2;;;;;;;;;;;;;;;;;
a1b1fd74cc6043e88b83a1b03cad0186;1;R;16;TabAutoDiagnosticoContConj2;Input register;21102;Analog input;5;0;65535;;1;;;;;;;;;Privado;Indicação do contador cíclico de erros de CRC - Conjunto 2;Indication of the cyclic counter for CRC errors - Conjunto 2;;;;;;;;;;;;;;;;;
;;;;;;;;;;;;;;;;;;;;;;;;;;;;;;;;;;;;;;;;
819cf74010a74cddb4aaecc5b42adbca;1;R;Bit;TabAutoDiagnosticoConj2;Discrete input;21200;Binary input;40;0;1;;1;;;;0=Não acionado\1=Acionado;0=Not triggered\1=Triggered;0=No accionado\1=Accionado;;;Público;Indicação de autodiagnóstico de sequência de fases - Conjunto 2;Indication of self-diagnostic for phases sequence - Set 2;;;;;;Conjunto 2;Set 2;;Geral;General;;Autodiagnóstico;;;SDBSET2$LPHD4$ST$ErrPhSeq$stVal;;
757a1ef707d34519906d0a86d6754381;1;R;Bit;TabAutoDiagnosticoConj2;Discrete input;21201;Binary input;41;0;1;;1;;;;0=Não acionado\1=Acionado;0=Not triggered\1=Triggered;0=No accionado\1=Accionado;;;Público;Indicação de autodiagnóstico de inconsistência na somatória - Conjunto 2;Indication of self-diagnostic for inconsistency in sum - Set 2;;;;;;Conjunto 2;Set 2;;Geral;General;;Autodiagnóstico;;;SDBSET2$ZBSH4$ST$ErrSum$stVal;;
5610e706e9d648ccb94b03955c9859e2;1;R;Bit;TabAutoDiagnosticoConj2;Discrete input;21202;Binary input;42;0;1;;1;;;;0=Não acionado\1=Acionado;0=Not triggered\1=Triggered;0=No accionado\1=Accionado;;;Público;Indicação de autodiagnóstico de falha na medição - Conjunto 2;Indication of self-diagnostic for failure on measurement - Set 2;;;;;;Conjunto 2;Set 2;;Geral;General;;Autodiagnóstico;;;SDBSET2$ZBSH4$ST$ErrMea$stVal;;
bcea0328c6ec4b89a8bf96b4333a56fc;1;R;Bit;TabAutoDiagnosticoConj2;Discrete input;21203;Binary input;43;0;1;;1;;;;0=Não acionado\1=Acionado;0=Not triggered\1=Triggered;0=No accionado\1=Accionado;;;Público;Indicação de autodiagnóstico de corrente do canal A com onda indeterminada - Conjunto 2;Indication of self-diagnostic for channel A with indeterminate wave - Set 2;;;;;;Conjunto 2;Set 2;;Fase A;Phase A;;Autodiagnóstico;;;SDBSET2$LPHD1$ST$ErrARtg$stVal;;
9294a9018312479dba83d3ccadde6302;1;R;Bit;TabAutoDiagnosticoConj2;Discrete input;21204;Binary input;44;0;1;;1;;;;0=Não acionado\1=Acionado;0=Not triggered\1=Triggered;0=No accionado\1=Accionado;;;Público;Indicação de autodiagnóstico de corrente do canal A próxima à saturação do ADC - Conjunto 2;Indication of self-diagnostic for channel A close to ADC saturation - Set 2;;;;;;Conjunto 2;Set 2;;Fase A;Phase A;;Autodiagnóstico;;;SDBSET2$LPHD1$ST$ErrLeakA1$stVal;;
e2696c35cd494c51939d5e8f8dd3004c;1;R;Bit;TabAutoDiagnosticoConj2;Discrete input;21205;Binary input;45;0;1;;1;;;;0=Não acionado\1=Acionado;0=Not triggered\1=Triggered;0=No accionado\1=Accionado;;;Público;Indicação de autodiagnóstico de corrente do canal A com  imprecisão ângular - Conjunto 2;Indication of self-diagnostic for channel A with angular inaccurancy - Set 2;;;;;;Conjunto 2;Set 2;;Fase A;Phase A;;Autodiagnóstico;;;SDBSET2$LPHD1$ST$ErrAngLeakA$stVal;;
4ffa4bdd26984bba8e6c49382aae35af;1;R;Bit;TabAutoDiagnosticoConj2;Discrete input;21206;Binary input;46;0;1;;1;;;;0=Não acionado\1=Acionado;0=Not triggered\1=Triggered;0=No accionado\1=Accionado;;;Público;Indicação de autodiagnóstico de corrente do canal A com alta diferença de frequência - Conjunto 2;Indication of self-diagnostic for channel A with high frequency difference - Set 2;;;;;;Conjunto 2;Set 2;;Fase A;Phase A;;Autodiagnóstico;;;SDBSET2$LPHD1$ST$ErrHzLeakA$stVal;;
29414ae1665a4b22b2d388137534382e;1;R;Bit;TabAutoDiagnosticoConj2;Discrete input;21207;Binary input;47;0;1;;1;;;;0=Não acionado\1=Acionado;0=Not triggered\1=Triggered;0=No accionado\1=Accionado;;;Público;Indicação de autodiagnóstico de corrente do canal A com corrente de fuga baixa - Conjunto 2;Indication of self-diagnostic for channel A with low leakage current - Set 2;;;;;;Conjunto 2;Set 2;;Fase A;Phase A;;Autodiagnóstico;;;SDBSET2$LPHD1$ST$ErrLoLeakA$stVal;;
2c9d8e7f6a5b4c3d2e1f0a9b8c7d6e5f;1;R;Bit;TabAutoDiagnosticoConj2;Discrete input;21234;Binary input;258;0;1;;1;;;;0=Não acionado\1=Acionado;0=Not triggered\1=Triggered;0=No accionado\1=Accionado;;;Público;Indicação de autodiagnóstico de corrente do canal A com corrente de fuga muito baixa - Conjunto 2;Indication of self-diagnostic for channel A with very low leakage current - Set 2;;;;;;Conjunto 2;Set 2;;Fase A;Phase A;;Autodiagnóstico;;;;;
929dc0911d544094960d2077bd190bb4;1;R;Bit;TabAutoDiagnosticoConj2;Discrete input;21208;Binary input;48;0;1;;1;;;;0=Não acionado\1=Acionado;0=Not triggered\1=Triggered;0=No accionado\1=Accionado;;;Público;Indicação de autodiagnóstico de corrente do canal A com offset fora dos limites - Conjunto 2;Indication of self-diagnostic for channel A with offset out of bounds - Set 2;;;;;;Conjunto 2;Set 2;;Fase A;Phase A;;Autodiagnóstico;;;SDBSET2$LPHD1$ST$ErrLeakA$stVal;;
1ce3ea740b9647b2be4f1e8a1af14004;1;R;Bit;TabAutoDiagnosticoConj2;Discrete input;21209;Binary input;49;0;1;;1;;;;0=Não acionado\1=Acionado;0=Not triggered\1=Triggered;0=No accionado\1=Accionado;;;Público;Indicação de autodiagnóstico de corrente do canal B com onda indeterminada - Conjunto 2;Indication of self-diagnostic for channel B with indeterminate wave - Set 2;;;;;;Conjunto 2;Set 2;;Fase B;Phase B;;Autodiagnóstico;;;SDBSET2$LPHD2$ST$ErrARtg$stVal;;
3d374e552d4a4c2a9591cabe847fef82;1;R;Bit;TabAutoDiagnosticoConj2;Discrete input;21210;Binary input;50;0;1;;1;;;;0=Não acionado\1=Acionado;0=Not triggered\1=Triggered;0=No accionado\1=Accionado;;;Público;Indicação de autodiagnóstico de corrente do canal B próxima à saturação do ADC - Conjunto 2;Indication of self-diagnostic for channel B close to ADC saturation - Set 2;;;;;;Conjunto 2;Set 2;;Fase B;Phase B;;Autodiagnóstico;;;SDBSET2$LPHD2$ST$ErrLeakA1$stVal;;
f815b8be43b246dabd723b7545059a65;1;R;Bit;TabAutoDiagnosticoConj2;Discrete input;21211;Binary input;51;0;1;;1;;;;0=Não acionado\1=Acionado;0=Not triggered\1=Triggered;0=No accionado\1=Accionado;;;Público;Indicação de autodiagnóstico de corrente do canal B com  imprecisão ângular - Conjunto 2;Indication of self-diagnostic for channel B with angular inaccurancy - Set 2;;;;;;Conjunto 2;Set 2;;Fase B;Phase B;;Autodiagnóstico;;;SDBSET2$LPHD2$ST$ErrAngLeakA$stVal;;
9786a1dac7c643e0ab8246f02fb26804;1;R;Bit;TabAutoDiagnosticoConj2;Discrete input;21212;Binary input;52;0;1;;1;;;;0=Não acionado\1=Acionado;0=Not triggered\1=Triggered;0=No accionado\1=Accionado;;;Público;Indicação de autodiagnóstico de corrente do canal B com alta diferença de frequência - Conjunto 2;Indication of self-diagnostic for channel B with high frequency difference - Set 2;;;;;;Conjunto 2;Set 2;;Fase B;Phase B;;Autodiagnóstico;;;SDBSET2$LPHD2$ST$ErrHzLeakA$stVal;;
8494d147ab7d4d7c80120d0b631daa32;1;R;Bit;TabAutoDiagnosticoConj2;Discrete input;21213;Binary input;53;0;1;;1;;;;0=Não acionado\1=Acionado;0=Not triggered\1=Triggered;0=No accionado\1=Accionado;;;Público;Indicação de autodiagnóstico de corrente do canal B com corrente de fuga baixa - Conjunto 2;Indication of self-diagnostic for channel B with low leakage current - Set 2;;;;;;Conjunto 2;Set 2;;Fase B;Phase B;;Autodiagnóstico;;;SDBSET2$LPHD2$ST$ErrLoLeakA$stVal;;
3d4e5f60718293a4b5c6d7e8f9011a2b;1;R;Bit;TabAutoDiagnosticoConj2;Discrete input;21235;Binary input;259;0;1;;1;;;;0=Não acionado\1=Acionado;0=Not triggered\1=Triggered;0=No accionado\1=Accionado;;;Público;Indicação de autodiagnóstico de corrente do canal B com corrente de fuga muito baixa - Conjunto 2;Indication of self-diagnostic for channel B with very low leakage current - Set 2;;;;;;Conjunto 2;Set 2;;Fase B;Phase B;;Autodiagnóstico;;;;;
66c120df6b2249e0bb0a63162b5ce53d;1;R;Bit;TabAutoDiagnosticoConj2;Discrete input;21214;Binary input;54;0;1;;1;;;;0=Não acionado\1=Acionado;0=Not triggered\1=Triggered;0=No accionado\1=Accionado;;;Público;Indicação de autodiagnóstico de corrente do canal B com offset fora dos limites - Conjunto 2;Indication of self-diagnostic for channel B with offset out of bounds - Set 2;;;;;;Conjunto 2;Set 2;;Fase B;Phase B;;Autodiagnóstico;;;SDBSET2$LPHD2$ST$ErrLeakA$stVal;;
86b4ec226f754b308e4b959a8b59b52e;1;R;Bit;TabAutoDiagnosticoConj2;Discrete input;21215;Binary input;55;0;1;;1;;;;0=Não acionado\1=Acionado;0=Not triggered\1=Triggered;0=No accionado\1=Accionado;;;Público;Indicação de autodiagnóstico de corrente do canal C com onda indeterminada - Conjunto 2;Indication of self-diagnostic for channel C with indeterminate wave - Set 2;;;;;;Conjunto 2;Set 2;;Fase C;Phase C;;Autodiagnóstico;;;SDBSET2$LPHD3$ST$ErrARtg$stVal;;
8a925b46df2a4300990ac641a7650705;1;R;Bit;TabAutoDiagnosticoConj2;Discrete input;21216;Binary input;56;0;1;;1;;;;0=Não acionado\1=Acionado;0=Not triggered\1=Triggered;0=No accionado\1=Accionado;;;Público;Indicação de autodiagnóstico de corrente do canal C próxima à saturação do ADC - Conjunto 2;Indication of self-diagnostic for channel C close to ADC saturation - Set 2;;;;;;Conjunto 2;Set 2;;Fase C;Phase C;;Autodiagnóstico;;;SDBSET2$LPHD3$ST$ErrLeakA1$stVal;;
6bf0c09be64c486aa96ad2daf7e66046;1;R;Bit;TabAutoDiagnosticoConj2;Discrete input;21217;Binary input;57;0;1;;1;;;;0=Não acionado\1=Acionado;0=Not triggered\1=Triggered;0=No accionado\1=Accionado;;;Público;Indicação de autodiagnóstico de corrente do canal C com  imprecisão ângular - Conjunto 2;Indication of self-diagnostic for channel C with angular inaccurancy- Set 2;;;;;;Conjunto 2;Set 2;;Fase C;Phase C;;Autodiagnóstico;;;SDBSET2$LPHD3$ST$ErrAngLeakA$stVal;;
a701b330028443d1949d26edcfebf549;1;R;Bit;TabAutoDiagnosticoConj2;Discrete input;21218;Binary input;58;0;1;;1;;;;0=Não acionado\1=Acionado;0=Not triggered\1=Triggered;0=No accionado\1=Accionado;;;Público;Indicação de autodiagnóstico de corrente do canal C com alta diferença de frequência - Conjunto 2;Indication of self-diagnostic for channel C with high frequency difference - Set 2;;;;;;Conjunto 2;Set 2;;Fase C;Phase C;;Autodiagnóstico;;;SDBSET2$LPHD3$ST$ErrHzLeakA$stVal;;
179dbf48d56c4fd0908d751e2b246682;1;R;Bit;TabAutoDiagnosticoConj2;Discrete input;21219;Binary input;59;0;1;;1;;;;0=Não acionado\1=Acionado;0=Not triggered\1=Triggered;0=No accionado\1=Accionado;;;Público;Indicação de autodiagnóstico de corrente do canal C com corrente de fuga baixa - Conjunto 2;Indication of self-diagnostic for channel C with low leakage current - Set 2;;;;;;Conjunto 2;Set 2;;Fase C;Phase C;;Autodiagnóstico;;;SDBSET2$LPHD3$ST$ErrLoLeakA$stVal;;
4e5f60718293a4b5c6d7e8f9011a2b3c;1;R;Bit;TabAutoDiagnosticoConj2;Discrete input;21236;Binary input;260;0;1;;1;;;;0=Não acionado\1=Acionado;0=Not triggered\1=Triggered;0=No accionado\1=Accionado;;;Público;Indicação de autodiagnóstico de corrente do canal C com corrente de fuga muito baixa - Conjunto 2;Indication of self-diagnostic for channel C with very low leakage current - Set 2;;;;;;Conjunto 2;Set 2;;Fase C;Phase C;;Autodiagnóstico;;;;;
e093905e91874cb495831ec909eb1ad0;1;R;Bit;TabAutoDiagnosticoConj2;Discrete input;21237;Binary input;268;0;1;;1;;;;0=Não acionado\1=Acionado;0=Not triggered\1=Triggered;0=No accionado\1=Accionado;;;Público;Indicação de autodiagnóstico de bloco desligado - Conjunto 2;Indication of self-diagnostic for block powered off - Set 2;;;;;;Conjunto 2;Set 2;;Geral;General;;Autodiagnóstico;;;;;
093b99a243984703a91ee7d0bb45a712;1;R;Bit;TabAutoDiagnosticoConj2;Discrete input;21220;Binary input;60;0;1;;1;;;;0=Não acionado\1=Acionado;0=Not triggered\1=Triggered;0=No accionado\1=Accionado;;;Público;Indicação de autodiagnóstico de corrente do canal C com offset fora dos limites - Conjunto 2;Indication of self-diagnostic for channel C with offset out of bounds - Set 2;;;;;;Conjunto 2;Set 2;;Fase C;Phase C;;Autodiagnóstico;;;SDBSET2$LPHD3$ST$ErrLeakA$stVal;;
9eca891d40b54e78adce486278afcdc7;1;R;Bit;TabAutoDiagnosticoConj2;Discrete input;21221;Binary input;61;0;1;;1;;;;0=Não acionado\1=Acionado;0=Not triggered\1=Triggered;0=No accionado\1=Accionado;;;Público;Indicação de autodiagnóstico de somatório de corrente calculada com onda indeterminada - Conjunto 2;Indication of self-diagnostic for calculated current sum with indeterminate wave - Set 2;;;;;;Conjunto 2;Set 2;;Somatório de corrente;Current sum;;Autodiagnóstico;;;SDBSET2$ZBSH4$ST$ErrCalc2$stVal;;
906fd18fc6cf4ea299971f3027f07043;1;R;Bit;TabAutoDiagnosticoConj2;Discrete input;21222;Binary input;62;0;1;;1;;;;0=Não acionado\1=Acionado;0=Not triggered\1=Triggered;0=No accionado\1=Accionado;;;Público;Indicação de autodiagnóstico de somatório de corrente calculada próxima à saturação do ADC - Conjunto 2;Indication of self-diagnostic for calculated current sum close to ADC saturation - Set 2;;;;;;Conjunto 2;Set 2;;Somatório de corrente;Current sum;;Autodiagnóstico;;;SDBSET2$ZBSH4$ST$ErrSumCalc3$stVal;;
217d42d645b448bea4674c067edd5b9a;1;R;Bit;TabAutoDiagnosticoConj2;Discrete input;21223;Binary input;63;0;1;;1;;;;0=Não acionado\1=Acionado;0=Not triggered\1=Triggered;0=No accionado\1=Accionado;;;Público;Indicação de autodiagnóstico de somatório de corrente calculada com  imprecisão ângular - Conjunto 2;Indication of self-diagnostic for calculated current sum with angular inaccurancy - Set 2;;;;;;Conjunto 2;Set 2;;Somatório de corrente;Current sum;;Autodiagnóstico;;;SDBSET2$ZBSH4$ST$ErrCalc$stVal;;
bd5314d6cec0402a84751e11d5daaf97;1;R;Bit;TabAutoDiagnosticoConj2;Discrete input;21224;Binary input;64;0;1;;1;;;;0=Não acionado\1=Acionado;0=Not triggered\1=Triggered;0=No accionado\1=Accionado;;;Público;Indicação de autodiagnóstico de somatório de corrente calculada com alta diferença de frequência - Conjunto 2;Indication of self-diagnostic for calculated current sum with high frequency difference - Set 2;;;;;;Conjunto 2;Set 2;;Somatório de corrente;Current sum;;Autodiagnóstico;;;SDBSET2$ZBSH4$ST$ErrOfsCalc$stVal;;
967593e0c20f4ad4b72b976158459734;1;R;Bit;TabAutoDiagnosticoConj2;Discrete input;21225;Binary input;65;0;1;;1;;;;;;;;;Privado;Reservado;Reserved;;;;;;;;;;;;;;;;;
67f2c25f567845e0a76bbe49497c6a81;1;R;Bit;TabAutoDiagnosticoConj2;Discrete input;21226;Binary input;66;0;1;;1;;;;0=Não acionado\1=Acionado;0=Not triggered\1=Triggered;0=No accionado\1=Accionado;;;Público;Indicação de autodiagnóstico de somatório de corrente calculada com offset fora dos limites - Conjunto 2;Indication of self-diagnostic for calculated current sum with offset out of bounds - Set 2;;;;;;Conjunto 2;Set 2;;Somatório de corrente;Current sum;;Autodiagnóstico;;;SDBSET2$ZBSH4$ST$ErrOfsCalc2$stVal;;
6f07b42ff0d64a67a5e7e6eca97c7958;1;R;Bit;TabAutoDiagnosticoConj2;Discrete input;21227;Binary input;67;0;1;;1;;;;0=Não acionado\1=Acionado;0=Not triggered\1=Triggered;0=No accionado\1=Accionado;;;Público;Indicação de autodiagnóstico de somatório de corrente medida com onda indeterminada - Conjunto 2;Indication of self-diagnostic for measured current sum with indeterminate wave - Set 2;;;;;;Conjunto 2;Set 2;;Somatório de corrente;Current sum;;Autodiagnóstico;;;SDBSET2$ZBSH4$ST$ErrMag2$stVal;;
1709a3bc2154488b929f710f93aff187;1;R;Bit;TabAutoDiagnosticoConj2;Discrete input;21228;Binary input;68;0;1;;1;;;;0=Não acionado\1=Acionado;0=Not triggered\1=Triggered;0=No accionado\1=Accionado;;;Público;Indicação de autodiagnóstico de somatório de corrente medida próxima à saturação do ADC - Conjunto 2;Indication of self-diagnostic for measured current sum close to ADC saturation - Set 2;;;;;;Conjunto 2;Set 2;;Somatório de corrente;Current sum;;Autodiagnóstico;;;SDBSET2$ZBSH4$ST$ErrSumMag3$stVal;;
71156bb629a34c948f6a384c7aa9c538;1;R;Bit;TabAutoDiagnosticoConj2;Discrete input;21229;Binary input;69;0;1;;1;;;;0=Não acionado\1=Acionado;0=Not triggered\1=Triggered;0=No accionado\1=Accionado;;;Público;Indicação de autodiagnóstico de somatório de corrente medida com  imprecisão ângular - Conjunto 2;Indication of self-diagnostic for measured current sum with angular inaccurancy - Set 2;;;;;;Conjunto 2;Set 2;;Somatório de corrente;Current sum;;Autodiagnóstico;;;SDBSET2$ZBSH4$ST$ErrMag$stVal;;
11c8526f8b4b493e92e273de2fc1378a;1;R;Bit;TabAutoDiagnosticoConj2;Discrete input;21230;Binary input;70;0;1;;1;;;;0=Não acionado\1=Acionado;0=Not triggered\1=Triggered;0=No accionado\1=Accionado;;;Público;Indicação de autodiagnóstico de somatório de corrente medida com alta diferença de frequência - Conjunto 2;Indication of self-diagnostic for measured current sum with high frequency difference - Set 2;;;;;;Conjunto 2;Set 2;;Somatório de corrente;Current sum;;Autodiagnóstico;;;SDBSET2$ZBSH4$ST$ErrOfsMag$stVal;;
78f17324b3d348f8ba6b5308619dcfff;1;R;Bit;TabAutoDiagnosticoConj2;Discrete input;21231;Binary input;71;0;1;;1;;;;;;;;;Privado;Reservado;Reserved;;;;;;;;;;;;;;;;;
16d7f77ad44a41b5a3386628e3fef572;1;R;Bit;TabAutoDiagnosticoConj2;Discrete input;21232;Binary input;72;0;1;;1;;;;0=Não acionado\1=Acionado;0=Not triggered\1=Triggered;0=No accionado\1=Accionado;;;Público;Indicação de autodiagnóstico de somatório de corrente medida com offset fora dos limites - Conjunto 2;Indication of self-diagnostic for measured current sum with offset out of bounds - Set 2;;;;;;Conjunto 2;Set 2;;Somatório de corrente;Current sum;;Autodiagnóstico;;;SDBSET2$ZBSH4$ST$ErrSumMag$stVal;;
18bf8971fa0846f9ae7b2364ad5916c7;1;R;Bit;TabAutoDiagnosticoConj2;Discrete input;21233;Binary input;73;0;1;;1;;;;0=Não acionado\1=Acionado;0=Not triggered\1=Triggered;0=No accionado\1=Accionado;;;Público;Indicação de autodiagnóstico disparidade entre frequências - Conjunto 2;Indication of self-diagnostic for frequency disparity - Set 2;;;;;;Conjunto 2;Set 2;;Geral;General;;Autodiagnóstico;;;SDBSET2$LPHD4$ST$ErrHzA$stVal;;
;;;;;;;;;;;;;;;;;;;;;;;;;;;;;;;;;;;;;;;;
852f97fc80524a25b61fe55b67fee015;1;R;16;TabConj1FaseA;Input register;22000;Analog input;6;0;65535;;10;pF;pF;pF;;;;;;Público;Indicação de capacitância - Conjunto 1 - Fase A;Indication of capacitance - Set 1 - Phase A;;;;;;Conjunto 1;Set 1;;Capacitância;Capacitance;;Geral;Sim;Sim;SDBSET1$ZBSH1$MX$React$mag$f \ SDBSET1$ZBSH1$MX$React$mag$i \ SDBSET1$ZBSH1$MX$React$instMag$f \ SDBSET1$ZBSH1$MX$React$instMag$i;;
a54026a6fe124dd7b191aea35c0f3cff;1;R;16;TabConj1FaseA;Input register;22001;Analog input;7;0;9999;;1000;%;%;%;;;;;;Público;Indicação de tangente delta - Conjunto 1 - Fase A;Indication of tangent delta - Set 1 - Phase A;;;;;;Conjunto 1;Set 1;;Tangentes delta;Tangent delta;;Geral;Sim;Sim;SDBSET1$ZBSH1$MX$LosFact$mag$f \ SDBSET1$ZBSH1$MX$LosFact$mag$i \ SDBSET1$ZBSH1$MX$LosFact$instMag$f \ SDBSET1$ZBSH1$MX$LosFact$instMag$i;;
6e1df051f14640e399909a6d741d877f;1;R;16;TabConj1FaseA;Input register;22002;Analog input;8;-999;999;;100;pF/dia;pF/day;pF/día;;;;;;Público;Indicação de tendência de evolução de capacitância - Conjunto 1 - Fase A;Indication of capacitance evolution trend - Set 1 - Phase A;;;;;;Conjunto 1;Set 1;;Tendência capacitância;Capacitance evolution;;Geral;;Sim;SDBSET1$ZBSH1$MX$ReactTnd$mag$f \ SDBSET1$ZBSH1$MX$ReactTnd$mag$i \ SDBSET1$ZBSH1$MX$ReactTnd$instMag$f \ SDBSET1$ZBSH1$MX$ReactTnd$instMag$i;;
7a74b05271b149439a13c8dbb96903f9;1;R;16;TabConj1FaseA;Input register;22003;Analog input;9;-9999;9999;;1000;%/dia;%/day;%/día;;;;;;Público;Indicação de tendência de evolução de tangente delta - Conjunto 1 - Fase A;Indication of tangent delta evolution trend - Set 1 - Phase A;;;;;;Conjunto 1;Set 1;;Tendência tangente delta;Tangent delta evolution;;Geral;;Sim;SDBSET1$ZBSH1$MX$LosFactTnd$mag$f \ SDBSET1$ZBSH1$MX$LosFactTnd$mag$i \ SDBSET1$ZBSH1$MX$LosFactTnd$instMag$f \ SDBSET1$ZBSH1$MX$LosFactTnd$instMag$i;;
d5b931a3fa8e49b48ba7e31d6028d9de;1;R;16;TabConj1FaseA;Input register;22004;Analog input;10;0;65535;;1;dias;days;días;;;;;;Público;Indicação de tempo para alarme por capacitância - Alta - Conjunto 1 - Fase A;Indication of time for alarm by capacitance - High - Set 1 - Phase A;;;;;;Conjunto 1;Set 1;;Tendência capacitância;Capacitance evolution;;Debug;;;SDBSET1$ZBSH1$MX$ReactTndH$mag$f \ SDBSET1$ZBSH1$MX$ReactTndH$mag$i \ SDBSET1$ZBSH1$MX$ReactTndH$instMag$f \ SDBSET1$ZBSH1$MX$ReactTndH$instMag$i;;
d311f8b2d00d450085a5309a271b7efc;1;R;16;TabConj1FaseA;Input register;22005;Analog input;11;0;65535;;1;dias;days;días;;;;;;Público;Indicação de tempo para alarme por capacitância - Muito alta - Conjunto 1 - Fase A;Indication of time for alarm by capacitance - Very high - Set 1 - Phase A;;;;;;Conjunto 1;Set 1;;Tendência capacitância;Capacitance evolution;;Debug;;;SDBSET1$ZBSH1$MX$ReactTndHH$mag$f \ SDBSET1$ZBSH1$MX$ReactTndHH$mag$i \ SDBSET1$ZBSH1$MX$ReactTndHH$instMag$f \ SDBSET1$ZBSH1$MX$ReactTndHH$instMag$i;;
40ec618efd7b471fa16c2d70defe73bf;1;R;16;TabConj1FaseA;Input register;22006;Analog input;12;0;65535;;1;dias;days;días;;;;;;Público;Indicação de tempo para alarme por tangente delta - Alta - Conjunto 1 - Fase A;Indication of time for alarm by tangent delta - High - Set 1 - Phase A;;;;;;Conjunto 1;Set 1;;Tendência tangente delta;Tangent delta evolution;;Debug;;;SDBSET1$ZBSH1$MX$LosFactTndH$mag$f \ SDBSET1$ZBSH1$MX$LosFactTndH$mag$i \ SDBSET1$ZBSH1$MX$LosFactTndH$instMag$f \ SDBSET1$ZBSH1$MX$LosFactTndH$instMag$i;;
2d05bcb5867641678c6ddf3ba8d2f84a;1;R;16;TabConj1FaseA;Input register;22007;Analog input;13;0;65535;;1;dias;days;días;;;;;;Público;Indicação de tempo para alarme por tangente delta - Muito alta - Conjunto 1 - Fase A;Indication of time for alarm by tangent delta - Very high - Set 1 - Phase A;;;;;;Conjunto 1;Set 1;;Tendência tangente delta;Tangent delta evolution;;Debug;;;SDBSET1$ZBSH1$MX$LosFactTndHH$mag$f \ SDBSET1$ZBSH1$MX$LosFactTndHH$mag$i \ SDBSET1$ZBSH1$MX$LosFactTndHH$instMag$f \ SDBSET1$ZBSH1$MX$LosFactTndHH$instMag$i;;
783f1da007e842329fcc2adcf2cfa736;1;R;16;TabConj1FaseA;Input register;22008;Analog input;14;0;65535;;100;mA;mA;mA;;;;;;Público;Indicação de corrente de fuga - Conjunto 1 - Fase A;Indication of leakage current - Set 1 - Phase A;;;;;;Conjunto 1;Set 1;;Correntes de fuga;Leakage current;Corrientes de fuga;Geral;Sim;Sim;SDBSET1$ZBSH1$MX$RmsLeakA$mag$f \ SDBSET1$ZBSH1$MX$RmsLeakA$mag$i \ SDBSET1$ZBSH1$MX$RmsLeakA$instMag$f \ SDBSET1$ZBSH1$MX$RmsLeakA$instMag$i;;
;;;;;;;;;;;;;;;;;;;;;;;;;;;;;;;;;;;;;;;;
d83fc3d6b0b24ea1b8b9cb4a520ff501;1;R;Bit;TabAlarmeConj1FaseA;Discrete input;22000;Binary input;74;0;1;;1;;;;0=Não acionado\1=Acionado;0=Not triggered\1=Triggered;0=No accionado\1=Accionado;;;Público;Indicação de alarme por capacitância - Alta - Conjunto 1 - Fase A;Indication of alarm by capacitance - High - Set 1 - Phase A;;;;;;Conjunto 1;Set 1;;Capacitância;Capacitance;;Alarme;;;SDBSET1$ZBSH1$ST$AlmReact$stVal;;
48b4cf1788f444ee924a76430561eef4;1;R;Bit;TabAlarmeConj1FaseA;Discrete input;22001;Binary input;75;0;1;;1;;;;0=Não acionado\1=Acionado;0=Not triggered\1=Triggered;0=No accionado\1=Accionado;;;Público;Indicação de alarme por capacitância - Muito alta - Conjunto 1 - Fase A;Indication of alarm by capacitance - Very high - Set 1 - Phase A;;;;;;Conjunto 1;Set 1;;Capacitância;Capacitance;;Alarme;;;SDBSET1$ZBSH1$ST$AlmReactHi$stVal;;
02dcb8ba57414fc8ad2ebe3c2514df2f;1;R;Bit;TabAlarmeConj1FaseA;Discrete input;22002;Binary input;76;0;1;;1;;;;0=Não acionado\1=Acionado;0=Not triggered\1=Triggered;0=No accionado\1=Accionado;;;Público;Indicação de alarme por tendência de evolução de capacitância - Alta - Conjunto 1 - Fase A;Indication of alarm by capacitance evolution trend - High - Set 1 - Phase A;;;;;;Conjunto 1;Set 1;;Tendência capacitância;Capacitance evolution;;Alarme;;;SDBSET1$ZBSH1$ST$AlmReactTnd$stVal;;
c683f0fa68ab4438adca67d085d3d9c4;1;R;Bit;TabAlarmeConj1FaseA;Discrete input;22003;Binary input;77;0;1;;1;;;;0=Não acionado\1=Acionado;0=Not triggered\1=Triggered;0=No accionado\1=Accionado;;;Público;Indicação de alarme por tangente delta - Alta - Conjunto 1 - Fase A;Indication of alarm by tangent delta - High - Set 1 - Phase A;;;;;;Conjunto 1;Set 1;;Tangente delta;Tangent delta;;Alarme;;;SDBSET1$ZBSH1$ST$AlmLosFact$stVal;;
7c070a8fdab7451a831bff82f6d944ff;1;R;Bit;TabAlarmeConj1FaseA;Discrete input;22004;Binary input;78;0;1;;1;;;;0=Não acionado\1=Acionado;0=Not triggered\1=Triggered;0=No accionado\1=Accionado;;;Público;Indicação de alarme por tangente delta - Muito alta - Conjunto 1 - Fase A;Indication of alarm by tangent delta - Very high - Set 1 - Phase A;;;;;;Conjunto 1;Set 1;;Tangente delta;Tangent delta;;Alarme;;;SDBSET1$ZBSH1$ST$AlmLosFactHi$stVal;;
f48989f15e824bb2a1fc5cbe97492ddc;1;R;Bit;TabAlarmeConj1FaseA;Discrete input;22005;Binary input;79;0;1;;1;;;;0=Não acionado\1=Acionado;0=Not triggered\1=Triggered;0=No accionado\1=Accionado;;;Público;Indicação de alarme por tendência de evolução de tangente delta - Alta - Conjunto 1 - Fase A;Indication of alarm by tangent delta evolution trend - High - Set 1 - Phase A;;;;;;Conjunto 1;Set 1;;Tendência tangente delta;Tangent delta evolution;;Alarme;;;SDBSET1$ZBSH1$ST$AlmLosFactTnd$stVal;;
25c0f3075ef54635993f5fb0956b813b;1;R;Bit;TabAlarmeConj1FaseA;Discrete input;22006;Binary input;80;0;1;;1;;;;0=Não acionado\1=Acionado;0=Not triggered\1=Triggered;0=No accionado\1=Accionado;;;Público;Indicação de alarme por corrente de fuga - Alta - Conjunto 1 - Fase A;Indication of alarm by leakage current - High - Set 1 - Phase A;;;;;;Conjunto 1;Set 1;;Corrente de fuga;Leakage current;Corrientes de fuga;Alarme;;;SDBSET1$ZBSH1$ST$AlmLeakA$stVal;;
5743d8d0737544e6b260eab8b8e8957b;1;R;Bit;TabAlarmeConj1FaseA;Discrete input;22007;Binary input;81;0;1;;1;;;;0=Não acionado\1=Acionado;0=Not triggered\1=Triggered;0=No accionado\1=Accionado;;;Público;Indicação de alarme por corrente de fuga - Muito alta - Conjunto 1 - Fase A;Indication of alarm by leakage current - Very high - Set 1 - Phase A;;;;;;Conjunto 1;Set 1;;Corrente de fuga;Leakage current;Corrientes de fuga;Alarme;;;SDBSET1$ZBSH1$ST$AlmLeakAHi$stVal;;
;;;;;;;;;;;;;;;;;;;;;;;;;;;;;;;;;;;;;;;;
574185b18dcf439f83bc3c8e2dfdb6a7;1;R;16;TabConj1FaseB;Input register;22100;Analog input;15;0;65535;;10;pF;pF;pF;;;;;;Público;Indicação de capacitância - Conjunto 1 - Fase B;Indication of capacitance - Set 1 - Phase B;;;;;;Conjunto 1;Set 1;;Capacitância;Capacitance;;Geral;Sim;Sim;SDBSET1$ZBSH2$MX$React$mag$f \ SDBSET1$ZBSH2$MX$React$mag$i \ SDBSET1$ZBSH2$MX$React$instMag$f \ SDBSET1$ZBSH2$MX$React$instMag$i;;
41a6707ae2a24e1c80f4c9cba35cb267;1;R;16;TabConj1FaseB;Input register;22101;Analog input;16;0;9999;;1000;%;%;%;;;;;;Público;Indicação de tangente delta - Conjunto 1 - Fase B;Indication of tangent delta - Set 1 - Phase B;;;;;;Conjunto 1;Set 1;;Tangentes delta;Tangent delta;;Geral;Sim;Sim;SDBSET1$ZBSH2$MX$LosFact$mag$f \ SDBSET1$ZBSH2$MX$LosFact$mag$i \ SDBSET1$ZBSH2$MX$LosFact$instMag$f \ SDBSET1$ZBSH2$MX$LosFact$instMag$i;;
5d8cd78c23c04063963f8586d7ee81c2;1;R;16;TabConj1FaseB;Input register;22102;Analog input;17;-999;999;;100;pF/dia;pF/day;pF/día;;;;;;Público;Indicação de tendência de evolução de capacitância - Conjunto 1 - Fase B;Indication of capacitance evolution trend - Set 1 - Phase B;;;;;;Conjunto 1;Set 1;;Tendência capacitância;Capacitance evolution;;Geral;;Sim;SDBSET1$ZBSH2$MX$ReactTnd$mag$f \ SDBSET1$ZBSH2$MX$ReactTnd$mag$i \ SDBSET1$ZBSH2$MX$ReactTnd$instMag$f \ SDBSET1$ZBSH2$MX$ReactTnd$instMag$i;;
be655726245d4b889054c640fcb98498;1;R;16;TabConj1FaseB;Input register;22103;Analog input;18;-9999;9999;;1000;%/dia;%/day;%/día;;;;;;Público;Indicação de tendência de evolução de tangente delta - Conjunto 1 - Fase B;Indication of tangent delta evolution trend - Set 1 - Phase B;;;;;;Conjunto 1;Set 1;;Tendência tangente delta;Tangent delta evolution;;Geral;;Sim;SDBSET1$ZBSH2$MX$LosFactTnd$mag$f \ SDBSET1$ZBSH2$MX$LosFactTnd$mag$i \ SDBSET1$ZBSH2$MX$LosFactTnd$instMag$f \ SDBSET1$ZBSH2$MX$LosFactTnd$instMag$i;;
22d65fb0255c422db5291869020cd02d;1;R;16;TabConj1FaseB;Input register;22104;Analog input;19;0;65535;;1;dias;days;días;;;;;;Público;Indicação de tempo para alarme por capacitância - Alta - Conjunto 1 - Fase B;Indication of time for alarm by capacitance - High - Set 1 - Phase B;;;;;;Conjunto 1;Set 1;;Tendência capacitância;Capacitance evolution;;Debug;;;SDBSET1$ZBSH2$MX$ReactTndH$mag$f \ SDBSET1$ZBSH2$MX$ReactTndH$mag$i \ SDBSET1$ZBSH2$MX$ReactTndH$instMag$f \ SDBSET1$ZBSH2$MX$ReactTndH$instMag$i;;
0fa91f37c07f4af49fe275b60974dddf;1;R;16;TabConj1FaseB;Input register;22105;Analog input;20;0;65535;;1;dias;days;días;;;;;;Público;Indicação de tempo para alarme por capacitância - Muito alta - Conjunto 1 - Fase B;Indication of time for alarm by capacitance - Very high - Set 1 - Phase B;;;;;;Conjunto 1;Set 1;;Tendência capacitância;Capacitance evolution;;Debug;;;SDBSET1$ZBSH2$MX$ReactTndHH$mag$f \ SDBSET1$ZBSH2$MX$ReactTndHH$mag$i \ SDBSET1$ZBSH2$MX$ReactTndHH$instMag$f \ SDBSET1$ZBSH2$MX$ReactTndHH$instMag$i;;
5578964ff14f4643860175fe8937133a;1;R;16;TabConj1FaseB;Input register;22106;Analog input;21;0;65535;;1;dias;days;días;;;;;;Público;Indicação de tempo para alarme por tangente delta - Alta - Conjunto 1 - Fase B;Indication of time for alarm by tangent delta - High - Set 1 - Phase B;;;;;;Conjunto 1;Set 1;;Tendência tangente delta;Tangent delta evolution;;Debug;;;SDBSET1$ZBSH2$MX$LosFactTndH$mag$f \ SDBSET1$ZBSH2$MX$LosFactTndH$mag$i \ SDBSET1$ZBSH2$MX$LosFactTndH$instMag$f \ SDBSET1$ZBSH2$MX$LosFactTndH$instMag$i;;
06e6744639a5478f809a753a93d490ad;1;R;16;TabConj1FaseB;Input register;22107;Analog input;22;0;65535;;1;dias;days;días;;;;;;Público;Indicação de tempo para alarme por tangente delta - Muito alta - Conjunto 1 - Fase B;Indication of time for alarm by tangent delta - Very high - Set 1 - Phase B;;;;;;Conjunto 1;Set 1;;Tendência tangente delta;Tangent delta evolution;;Debug;;;SDBSET1$ZBSH2$MX$LosFactTndHH$mag$f \ SDBSET1$ZBSH2$MX$LosFactTndHH$mag$i \ SDBSET1$ZBSH2$MX$LosFactTndHH$instMag$f \ SDBSET1$ZBSH2$MX$LosFactTndHH$instMag$i;;
6e72fe50f2f74a87842bfdf8e8df14f1;1;R;16;TabConj1FaseB;Input register;22108;Analog input;23;0;65535;;100;mA;mA;mA;;;;;;Público;Indicação de corrente de fuga - Conjunto 1 - Fase B;Indication of leakage current - Set 1 - Phase B;;;;;;Conjunto 1;Set 1;;Correntes de fuga;Leakage current;Corrientes de fuga;Geral;Sim;Sim;SDBSET1$ZBSH2$MX$RmsLeakA$mag$f \ SDBSET1$ZBSH2$MX$RmsLeakA$mag$i \ SDBSET1$ZBSH2$MX$RmsLeakA$instMag$f \ SDBSET1$ZBSH2$MX$RmsLeakA$instMag$i;;
;;;;;;;;;;;;;;;;;;;;;;;;;;;;;;;;;;;;;;;;
f515507ee29a4484a523ee44f515b5fd;1;R;Bit;TabAlarmeConj1FaseB;Discrete input;22100;Binary input;82;0;1;;1;;;;0=Não acionado\1=Acionado;0=Not triggered\1=Triggered;0=No accionado\1=Accionado;;;Público;Indicação de alarme por capacitância - Alta - Conjunto 1 - Fase B;Indication of alarm by capacitance - High - Set 1 - Phase B;;;;;;Conjunto 1;Set 1;;Capacitância;Capacitance;;Alarme;;;SDBSET1$ZBSH2$ST$AlmReact$stVal;;
dfe30a8d672d425e90126d859b4778df;1;R;Bit;TabAlarmeConj1FaseB;Discrete input;22101;Binary input;83;0;1;;1;;;;0=Não acionado\1=Acionado;0=Not triggered\1=Triggered;0=No accionado\1=Accionado;;;Público;Indicação de alarme por capacitância - Muito alta - Conjunto 1 - Fase B;Indication of alarm by capacitance - Very high - Set 1 - Phase B;;;;;;Conjunto 1;Set 1;;Capacitância;Capacitance;;Alarme;;;SDBSET1$ZBSH2$ST$AlmReactHi$stVal;;
881f352b2a6140f18e72eb1129f01687;1;R;Bit;TabAlarmeConj1FaseB;Discrete input;22102;Binary input;84;0;1;;1;;;;0=Não acionado\1=Acionado;0=Not triggered\1=Triggered;0=No accionado\1=Accionado;;;Público;Indicação de alarme por tendência de evolução de capacitância - Alta - Conjunto 1 - Fase B;Indication of alarm by capacitance evolution trend - High - Set 1 - Phase B;;;;;;Conjunto 1;Set 1;;Tendência capacitância;Capacitance evolution;;Alarme;;;SDBSET1$ZBSH2$ST$AlmReactTnd$stVal;;
7528794e81ef45a8ab7e1671889a18e5;1;R;Bit;TabAlarmeConj1FaseB;Discrete input;22103;Binary input;85;0;1;;1;;;;0=Não acionado\1=Acionado;0=Not triggered\1=Triggered;0=No accionado\1=Accionado;;;Público;Indicação de alarme por tangente delta - Alta - Conjunto 1 - Fase B;Indication of alarm by tangent delta - High - Set 1 - Phase B;;;;;;Conjunto 1;Set 1;;Tangente delta;Tangent delta;;Alarme;;;SDBSET1$ZBSH2$ST$AlmLosFact$stVal;;
90c91b9582794d95b7410ede9ef472a9;1;R;Bit;TabAlarmeConj1FaseB;Discrete input;22104;Binary input;86;0;1;;1;;;;0=Não acionado\1=Acionado;0=Not triggered\1=Triggered;0=No accionado\1=Accionado;;;Público;Indicação de alarme por tangente delta - Muito alta - Conjunto 1 - Fase B;Indication of alarm by tangent delta - Very high - Set 1 - Phase B;;;;;;Conjunto 1;Set 1;;Tangente delta;Tangent delta;;Alarme;;;SDBSET1$ZBSH2$ST$AlmLosFactHi$stVal;;
6301404586d84864be5d7f53a24a3c34;1;R;Bit;TabAlarmeConj1FaseB;Discrete input;22105;Binary input;87;0;1;;1;;;;0=Não acionado\1=Acionado;0=Not triggered\1=Triggered;0=No accionado\1=Accionado;;;Público;Indicação de alarme por tendência de evolução de tangente delta - Alta - Conjunto 1 - Fase B;Indication of alarm by tangent delta evolution trend - High - Set 1 - Phase B;;;;;;Conjunto 1;Set 1;;Tendência tangente delta;Tangent delta evolution;;Alarme;;;SDBSET1$ZBSH2$ST$AlmLosFactTnd$stVal;;
b98b149444b948078b809fc3ed8cf3db;1;R;Bit;TabAlarmeConj1FaseB;Discrete input;22106;Binary input;88;0;1;;1;;;;0=Não acionado\1=Acionado;0=Not triggered\1=Triggered;0=No accionado\1=Accionado;;;Público;Indicação de alarme por corrente de fuga - Alta - Conjunto 1 - Fase B;Indication of alarm by leakage current - High - Set 1 - Phase B;;;;;;Conjunto 1;Set 1;;Corrente de fuga;Leakage current;Corrientes de fuga;Alarme;;;SDBSET1$ZBSH2$ST$AlmLeakA$stVal;;
3269287695904ca1954735696e8d799c;1;R;Bit;TabAlarmeConj1FaseB;Discrete input;22107;Binary input;89;0;1;;1;;;;0=Não acionado\1=Acionado;0=Not triggered\1=Triggered;0=No accionado\1=Accionado;;;Público;Indicação de alarme por corrente de fuga - Muito alta - Conjunto 1 - Fase B;Indication of alarm by leakage current - Very high - Set 1 - Phase B;;;;;;Conjunto 1;Set 1;;Corrente de fuga;Leakage current;Corrientes de fuga;Alarme;;;SDBSET1$ZBSH2$ST$AlmLeakAHi$stVal;;
;;;;;;;;;;;;;;;;;;;;;;;;;;;;;;;;;;;;;;;;
a198e8f058a34e688a33e3cec402aa39;1;R;16;TabConj1FaseC;Input register;22200;Analog input;24;0;65535;;10;pF;pF;pF;;;;;;Público;Indicação de capacitância - Conjunto 1 - Fase C;Indication of capacitance - Set 1 - Phase C;;;;;;Conjunto 1;Set 1;;Capacitância;Capacitance;;Geral;Sim;Sim;SDBSET1$ZBSH3$MX$React$mag$f \ SDBSET1$ZBSH3$MX$React$mag$i \ SDBSET1$ZBSH3$MX$React$instMag$f \ SDBSET1$ZBSH3$MX$React$instMag$i;;
b733904734eb47fa9bbb7145f2029fb2;1;R;16;TabConj1FaseC;Input register;22201;Analog input;25;0;9999;;1000;%;%;%;;;;;;Público;Indicação de tangente delta - Conjunto 1 - Fase C;Indication of tangent delta - Set 1 - Phase C;;;;;;Conjunto 1;Set 1;;Tangentes delta;Tangent delta;;Geral;Sim;Sim;SDBSET1$ZBSH3$MX$LosFact$mag$f \ SDBSET1$ZBSH3$MX$LosFact$mag$i \ SDBSET1$ZBSH3$MX$LosFact$instMag$f \ SDBSET1$ZBSH3$MX$LosFact$instMag$i;;
36ef90fabab74d9dafccb9ec709373bb;1;R;16;TabConj1FaseC;Input register;22202;Analog input;26;-999;999;;100;pF/dia;pF/day;pF/día;;;;;;Público;Indicação de tendência de evolução de capacitância - Conjunto 1 - Fase C;Indication of capacitance evolution trend - Set 1 - Phase C;;;;;;Conjunto 1;Set 1;;Tendência capacitância;Capacitance evolution;;Geral;;Sim;SDBSET1$ZBSH3$MX$ReactTnd$mag$f \ SDBSET1$ZBSH3$MX$ReactTnd$mag$i \ SDBSET1$ZBSH3$MX$ReactTnd$instMag$f \ SDBSET1$ZBSH3$MX$ReactTnd$instMag$i;;
a95f86efd3fe4effbe7bbcd4815210ac;1;R;16;TabConj1FaseC;Input register;22203;Analog input;27;-9999;9999;;1000;%/dia;%/day;%/día;;;;;;Público;Indicação de tendência de evolução de tangente delta - Conjunto 1 - Fase C;Indication of tangent delta evolution trend - Set 1 - Phase C;;;;;;Conjunto 1;Set 1;;Tendência tangente delta;Tangent delta evolution;;Geral;;Sim;SDBSET1$ZBSH3$MX$LosFactTnd$mag$f \ SDBSET1$ZBSH3$MX$LosFactTnd$mag$i \ SDBSET1$ZBSH3$MX$LosFactTnd$instMag$f \ SDBSET1$ZBSH3$MX$LosFactTnd$instMag$i;;
4a6b912e06a34d81883dac08fe184c8a;1;R;16;TabConj1FaseC;Input register;22204;Analog input;28;0;65535;;1;dias;days;días;;;;;;Público;Indicação de tempo para alarme por capacitância - Alta - Conjunto 1 - Fase C;Indication of time for alarm by capacitance - High - Set 1 - Phase C;;;;;;Conjunto 1;Set 1;;Tendência capacitância;Capacitance evolution;;Debug;;;SDBSET1$ZBSH3$MX$ReactTndH$mag$f \ SDBSET1$ZBSH3$MX$ReactTndH$mag$i \ SDBSET1$ZBSH3$MX$ReactTndH$instMag$f \ SDBSET1$ZBSH3$MX$ReactTndH$instMag$i;;
8adc5fe84bc945a9a85fe5543f0c5d99;1;R;16;TabConj1FaseC;Input register;22205;Analog input;29;0;65535;;1;dias;days;días;;;;;;Público;Indicação de tempo para alarme por capacitância - Muito alta - Conjunto 1 - Fase C;Indication of time for alarm by capacitance - Very high - Set 1 - Phase C;;;;;;Conjunto 1;Set 1;;Tendência capacitância;Capacitance evolution;;Debug;;;SDBSET1$ZBSH3$MX$ReactTndHH$mag$f \ SDBSET1$ZBSH3$MX$ReactTndHH$mag$i \ SDBSET1$ZBSH3$MX$ReactTndHH$instMag$f \ SDBSET1$ZBSH3$MX$ReactTndHH$instMag$i;;
2139b8c0da6445aba439b0156d455874;1;R;16;TabConj1FaseC;Input register;22206;Analog input;30;0;65535;;1;dias;days;días;;;;;;Público;Indicação de tempo para alarme por tangente delta - Alta - Conjunto 1 - Fase C;Indication of time for alarm by tangent delta - High - Set 1 - Phase C;;;;;;Conjunto 1;Set 1;;Tendência tangente delta;Tangent delta evolution;;Debug;;;SDBSET1$ZBSH3$MX$LosFactTndH$mag$f \ SDBSET1$ZBSH3$MX$LosFactTndH$mag$i \ SDBSET1$ZBSH3$MX$LosFactTndH$instMag$f \ SDBSET1$ZBSH3$MX$LosFactTndH$instMag$i;;
0da1d8798d484c38adfa7b88df42a934;1;R;16;TabConj1FaseC;Input register;22207;Analog input;31;0;65535;;1;dias;days;días;;;;;;Público;Indicação de tempo para alarme por tangente delta - Muito alta - Conjunto 1 - Fase C;Indication of time for alarm by tangent delta - Very high - Set 1 - Phase C;;;;;;Conjunto 1;Set 1;;Tendência tangente delta;Tangent delta evolution;;Debug;;;SDBSET1$ZBSH3$MX$LosFactTndHH$mag$f \ SDBSET1$ZBSH3$MX$LosFactTndHH$mag$i \ SDBSET1$ZBSH3$MX$LosFactTndHH$instMag$f \ SDBSET1$ZBSH3$MX$LosFactTndHH$instMag$i;;
28e1694ad23f4e7498ad5b2efc7dc2c1;1;R;16;TabConj1FaseC;Input register;22208;Analog input;32;0;65535;;100;mA;mA;mA;;;;;;Público;Indicação de corrente de fuga - Conjunto 1 - Fase C;Indication of leakage current - Set 1 - Phase C;;;;;;Conjunto 1;Set 1;;Correntes de fuga;Leakage current;Corrientes de fuga;Geral;Sim;Sim;SDBSET1$ZBSH3$MX$RmsLeakA$mag$f \ SDBSET1$ZBSH3$MX$RmsLeakA$mag$i \ SDBSET1$ZBSH3$MX$RmsLeakA$instMag$f \ SDBSET1$ZBSH3$MX$RmsLeakA$instMag$i;;
;;;;;;;;;;;;;;;;;;;;;;;;;;;;;;;;;;;;;;;;
888524e9b44647cfb7309ae704bce6c5;1;R;Bit;TabAlarmeConj1FaseC;Discrete input;22200;Binary input;90;0;1;;1;;;;0=Não acionado\1=Acionado;0=Not triggered\1=Triggered;0=No accionado\1=Accionado;;;Público;Indicação de alarme por capacitância - Alta - Conjunto 1 - Fase C;Indication of alarm by capacitance - High - Set 1 - Phase C;;;;;;Conjunto 1;Set 1;;Capacitância;Capacitance;;Alarme;;;SDBSET1$ZBSH3$ST$AlmReact$stVal;;
04dae695a5344de7b1be7f5ec164caf5;1;R;Bit;TabAlarmeConj1FaseC;Discrete input;22201;Binary input;91;0;1;;1;;;;0=Não acionado\1=Acionado;0=Not triggered\1=Triggered;0=No accionado\1=Accionado;;;Público;Indicação de alarme por capacitância - Muito alta - Conjunto 1 - Fase C;Indication of alarm by capacitance - Very high - Set 1 - Phase C;;;;;;Conjunto 1;Set 1;;Capacitância;Capacitance;;Alarme;;;SDBSET1$ZBSH3$ST$AlmReactHi$stVal;;
01915f476cf44569a9ebf2eca405b280;1;R;Bit;TabAlarmeConj1FaseC;Discrete input;22202;Binary input;92;0;1;;1;;;;0=Não acionado\1=Acionado;0=Not triggered\1=Triggered;0=No accionado\1=Accionado;;;Público;Indicação de alarme por tendência de evolução de capacitância - Alta - Conjunto 1 - Fase C;Indication of alarm by capacitance evolution trend - High - Set 1 - Phase C;;;;;;Conjunto 1;Set 1;;Tendência capacitância;Capacitance evolution;;Alarme;;;SDBSET1$ZBSH3$ST$AlmReactTnd$stVal;;
35c162927b6345e78a13678b156c718e;1;R;Bit;TabAlarmeConj1FaseC;Discrete input;22203;Binary input;93;0;1;;1;;;;0=Não acionado\1=Acionado;0=Not triggered\1=Triggered;0=No accionado\1=Accionado;;;Público;Indicação de alarme por tangente delta - Alta - Conjunto 1 - Fase C;Indication of alarm by tangent delta - High - Set 1 - Phase C;;;;;;Conjunto 1;Set 1;;Tangente delta;Tangent delta;;Alarme;;;SDBSET1$ZBSH3$ST$AlmLosFact$stVal;;
5f62c0ffcb554f24858e172fc90295da;1;R;Bit;TabAlarmeConj1FaseC;Discrete input;22204;Binary input;94;0;1;;1;;;;0=Não acionado\1=Acionado;0=Not triggered\1=Triggered;0=No accionado\1=Accionado;;;Público;Indicação de alarme por tangente delta - Muito alta - Conjunto 1 - Fase C;Indication of alarm by tangent delta - Very high - Set 1 - Phase C;;;;;;Conjunto 1;Set 1;;Tangente delta;Tangent delta;;Alarme;;;SDBSET1$ZBSH3$ST$AlmLosFactHi$stVal;;
b08d1ad25830489e9709d180b3c3ab0a;1;R;Bit;TabAlarmeConj1FaseC;Discrete input;22205;Binary input;95;0;1;;1;;;;0=Não acionado\1=Acionado;0=Not triggered\1=Triggered;0=No accionado\1=Accionado;;;Público;Indicação de alarme por tendência de evolução de tangente delta - Alta - Conjunto 1 - Fase C;Indication of alarm by tangent delta evolution trend - High - Set 1 - Phase C;;;;;;Conjunto 1;Set 1;;Tendência tangente delta;Tangent delta evolution;;Alarme;;;SDBSET1$ZBSH3$ST$AlmLosFactTnd$stVal;;
68147c1d6dd241d1bfbc38afff5f025a;1;R;Bit;TabAlarmeConj1FaseC;Discrete input;22206;Binary input;96;0;1;;1;;;;0=Não acionado\1=Acionado;0=Not triggered\1=Triggered;0=No accionado\1=Accionado;;;Público;Indicação de alarme por corrente de fuga - Alta - Conjunto 1 - Fase C;Indication of alarm by leakage current - High - Set 1 - Phase C;;;;;;Conjunto 1;Set 1;;Corrente de fuga;Leakage current;Corrientes de fuga;Alarme;;;SDBSET1$ZBSH3$ST$AlmLeakA$stVal;;
0e8f9a30248f4a2f996ab8349e295d29;1;R;Bit;TabAlarmeConj1FaseC;Discrete input;22207;Binary input;97;0;1;;1;;;;0=Não acionado\1=Acionado;0=Not triggered\1=Triggered;0=No accionado\1=Accionado;;;Público;Indicação de alarme por corrente de fuga - Muito alta - Conjunto 1 - Fase C;Indication of alarm by leakage current - Very high - Set 1 - Phase C;;;;;;Conjunto 1;Set 1;;Corrente de fuga;Leakage current;Corrientes de fuga;Alarme;;;SDBSET1$ZBSH3$ST$AlmLeakAHi$stVal;;
;;;;;;;;;;;;;;;;;;;;;;;;;;;;;;;;;;;;;;;;
6c8f40e1ec3240efaff11e80092fda05;1;R;16;TabSignalConj1Sum;Input register;22300;Analog input;33;0;65535;;1000;mA;mA;mA;;;;;;Público;Indicação de somatória de corrente - Conjunto 1;Indication of current sum - Set 1;;;;;;Conjunto 1;Set 1;;Correntes de fuga;Leakage current;Corrientes de fuga;Geral;;Sim;SDBSET1$ZBSH4$MX$RmsAMag$mag$f \ SDBSET1$ZBSH4$MX$RmsAMag$mag$i \ SDBSET1$ZBSH4$MX$RmsAMag$instMag$f \ SDBSET1$ZBSH4$MX$RmsAMag$instMag$i;;
bc9937722919443bbc94e230c184da81;1;R;16;TabSignalConj1Sum;Input register;22301;Analog input;34;-3600;3600;;10;ø;ø;ø;;;;;;Público;Indicação de ângulo da somatória de corrente - Conjunto 1;Indication of current sum angle - Set 1;;;;;;Conjunto 1;Set 1;;Correntes de fuga;Leakage current;Corrientes de fuga;Geral;;Sim;SDBSET1$ZBSH4$MX$AngAMag$mag$f \ SDBSET1$ZBSH4$MX$AngAMag$mag$i \ SDBSET1$ZBSH4$MX$AngAMag$instMag$f \ SDBSET1$ZBSH4$MX$AngAMag$instMag$i;;
fbefd74ec2c94b078d76b5984df99883;1;R;16;TabSignalConj1Sum;Input register;22302;Analog input;35;-3600;3600;;10;ø;ø;ø;;;;;;Público;Indicação de ângulo da corrente de fuga A - Conjunto 1;Indication of angle A leakage currents - Set 1;;;;;;Conjunto 1;Set 1;;Correntes de fuga;Leakage current;Corrientes de fuga;Geral;;Sim;SDBSET1$ZBSH1$MX$AngLeakA$mag$f \ SDBSET1$ZBSH1$MX$AngLeakA$mag$i \ SDBSET1$ZBSH1$MX$AngLeakA$instMag$f \ SDBSET1$ZBSH1$MX$AngLeakA$instMag$i;;
bbfe0e0f173b44928133cf530fac1ecd;1;R;16;TabSignalConj1Sum;Input register;22303;Analog input;36;-3600;3600;;10;ø;ø;ø;;;;;;Público;Indicação de ângulo da corrente de fuga B - Conjunto 1;Indication of angle B leakage currents - Set 1;;;;;;Conjunto 1;Set 1;;Correntes de fuga;Leakage current;Corrientes de fuga;Geral;;Sim;SDBSET1$ZBSH2$MX$AngLeakA$mag$f \ SDBSET1$ZBSH2$MX$AngLeakA$mag$i \ SDBSET1$ZBSH2$MX$AngLeakA$instMag$f \ SDBSET1$ZBSH2$MX$AngLeakA$instMag$i;;
3a14bc3377f645e4ba8d492411a77e1a;1;R;16;TabSignalConj1Sum;Input register;22304;Analog input;37;-3600;3600;;10;ø;ø;ø;;;;;;Público;Indicação de ângulo da corrente de fuga C - Conjunto 1;Indication of angle C leakage currents - Set 1;;;;;;Conjunto 1;Set 1;;Correntes de fuga;Leakage current;Corrientes de fuga;Geral;;Sim;SDBSET1$ZBSH3$MX$AngLeakA$mag$f \ SDBSET1$ZBSH3$MX$AngLeakA$mag$i \ SDBSET1$ZBSH3$MX$AngLeakA$instMag$f \ SDBSET1$ZBSH3$MX$AngLeakA$instMag$i;;
28e2d655d910419fb45ff1322b57d9b0;1;R;16;TabSignalConj1Sum;Input register;22305;Analog input;38;0;65535;;1;;;;;;;;;Público;Indicação de número de amostra bruta atual - Conjunto 1;Indication of raw current sample number - Set 1;;;;;;Conjunto 1;Set 1;;Status;Status;Estado;Debug;;;SDBSET1$ZBSH4$MX$NumSmp$mag$f \ SDBSET1$ZBSH4$MX$NumSmp$mag$i \ SDBSET1$ZBSH4$MX$NumSmp$instMag$f \ SDBSET1$ZBSH4$MX$NumSmp$instMag$i;;
200ac930076e44a6932815da06373035;1;R;16;TabSignalConj1Sum;Input register;22308;Analog input;166;0;65535;;1;;;;;;;;;Público;Indicação de número da amostra atual de cálculo - Conjunto 1;Indication of current calculation sample number - Set 1;;;;;;Conjunto 1;Set 1;;Status;Status;Estado;Geral;;;;;
65d174e851704f31a94c76b8a241b86b;1;R;16;TabSignalConj1Sum;Input register;22306;Analog input;39;0;2;0;1;;;;0=Não Inicializado\1=ACB\2=ABC;0=Not Initialized\1=ACB\2=ABC;0=No Inicializado\1=ACB\2=ABC;;;Público;Indicação de configuração de fases - Conjunto 1;Indication of phases settings - Set 1;;;;;;Conjunto 1;Set 1;;Status;Status;Estado;Debug;;;SDBSET1$ZBSH4$MX$PhsCfg$mag$f \ SDBSET1$ZBSH4$MX$PhsCfg$mag$i \ SDBSET1$ZBSH4$MX$PhsCfg$instMag$f \ SDBSET1$ZBSH4$MX$PhsCfg$instMag$i;;
efe15f5a68cc41e891d6920bc5773864;1;R;16;TabSignalConj1Sum;Input register;22307;Analog input;40;0;100;0;1;%;%;%;;;;;;Público;Indicação de progresso de obtenção de referência  - Conjunto 1;Indication of reference acquisition progress - Set 1;;;;;;Conjunto 1;Set 1;;Status;Status;Estado;Debug;;;SDBSET1$ZBSH4$MX$RefPrg$mag$f \ SDBSET1$ZBSH4$MX$RefPrg$mag$i \ SDBSET1$ZBSH4$MX$RefPrg$instMag$f \ SDBSET1$ZBSH4$MX$RefPrg$instMag$i;;
;;;;;;;;;;;;;;;;;;;;;;;;;;;;;;;;;;;;;;;;
7e77d5299f6e479994b86014bccbe826;1;R;Bit;TabConj1Sum;Discrete input;22300;Binary input;98;0;1;;1;;;;0=Calculando referência inicial\1=Monitorando;0=Calculating inicial reference\1=Monitoring;0=Calculando referencia inicial\1=Monitoreando;;;Público;Indicação de status da operação - Conjunto 1;Indication of operation status - Set 1;;;;;;Conjunto 1;Set 1;;Status;Status;Estado;Geral;;;SDBSET1$ZBSH4$ST$OpSt$stVal;;
8a52ddaa16bc43369c739938552433af;1;R;Bit;TabConj1Sum;Discrete input;22301;Binary input;99;0;1;;1;;;;0=CBA\1=ABC;0=CBA\1=ABC;0=CBA\1=ABC;;;Público;Indicação de sequência de fase do banco de referência - Conjunto 1;Indication of phase sequence of reference bank - Set 1;;;;;;Conjunto 1;Set 1;;Status;Status;Estado;Geral;;;SDBSET1$ZBSH4$ST$PhSeq$stVal;;
;;;;;;;;;;;;;;;;;;;;;;;;;;;;;;;;;;;;;;;;
a3c69f9078624c2c95ebb261f4ef36fb;1;R;16;TabConj2FaseA;Input register;23000;Analog input;41;0;65535;;10;pF;pF;pF;;;;;;Público;Indicação de capacitância - Conjunto 2 - Fase A;Indication of capacitance - Set 2 - Phase A;;;;;;Conjunto 2;Set 2;;Capacitância;Capacitance;;Geral;Sim;Sim;SDBSET2$ZBSH1$MX$React$mag$f \ SDBSET2$ZBSH1$MX$React$mag$i \ SDBSET2$ZBSH1$MX$React$instMag$f \ SDBSET2$ZBSH1$MX$React$instMag$i;;
7810d74ab6684ec99bd84c6165d1361b;1;R;16;TabConj2FaseA;Input register;23001;Analog input;42;0;9999;;1000;%;%;%;;;;;;Público;Indicação de tangente delta - Conjunto 2 - Fase A;Indication of tangent delta - Set 2 - Phase A;;;;;;Conjunto 2;Set 2;;Tangentes delta;Tangent delta;;Geral;Sim;Sim;SDBSET2$ZBSH1$MX$LosFact$mag$f \ SDBSET2$ZBSH1$MX$LosFact$mag$i \ SDBSET2$ZBSH1$MX$LosFact$instMag$f \ SDBSET2$ZBSH1$MX$LosFact$instMag$i;;
59d130b1bc384a44a9e156ae5f6a8305;1;R;16;TabConj2FaseA;Input register;23002;Analog input;43;-999;999;;100;pF/dia;pF/day;pF/día;;;;;;Público;Indicação de tendência de evolução de capacitância - Conjunto 2 - Fase A;Indication of capacitance evolution trend - Set 2 - Phase A;;;;;;Conjunto 2;Set 2;;Tendência capacitância;Capacitance evolution;;Geral;;Sim;SDBSET2$ZBSH1$MX$ReactTnd$mag$f \ SDBSET2$ZBSH1$MX$ReactTnd$mag$i \ SDBSET2$ZBSH1$MX$ReactTnd$instMag$f \ SDBSET2$ZBSH1$MX$ReactTnd$instMag$i;;
59e2a3aba262455e83b12df9cbe7c99d;1;R;16;TabConj2FaseA;Input register;23003;Analog input;44;-9999;9999;;1000;%/dia;%/day;%/día;;;;;;Público;Indicação de tendência de evolução de tangente delta - Conjunto 2 - Fase A;Indication of tangent delta evolution trend - Set 2 - Phase A;;;;;;Conjunto 2;Set 2;;Tendência tangente delta;Tangent delta evolution;;Geral;;Sim;SDBSET2$ZBSH1$MX$LosFactTnd$mag$f \ SDBSET2$ZBSH1$MX$LosFactTnd$mag$i \ SDBSET2$ZBSH1$MX$LosFactTnd$instMag$f \ SDBSET2$ZBSH1$MX$LosFactTnd$instMag$i;;
47cb3fd1964042e5beb522c505def1db;1;R;16;TabConj2FaseA;Input register;23004;Analog input;45;0;65535;;1;dias;days;días;;;;;;Público;Indicação de tempo para alarme por capacitância - Alta - Conjunto 2 - Fase A;Indication of time for alarm by capacitance - High - Set 2 - Phase A;;;;;;Conjunto 2;Set 2;;Tendência capacitância;Capacitance evolution;;Debug;;;SDBSET2$ZBSH1$MX$ReactTndH$mag$f \ SDBSET2$ZBSH1$MX$ReactTndH$mag$i \ SDBSET2$ZBSH1$MX$ReactTndH$instMag$f \ SDBSET2$ZBSH1$MX$ReactTndH$instMag$i;;
4eec529f4b9f446d86d00acaef78efaf;1;R;16;TabConj2FaseA;Input register;23005;Analog input;46;0;65535;;1;dias;days;días;;;;;;Público;Indicação de tempo para alarme por capacitância - Muito alta - Conjunto 2 - Fase A;Indication of time for alarm by capacitance - Very high - Set 2 - Phase A;;;;;;Conjunto 2;Set 2;;Tendência capacitância;Capacitance evolution;;Debug;;;SDBSET2$ZBSH1$MX$ReactTndHH$mag$f \ SDBSET2$ZBSH1$MX$ReactTndHH$mag$i \ SDBSET2$ZBSH1$MX$ReactTndHH$instMag$f \ SDBSET2$ZBSH1$MX$ReactTndHH$instMag$i;;
18ed89b54910427d9a5d165cce448a4d;1;R;16;TabConj2FaseA;Input register;23006;Analog input;47;0;65535;;1;dias;days;días;;;;;;Público;Indicação de tempo para alarme por tangente delta - Alta - Conjunto 2 - Fase A;Indication of time for alarm by tangent delta - High - Set 2 - Phase A;;;;;;Conjunto 2;Set 2;;Tendência tangente delta;Tangent delta evolution;;Debug;;;SDBSET2$ZBSH1$MX$LosFactTndH$mag$f \ SDBSET2$ZBSH1$MX$LosFactTndH$mag$i \ SDBSET2$ZBSH1$MX$LosFactTndH$instMag$f \ SDBSET2$ZBSH1$MX$LosFactTndH$instMag$i;;
2afd1c5b0c364a9a91cf9869ef815257;1;R;16;TabConj2FaseA;Input register;23007;Analog input;48;0;65535;;1;dias;days;días;;;;;;Público;Indicação de tempo para alarme por tangente delta - Muito alta - Conjunto 2 - Fase A;Indication of time for alarm by tangent delta - Very high - Set 2 - Phase A;;;;;;Conjunto 2;Set 2;;Tendência tangente delta;Tangent delta evolution;;Debug;;;SDBSET2$ZBSH1$MX$LosFactTndHH$mag$f \ SDBSET2$ZBSH1$MX$LosFactTndHH$mag$i \ SDBSET2$ZBSH1$MX$LosFactTndHH$instMag$f \ SDBSET2$ZBSH1$MX$LosFactTndHH$instMag$i;;
eda7a56f719643098b07041e50d14d38;1;R;16;TabConj2FaseA;Input register;23008;Analog input;49;0;65535;;100;mA;mA;mA;;;;;;Público;Indicação de corrente de fuga - Conjunto 2 - Fase A;Indication of leakage current - Set 2 - Phase A;;;;;;Conjunto 2;Set 2;;Correntes de fuga;Leakage current;Corrientes de fuga;Geral;Sim;Sim;SDBSET2$ZBSH1$MX$RmsLeakA$mag$f \ SDBSET2$ZBSH1$MX$RmsLeakA$mag$i \ SDBSET2$ZBSH1$MX$RmsLeakA$instMag$f \ SDBSET2$ZBSH1$MX$RmsLeakA$instMag$i;;
;;;;;;;;;;;;;;;;;;;;;;;;;;;;;;;;;;;;;;;;
30ad7a042030487d8dd07c4487170b00;1;R;Bit;TabAlarmeConj2FaseA;Discrete input;23000;Binary input;100;0;1;;1;;;;0=Não acionado\1=Acionado;0=Not triggered\1=Triggered;0=No accionado\1=Accionado;;;Público;Indicação de alarme por capacitância - Alta - Conjunto 2 - Fase A;Indication of alarm by capacitance - High - Set 2 - Phase A;;;;;;Conjunto 2;Set 2;;Capacitância;Capacitance;;Alarme;;;SDBSET2$ZBSH1$ST$AlmReact$stVal;;
db89bf98c6ca4631ba367f30545c61f1;1;R;Bit;TabAlarmeConj2FaseA;Discrete input;23001;Binary input;101;0;1;;1;;;;0=Não acionado\1=Acionado;0=Not triggered\1=Triggered;0=No accionado\1=Accionado;;;Público;Indicação de alarme por capacitância - Muito alta - Conjunto 2 - Fase A;Indication of alarm by capacitance - Very high - Set 2 - Phase A;;;;;;Conjunto 2;Set 2;;Capacitância;Capacitance;;Alarme;;;SDBSET2$ZBSH1$ST$AlmReactHi$stVal;;
99db1242fcd5420a8fbc8ef4a359f022;1;R;Bit;TabAlarmeConj2FaseA;Discrete input;23002;Binary input;102;0;1;;1;;;;0=Não acionado\1=Acionado;0=Not triggered\1=Triggered;0=No accionado\1=Accionado;;;Público;Indicação de alarme por tendência de evolução de capacitância - Alta - Conjunto 2 - Fase A;Indication of alarm by capacitance evolution trend - High - Set 2 - Phase A;;;;;;Conjunto 2;Set 2;;Tendência capacitância;Capacitance evolution;;Alarme;;;SDBSET2$ZBSH1$ST$AlmReactTnd$stVal;;
9806b4fb5939406582432f1a56ba6588;1;R;Bit;TabAlarmeConj2FaseA;Discrete input;23003;Binary input;103;0;1;;1;;;;0=Não acionado\1=Acionado;0=Not triggered\1=Triggered;0=No accionado\1=Accionado;;;Público;Indicação de alarme por tangente delta - Alta - Conjunto 2 - Fase A;Indication of alarm by tangent delta - High - Set 2 - Phase A;;;;;;Conjunto 2;Set 2;;Tangente delta;Tangent delta;;Alarme;;;SDBSET2$ZBSH1$ST$AlmLosFact$stVal;;
339b7efe3c4a44d49b490322238434fe;1;R;Bit;TabAlarmeConj2FaseA;Discrete input;23004;Binary input;104;0;1;;1;;;;0=Não acionado\1=Acionado;0=Not triggered\1=Triggered;0=No accionado\1=Accionado;;;Público;Indicação de alarme por tangente delta - Muito alta - Conjunto 2 - Fase A;Indication of alarm by tangent delta - Very high - Set 2 - Phase A;;;;;;Conjunto 2;Set 2;;Tangente delta;Tangent delta;;Alarme;;;SDBSET2$ZBSH1$ST$AlmLosFactHi$stVal;;
fc75463adddc4677810cf975608025b0;1;R;Bit;TabAlarmeConj2FaseA;Discrete input;23005;Binary input;105;0;1;;1;;;;0=Não acionado\1=Acionado;0=Not triggered\1=Triggered;0=No accionado\1=Accionado;;;Público;Indicação de alarme por tendência de evolução de tangente delta - Alta - Conjunto 2 - Fase A;Indication of alarm by tangent delta evolution trend - High - Set 2 - Phase A;;;;;;Conjunto 2;Set 2;;Tendência tangente delta;Tangent delta evolution;;Alarme;;;SDBSET2$ZBSH1$ST$AlmLosFactTnd$stVal;;
c0368fda9e5d48d49b2e1cce78fa8e22;1;R;Bit;TabAlarmeConj2FaseA;Discrete input;23006;Binary input;106;0;1;;1;;;;0=Não acionado\1=Acionado;0=Not triggered\1=Triggered;0=No accionado\1=Accionado;;;Público;Indicação de alarme por corrente de fuga - Alta - Conjunto 2 - Fase A;Indication of alarm by leakage current - High - Set 2 - Phase A;;;;;;Conjunto 2;Set 2;;Corrente de fuga;Leakage current;Corrientes de fuga;Alarme;;;SDBSET2$ZBSH1$ST$AlmLeakA$stVal;;
270521fcd902475e9e96cf3b07c8346d;1;R;Bit;TabAlarmeConj2FaseA;Discrete input;23007;Binary input;107;0;1;;1;;;;0=Não acionado\1=Acionado;0=Not triggered\1=Triggered;0=No accionado\1=Accionado;;;Público;Indicação de alarme por corrente de fuga - Muito alta - Conjunto 2 - Fase A;Indication of alarm by leakage current - Very high - Set 2 - Phase A;;;;;;Conjunto 2;Set 2;;Corrente de fuga;Leakage current;Corrientes de fuga;Alarme;;;SDBSET2$ZBSH1$ST$AlmLeakAHi$stVal;;
;;;;;;;;;;;;;;;;;;;;;;;;;;;;;;;;;;;;;;;;
5195c1601c274077a87cc0b390e71a4b;1;R;16;TabConj2FaseB;Input register;23100;Analog input;50;0;65535;;10;pF;pF;pF;;;;;;Público;Indicação de capacitância - Conjunto 2 - Fase B;Indication of capacitance - Set 2 - Phase B;;;;;;Conjunto 2;Set 2;;Capacitância;Capacitance;;Geral;Sim;Sim;SDBSET2$ZBSH2$MX$React$mag$f \ SDBSET2$ZBSH2$MX$React$mag$i \ SDBSET2$ZBSH2$MX$React$instMag$f \ SDBSET2$ZBSH2$MX$React$instMag$i;;
656504e17037412c8de900e55c0efd03;1;R;16;TabConj2FaseB;Input register;23101;Analog input;51;0;9999;;1000;%;%;%;;;;;;Público;Indicação de tangente delta - Conjunto 2 - Fase B;Indication of tangent delta - Set 2 - Phase B;;;;;;Conjunto 2;Set 2;;Tangentes delta;Tangent delta;;Geral;Sim;Sim;SDBSET2$ZBSH2$MX$LosFact$mag$f \ SDBSET2$ZBSH2$MX$LosFact$mag$i \ SDBSET2$ZBSH2$MX$LosFact$instMag$f \ SDBSET2$ZBSH2$MX$LosFact$instMag$i;;
dedab6dc2d7d41cbb372e64642e2ef82;1;R;16;TabConj2FaseB;Input register;23102;Analog input;52;-999;999;;100;pF/dia;pF/day;pF/día;;;;;;Público;Indicação de tendência de evolução de capacitância - Conjunto 2 - Fase B;Indication of capacitance evolution trend - Set 2 - Phase B;;;;;;Conjunto 2;Set 2;;Tendência capacitância;Capacitance evolution;;Geral;;Sim;SDBSET2$ZBSH2$MX$ReactTnd$mag$f \ SDBSET2$ZBSH2$MX$ReactTnd$mag$i \ SDBSET2$ZBSH2$MX$ReactTnd$instMag$f \ SDBSET2$ZBSH2$MX$ReactTnd$instMag$i;;
a2c5b9656ef140b3943daa03f73e99e8;1;R;16;TabConj2FaseB;Input register;23103;Analog input;53;-9999;9999;;1000;%/dia;%/day;%/día;;;;;;Público;Indicação de tendência de evolução de tangente delta - Conjunto 2 - Fase B;Indication of tangent delta evolution trend - Set 2 - Phase B;;;;;;Conjunto 2;Set 2;;Tendência tangente delta;Tangent delta evolution;;Geral;;Sim;SDBSET2$ZBSH2$MX$LosFactTnd$mag$f \ SDBSET2$ZBSH2$MX$LosFactTnd$mag$i \ SDBSET2$ZBSH2$MX$LosFactTnd$instMag$f \ SDBSET2$ZBSH2$MX$LosFactTnd$instMag$i;;
f83bbe099f5f4525b4c073cd061f5b73;1;R;16;TabConj2FaseB;Input register;23104;Analog input;54;0;65535;;1;dias;days;días;;;;;;Público;Indicação de tempo para alarme por capacitância - Alta - Conjunto 2 - Fase B;Indication of time for alarm by capacitance - High - Set 2 - Phase B;;;;;;Conjunto 2;Set 2;;Tendência capacitância;Capacitance evolution;;Debug;;;SDBSET2$ZBSH2$MX$ReactTndH$mag$f \ SDBSET2$ZBSH2$MX$ReactTndH$mag$i \ SDBSET2$ZBSH2$MX$ReactTndH$instMag$f \ SDBSET2$ZBSH2$MX$ReactTndH$instMag$i;;
7efd634843b84eb399e148dde3920d5f;1;R;16;TabConj2FaseB;Input register;23105;Analog input;55;0;65535;;1;dias;days;días;;;;;;Público;Indicação de tempo para alarme por capacitância - Muito alta - Conjunto 2 - Fase B;Indication of time for alarm by capacitance - Very high - Set 2 - Phase B;;;;;;Conjunto 2;Set 2;;Tendência capacitância;Capacitance evolution;;Debug;;;SDBSET2$ZBSH2$MX$ReactTndHH$mag$f \ SDBSET2$ZBSH2$MX$ReactTndHH$mag$i \ SDBSET2$ZBSH2$MX$ReactTndHH$instMag$f \ SDBSET2$ZBSH2$MX$ReactTndHH$instMag$i;;
a969742529e647d1b0de83e194e2d093;1;R;16;TabConj2FaseB;Input register;23106;Analog input;56;0;65535;;1;dias;days;días;;;;;;Público;Indicação de tempo para alarme por tangente delta - Alta - Conjunto 2 - Fase B;Indication of time for alarm by tangent delta - High - Set 2 - Phase B;;;;;;Conjunto 2;Set 2;;Tendência tangente delta;Tangent delta evolution;;Debug;;;SDBSET2$ZBSH2$MX$LosFactTndH$mag$f \ SDBSET2$ZBSH2$MX$LosFactTndH$mag$i \ SDBSET2$ZBSH2$MX$LosFactTndH$instMag$f \ SDBSET2$ZBSH2$MX$LosFactTndH$instMag$i;;
7f4d971948f24bf795bedb10cb129101;1;R;16;TabConj2FaseB;Input register;23107;Analog input;57;0;65535;;1;dias;days;días;;;;;;Público;Indicação de tempo para alarme por tangente delta - Muito alta - Conjunto 2 - Fase B;Indication of time for alarm by tangent delta - Very high - Set 2 - Phase B;;;;;;Conjunto 2;Set 2;;Tendência tangente delta;Tangent delta evolution;;Debug;;;SDBSET2$ZBSH2$MX$LosFactTndHH$mag$f \ SDBSET2$ZBSH2$MX$LosFactTndHH$mag$i \ SDBSET2$ZBSH2$MX$LosFactTndHH$instMag$f \ SDBSET2$ZBSH2$MX$LosFactTndHH$instMag$i;;
399f8499129d413092679268d1dc288c;1;R;16;TabConj2FaseB;Input register;23108;Analog input;58;0;65535;;100;mA;mA;mA;;;;;;Público;Indicação de corrente de fuga - Conjunto 2 - Fase B;Indication of leakage current - Set 2 - Phase B;;;;;;Conjunto 2;Set 2;;Correntes de fuga;Leakage current;Corrientes de fuga;Geral;Sim;Sim;SDBSET2$ZBSH2$MX$RmsLeakA$mag$f \ SDBSET2$ZBSH2$MX$RmsLeakA$mag$i \ SDBSET2$ZBSH2$MX$RmsLeakA$instMag$f \ SDBSET2$ZBSH2$MX$RmsLeakA$instMag$i;;
;;;;;;;;;;;;;;;;;;;;;;;;;;;;;;;;;;;;;;;;
25c39910a9084753bfd8e7acaa9257ae;1;R;Bit;TabAlarmeConj2FaseB;Discrete input;23100;Binary input;108;0;1;;1;;;;0=Não acionado\1=Acionado;0=Not triggered\1=Triggered;0=No accionado\1=Accionado;;;Público;Indicação de alarme por capacitância - Alta - Conjunto 2 - Fase B;Indication of alarm by capacitance - High - Set 2 - Phase B;;;;;;Conjunto 2;Set 2;;Capacitância;Capacitance;;Alarme;;;SDBSET2$ZBSH2$ST$AlmReact$stVal;;
222a09353f594570bd03a74c194b717d;1;R;Bit;TabAlarmeConj2FaseB;Discrete input;23101;Binary input;109;0;1;;1;;;;0=Não acionado\1=Acionado;0=Not triggered\1=Triggered;0=No accionado\1=Accionado;;;Público;Indicação de alarme por capacitância - Muito alta - Conjunto 2 - Fase B;Indication of alarm by capacitance - Very high - Set 2 - Phase B;;;;;;Conjunto 2;Set 2;;Capacitância;Capacitance;;Alarme;;;SDBSET2$ZBSH2$ST$AlmReactHi$stVal;;
b301fcef50bb4ae79f703161cf44a2a1;1;R;Bit;TabAlarmeConj2FaseB;Discrete input;23102;Binary input;110;0;1;;1;;;;0=Não acionado\1=Acionado;0=Not triggered\1=Triggered;0=No accionado\1=Accionado;;;Público;Indicação de alarme por tendência de evolução de capacitância - Alta - Conjunto 2 - Fase B;Indication of alarm by capacitance evolution trend - High - Set 2 - Phase B;;;;;;Conjunto 2;Set 2;;Tendência capacitância;Capacitance evolution;;Alarme;;;SDBSET2$ZBSH2$ST$AlmReactTnd$stVal;;
317b432456764476a2e607aaa51c69e6;1;R;Bit;TabAlarmeConj2FaseB;Discrete input;23103;Binary input;111;0;1;;1;;;;0=Não acionado\1=Acionado;0=Not triggered\1=Triggered;0=No accionado\1=Accionado;;;Público;Indicação de alarme por tangente delta - Alta - Conjunto 2 - Fase B;Indication of alarm by tangent delta - High - Set 2 - Phase B;;;;;;Conjunto 2;Set 2;;Tangente delta;Tangent delta;;Alarme;;;SDBSET2$ZBSH2$ST$AlmLosFact$stVal;;
2b861b04710d4d58a723fbe37a088ecb;1;R;Bit;TabAlarmeConj2FaseB;Discrete input;23104;Binary input;112;0;1;;1;;;;0=Não acionado\1=Acionado;0=Not triggered\1=Triggered;0=No accionado\1=Accionado;;;Público;Indicação de alarme por tangente delta - Muito alta - Conjunto 2 - Fase B;Indication of alarm by tangent delta - Very high - Set 2 - Phase B;;;;;;Conjunto 2;Set 2;;Tangente delta;Tangent delta;;Alarme;;;SDBSET2$ZBSH2$ST$AlmLosFactHi$stVal;;
691b26af534a4dc5b468537514777b20;1;R;Bit;TabAlarmeConj2FaseB;Discrete input;23105;Binary input;113;0;1;;1;;;;0=Não acionado\1=Acionado;0=Not triggered\1=Triggered;0=No accionado\1=Accionado;;;Público;Indicação de alarme por tendência de evolução de tangente delta - Alta - Conjunto 2 - Fase B;Indication of alarm by tangent delta evolution trend - High - Set 2 - Phase B;;;;;;Conjunto 2;Set 2;;Tendência tangente delta;Tangent delta evolution;;Alarme;;;SDBSET2$ZBSH2$ST$AlmLosFactTnd$stVal;;
d31573eea61e47cc89b72e43febe3dfb;1;R;Bit;TabAlarmeConj2FaseB;Discrete input;23106;Binary input;114;0;1;;1;;;;0=Não acionado\1=Acionado;0=Not triggered\1=Triggered;0=No accionado\1=Accionado;;;Público;Indicação de alarme por corrente de fuga - Alta - Conjunto 2 - Fase B;Indication of alarm by leakage current - High - Set 2 - Phase B;;;;;;Conjunto 2;Set 2;;Corrente de fuga;Leakage current;Corrientes de fuga;Alarme;;;SDBSET2$ZBSH2$ST$AlmLeakA$stVal;;
401fccee34234728b62e08edd8b5ab4b;1;R;Bit;TabAlarmeConj2FaseB;Discrete input;23107;Binary input;115;0;1;;1;;;;0=Não acionado\1=Acionado;0=Not triggered\1=Triggered;0=No accionado\1=Accionado;;;Público;Indicação de alarme por corrente de fuga - Muito alta - Conjunto 2 - Fase B;Indication of alarm by leakage current - Very high - Set 2 - Phase B;;;;;;Conjunto 2;Set 2;;Corrente de fuga;Leakage current;Corrientes de fuga;Alarme;;;SDBSET2$ZBSH2$ST$AlmLeakAHi$stVal;;
;;;;;;;;;;;;;;;;;;;;;;;;;;;;;;;;;;;;;;;;
9c8663d7391f486993435825ca05d4f3;1;R;16;TabConj2FaseC;Input register;23200;Analog input;59;0;65535;;10;pF;pF;pF;;;;;;Público;Indicação de capacitância - Conjunto 2 - Fase C;Indication of capacitance - Set 2 - Phase C;;;;;;Conjunto 2;Set 2;;Capacitância;Capacitance;;Geral;Sim;Sim;SDBSET2$ZBSH3$MX$React$mag$f \ SDBSET2$ZBSH3$MX$React$mag$i \ SDBSET2$ZBSH3$MX$React$instMag$f \ SDBSET2$ZBSH3$MX$React$instMag$i;;
0f9cc90d3a5347719631174fc460904a;1;R;16;TabConj2FaseC;Input register;23201;Analog input;60;0;9999;;1000;%;%;%;;;;;;Público;Indicação de tangente delta - Conjunto 2 - Fase C;Indication of tangent delta - Set 2 - Phase C;;;;;;Conjunto 2;Set 2;;Tangentes delta;Tangent delta;;Geral;Sim;Sim;SDBSET2$ZBSH3$MX$LosFact$mag$f \ SDBSET2$ZBSH3$MX$LosFact$mag$i \ SDBSET2$ZBSH3$MX$LosFact$instMag$f \ SDBSET2$ZBSH3$MX$LosFact$instMag$i;;
0beb245d5df04121a5554983297be208;1;R;16;TabConj2FaseC;Input register;23202;Analog input;61;-999;999;;100;pF/dia;pF/day;pF/día;;;;;;Público;Indicação de tendência de evolução de capacitância - Conjunto 2 - Fase C;Indication of capacitance evolution trend - Set 2 - Phase C;;;;;;Conjunto 2;Set 2;;Tendência capacitância;Capacitance evolution;;Geral;;Sim;SDBSET2$ZBSH3$MX$ReactTnd$mag$f \ SDBSET2$ZBSH3$MX$ReactTnd$mag$i \ SDBSET2$ZBSH3$MX$ReactTnd$instMag$f \ SDBSET2$ZBSH3$MX$ReactTnd$instMag$i;;
79d5a9d8ef644e28a5dc020eb815150f;1;R;16;TabConj2FaseC;Input register;23203;Analog input;62;-9999;9999;;1000;%/dia;%/day;%/día;;;;;;Público;Indicação de tendência de evolução de tangente delta - Conjunto 2 - Fase C;Indication of tangent delta evolution trend - Set 2 - Phase C;;;;;;Conjunto 2;Set 2;;Tendência tangente delta;Tangent delta evolution;;Geral;;Sim;SDBSET2$ZBSH3$MX$LosFactTnd$mag$f \ SDBSET2$ZBSH3$MX$LosFactTnd$mag$i \ SDBSET2$ZBSH3$MX$LosFactTnd$instMag$f \ SDBSET2$ZBSH3$MX$LosFactTnd$instMag$i;;
557efa21f10b4e849795f0d7a92866f7;1;R;16;TabConj2FaseC;Input register;23204;Analog input;63;0;65535;;1;dias;days;días;;;;;;Público;Indicação de tempo para alarme por capacitância - Alta - Conjunto 2 - Fase C;Indication of time for alarm by capacitance - High - Set 2 - Phase C;;;;;;Conjunto 2;Set 2;;Tendência capacitância;Capacitance evolution;;Debug;;;SDBSET2$ZBSH3$MX$ReactTndH$mag$f \ SDBSET2$ZBSH3$MX$ReactTndH$mag$i \ SDBSET2$ZBSH3$MX$ReactTndH$instMag$f \ SDBSET2$ZBSH3$MX$ReactTndH$instMag$i;;
dec545801f2340979b5123464be2c3c9;1;R;16;TabConj2FaseC;Input register;23205;Analog input;64;0;65535;;1;dias;days;días;;;;;;Público;Indicação de tempo para alarme por capacitância - Muito alta - Conjunto 2 - Fase C;Indication of time for alarm by capacitance - Very high - Set 2 - Phase C;;;;;;Conjunto 2;Set 2;;Tendência capacitância;Capacitance evolution;;Debug;;;SDBSET2$ZBSH3$MX$ReactTndHH$mag$f \ SDBSET2$ZBSH3$MX$ReactTndHH$mag$i \ SDBSET2$ZBSH3$MX$ReactTndHH$instMag$f \ SDBSET2$ZBSH3$MX$ReactTndHH$instMag$i;;
d23c5726233643b2a18d1f2624a3790f;1;R;16;TabConj2FaseC;Input register;23206;Analog input;65;0;65535;;1;dias;days;días;;;;;;Público;Indicação de tempo para alarme por tangente delta - Alta - Conjunto 2 - Fase C;Indication of time for alarm by tangent delta - High - Set 2 - Phase C;;;;;;Conjunto 2;Set 2;;Tendência tangente delta;Tangent delta evolution;;Debug;;;SDBSET2$ZBSH3$MX$LosFactTndH$mag$f \ SDBSET2$ZBSH3$MX$LosFactTndH$mag$i \ SDBSET2$ZBSH3$MX$LosFactTndH$instMag$f \ SDBSET2$ZBSH3$MX$LosFactTndH$instMag$i;;
fda9ce4f4179452ca01d8cf94b02beea;1;R;16;TabConj2FaseC;Input register;23207;Analog input;66;0;65535;;1;dias;days;días;;;;;;Público;Indicação de tempo para alarme por tangente delta - Muito alta - Conjunto 2 - Fase C;Indication of time for alarm by tangent delta - Very high - Set 2 - Phase C;;;;;;Conjunto 2;Set 2;;Tendência tangente delta;Tangent delta evolution;;Debug;;;SDBSET2$ZBSH3$MX$LosFactTndHH$mag$f \ SDBSET2$ZBSH3$MX$LosFactTndHH$mag$i \ SDBSET2$ZBSH3$MX$LosFactTndHH$instMag$f \ SDBSET2$ZBSH3$MX$LosFactTndHH$instMag$i;;
8249bfa3e62546c2a6a209971d3c3c42;1;R;16;TabConj2FaseC;Input register;23208;Analog input;67;0;65535;;100;mA;mA;mA;;;;;;Público;Indicação de corrente de fuga - Conjunto 2 - Fase C;Indication of leakage current - Set 2 - Phase C;;;;;;Conjunto 2;Set 2;;Correntes de fuga;Leakage current;Corrientes de fuga;Geral;Sim;Sim;SDBSET2$ZBSH3$MX$RmsLeakA$mag$f \ SDBSET2$ZBSH3$MX$RmsLeakA$mag$i \ SDBSET2$ZBSH3$MX$RmsLeakA$instMag$f \ SDBSET2$ZBSH3$MX$RmsLeakA$instMag$i;;
;;;;;;;;;;;;;;;;;;;;;;;;;;;;;;;;;;;;;;;;
25d68596fd5743b5ac88dbdcef288b5d;1;R;Bit;TabAlarmeConj2FaseC;Discrete input;23200;Binary input;116;0;1;;1;;;;0=Não acionado\1=Acionado;0=Not triggered\1=Triggered;0=No accionado\1=Accionado;;;Público;Indicação de alarme por capacitância - Alta - Conjunto 2 - Fase C;Indication of alarm by capacitance - High - Set 2 - Phase C;;;;;;Conjunto 2;Set 2;;Capacitância;Capacitance;;Alarme;;;SDBSET2$ZBSH3$ST$AlmReact$stVal;;
43fe1e9c5a034f0a958f4a1d79cc9d25;1;R;Bit;TabAlarmeConj2FaseC;Discrete input;23201;Binary input;117;0;1;;1;;;;0=Não acionado\1=Acionado;0=Not triggered\1=Triggered;0=No accionado\1=Accionado;;;Público;Indicação de alarme por capacitância - Muito alta - Conjunto 2 - Fase C;Indication of alarm by capacitance - Very high - Set 2 - Phase C;;;;;;Conjunto 2;Set 2;;Capacitância;Capacitance;;Alarme;;;SDBSET2$ZBSH3$ST$AlmReactHi$stVal;;
ad28117fbeb94397b0192c18bb1b6e63;1;R;Bit;TabAlarmeConj2FaseC;Discrete input;23202;Binary input;118;0;1;;1;;;;0=Não acionado\1=Acionado;0=Not triggered\1=Triggered;0=No accionado\1=Accionado;;;Público;Indicação de alarme por tendência de evolução de capacitância - Alta - Conjunto 2 - Fase C;Indication of alarm by capacitance evolution trend - High - Set 2 - Phase C;;;;;;Conjunto 2;Set 2;;Tendência capacitância;Capacitance evolution;;Alarme;;;SDBSET2$ZBSH3$ST$AlmReactTnd$stVal;;
73d4ceec02b74662922b9b7a37c61301;1;R;Bit;TabAlarmeConj2FaseC;Discrete input;23203;Binary input;119;0;1;;1;;;;0=Não acionado\1=Acionado;0=Not triggered\1=Triggered;0=No accionado\1=Accionado;;;Público;Indicação de alarme por tangente delta - Alta - Conjunto 2 - Fase C;Indication of alarm by tangent delta - High - Set 2 - Phase C;;;;;;Conjunto 2;Set 2;;Tangente delta;Tangent delta;;Alarme;;;SDBSET2$ZBSH3$ST$AlmLosFact$stVal;;
3d4206149a6d47af84698947ac4420a5;1;R;Bit;TabAlarmeConj2FaseC;Discrete input;23204;Binary input;120;0;1;;1;;;;0=Não acionado\1=Acionado;0=Not triggered\1=Triggered;0=No accionado\1=Accionado;;;Público;Indicação de alarme por tangente delta - Muito alta - Conjunto 2 - Fase C;Indication of alarm by tangent delta - Very high - Set 2 - Phase C;;;;;;Conjunto 2;Set 2;;Tangente delta;Tangent delta;;Alarme;;;SDBSET2$ZBSH3$ST$AlmLosFactHi$stVal;;
14d391a9218e4ab288100dd5eb77de6b;1;R;Bit;TabAlarmeConj2FaseC;Discrete input;23205;Binary input;121;0;1;;1;;;;0=Não acionado\1=Acionado;0=Not triggered\1=Triggered;0=No accionado\1=Accionado;;;Público;Indicação de alarme por tendência de evolução de tangente delta - Alta - Conjunto 2 - Fase C;Indication of alarm by tangent delta evolution trend - High - Set 2 - Phase C;;;;;;Conjunto 2;Set 2;;Tendência tangente delta;Tangent delta evolution;;Alarme;;;SDBSET2$ZBSH3$ST$AlmLosFactTnd$stVal;;
2da2e358540745b5b82f52f58210b98b;1;R;Bit;TabAlarmeConj2FaseC;Discrete input;23206;Binary input;122;0;1;;1;;;;0=Não acionado\1=Acionado;0=Not triggered\1=Triggered;0=No accionado\1=Accionado;;;Público;Indicação de alarme por corrente de fuga - Alta - Conjunto 2 - Fase C;Indication of alarm by leakage current - High - Set 2 - Phase C;;;;;;Conjunto 2;Set 2;;Corrente de fuga;Leakage current;Corrientes de fuga;Alarme;;;SDBSET2$ZBSH3$ST$AlmLeakA$stVal;;
946da47f7e484a61a446de82ecf9bbed;1;R;Bit;TabAlarmeConj2FaseC;Discrete input;23207;Binary input;123;0;1;;1;;;;0=Não acionado\1=Acionado;0=Not triggered\1=Triggered;0=No accionado\1=Accionado;;;Público;Indicação de alarme por corrente de fuga - Muito alta - Conjunto 2 - Fase C;Indication of alarm by leakage current - Very high - Set 2 - Phase C;;;;;;Conjunto 2;Set 2;;Corrente de fuga;Leakage current;Corrientes de fuga;Alarme;;;SDBSET2$ZBSH3$ST$AlmLeakAHi$stVal;;
;;;;;;;;;;;;;;;;;;;;;;;;;;;;;;;;;;;;;;;;
fe49928c8f36499ea58aadb4b70ade91;1;R;16;TabSignalConj2Sum;Input register;23300;Analog input;68;0;65535;;1000;mA;mA;mA;;;;;;Público;Indicação de somatória de corrente - Conjunto 2;Indication of current sum - Set 2;;;;;;Conjunto 2;Set 2;;Correntes de fuga;Leakage current;Corrientes de fuga;Geral;;Sim;SDBSET2$ZBSH4$MX$RmsAMag$mag$f \ SDBSET2$ZBSH4$MX$RmsAMag$mag$i \ SDBSET2$ZBSH4$MX$RmsAMag$instMag$f \ SDBSET2$ZBSH4$MX$RmsAMag$instMag$i;;
89bb238640d3490c9f962354cccd966f;1;R;16;TabSignalConj2Sum;Input register;23301;Analog input;69;-3600;3600;;10;ø;ø;ø;;;;;;Público;Indicação de ângulo da somatória de corrente - Conjunto 2;Indication of current sum angle - Set 2;;;;;;Conjunto 2;Set 2;;Correntes de fuga;Leakage current;Corrientes de fuga;Geral;;Sim;SDBSET2$ZBSH4$MX$AngAMag$mag$f \ SDBSET2$ZBSH4$MX$AngAMag$mag$i \ SDBSET2$ZBSH4$MX$AngAMag$instMag$f \ SDBSET2$ZBSH4$MX$AngAMag$instMag$i;;
622472cad80a4232b59b5e7e554fac62;1;R;16;TabSignalConj2Sum;Input register;23302;Analog input;70;-3600;3600;;10;ø;ø;ø;;;;;;Público;Indicação de ângulo entre as correntes de fuga A - Conjunto 2;Indication of angle between A leakage currents - Set 2;;;;;;Conjunto 2;Set 2;;Correntes de fuga;Leakage current;Corrientes de fuga;Geral;;Sim;SDBSET2$ZBSH1$MX$AngLeakA$mag$f \ SDBSET2$ZBSH1$MX$AngLeakA$mag$i \ SDBSET2$ZBSH1$MX$AngLeakA$instMag$f \ SDBSET2$ZBSH1$MX$AngLeakA$instMag$i;;
73f25682d099487ab17b9a7ff0fd7f9f;1;R;16;TabSignalConj2Sum;Input register;23303;Analog input;71;-3600;3600;;10;ø;ø;ø;;;;;;Público;Indicação de ângulo entre as correntes de fuga B - Conjunto 2;Indication of angle between B leakage currents - Set 2;;;;;;Conjunto 2;Set 2;;Correntes de fuga;Leakage current;Corrientes de fuga;Geral;;Sim;SDBSET2$ZBSH2$MX$AngLeakA$mag$f \ SDBSET2$ZBSH2$MX$AngLeakA$mag$i \ SDBSET2$ZBSH2$MX$AngLeakA$instMag$f \ SDBSET2$ZBSH2$MX$AngLeakA$instMag$i;;
08749b288984415091c2d049772aea88;1;R;16;TabSignalConj2Sum;Input register;23304;Analog input;72;-3600;3600;;10;ø;ø;ø;;;;;;Público;Indicação de ângulo entre as correntes de fuga C - Conjunto 2;Indication of angle between C leakage currents - Set 2;;;;;;Conjunto 2;Set 2;;Correntes de fuga;Leakage current;Corrientes de fuga;Geral;;Sim;SDBSET2$ZBSH3$MX$AngLeakA$mag$f \ SDBSET2$ZBSH3$MX$AngLeakA$mag$i \ SDBSET2$ZBSH3$MX$AngLeakA$instMag$f \ SDBSET2$ZBSH3$MX$AngLeakA$instMag$i;;
448795d8f31f493ea0b272d8d71c7c61;1;R;16;TabSignalConj2Sum;Input register;23305;Analog input;73;0;65535;;1;;;;;;;;;Público;Indicação de número de amostra bruta atual - Conjunto 2;Indication of raw current sample number - Set 2;;;;;;Conjunto 2;Set 2;;Status;Status;Estado;Debug;;;SDBSET2$ZBSH4$MX$NumSmp$mag$f \ SDBSET2$ZBSH4$MX$NumSmp$mag$i \ SDBSET2$ZBSH4$MX$NumSmp$instMag$f \ SDBSET2$ZBSH4$MX$NumSmp$instMag$i;;
c82109d019434be88916b39c4445413e;1;R;16;TabSignalConj2Sum;Input register;23308;Analog input;167;0;65535;;1;;;;;;;;;Público;Indicação de número da amostra atual de cálculo - Conjunto 2;Indication of current calculation sample number - Set 2;;;;;;Conjunto 2;Set 2;;Status;Status;Estado;Geral;;;;;
12a184d9537c46c48fb7c315b5e51b64;1;R;16;TabSignalConj2Sum;Input register;23306;Analog input;74;0;2;0;1;;;;0=Não Inicializado\1=ACB\2=ABC;0=Not Initialized\1=ACB\2=ABC;0=No Inicializado\1=ACB\2=ABC;;;Público;Indicação de configuração de fases - Conjunto 2;Indication of phases settings - Set 2;;;;;;Conjunto 2;Set 2;;Status;Status;Estado;Debug;;;SDBSET2$ZBSH4$MX$PhsCfg$mag$f \ SDBSET2$ZBSH4$MX$PhsCfg$mag$i \ SDBSET2$ZBSH4$MX$PhsCfg$instMag$f \ SDBSET2$ZBSH4$MX$PhsCfg$instMag$i;;
04390ebc9058478d92971e87471db3bd;1;R;16;TabSignalConj2Sum;Input register;23307;Analog input;75;0;100;0;1;%;%;%;;;;;;Público;Indicação de progresso de obtenção de referência  - Conjunto 2;Indication of reference acquisition progress - Set 2;;;;;;Conjunto 2;Set 2;;Status;Status;Estado;Debug;;;SDBSET2$ZBSH4$MX$RefPrg$mag$f \ SDBSET2$ZBSH4$MX$RefPrg$mag$i \ SDBSET2$ZBSH4$MX$RefPrg$instMag$f \ SDBSET2$ZBSH4$MX$RefPrg$instMag$i;;
;;;;;;;;;;;;;;;;;;;;;;;;;;;;;;;;;;;;;;;;
4e98e36272f64f11953cc681eb8f2f3e;1;R;Bit;TabConj2Sum;Discrete input;23300;Binary input;124;0;1;;1;;;;0=Calculando referência inicial\1=Monitorando;0=Calculating inicial reference\1=Monitoring;0=Calculando referencia inicial\1=Monitoreando;;;Público;Indicação de status da operação - Conjunto 2;Indication of operation status - Set 2;;;;;;Conjunto 2;Set 2;;Status;Status;Estado;Geral;;;SDBSET2$ZBSH4$ST$OpSt$stVal;;
ff4e3b2217154390b99ba9238de3e103;1;R;Bit;TabConj2Sum;Discrete input;23301;Binary input;125;0;1;;1;;;;0=CBA\1=ABC;0=CBA\1=ABC;0=CBA\1=ABC;;;Público;Indicação de sequência de fase do banco de referência - Conjunto 2;Indication of phase sequence of reference bank - Set 2;;;;;;Conjunto 2;Set 2;;Status;Status;Estado;Geral;;;SDBSET2$ZBSH4$ST$PhSeq$stVal;;
;;;;;;;;;;;;;;;;;;;;;;;;;;;;;;;;;;;;;;;;
3072c911f84f4dc289f72ec5884a94b0;1;R;16;TabConj1FaseA;Input register;22009;Analog input;88;0;65535;;10;pF;pF;pF;;;;;;Público;Indicação de média referência capacitância - Conjunto 1 - Fase A;Indication of reference capacitance mean - Set 1 - Phase A;;;;;;Conjunto 1;Set 1;;Capacitância;Capacitance;;Geral;Sim;Sim;;;
bc71217cbdb74d4998b5d746f50e0596;1;R;16;TabConj1FaseA;Input register;22010;Analog input;89;0;65535;;1000;%;%;%;;;;;;Público;Indicação de média referência tangente delta - Conjunto 1 - Fase A;Indication of reference tangent delta mean - Set 1 - Phase A;;;;;;Conjunto 1;Set 1;;Tangentes delta;Tangent delta;;Geral;Sim;Sim;;;
03f4ad41fce14d27aaf13b4d875b54e8;1;R;16;TabConj1FaseA;Input register;22011;Analog input;90;0;65535;;100;mA;mA;mA;;;;;;Público;Indicação de média referência corrente de fuga - Conjunto 1 - Fase A;Indication of reference leakage current mean - Set 1 - Phase A;;;;;;Conjunto 1;Set 1;;Correntes de fuga;Leakage current;;Geral;Sim;Sim;;;
b11a91572aac47dda706335c9009386d;1;R;16;TabConj1FaseA;Input register;22012;Analog input;91;0;65535;;10;pF;pF;pF;;;;;;Público;Indicação de média último cálculo capacitância - Conjunto 1 - Fase A;Indication of last capacitance mean - Set 1 - Phase A;;;;;;Conjunto 1;Set 1;;Capacitância;Capacitance;;Geral;Sim;Sim;;;
638d204997ac49c5ba88d14808efd124;1;R;16;TabConj1FaseA;Input register;22013;Analog input;92;0;65535;;1000;%;%;%;;;;;;Público;Indicação de média último cálculo tangente delta - Conjunto 1 - Fase A;Indication of last tangent delta mean - Set 1 - Phase A;;;;;;Conjunto 1;Set 1;;Tangentes delta;Tangent delta;;Geral;Sim;Sim;;;
75ecb54b974f4b0886dfb8ff60883f12;1;R;16;TabConj1FaseA;Input register;22014;Analog input;93;0;65535;;100;mA;mA;mA;;;;;;Público;Indicação de média última leitura corrente de fuga - Conjunto 1 - Fase A;Indication of last leakage current reading - Set 1 - Phase A;;;;;;Conjunto 1;Set 1;;Correntes de fuga;Leakage current;;Geral;Sim;Sim;;;
74cb86064f3e45f5a3b1ead00355e7c2;1;R;16;TabConj1FaseA;Input register;22015;Analog input;94;0;65535;;10;pF;pF;pF;;;;;;Público;Indicação de limiar efetivo capacitância alta - Conjunto 1 - Fase A;Indication of effective high capacitance threshold - Set 1 - Phase A;;;;;;Conjunto 1;Set 1;;Capacitância;Capacitance;;Geral;Sim;Sim;;;
0d7bb3c9f9db48b2b960c03a2c9ba45a;1;R;16;TabConj1FaseA;Input register;22016;Analog input;95;0;65535;;10;pF;pF;pF;;;;;;Público;Indicação de limiar efetivo capacitância muito alta - Conjunto 1 - Fase A;Indication of effective very high capacitance threshold - Set 1 - Phase A;;;;;;Conjunto 1;Set 1;;Capacitância;Capacitance;;Geral;Sim;Sim;;;
bbca96cb4ceb4212aca17816506d6100;1;R;16;TabConj1FaseA;Input register;22017;Analog input;96;0;65535;;1000;%;%;%;;;;;;Público;Indicação de limiar efetivo tangente delta alta - Conjunto 1 - Fase A;Indication of effective high tangent delta threshold - Set 1 - Phase A;;;;;;Conjunto 1;Set 1;;Tangentes delta;Tangent delta;;Geral;Sim;Sim;;;
5c172f4cad594b4fb5e5e9582aacdcf5;1;R;16;TabConj1FaseA;Input register;22018;Analog input;97;0;65535;;1000;%;%;%;;;;;;Público;Indicação de limiar efetivo tangente delta muito alta - Conjunto 1 - Fase A;Indication of effective very high tangent delta threshold - Set 1 - Phase A;;;;;;Conjunto 1;Set 1;;Tangentes delta;Tangent delta;;Geral;Sim;Sim;;;
c9c4a91f7c1844a485f69f9a352d4260;1;R;16;TabConj1FaseA;Input register;22019;Analog input;98;0;65535;;100;mA;mA;mA;;;;;;Público;Indicação de limiar efetivo corrente de fuga alta - Conjunto 1 - Fase A;Indication of effective high leakage current threshold - Set 1 - Phase A;;;;;;Conjunto 1;Set 1;;Correntes de fuga;Leakage current;;Geral;Sim;Sim;;;
be12f8f6643548dca390b30f20e01af6;1;R;16;TabConj1FaseA;Input register;22020;Analog input;99;0;65535;;100;mA;mA;mA;;;;;;Público;Indicação de limiar efetivo corrente de fuga muito alta - Conjunto 1 - Fase A;Indication of effective very high leakage current threshold - Set 1 - Phase A;;;;;;Conjunto 1;Set 1;;Correntes de fuga;Leakage current;;Geral;Sim;Sim;;;
0000bbca5f694cf3b8bbd4fb52f7c703;1;R;16;TabConj1FaseA;Input register;22021;Analog input;100;0;65535;;100;mA;mA;mA;;;;;;Público;Indicação de limiar efetivo autodiagnóstico corrente de fuga baixa - Conjunto 1 - Fase A;Indication of effective low leakage current self-diagnostic threshold - Set 1 - Phase A;;;;;;Conjunto 1;Set 1;;Autodiagnóstico;Self-diagnosis;;Geral;Sim;Sim;;;
;;;;;;;;;;;;;;;;;;;;;;;;;;;;;;;;;;;;;;;;
713c7d15ef804a67b5c1479541fc645c;1;R;16;TabConj1FaseB;Input register;22109;Analog input;101;0;65535;;10;pF;pF;pF;;;;;;Público;Indicação de média referência capacitância - Conjunto 1 - Fase B;Indication of reference capacitance mean - Set 1 - Phase B;;;;;;Conjunto 1;Set 1;;Capacitância;Capacitance;;Geral;Sim;Sim;;;
c041c076df454343a08114a41dba71da;1;R;16;TabConj1FaseB;Input register;22110;Analog input;102;0;65535;;1000;%;%;%;;;;;;Público;Indicação de média referência tangente delta - Conjunto 1 - Fase B;Indication of reference tangent delta mean - Set 1 - Phase B;;;;;;Conjunto 1;Set 1;;Tangentes delta;Tangent delta;;Geral;Sim;Sim;;;
5fb0ca0035e24987a015201d7c8317a8;1;R;16;TabConj1FaseB;Input register;22111;Analog input;103;0;65535;;100;mA;mA;mA;;;;;;Público;Indicação de média referência corrente de fuga - Conjunto 1 - Fase B;Indication of reference leakage current mean - Set 1 - Phase B;;;;;;Conjunto 1;Set 1;;Correntes de fuga;Leakage current;;Geral;Sim;Sim;;;
098efccb4e9c4bfc8463ec05bd28ba0f;1;R;16;TabConj1FaseB;Input register;22112;Analog input;104;0;65535;;10;pF;pF;pF;;;;;;Público;Indicação de média último cálculo capacitância - Conjunto 1 - Fase B;Indication of last capacitance mean - Set 1 - Phase B;;;;;;Conjunto 1;Set 1;;Capacitância;Capacitance;;Geral;Sim;Sim;;;
99b0dede724747228cecc05338bd0ca7;1;R;16;TabConj1FaseB;Input register;22113;Analog input;105;0;65535;;1000;%;%;%;;;;;;Público;Indicação de média último cálculo tangente delta - Conjunto 1 - Fase B;Indication of last tangent delta mean - Set 1 - Phase B;;;;;;Conjunto 1;Set 1;;Tangentes delta;Tangent delta;;Geral;Sim;Sim;;;
63ab6fb1c0c04abbace5d050f47fcf57;1;R;16;TabConj1FaseB;Input register;22114;Analog input;106;0;65535;;100;mA;mA;mA;;;;;;Público;Indicação de média última leitura corrente de fuga - Conjunto 1 - Fase B;Indication of last leakage current reading - Set 1 - Phase B;;;;;;Conjunto 1;Set 1;;Correntes de fuga;Leakage current;;Geral;Sim;Sim;;;
518adf6851574546a7ffd468f3075ae7;1;R;16;TabConj1FaseB;Input register;22115;Analog input;107;0;65535;;10;pF;pF;pF;;;;;;Público;Indicação de limiar efetivo capacitância alta - Conjunto 1 - Fase B;Indication of effective high capacitance threshold - Set 1 - Phase B;;;;;;Conjunto 1;Set 1;;Capacitância;Capacitance;;Geral;Sim;Sim;;;
6d938b3049e343acb3ae322ba6451a65;1;R;16;TabConj1FaseB;Input register;22116;Analog input;108;0;65535;;10;pF;pF;pF;;;;;;Público;Indicação de limiar efetivo capacitância muito alta - Conjunto 1 - Fase B;Indication of effective very high capacitance threshold - Set 1 - Phase B;;;;;;Conjunto 1;Set 1;;Capacitância;Capacitance;;Geral;Sim;Sim;;;
b7b2bc5b442d4a52bd6cf1188f62453c;1;R;16;TabConj1FaseB;Input register;22117;Analog input;109;0;65535;;1000;%;%;%;;;;;;Público;Indicação de limiar efetivo tangente delta alta - Conjunto 1 - Fase B;Indication of effective high tangent delta threshold - Set 1 - Phase B;;;;;;Conjunto 1;Set 1;;Tangentes delta;Tangent delta;;Geral;Sim;Sim;;;
5d4fe15970914f68ac8b7f52aed224ee;1;R;16;TabConj1FaseB;Input register;22118;Analog input;110;0;65535;;1000;%;%;%;;;;;;Público;Indicação de limiar efetivo tangente delta muito alta - Conjunto 1 - Fase B;Indication of effective very high tangent delta threshold - Set 1 - Phase B;;;;;;Conjunto 1;Set 1;;Tangentes delta;Tangent delta;;Geral;Sim;Sim;;;
bca2fa340e35425abd630698e24f30b8;1;R;16;TabConj1FaseB;Input register;22119;Analog input;111;0;65535;;100;mA;mA;mA;;;;;;Público;Indicação de limiar efetivo corrente de fuga alta - Conjunto 1 - Fase B;Indication of effective high leakage current threshold - Set 1 - Phase B;;;;;;Conjunto 1;Set 1;;Correntes de fuga;Leakage current;;Geral;Sim;Sim;;;
b8f0c69f4c7448e687e60ce4c127bd6a;1;R;16;TabConj1FaseB;Input register;22120;Analog input;112;0;65535;;100;mA;mA;mA;;;;;;Público;Indicação de limiar efetivo corrente de fuga muito alta - Conjunto 1 - Fase B;Indication of effective very high leakage current threshold - Set 1 - Phase B;;;;;;Conjunto 1;Set 1;;Correntes de fuga;Leakage current;;Geral;Sim;Sim;;;
b707ee2b8a4844bd953c3bf2fc8cb058;1;R;16;TabConj1FaseB;Input register;22121;Analog input;113;0;65535;;100;mA;mA;mA;;;;;;Público;Indicação de limiar efetivo autodiagnóstico corrente de fuga baixa - Conjunto 1 - Fase B;Indication of effective low leakage current self-diagnostic threshold - Set 1 - Phase B;;;;;;Conjunto 1;Set 1;;Autodiagnóstico;Self-diagnosis;;Geral;Sim;Sim;;;
;;;;;;;;;;;;;;;;;;;;;;;;;;;;;;;;;;;;;;;;
a12094372418490994f26546c9dc87d7;1;R;16;TabConj1FaseC;Input register;22209;Analog input;114;0;65535;;10;pF;pF;pF;;;;;;Público;Indicação de média referência capacitância - Conjunto 1 - Fase C;Indication of reference capacitance mean - Set 1 - Phase C;;;;;;Conjunto 1;Set 1;;Capacitância;Capacitance;;Geral;Sim;Sim;;;
303ee78803fc43d0833960aab00aaac5;1;R;16;TabConj1FaseC;Input register;22210;Analog input;115;0;65535;;1000;%;%;%;;;;;;Público;Indicação de média referência tangente delta - Conjunto 1 - Fase C;Indication of reference tangent delta mean - Set 1 - Phase C;;;;;;Conjunto 1;Set 1;;Tangentes delta;Tangent delta;;Geral;Sim;Sim;;;
84a4c96fc66b4588a2b6fece18bf9697;1;R;16;TabConj1FaseC;Input register;22211;Analog input;116;0;65535;;100;mA;mA;mA;;;;;;Público;Indicação de média referência corrente de fuga - Conjunto 1 - Fase C;Indication of reference leakage current mean - Set 1 - Phase C;;;;;;Conjunto 1;Set 1;;Correntes de fuga;Leakage current;;Geral;Sim;Sim;;;
c56dce88981d4304842b81c3d5fa6acd;1;R;16;TabConj1FaseC;Input register;22212;Analog input;117;0;65535;;10;pF;pF;pF;;;;;;Público;Indicação de média último cálculo capacitância - Conjunto 1 - Fase C;Indication of last capacitance mean - Set 1 - Phase C;;;;;;Conjunto 1;Set 1;;Capacitância;Capacitance;;Geral;Sim;Sim;;;
48472b04de46405e9cfef9f9dd0f8849;1;R;16;TabConj1FaseC;Input register;22213;Analog input;118;0;65535;;1000;%;%;%;;;;;;Público;Indicação de média último cálculo tangente delta - Conjunto 1 - Fase C;Indication of last tangent delta mean - Set 1 - Phase C;;;;;;Conjunto 1;Set 1;;Tangentes delta;Tangent delta;;Geral;Sim;Sim;;;
f7bb01eeca62435cafc79d67d481ca3d;1;R;16;TabConj1FaseC;Input register;22214;Analog input;119;0;65535;;100;mA;mA;mA;;;;;;Público;Indicação de média última leitura corrente de fuga - Conjunto 1 - Fase C;Indication of last leakage current reading - Set 1 - Phase C;;;;;;Conjunto 1;Set 1;;Correntes de fuga;Leakage current;;Geral;Sim;Sim;;;
48378ab0d7904d1da4f266ef4f91dfe4;1;R;16;TabConj1FaseC;Input register;22215;Analog input;120;0;65535;;10;pF;pF;pF;;;;;;Público;Indicação de limiar efetivo capacitância alta - Conjunto 1 - Fase C;Indication of effective high capacitance threshold - Set 1 - Phase C;;;;;;Conjunto 1;Set 1;;Capacitância;Capacitance;;Geral;Sim;Sim;;;
56129085189143d9b7a6ecb81b4a3778;1;R;16;TabConj1FaseC;Input register;22216;Analog input;121;0;65535;;10;pF;pF;pF;;;;;;Público;Indicação de limiar efetivo capacitância muito alta - Conjunto 1 - Fase C;Indication of effective very high capacitance threshold - Set 1 - Phase C;;;;;;Conjunto 1;Set 1;;Capacitância;Capacitance;;Geral;Sim;Sim;;;
237d08c6a92f44d19111b976732df1a4;1;R;16;TabConj1FaseC;Input register;22217;Analog input;122;0;65535;;1000;%;%;%;;;;;;Público;Indicação de limiar efetivo tangente delta alta - Conjunto 1 - Fase C;Indication of effective high tangent delta threshold - Set 1 - Phase C;;;;;;Conjunto 1;Set 1;;Tangentes delta;Tangent delta;;Geral;Sim;Sim;;;
9564b214995d40bd9543845dca797990;1;R;16;TabConj1FaseC;Input register;22218;Analog input;123;0;65535;;1000;%;%;%;;;;;;Público;Indicação de limiar efetivo tangente delta muito alta - Conjunto 1 - Fase C;Indication of effective very high tangent delta threshold - Set 1 - Phase C;;;;;;Conjunto 1;Set 1;;Tangentes delta;Tangent delta;;Geral;Sim;Sim;;;
3fdfd1b9551c41698c45624e2008bad1;1;R;16;TabConj1FaseC;Input register;22219;Analog input;124;0;65535;;100;mA;mA;mA;;;;;;Público;Indicação de limiar efetivo corrente de fuga alta - Conjunto 1 - Fase C;Indication of effective high leakage current threshold - Set 1 - Phase C;;;;;;Conjunto 1;Set 1;;Correntes de fuga;Leakage current;;Geral;Sim;Sim;;;
bae23a2a85df4ac18802f49cdd25d33f;1;R;16;TabConj1FaseC;Input register;22220;Analog input;125;0;65535;;100;mA;mA;mA;;;;;;Público;Indicação de limiar efetivo corrente de fuga muito alta - Conjunto 1 - Fase C;Indication of effective very high leakage current threshold - Set 1 - Phase C;;;;;;Conjunto 1;Set 1;;Correntes de fuga;Leakage current;;Geral;Sim;Sim;;;
f29f8f69d79d4591b176982152adb04f;1;R;16;TabConj1FaseC;Input register;22221;Analog input;126;0;65535;;100;mA;mA;mA;;;;;;Público;Indicação de limiar efetivo autodiagnóstico corrente de fuga baixa - Conjunto 1 - Fase C;Indication of effective low leakage current self-diagnostic threshold - Set 1 - Phase C;;;;;;Conjunto 1;Set 1;;Autodiagnóstico;Self-diagnosis;;Geral;Sim;Sim;;;
;;;;;;;;;;;;;;;;;;;;;;;;;;;;;;;;;;;;;;;;
0910d0c2e393460c9df145a9380fe31f;1;R;16;TabConj2FaseA;Input register;23009;Analog input;127;0;65535;;10;pF;pF;pF;;;;;;Público;Indicação de média referência capacitância - Conjunto 2 - Fase A;Indication of reference capacitance mean - Set 2 - Phase A;;;;;;Conjunto 2;Set 2;;Capacitância;Capacitance;;Geral;Sim;Sim;;;
31d367779c2c457094c1d1280023342d;1;R;16;TabConj2FaseA;Input register;23010;Analog input;128;0;65535;;1000;%;%;%;;;;;;Público;Indicação de média referência tangente delta - Conjunto 2 - Fase A;Indication of reference tangent delta mean - Set 2 - Phase A;;;;;;Conjunto 2;Set 2;;Tangentes delta;Tangent delta;;Geral;Sim;Sim;;;
3d2004ac38b447ef8f699dd784d24af2;1;R;16;TabConj2FaseA;Input register;23011;Analog input;129;0;65535;;100;mA;mA;mA;;;;;;Público;Indicação de média referência corrente de fuga - Conjunto 2 - Fase A;Indication of reference leakage current mean - Set 2 - Phase A;;;;;;Conjunto 2;Set 2;;Correntes de fuga;Leakage current;;Geral;Sim;Sim;;;
9240ac0dbf394d2e8afbe73f798ad68f;1;R;16;TabConj2FaseA;Input register;23012;Analog input;130;0;65535;;10;pF;pF;pF;;;;;;Público;Indicação de média último cálculo capacitância - Conjunto 2 - Fase A;Indication of last capacitance mean - Set 2 - Phase A;;;;;;Conjunto 2;Set 2;;Capacitância;Capacitance;;Geral;Sim;Sim;;;
d667d99356754850ac1dbc6291c26526;1;R;16;TabConj2FaseA;Input register;23013;Analog input;131;0;65535;;1000;%;%;%;;;;;;Público;Indicação de média último cálculo tangente delta - Conjunto 2 - Fase A;Indication of last tangent delta mean - Set 2 - Phase A;;;;;;Conjunto 2;Set 2;;Tangentes delta;Tangent delta;;Geral;Sim;Sim;;;
7e45f1a30c6c48a5ae269a6f1b16d320;1;R;16;TabConj2FaseA;Input register;23014;Analog input;132;0;65535;;100;mA;mA;mA;;;;;;Público;Indicação de média última leitura corrente de fuga - Conjunto 2 - Fase A;Indication of last leakage current reading - Set 2 - Phase A;;;;;;Conjunto 2;Set 2;;Correntes de fuga;Leakage current;;Geral;Sim;Sim;;;
a0142ee4a7fe4860914190186902f226;1;R;16;TabConj2FaseA;Input register;23015;Analog input;133;0;65535;;10;pF;pF;pF;;;;;;Público;Indicação de limiar efetivo capacitância alta - Conjunto 2 - Fase A;Indication of effective high capacitance threshold - Set 2 - Phase A;;;;;;Conjunto 2;Set 2;;Capacitância;Capacitance;;Geral;Sim;Sim;;;
7bf85d2a359c4901ae66f7cb5ce9669a;1;R;16;TabConj2FaseA;Input register;23016;Analog input;134;0;65535;;10;pF;pF;pF;;;;;;Público;Indicação de limiar efetivo capacitância muito alta - Conjunto 2 - Fase A;Indication of effective very high capacitance threshold - Set 2 - Phase A;;;;;;Conjunto 2;Set 2;;Capacitância;Capacitance;;Geral;Sim;Sim;;;
7b44e81f9b814221a9af04a451aa4471;1;R;16;TabConj2FaseA;Input register;23017;Analog input;135;0;65535;;1000;%;%;%;;;;;;Público;Indicação de limiar efetivo tangente delta alta - Conjunto 2 - Fase A;Indication of effective high tangent delta threshold - Set 2 - Phase A;;;;;;Conjunto 2;Set 2;;Tangentes delta;Tangent delta;;Geral;Sim;Sim;;;
3de2ec7e10f940d09768cbbf63fd0cdd;1;R;16;TabConj2FaseA;Input register;23018;Analog input;136;0;65535;;1000;%;%;%;;;;;;Público;Indicação de limiar efetivo tangente delta muito alta - Conjunto 2 - Fase A;Indication of effective very high tangent delta threshold - Set 2 - Phase A;;;;;;Conjunto 2;Set 2;;Tangentes delta;Tangent delta;;Geral;Sim;Sim;;;
54a59bd8818642c0871529230cec317b;1;R;16;TabConj2FaseA;Input register;23019;Analog input;137;0;65535;;100;mA;mA;mA;;;;;;Público;Indicação de limiar efetivo corrente de fuga alta - Conjunto 2 - Fase A;Indication of effective high leakage current threshold - Set 2 - Phase A;;;;;;Conjunto 2;Set 2;;Correntes de fuga;Leakage current;;Geral;Sim;Sim;;;
577001dc50224e9ca9ae3e2658cb70fc;1;R;16;TabConj2FaseA;Input register;23020;Analog input;138;0;65535;;100;mA;mA;mA;;;;;;Público;Indicação de limiar efetivo corrente de fuga muito alta - Conjunto 2 - Fase A;Indication of effective very high leakage current threshold - Set 2 - Phase A;;;;;;Conjunto 2;Set 2;;Correntes de fuga;Leakage current;;Geral;Sim;Sim;;;
f8b601773e8d4310bb445db9431bbcd7;1;R;16;TabConj2FaseA;Input register;23021;Analog input;139;0;65535;;100;mA;mA;mA;;;;;;Público;Indicação de limiar efetivo autodiagnóstico corrente de fuga baixa - Conjunto 2 - Fase A;Indication of effective low leakage current self-diagnostic threshold - Set 2 - Phase A;;;;;;Conjunto 2;Set 2;;Autodiagnóstico;Self-diagnosis;;Geral;Sim;Sim;;;
;;;;;;;;;;;;;;;;;;;;;;;;;;;;;;;;;;;;;;;;
cf8a13d8b91141dcb0b163f1554525fe;1;R;16;TabConj2FaseB;Input register;23109;Analog input;140;0;65535;;10;pF;pF;pF;;;;;;Público;Indicação de média referência capacitância - Conjunto 2 - Fase B;Indication of reference capacitance mean - Set 2 - Phase B;;;;;;Conjunto 2;Set 2;;Capacitância;Capacitance;;Geral;Sim;Sim;;;
c7f2e9f57d6b4ee88a77108fab90a742;1;R;16;TabConj2FaseB;Input register;23110;Analog input;141;0;65535;;1000;%;%;%;;;;;;Público;Indicação de média referência tangente delta - Conjunto 2 - Fase B;Indication of reference tangent delta mean - Set 2 - Phase B;;;;;;Conjunto 2;Set 2;;Tangentes delta;Tangent delta;;Geral;Sim;Sim;;;
27c4092b25d7437d9cf6563d424fd017;1;R;16;TabConj2FaseB;Input register;23111;Analog input;142;0;65535;;100;mA;mA;mA;;;;;;Público;Indicação de média referência corrente de fuga - Conjunto 2 - Fase B;Indication of reference leakage current mean - Set 2 - Phase B;;;;;;Conjunto 2;Set 2;;Correntes de fuga;Leakage current;;Geral;Sim;Sim;;;
848185cc283b4d74960974d060350582;1;R;16;TabConj2FaseB;Input register;23112;Analog input;143;0;65535;;10;pF;pF;pF;;;;;;Público;Indicação de média último cálculo capacitância - Conjunto 2 - Fase B;Indication of last capacitance mean - Set 2 - Phase B;;;;;;Conjunto 2;Set 2;;Capacitância;Capacitance;;Geral;Sim;Sim;;;
bd8d9e7eb81e4c3791a5f8f6ae7fc656;1;R;16;TabConj2FaseB;Input register;23113;Analog input;144;0;65535;;1000;%;%;%;;;;;;Público;Indicação de média último cálculo tangente delta - Conjunto 2 - Fase B;Indication of last tangent delta mean - Set 2 - Phase B;;;;;;Conjunto 2;Set 2;;Tangentes delta;Tangent delta;;Geral;Sim;Sim;;;
bf773c848aa04cbb98f03bd3559cd4a8;1;R;16;TabConj2FaseB;Input register;23114;Analog input;145;0;65535;;100;mA;mA;mA;;;;;;Público;Indicação de média última leitura corrente de fuga - Conjunto 2 - Fase B;Indication of last leakage current reading - Set 2 - Phase B;;;;;;Conjunto 2;Set 2;;Correntes de fuga;Leakage current;;Geral;Sim;Sim;;;
c067b34337ed49fc8b4dc1b4e36cda8b;1;R;16;TabConj2FaseB;Input register;23115;Analog input;146;0;65535;;10;pF;pF;pF;;;;;;Público;Indicação de limiar efetivo capacitância alta - Conjunto 2 - Fase B;Indication of effective high capacitance threshold - Set 2 - Phase B;;;;;;Conjunto 2;Set 2;;Capacitância;Capacitance;;Geral;Sim;Sim;;;
7d2cb1bcd9a84e208d40319266c0c27e;1;R;16;TabConj2FaseB;Input register;23116;Analog input;147;0;65535;;10;pF;pF;pF;;;;;;Público;Indicação de limiar efetivo capacitância muito alta - Conjunto 2 - Fase B;Indication of effective very high capacitance threshold - Set 2 - Phase B;;;;;;Conjunto 2;Set 2;;Capacitância;Capacitance;;Geral;Sim;Sim;;;
a4bf266b5536471aad0f2e340e17e3fc;1;R;16;TabConj2FaseB;Input register;23117;Analog input;148;0;65535;;1000;%;%;%;;;;;;Público;Indicação de limiar efetivo tangente delta alta - Conjunto 2 - Fase B;Indication of effective high tangent delta threshold - Set 2 - Phase B;;;;;;Conjunto 2;Set 2;;Tangentes delta;Tangent delta;;Geral;Sim;Sim;;;
cd61318684ba41f7b5b49013415a215b;1;R;16;TabConj2FaseB;Input register;23118;Analog input;149;0;65535;;1000;%;%;%;;;;;;Público;Indicação de limiar efetivo tangente delta muito alta - Conjunto 2 - Fase B;Indication of effective very high tangent delta threshold - Set 2 - Phase B;;;;;;Conjunto 2;Set 2;;Tangentes delta;Tangent delta;;Geral;Sim;Sim;;;
17932ec560a844d58281dc00ea2535d1;1;R;16;TabConj2FaseB;Input register;23119;Analog input;150;0;65535;;100;mA;mA;mA;;;;;;Público;Indicação de limiar efetivo corrente de fuga alta - Conjunto 2 - Fase B;Indication of effective high leakage current threshold - Set 2 - Phase B;;;;;;Conjunto 2;Set 2;;Correntes de fuga;Leakage current;;Geral;Sim;Sim;;;
a9d37622a0b4463d93ffd3a5e5eb5a43;1;R;16;TabConj2FaseB;Input register;23120;Analog input;151;0;65535;;100;mA;mA;mA;;;;;;Público;Indicação de limiar efetivo corrente de fuga muito alta - Conjunto 2 - Fase B;Indication of effective very high leakage current threshold - Set 2 - Phase B;;;;;;Conjunto 2;Set 2;;Correntes de fuga;Leakage current;;Geral;Sim;Sim;;;
d5b6c24a098447de98cefa352573c217;1;R;16;TabConj2FaseB;Input register;23121;Analog input;152;0;65535;;100;mA;mA;mA;;;;;;Público;Indicação de limiar efetivo autodiagnóstico corrente de fuga baixa - Conjunto 2 - Fase B;Indication of effective low leakage current self-diagnostic threshold - Set 2 - Phase B;;;;;;Conjunto 2;Set 2;;Autodiagnóstico;Self-diagnosis;;Geral;Sim;Sim;;;
;;;;;;;;;;;;;;;;;;;;;;;;;;;;;;;;;;;;;;;;
5c96decb7a28498291cc367bd10404cd;1;R;16;TabConj2FaseC;Input register;23209;Analog input;153;0;65535;;10;pF;pF;pF;;;;;;Público;Indicação de média referência capacitância - Conjunto 2 - Fase C;Indication of reference capacitance mean - Set 2 - Phase C;;;;;;Conjunto 2;Set 2;;Capacitância;Capacitance;;Geral;Sim;Sim;;;
80f9a036a9ff4b04ab9a3f5cff83634d;1;R;16;TabConj2FaseC;Input register;23210;Analog input;154;0;65535;;1000;%;%;%;;;;;;Público;Indicação de média referência tangente delta - Conjunto 2 - Fase C;Indication of reference tangent delta mean - Set 2 - Phase C;;;;;;Conjunto 2;Set 2;;Tangentes delta;Tangent delta;;Geral;Sim;Sim;;;
ea30e15f1f804073a956f3702ce782fa;1;R;16;TabConj2FaseC;Input register;23211;Analog input;155;0;65535;;100;mA;mA;mA;;;;;;Público;Indicação de média referência corrente de fuga - Conjunto 2 - Fase C;Indication of reference leakage current mean - Set 2 - Phase C;;;;;;Conjunto 2;Set 2;;Correntes de fuga;Leakage current;;Geral;Sim;Sim;;;
c6b528ba63ca4a66a4fa4afa07d6e76d;1;R;16;TabConj2FaseC;Input register;23212;Analog input;156;0;65535;;10;pF;pF;pF;;;;;;Público;Indicação de média último cálculo capacitância - Conjunto 2 - Fase C;Indication of last capacitance mean - Set 2 - Phase C;;;;;;Conjunto 2;Set 2;;Capacitância;Capacitance;;Geral;Sim;Sim;;;
a25f493ea3344677b46516389c52b319;1;R;16;TabConj2FaseC;Input register;23213;Analog input;157;0;65535;;1000;%;%;%;;;;;;Público;Indicação de média último cálculo tangente delta - Conjunto 2 - Fase C;Indication of last tangent delta mean - Set 2 - Phase C;;;;;;Conjunto 2;Set 2;;Tangentes delta;Tangent delta;;Geral;Sim;Sim;;;
25743f1e7fd442d8b9fd5968e0bc0c44;1;R;16;TabConj2FaseC;Input register;23214;Analog input;158;0;65535;;100;mA;mA;mA;;;;;;Público;Indicação de média última leitura corrente de fuga - Conjunto 2 - Fase C;Indication of last leakage current reading - Set 2 - Phase C;;;;;;Conjunto 2;Set 2;;Correntes de fuga;Leakage current;;Geral;Sim;Sim;;;
d8975ebbf0054609a2352562466f9356;1;R;16;TabConj2FaseC;Input register;23215;Analog input;159;0;65535;;10;pF;pF;pF;;;;;;Público;Indicação de limiar efetivo capacitância alta - Conjunto 2 - Fase C;Indication of effective high capacitance threshold - Set 2 - Phase C;;;;;;Conjunto 2;Set 2;;Capacitância;Capacitance;;Geral;Sim;Sim;;;
02a7530a649d478da32eb16fc9c5e4ec;1;R;16;TabConj2FaseC;Input register;23216;Analog input;160;0;65535;;10;pF;pF;pF;;;;;;Público;Indicação de limiar efetivo capacitância muito alta - Conjunto 2 - Fase C;Indication of effective very high capacitance threshold - Set 2 - Phase C;;;;;;Conjunto 2;Set 2;;Capacitância;Capacitance;;Geral;Sim;Sim;;;
c0de8e7e51b045b9af4ca73afd5a9452;1;R;16;TabConj2FaseC;Input register;23217;Analog input;161;0;65535;;1000;%;%;%;;;;;;Público;Indicação de limiar efetivo tangente delta alta - Conjunto 2 - Fase C;Indication of effective high tangent delta threshold - Set 2 - Phase C;;;;;;Conjunto 2;Set 2;;Tangentes delta;Tangent delta;;Geral;Sim;Sim;;;
f075ec58a8754c73be3a25c2bf6953a1;1;R;16;TabConj2FaseC;Input register;23218;Analog input;162;0;65535;;1000;%;%;%;;;;;;Público;Indicação de limiar efetivo tangente delta muito alta - Conjunto 2 - Fase C;Indication of effective very high tangent delta threshold - Set 2 - Phase C;;;;;;Conjunto 2;Set 2;;Tangentes delta;Tangent delta;;Geral;Sim;Sim;;;
d0642e85f7c24b9ba5213157973cb161;1;R;16;TabConj2FaseC;Input register;23219;Analog input;163;0;65535;;100;mA;mA;mA;;;;;;Público;Indicação de limiar efetivo corrente de fuga alta - Conjunto 2 - Fase C;Indication of effective high leakage current threshold - Set 2 - Phase C;;;;;;Conjunto 2;Set 2;;Correntes de fuga;Leakage current;;Geral;Sim;Sim;;;
6897b9454e8d47098781546e41c09a8d;1;R;16;TabConj2FaseC;Input register;23220;Analog input;164;0;65535;;100;mA;mA;mA;;;;;;Público;Indicação de limiar efetivo corrente de fuga muito alta - Conjunto 2 - Fase C;Indication of effective very high leakage current threshold - Set 2 - Phase C;;;;;;Conjunto 2;Set 2;;Correntes de fuga;Leakage current;;Geral;Sim;Sim;;;
af788eab0b294a2bbda3454e7a15ce18;1;R;16;TabConj2FaseC;Input register;23221;Analog input;165;0;65535;;100;mA;mA;mA;;;;;;Público;Indicação de limiar efetivo autodiagnóstico corrente de fuga baixa - Conjunto 2 - Fase C;Indication of effective low leakage current self-diagnostic threshold - Set 2 - Phase C;;;;;;Conjunto 2;Set 2;;Autodiagnóstico;Self-diagnosis;;Geral;Sim;Sim;;;
;;;;;;;;;;;;;;;;;;;;;;;;;;;;;;;;;;;;;;;;
4119287e802c4bdf86eb61be562245d0;1;RW;Bit;TabComandosConj1;Coil;10000;Binary output;12;0;1;0;1;;;;0=Sem comando\1=Efetua reset;0=No command\1=Reset;;;;Público;Comando de reset das médias do banco de cálculo - Conjunto 1;Command of average bank reset - Set 1;;;;;;Conjunto 1;Set 1;;;;;Comando;;;;;
f5c88a72b8aa4fb98ee95d52bdb2f757;1;RW;Bit;TabComandosConj1;Coil;10001;Binary output;13;0;1;0;1;;;;0=Sem comando\1=Efetua reset;0=No command\1=Reset;;;;Público;Comando de reset da memória de autodiagnósticos - Conjunto 1;Command of self-diagnostic memory reset - Set 1;;;;;;Conjunto 1;Set 1;;;;;Comando;;;;;
28c979b356314e2cac1798e8ba46f495;1;RW;Bit;TabComandosConj1;Coil;10002;Binary output;14;0;1;0;1;;;;0=Sem comando\1=Efetua reset;0=No command\1=Reset;;;;Público;Comando de reset da memória de alarmes - Conjunto 1;Command of alarm memory reset - Set 1;;;;;;Conjunto 1;Set 1;;;;;Comando;;;;;
e1ae5984ab4f4ab189ca9703ebb4bb2f;1;RW;Bit;TabComandosConj1;Coil;10003;Binary output;15;0;1;0;1;;;;0=Sem comando\1=Efetua reset;0=No command\1=Reset;;;;Público;Comando de reset do aprendizado - Conjunto 1;Command of learning reset - Set 1;;;;;;Conjunto 1;Set 1;;;;;Comando;;;;;
ff9b4ebcdafc4ff48e5c08cd819b592f;1;RW;Bit;TabComandosConj1;Coil;10004;Binary output;16;0;1;0;1;;;;0=Sem comando\1=Efetua reset;0=No command\1=Reset;;;;Público;Comando de reset de tendência de tangente delta - Conjunto 1 - Fase A;Command of phase A tangent delta trend reset - Set 1;;;;;;Conjunto 1;Set 1;;;;;Comando;;;;;
97c5be5267fd437b9ac81d96dd53a5ef;1;RW;Bit;TabComandosConj1;Coil;10005;Binary output;17;0;1;0;1;;;;0=Sem comando\1=Efetua reset;0=No command\1=Reset;;;;Público;Comando de reset de tendência de tangente delta - Conjunto 1 - Fase B;Command of phase B tangent delta trend reset - Set 1;;;;;;Conjunto 1;Set 1;;;;;Comando;;;;;
1065e915d1b44496bacb01ea1ff381bd;1;RW;Bit;TabComandosConj1;Coil;10006;Binary output;18;0;1;0;1;;;;0=Sem comando\1=Efetua reset;0=No command\1=Reset;;;;Público;Comando de reset de tendência de tangente delta - Conjunto 1 - Fase C;Command of phase C tangent delta trend reset - Set 1;;;;;;Conjunto 1;Set 1;;;;;Comando;;;;;
8895aa1ed8b3417c8337fe756146e457;1;RW;Bit;TabComandosConj1;Coil;10007;Binary output;19;0;1;0;1;;;;0=Sem comando\1=Efetua reset;0=No command\1=Reset;;;;Público;Comando de reset de tendência de capacitância - Conjunto 1 - Fase A;Command of phase A capacitance trend reset - Set 1;;;;;;Conjunto 1;Set 1;;;;;Comando;;;;;
1e9294a1ec634663acf3d1e83717b2f9;1;RW;Bit;TabComandosConj1;Coil;10008;Binary output;20;0;1;0;1;;;;0=Sem comando\1=Efetua reset;0=No command\1=Reset;;;;Público;Comando de reset de tendência de capacitância - Conjunto 1 - Fase B;Command of phase B capacitance trend reset - Set 1;;;;;;Conjunto 1;Set 1;;;;;Comando;;;;;
bfc6ade59a0c440eb2b9252a18fb8b1e;1;RW;Bit;TabComandosConj1;Coil;10009;Binary output;21;0;1;0;1;;;;0=Sem comando\1=Efetua reset;0=No command\1=Reset;;;;Público;Comando de reset de tendência de capacitância - Conjunto 1 - Fase C;Command of phase C capacitance trend reset - Set 1;;;;;;Conjunto 1;Set 1;;;;;Comando;;;;;
ba5ed33e6d9e4955998bb340c59df2e7;1;RW;Bit;TabComandosConj1;Coil;10010;Binary output;22;0;1;0;1;;;;0=Sem comando\1=Efetua reset;0=No command\1=Reset;;;;Público;Comando de reset de tendência da tangente delta geral - Conjunto 1;Command of general tangent delta trend reset - Set 1;;;;;;Conjunto 1;Set 1;;;;;Comando;;;;;
e842967ed9894fbaa2d16e536ea94afa;1;RW;Bit;TabComandosConj1;Coil;10011;Binary output;23;0;1;0;1;;;;0=Sem comando\1=Efetua reset;0=No command\1=Reset;;;;Público;Comando de reset de tendência da capacitância geral - Conjunto 1;Command of general capacitance trend reset - Set 1;;;;;;Conjunto 1;Set 1;;;;;Comando;;;;;
f29ed29bb0d34f7287005710cd005659;1;RW;Bit;TabComandosConj1;Coil;10012;Binary output;38;0;1;0;1;;;;0=Sem comando\1=Efetua reset;0=No command\1=Reset;;;;Público;Comando de carga dos parâmetros padrão do usuário - Conjunto 1;Command of load user default parameters - Set 1;;;;;;Conjunto 1;Set 1;;;;;Comando;;;;;
c58842e78dd54e9f9d952d1fed9a4f2f;1;RW;Bit;TabComandosConj1;Coil;10013;Binary output;41;0;1;0;1;;;;0=Sem comando\1=Efetua reset;0=No command\1=Reset;;;;Fábrica;Comando de carga dos parâmetros padrão de fábrica - Conjunto 1;Command of load factory default parameters - Set 1;;;;;;Conjunto 1;Set 1;;;;;Comando;;;;;
;;;;;;;;;;;;;;;;;;;;;;;;;;;;;;;;;;;;;;;;
c7379a26a08e48ec823537c1f4c7c3a6;1;RW;Bit;TabComandosConj2;Coil;10100;Binary output;24;0;1;0;1;;;;0=Sem comando\1=Efetua reset;0=No command\1=Reset;;;;Público;Comando de reset das médias do banco de cálculo - Conjunto 2;Command of average bank reset - Set 2;;;;;;Conjunto 2;Set 2;;;;;Comando;;;;;
2769f43d74f449edbdf2d9770be68d33;1;RW;Bit;TabComandosConj2;Coil;10101;Binary output;25;0;1;0;1;;;;0=Sem comando\1=Efetua reset;0=No command\1=Reset;;;;Público;Comando de reset da memória de autodiagnósticos - Conjunto 2;Command of self-diagnostic memory reset - Set 2;;;;;;Conjunto 2;Set 2;;;;;Comando;;;;;
000355bad76442a191fa8d0453e10f3b;1;RW;Bit;TabComandosConj2;Coil;10102;Binary output;26;0;1;0;1;;;;0=Sem comando\1=Efetua reset;0=No command\1=Reset;;;;Público;Comando de reset da memória de alarmes - Conjunto 2;Command of alarm memory reset - Set 2;;;;;;Conjunto 2;Set 2;;;;;Comando;;;;;
214d630f6e96468a8903b0c0a8057369;1;RW;Bit;TabComandosConj2;Coil;10103;Binary output;27;0;1;0;1;;;;0=Sem comando\1=Efetua reset;0=No command\1=Reset;;;;Público;Comando de reset do aprendizado - Conjunto 2;Command of learning reset - Set 2;;;;;;Conjunto 2;Set 2;;;;;Comando;;;;;
6f49a658beda4dca831bcc9421194b0c;1;RW;Bit;TabComandosConj2;Coil;10104;Binary output;28;0;1;0;1;;;;0=Sem comando\1=Efetua reset;0=No command\1=Reset;;;;Público;Comando de reset de tendência de tangente delta - Conjunto 2 - Fase A;Command of phase A tangent delta trend reset - Set 2;;;;;;Conjunto 2;Set 2;;;;;Comando;;;;;
b46014abb75a42aa9e8db3e8d923edc1;1;RW;Bit;TabComandosConj2;Coil;10105;Binary output;29;0;1;0;1;;;;0=Sem comando\1=Efetua reset;0=No command\1=Reset;;;;Público;Comando de reset de tendência de tangente delta - Conjunto 2 - Fase B;Command of phase B tangent delta trend reset - Set 2;;;;;;Conjunto 2;Set 2;;;;;Comando;;;;;
f2fc06fd7dda4345bb86a2c661b8fe62;1;RW;Bit;TabComandosConj2;Coil;10106;Binary output;30;0;1;0;1;;;;0=Sem comando\1=Efetua reset;0=No command\1=Reset;;;;Público;Comando de reset de tendência de tangente delta - Conjunto 2 - Fase C;Command of phase C tangent delta trend reset - Set 2;;;;;;Conjunto 2;Set 2;;;;;Comando;;;;;
ac33f7d4bb214241a497370b1503b4a2;1;RW;Bit;TabComandosConj2;Coil;10107;Binary output;31;0;1;0;1;;;;0=Sem comando\1=Efetua reset;0=No command\1=Reset;;;;Público;Comando de reset de tendência de capacitância - Conjunto 2 - Fase A;Command of phase A capacitance trend reset - Set 2;;;;;;Conjunto 2;Set 2;;;;;Comando;;;;;
a3c900566ed545c688e4df7b37f479c5;1;RW;Bit;TabComandosConj2;Coil;10108;Binary output;32;0;1;0;1;;;;0=Sem comando\1=Efetua reset;0=No command\1=Reset;;;;Público;Comando de reset de tendência de capacitância - Conjunto 2 - Fase B;Command of phase B capacitance trend reset - Set 2;;;;;;Conjunto 2;Set 2;;;;;Comando;;;;;
4892744b11db45b28299ea58e60b8224;1;RW;Bit;TabComandosConj2;Coil;10109;Binary output;33;0;1;0;1;;;;0=Sem comando\1=Efetua reset;0=No command\1=Reset;;;;Público;Comando de reset de tendência de capacitância - Conjunto 2 - Fase C;Command of phase C capacitance trend reset - Set 2;;;;;;Conjunto 2;Set 2;;;;;Comando;;;;;
3263963e16344a869595e6e186d5b329;1;RW;Bit;TabComandosConj2;Coil;10110;Binary output;34;0;1;0;1;;;;0=Sem comando\1=Efetua reset;0=No command\1=Reset;;;;Público;Comando de reset de tendência da tangente delta geral - Conjunto 2;Command of general tangent delta trend reset - Set 2;;;;;;Conjunto 2;Set 2;;;;;Comando;;;;;
de361fe778bd4c2a94dee786c3cc9c04;1;RW;Bit;TabComandosConj2;Coil;10111;Binary output;35;0;1;0;1;;;;0=Sem comando\1=Efetua reset;0=No command\1=Reset;;;;Público;Comando de reset de tendência da capacitância geral - Conjunto 2;Command of general capacitance trend reset - Set 2;;;;;;Conjunto 2;Set 2;;;;;Comando;;;;;
6136f0fd7aff4d7cab899685ce57311f;1;RW;Bit;TabComandosConj2;Coil;10112;Binary output;39;0;1;0;1;;;;0=Sem comando\1=Efetua reset;0=No command\1=Reset;;;;Público;Comando de carga dos parâmetros padrão do usuário - Conjunto 2;Command of load user default parameters - Set 2;;;;;;Conjunto 2;Set 2;;;;;Comando;;;;;
ee88708e28fe4c02a11db26ba50784ab;1;RW;Bit;TabComandosConj2;Coil;10113;Binary output;42;0;1;0;1;;;;0=Sem comando\1=Efetua reset;0=No command\1=Reset;;;;Fábrica;Comando de carga dos parâmetros padrão de fábrica - Conjunto 2;Command of load factory default parameters - Set 2;;;;;;Conjunto 2;Set 2;;;;;Comando;;;;;
;;;;;;;;;;;;;;;;;;;;;;;;;;;;;;;;;;;;;;;;
e4118a699ac7449286092547993873f9;1;R;Bit;TabMemAutoDiagnosticoGeral;Discrete input;40000;Binary input;126;0;1;;1;;;;0=Não acionado\1=Acionado;0=Not triggered\1=Triggered;0=No accionado\1=Accionado;;;Público;Indicação de memória de autodiagnóstico de falha de comunicação entre microcontroladores;Indication of self-diagnostic memory for communication failure between microcontrollers;;;;;;Geral;General;;Geral;General;;Debug;;;;;
ccc51caea0d6443ab03ab672286381ac;1;R;Bit;TabMemAutoDiagnosticoGeral;Discrete input;40001;Binary input;127;0;1;;1;;;;0=Não acionado\1=Acionado;0=Not triggered\1=Triggered;0=No accionado\1=Accionado;;;Público;Indicação de memória de autodiagnóstico de imprecisão geral nos ângulos de fase;Indication of self-diagnostic memory for general inaccuracy in phase angles;;;;;;Geral;General;;Geral;General;;Debug;;;;;
;;;;;;;;;;;;;;;;;;;;;;;;;;;;;;;;;;;;;;;;
cbb6bd30111a49dd979be9560cdefcda;1;R;Bit;TabMemAutoDiagnosticoConj1;Discrete input;40100;Binary input;128;0;1;;1;;;;0=Não acionado\1=Acionado;0=Not triggered\1=Triggered;0=No accionado\1=Accionado;;;Público;Indicação de memória de autodiagnóstico de sequência de fases - Conjunto 1;Indication of self-diagnostic memory for phases sequence - Set 1;;;;;;Conjunto 1;Set 1;;Geral;General;;Debug;;;;;
afe164e7d4ec410e8be8f5ad4a572d1c;1;R;Bit;TabMemAutoDiagnosticoConj1;Discrete input;40101;Binary input;129;0;1;;1;;;;0=Não acionado\1=Acionado;0=Not triggered\1=Triggered;0=No accionado\1=Accionado;;;Público;Indicação de memória de autodiagnóstico de inconsistência na somatória - Conjunto 1;Indication of self-diagnostic memory for inconsistency in sum - Set 1;;;;;;Conjunto 1;Set 1;;Somatório de corrente;Current sum;;Debug;;;;;
2ac10e17b4554aa38fb0c7e6d0f48438;1;R;Bit;TabMemAutoDiagnosticoConj1;Discrete input;40102;Binary input;130;0;1;;1;;;;0=Não acionado\1=Acionado;0=Not triggered\1=Triggered;0=No accionado\1=Accionado;;;Público;Indicação de memória de autodiagnóstico de falha na medição - Conjunto 1;Indication of self-diagnostic memory for failure on measurement - Set 1;;;;;;Conjunto 1;Set 1;;Geral;General;;Debug;;;;;
b1f8470c63654bfe960613fe199f6e48;1;R;Bit;TabMemAutoDiagnosticoConj1;Discrete input;40103;Binary input;131;0;1;;1;;;;0=Não acionado\1=Acionado;0=Not triggered\1=Triggered;0=No accionado\1=Accionado;;;Público;Indicação de memória de autodiagnóstico de corrente do canal A com onda indeterminada - Conjunto 1;Indication of self-diagnostic memory for channel A with indeterminate wave - Set 1;;;;;;Conjunto 1;Set 1;;Fase A;Phase A;;Debug;;;;;
90183110637646f080f80db5a2f298d6;1;R;Bit;TabMemAutoDiagnosticoConj1;Discrete input;40104;Binary input;132;0;1;;1;;;;0=Não acionado\1=Acionado;0=Not triggered\1=Triggered;0=No accionado\1=Accionado;;;Público;Indicação de memória de autodiagnóstico de corrente do canal A próxima à saturação do ADC - Conjunto 1;Indication of self-diagnostic memory for channel A close to ADC saturation - Set 1;;;;;;Conjunto 1;Set 1;;Fase A;Phase A;;Debug;;;;;
f4bec460a5ae4d31a006021b5d355510;1;R;Bit;TabMemAutoDiagnosticoConj1;Discrete input;40105;Binary input;133;0;1;;1;;;;0=Não acionado\1=Acionado;0=Not triggered\1=Triggered;0=No accionado\1=Accionado;;;Público;Indicação de memória de autodiagnóstico de corrente do canal A com imprecisão ângular - Conjunto 1;Indication of self-diagnostic memory for channel A with low RMS - Set 1;;;;;;Conjunto 1;Set 1;;Fase A;Phase A;;Debug;;;;;
083117d28fdf451588d939080823a35d;1;R;Bit;TabMemAutoDiagnosticoConj1;Discrete input;40106;Binary input;134;0;1;;1;;;;0=Não acionado\1=Acionado;0=Not triggered\1=Triggered;0=No accionado\1=Accionado;;;Público;Indicação de memória de autodiagnóstico de corrente do canal A com alta diferença de frequência - Conjunto 1;Indication of self-diagnostic memory for channel A with high frequency difference - Set 1;;;;;;Conjunto 1;Set 1;;Fase A;Phase A;;Debug;;;;;
5bee7b8839b4415ea9120a4eb37f64b0;1;R;Bit;TabMemAutoDiagnosticoConj1;Discrete input;40107;Binary input;135;0;1;;1;;;;0=Não acionado\1=Acionado;0=Not triggered\1=Triggered;0=No accionado\1=Accionado;;;Público;Indicação de memória de autodiagnóstico de corrente do canal A com corrente de fuga baixa - Conjunto 1;Indication of self-diagnostic memory for channel A with low leakage current - Set 1;;;;;;Conjunto 1;Set 1;;Fase A;Phase A;;Debug;;;;;
a1b2c3d4e5f60718293a4b5c6d7e8f90;1;R;Bit;TabMemAutoDiagnosticoConj1;Discrete input;40134;Binary input;261;0;1;;1;;;;0=Não acionado\1=Acionado;0=Not triggered\1=Triggered;0=No accionado\1=Accionado;;;Público;Indicação de memória de autodiagnóstico de corrente do canal A com corrente de fuga muito baixa - Conjunto 1;Indication of self-diagnostic memory for channel A with very low leakage current - Set 1;;;;;;Conjunto 1;Set 1;;Fase A;Phase A;;Debug;;;;;
c9bbf043f0434d68957aed9bbc5a2b0b;1;R;Bit;TabMemAutoDiagnosticoConj1;Discrete input;40108;Binary input;136;0;1;;1;;;;0=Não acionado\1=Acionado;0=Not triggered\1=Triggered;0=No accionado\1=Accionado;;;Público;Indicação de memória de autodiagnóstico de corrente do canal A com offset fora dos limites - Conjunto 1;Indication of self-diagnostic memory for channel A with offset out of bounds - Set 1;;;;;;Conjunto 1;Set 1;;Fase A;Phase A;;Debug;;;;;
035d8907635c490b9facb8f7e622c75c;1;R;Bit;TabMemAutoDiagnosticoConj1;Discrete input;40109;Binary input;137;0;1;;1;;;;0=Não acionado\1=Acionado;0=Not triggered\1=Triggered;0=No accionado\1=Accionado;;;Público;Indicação de memória de autodiagnóstico de corrente do canal B com onda indeterminada - Conjunto 1;Indication of self-diagnostic memory for channel B with indeterminate wave - Set 1;;;;;;Conjunto 1;Set 1;;Fase B;Phase B;;Debug;;;;;
1f4bdea095524116872b4cdffd7fee3f;1;R;Bit;TabMemAutoDiagnosticoConj1;Discrete input;40110;Binary input;138;0;1;;1;;;;0=Não acionado\1=Acionado;0=Not triggered\1=Triggered;0=No accionado\1=Accionado;;;Público;Indicação de memória de autodiagnóstico de corrente do canal B próxima à saturação do ADC - Conjunto 1;Indication of self-diagnostic memory for channel B close to ADC saturation - Set 1;;;;;;Conjunto 1;Set 1;;Fase B;Phase B;;Debug;;;;;
69243e7813254d8b996ec229e9268e52;1;R;Bit;TabMemAutoDiagnosticoConj1;Discrete input;40111;Binary input;139;0;1;;1;;;;0=Não acionado\1=Acionado;0=Not triggered\1=Triggered;0=No accionado\1=Accionado;;;Público;Indicação de memória de autodiagnóstico de corrente do canal B com imprecisão ângular - Conjunto 1;Indication of self-diagnostic memory for channel B with low RMS - Set 1;;;;;;Conjunto 1;Set 1;;Fase B;Phase B;;Debug;;;;;
26e5fe92ca664d70bf7a6419cd810fa7;1;R;Bit;TabMemAutoDiagnosticoConj1;Discrete input;40112;Binary input;140;0;1;;1;;;;0=Não acionado\1=Acionado;0=Not triggered\1=Triggered;0=No accionado\1=Accionado;;;Público;Indicação de memória de autodiagnóstico de corrente do canal B com alta diferença de frequência - Conjunto 1;Indication of self-diagnostic memory for channel B with high frequency difference - Set 1;;;;;;Conjunto 1;Set 1;;Fase B;Phase B;;Debug;;;;;
152c2c2a0f9e41f78c967be7e2dc108c;1;R;Bit;TabMemAutoDiagnosticoConj1;Discrete input;40113;Binary input;141;0;1;;1;;;;0=Não acionado\1=Acionado;0=Not triggered\1=Triggered;0=No accionado\1=Accionado;;;Público;Indicação de memória de autodiagnóstico de corrente do canal B com corrente de fuga baixa - Conjunto 1;Indication of self-diagnostic memory for channel B with low leakage current - Set 1;;;;;;Conjunto 1;Set 1;;Fase B;Phase B;;Debug;;;;;
b2c3d4e5f60718293a4b5c6d7e8f9011;1;R;Bit;TabMemAutoDiagnosticoConj1;Discrete input;40135;Binary input;262;0;1;;1;;;;0=Não acionado\1=Acionado;0=Not triggered\1=Triggered;0=No accionado\1=Accionado;;;Público;Indicação de memória de autodiagnóstico de corrente do canal B com corrente de fuga muito baixa - Conjunto 1;Indication of self-diagnostic memory for channel B with very low leakage current - Set 1;;;;;;Conjunto 1;Set 1;;Fase B;Phase B;;Debug;;;;;
106da455f8c54b779948dcab9138d442;1;R;Bit;TabMemAutoDiagnosticoConj1;Discrete input;40114;Binary input;142;0;1;;1;;;;0=Não acionado\1=Acionado;0=Not triggered\1=Triggered;0=No accionado\1=Accionado;;;Público;Indicação de memória de autodiagnóstico de corrente do canal B com offset fora dos limites - Conjunto 1;Indication of self-diagnostic memory for channel B with offset out of bounds - Set 1;;;;;;Conjunto 1;Set 1;;Fase B;Phase B;;Debug;;;;;
8d434206775e4d8c837cd70833d7e782;1;R;Bit;TabMemAutoDiagnosticoConj1;Discrete input;40115;Binary input;143;0;1;;1;;;;0=Não acionado\1=Acionado;0=Not triggered\1=Triggered;0=No accionado\1=Accionado;;;Público;Indicação de memória de autodiagnóstico de corrente do canal C com onda indeterminada - Conjunto 1;Indication of self-diagnostic memory for channel C with indeterminate wave - Set 1;;;;;;Conjunto 1;Set 1;;Fase C;Phase C;;Debug;;;;;
668c0fa89b9d4d3ba7555db2da12b5e2;1;R;Bit;TabMemAutoDiagnosticoConj1;Discrete input;40116;Binary input;144;0;1;;1;;;;0=Não acionado\1=Acionado;0=Not triggered\1=Triggered;0=No accionado\1=Accionado;;;Público;Indicação de memória de autodiagnóstico de corrente do canal C próxima à saturação do ADC - Conjunto 1;Indication of self-diagnostic memory for channel C close to ADC saturation - Set 1;;;;;;Conjunto 1;Set 1;;Fase C;Phase C;;Debug;;;;;
321c09ee7a4a421cbb06b28076e1f4d5;1;R;Bit;TabMemAutoDiagnosticoConj1;Discrete input;40117;Binary input;145;0;1;;1;;;;0=Não acionado\1=Acionado;0=Not triggered\1=Triggered;0=No accionado\1=Accionado;;;Público;Indicação de memória de autodiagnóstico de corrente do canal C com imprecisão ângular - Conjunto 1;Indication of self-diagnostic memory for channel C with low RMS - Set 1;;;;;;Conjunto 1;Set 1;;Fase C;Phase C;;Debug;;;;;
0b6f49e85e0d4b1baeeb59b66ea76c7e;1;R;Bit;TabMemAutoDiagnosticoConj1;Discrete input;40118;Binary input;146;0;1;;1;;;;0=Não acionado\1=Acionado;0=Not triggered\1=Triggered;0=No accionado\1=Accionado;;;Público;Indicação de memória de autodiagnóstico de corrente do canal C com alta diferença de frequência - Conjunto 1;Indication of self-diagnostic memory for channel C with high frequency difference - Set 1;;;;;;Conjunto 1;Set 1;;Fase C;Phase C;;Debug;;;;;
3935883b681a4e0da07815d50d932491;1;R;Bit;TabMemAutoDiagnosticoConj1;Discrete input;40119;Binary input;147;0;1;;1;;;;0=Não acionado\1=Acionado;0=Not triggered\1=Triggered;0=No accionado\1=Accionado;;;Público;Indicação de memória de autodiagnóstico de corrente do canal C com corrente de fuga baixa - Conjunto 1;Indication of self-diagnostic memory for channel C with low leakage current- Set 1;;;;;;Conjunto 1;Set 1;;Fase C;Phase C;;Debug;;;;;
c3d4e5f60718293a4b5c6d7e8f9011a2;1;R;Bit;TabMemAutoDiagnosticoConj1;Discrete input;40136;Binary input;263;0;1;;1;;;;0=Não acionado\1=Acionado;0=Not triggered\1=Triggered;0=No accionado\1=Accionado;;;Público;Indicação de memória de autodiagnóstico de corrente do canal C com corrente de fuga muito baixa - Conjunto 1;Indication of self-diagnostic memory for channel C with very low leakage current - Set 1;;;;;;Conjunto 1;Set 1;;Fase C;Phase C;;Debug;;;;;
fbe1d3d4cfbe4818956bf1df6b14c7ed;1;R;Bit;TabMemAutoDiagnosticoConj1;Discrete input;40137;Binary input;269;0;1;;1;;;;0=Não acionado\1=Acionado;0=Not triggered\1=Triggered;0=No accionado\1=Accionado;;;Público;Indicação de memória de autodiagnóstico de bloco desligado - Conjunto 1;Indication of self-diagnostic memory for block powered off - Set 1;;;;;;Conjunto 1;Set 1;;Geral;General;;Debug;;;;;
5a5fc70b9202446c82a5c54a697e9138;1;R;Bit;TabMemAutoDiagnosticoConj1;Discrete input;40120;Binary input;148;0;1;;1;;;;0=Não acionado\1=Acionado;0=Not triggered\1=Triggered;0=No accionado\1=Accionado;;;Público;Indicação de memória de autodiagnóstico de corrente do canal C com offset fora dos limites - Conjunto 1;Indication of self-diagnostic memory for channel C with offset out of bounds - Set 1;;;;;;Conjunto 1;Set 1;;Fase C;Phase C;;Debug;;;;;
2949eceee84e4fdeacb5e3138f378dc7;1;R;Bit;TabMemAutoDiagnosticoConj1;Discrete input;40121;Binary input;149;0;1;;1;;;;0=Não acionado\1=Acionado;0=Not triggered\1=Triggered;0=No accionado\1=Accionado;;;Público;Indicação de memória de autodiagnóstico de somatório de corrente calculada com onda indeterminada - Conjunto 1;Indication of self-diagnostic memory for calculated current sum with indeterminate wave - Set 1;;;;;;Conjunto 1;Set 1;;Somatório de corrente;Current sum;;Debug;;;;;
a827b134dc2741a4b50b51a530a80477;1;R;Bit;TabMemAutoDiagnosticoConj1;Discrete input;40122;Binary input;150;0;1;;1;;;;0=Não acionado\1=Acionado;0=Not triggered\1=Triggered;0=No accionado\1=Accionado;;;Público;Indicação de memória de autodiagnóstico de somatório de corrente calculada próxima à saturação do ADC - Conjunto 1;Indication of self-diagnostic memory for calculated current sum close to ADC saturation - Set 1;;;;;;Conjunto 1;Set 1;;Somatório de corrente;Current sum;;Debug;;;;;
2f1c0392ea4141d98d24ec4f5f07b0c2;1;R;Bit;TabMemAutoDiagnosticoConj1;Discrete input;40123;Binary input;151;0;1;;1;;;;0=Não acionado\1=Acionado;0=Not triggered\1=Triggered;0=No accionado\1=Accionado;;;Público;Indicação de memória de autodiagnóstico de somatório de corrente calculada com imprecisão ângular - Conjunto 1;Indication of self-diagnostic memory for calculated current sum with low RMS - Set 1;;;;;;Conjunto 1;Set 1;;Somatório de corrente;Current sum;;Debug;;;;;
d9cc78d572054da0a22c110fa4e796dc;1;R;Bit;TabMemAutoDiagnosticoConj1;Discrete input;40124;Binary input;152;0;1;;1;;;;0=Não acionado\1=Acionado;0=Not triggered\1=Triggered;0=No accionado\1=Accionado;;;Público;Indicação de memória de autodiagnóstico de somatório de corrente calculada com alta diferença de frequência - Conjunto 1;Indication of self-diagnostic memory for calculated current sum with high frequency difference - Set 1;;;;;;Conjunto 1;Set 1;;Somatório de corrente;Current sum;;Debug;;;;;
445b537fbecf4bb7b3dbc1348618e1b9;1;R;Bit;TabMemAutoDiagnosticoConj1;Discrete input;40125;Binary input;153;0;1;;1;;;;;;;;;Privado;Reservado;Reserved;;;;;;;;;;;;;;;;;
c88f4ced427d4047b3107ec5c38af0ea;1;R;Bit;TabMemAutoDiagnosticoConj1;Discrete input;40126;Binary input;154;0;1;;1;;;;0=Não acionado\1=Acionado;0=Not triggered\1=Triggered;0=No accionado\1=Accionado;;;Público;Indicação de memória de autodiagnóstico de somatório de corrente calculada com offset fora dos limites - Conjunto 1;Indication of self-diagnostic memory for calculated current sum with offset out of bounds - Set 1;;;;;;Conjunto 1;Set 1;;Somatório de corrente;Current sum;;Debug;;;;;
cb6eb55805c14cff995274e04b0f85e4;1;R;Bit;TabMemAutoDiagnosticoConj1;Discrete input;40127;Binary input;155;0;1;;1;;;;0=Não acionado\1=Acionado;0=Not triggered\1=Triggered;0=No accionado\1=Accionado;;;Público;Indicação de memória de autodiagnóstico de somatório de corrente medida com onda indeterminada - Conjunto 1;Indication of self-diagnostic memory for measured current sum with indeterminate wave - Set 1;;;;;;Conjunto 1;Set 1;;Somatório de corrente;Current sum;;Debug;;;;;
24baa0f96640459cb98ea2ee6ef04ed6;1;R;Bit;TabMemAutoDiagnosticoConj1;Discrete input;40128;Binary input;156;0;1;;1;;;;0=Não acionado\1=Acionado;0=Not triggered\1=Triggered;0=No accionado\1=Accionado;;;Público;Indicação de memória de autodiagnóstico de somatório de corrente medida próxima à saturação do ADC - Conjunto 1;Indication of self-diagnostic memory for measured current sum close to ADC saturation - Set 1;;;;;;Conjunto 1;Set 1;;Somatório de corrente;Current sum;;Debug;;;;;
d6054cea3c184af89c8ff1714f68efe8;1;R;Bit;TabMemAutoDiagnosticoConj1;Discrete input;40129;Binary input;157;0;1;;1;;;;0=Não acionado\1=Acionado;0=Not triggered\1=Triggered;0=No accionado\1=Accionado;;;Público;Indicação de memória de autodiagnóstico de somatório de corrente medida com imprecisão ângular - Conjunto 1;Indication of self-diagnostic memory for measured current sum with low RMS - Set 1;;;;;;Conjunto 1;Set 1;;Somatório de corrente;Current sum;;Debug;;;;;
0ef51bc8f0c34ebf98c426c8137014c1;1;R;Bit;TabMemAutoDiagnosticoConj1;Discrete input;40130;Binary input;158;0;1;;1;;;;0=Não acionado\1=Acionado;0=Not triggered\1=Triggered;0=No accionado\1=Accionado;;;Público;Indicação de memória de autodiagnóstico de somatório de corrente medida com alta diferença de frequência - Conjunto 1;Indication of self-diagnostic memory for measured current sum with high frequency difference - Set 1;;;;;;Conjunto 1;Set 1;;Somatório de corrente;Current sum;;Debug;;;;;
f7821249b50d4961a5ec3fd0be4fe00f;1;R;Bit;TabMemAutoDiagnosticoConj1;Discrete input;40131;Binary input;159;0;1;;1;;;;;;;;;Privado;Reservado;Reserved;;;;;;;;;;;;;;;;;
060f42e908684a6cb61f5c365085cccd;1;R;Bit;TabMemAutoDiagnosticoConj1;Discrete input;40132;Binary input;160;0;1;;1;;;;0=Não acionado\1=Acionado;0=Not triggered\1=Triggered;0=No accionado\1=Accionado;;;Público;Indicação de memória de autodiagnóstico de somatório de corrente medida com offset fora dos limites - Conjunto 1;Indication of self-diagnostic memory for measured current sum with offset out of bounds - Set 1;;;;;;Conjunto 1;Set 1;;Somatório de corrente;Current sum;;Debug;;;;;
de12d31d84224def8a365e74ce507e97;1;R;Bit;TabMemAutoDiagnosticoConj1;Discrete input;40133;Binary input;161;0;1;;1;;;;0=Não acionado\1=Acionado;0=Not triggered\1=Triggered;0=No accionado\1=Accionado;;;Público;Indicação de memória de autodiagnóstico de disparidade entre frequências - Conjunto 1;Indication of self-diagnostic memory for frequency disparity - Set 1;;;;;;Conjunto 1;Set 1;;Geral;General;;Debug;;;;;
;;;;;;;;;;;;;;;;;;;;;;;;;;;;;;;;;;;;;;;;
c3c7251ac8b84e21a7dec76caac386ba;1;R;Bit;TabMemAutoDiagnosticoConj2;Discrete input;40200;Binary input;162;0;1;;1;;;;0=Não acionado\1=Acionado;0=Not triggered\1=Triggered;0=No accionado\1=Accionado;;;Público;Indicação de memória de autodiagnóstico de sequência de fases - Conjunto 2;Indication of self-diagnostic memory for phases sequence - Set 2;;;;;;Conjunto 2;Set 2;;Geral;General;;Debug;;;;;
86a9f56eb6b74114a2e844d174c05de4;1;R;Bit;TabMemAutoDiagnosticoConj2;Discrete input;40201;Binary input;163;0;1;;1;;;;0=Não acionado\1=Acionado;0=Not triggered\1=Triggered;0=No accionado\1=Accionado;;;Público;Indicação de memória de autodiagnóstico de inconsistência na somatória - Conjunto 2;Indication of self-diagnostic memory for inconsistency in sum - Set 2;;;;;;Conjunto 2;Set 2;;Somatório de corrente;Current sum;;Debug;;;;;
47eeb952211c4b28aea15c3a4b5657d5;1;R;Bit;TabMemAutoDiagnosticoConj2;Discrete input;40202;Binary input;164;0;1;;1;;;;0=Não acionado\1=Acionado;0=Not triggered\1=Triggered;0=No accionado\1=Accionado;;;Público;Indicação de memória de autodiagnóstico de falha na medição - Conjunto 2;Indication of self-diagnostic memory for failure on measurement - Set 2;;;;;;Conjunto 2;Set 2;;Geral;General;;Debug;;;;;
4ce7392c193e496992b6d161ff8f8f3a;1;R;Bit;TabMemAutoDiagnosticoConj2;Discrete input;40203;Binary input;165;0;1;;1;;;;0=Não acionado\1=Acionado;0=Not triggered\1=Triggered;0=No accionado\1=Accionado;;;Público;Indicação de memória de autodiagnóstico de corrente do canal A com onda indeterminada - Conjunto 2;Indication of self-diagnostic memory for channel A with indeterminate wave - Set 2;;;;;;Conjunto 2;Set 2;;Fase A;Phase A;;Debug;;;;;
880a324fe09b4840a8c93e6bafeeee23;1;R;Bit;TabMemAutoDiagnosticoConj2;Discrete input;40204;Binary input;166;0;1;;1;;;;0=Não acionado\1=Acionado;0=Not triggered\1=Triggered;0=No accionado\1=Accionado;;;Público;Indicação de memória de autodiagnóstico de corrente do canal A próxima à saturação do ADC - Conjunto 2;Indication of self-diagnostic memory for channel A close to ADC saturation - Set 2;;;;;;Conjunto 2;Set 2;;Fase A;Phase A;;Debug;;;;;
904d4f93f2a047b8a574f1b39695c4fe;1;R;Bit;TabMemAutoDiagnosticoConj2;Discrete input;40205;Binary input;167;0;1;;1;;;;0=Não acionado\1=Acionado;0=Not triggered\1=Triggered;0=No accionado\1=Accionado;;;Público;Indicação de memória de autodiagnóstico de corrente do canal A com imprecisão ângular - Conjunto 2;Indication of self-diagnostic memory for channel A with low RMS - Set 2;;;;;;Conjunto 2;Set 2;;Fase A;Phase A;;Debug;;;;;
2fbe885a8c2b4de6aa30545ef072bda1;1;R;Bit;TabMemAutoDiagnosticoConj2;Discrete input;40206;Binary input;168;0;1;;1;;;;0=Não acionado\1=Acionado;0=Not triggered\1=Triggered;0=No accionado\1=Accionado;;;Público;Indicação de memória de autodiagnóstico de corrente do canal A com alta diferença de frequência - Conjunto 2;Indication of self-diagnostic memory for channel A with high frequency difference - Set 2;;;;;;Conjunto 2;Set 2;;Fase A;Phase A;;Debug;;;;;
b8e1b71735e24055854ef84c00f31be2;1;R;Bit;TabMemAutoDiagnosticoConj2;Discrete input;40207;Binary input;169;0;1;;1;;;;0=Não acionado\1=Acionado;0=Not triggered\1=Triggered;0=No accionado\1=Accionado;;;Público;Indicação de memória de autodiagnóstico de corrente do canal A com corrente de fuga baixa - Conjunto 2;Indication of self-diagnostic memory for channel A with low leakage current - Set 2;;;;;;Conjunto 2;Set 2;;Fase A;Phase A;;Debug;;;;;
d4e5f60718293a4b5c6d7e8f9011a2b3;1;R;Bit;TabMemAutoDiagnosticoConj2;Discrete input;40234;Binary input;264;0;1;;1;;;;0=Não acionado\1=Acionado;0=Not triggered\1=Triggered;0=No accionado\1=Accionado;;;Público;Indicação de memória de autodiagnóstico de corrente do canal A com corrente de fuga muito baixa - Conjunto 2;Indication of self-diagnostic memory for channel A with very low leakage current - Set 2;;;;;;Conjunto 2;Set 2;;Fase A;Phase A;;Debug;;;;;
ad04c87f2b4a4da298c535fe87332db0;1;R;Bit;TabMemAutoDiagnosticoConj2;Discrete input;40208;Binary input;170;0;1;;1;;;;0=Não acionado\1=Acionado;0=Not triggered\1=Triggered;0=No accionado\1=Accionado;;;Público;Indicação de memória de autodiagnóstico de corrente do canal A com offset fora dos limites - Conjunto 2;Indication of self-diagnostic memory for channel A with offset out of bounds - Set 2;;;;;;Conjunto 2;Set 2;;Fase A;Phase A;;Debug;;;;;
0d37a4f9dde140688feae169bdc79278;1;R;Bit;TabMemAutoDiagnosticoConj2;Discrete input;40209;Binary input;171;0;1;;1;;;;0=Não acionado\1=Acionado;0=Not triggered\1=Triggered;0=No accionado\1=Accionado;;;Público;Indicação de memória de autodiagnóstico de corrente do canal B com onda indeterminada - Conjunto 2;Indication of self-diagnostic memory for channel B with indeterminate wave - Set 2;;;;;;Conjunto 2;Set 2;;Fase B;Phase B;;Debug;;;;;
3ee7c753ed0045a08dad94a22bbe5e58;1;R;Bit;TabMemAutoDiagnosticoConj2;Discrete input;40210;Binary input;172;0;1;;1;;;;0=Não acionado\1=Acionado;0=Not triggered\1=Triggered;0=No accionado\1=Accionado;;;Público;Indicação de memória de autodiagnóstico de corrente do canal B próxima à saturação do ADC - Conjunto 2;Indication of self-diagnostic memory for channel B close to ADC saturation - Set 2;;;;;;Conjunto 2;Set 2;;Fase B;Phase B;;Debug;;;;;
1184236fecdc443a814653283c34f632;1;R;Bit;TabMemAutoDiagnosticoConj2;Discrete input;40211;Binary input;173;0;1;;1;;;;0=Não acionado\1=Acionado;0=Not triggered\1=Triggered;0=No accionado\1=Accionado;;;Público;Indicação de memória de autodiagnóstico de corrente do canal B com imprecisão ângular - Conjunto 2;Indication of self-diagnostic memory for channel B with low RMS - Set 2;;;;;;Conjunto 2;Set 2;;Fase B;Phase B;;Debug;;;;;
c57609c3c8cc4e89af7df379d7a8c89b;1;R;Bit;TabMemAutoDiagnosticoConj2;Discrete input;40212;Binary input;174;0;1;;1;;;;0=Não acionado\1=Acionado;0=Not triggered\1=Triggered;0=No accionado\1=Accionado;;;Público;Indicação de memória de autodiagnóstico de corrente do canal B com alta diferença de frequência - Conjunto 2;Indication of self-diagnostic memory for channel B with high frequency difference - Set 2;;;;;;Conjunto 2;Set 2;;Fase B;Phase B;;Debug;;;;;
1076abf675c245f3855e5723b3a9e49e;1;R;Bit;TabMemAutoDiagnosticoConj2;Discrete input;40213;Binary input;175;0;1;;1;;;;0=Não acionado\1=Acionado;0=Not triggered\1=Triggered;0=No accionado\1=Accionado;;;Público;Indicação de memória de autodiagnóstico de corrente do canal B com corrente de fuga baixa - Conjunto 2;Indication of self-diagnostic memory for channel B with low leakage current - Set 2;;;;;;Conjunto 2;Set 2;;Fase B;Phase B;;Debug;;;;;
e5f60718293a4b5c6d7e8f9011a2b3c4;1;R;Bit;TabMemAutoDiagnosticoConj2;Discrete input;40235;Binary input;265;0;1;;1;;;;0=Não acionado\1=Acionado;0=Not triggered\1=Triggered;0=No accionado\1=Accionado;;;Público;Indicação de memória de autodiagnóstico de corrente do canal B com corrente de fuga muito baixa - Conjunto 2;Indication of self-diagnostic memory for channel B with very low leakage current - Set 2;;;;;;Conjunto 2;Set 2;;Fase B;Phase B;;Debug;;;;;
d7e3a1d81daa4c09853b8bf83007aed6;1;R;Bit;TabMemAutoDiagnosticoConj2;Discrete input;40214;Binary input;176;0;1;;1;;;;0=Não acionado\1=Acionado;0=Not triggered\1=Triggered;0=No accionado\1=Accionado;;;Público;Indicação de memória de autodiagnóstico de corrente do canal B com offset fora dos limites - Conjunto 2;Indication of self-diagnostic memory for channel B with offset out of bounds - Set 2;;;;;;Conjunto 2;Set 2;;Fase B;Phase B;;Debug;;;;;
581b7ce8372642df8f5d2c3bc9f1bd66;1;R;Bit;TabMemAutoDiagnosticoConj2;Discrete input;40215;Binary input;177;0;1;;1;;;;0=Não acionado\1=Acionado;0=Not triggered\1=Triggered;0=No accionado\1=Accionado;;;Público;Indicação de memória de autodiagnóstico de corrente do canal C com onda indeterminada - Conjunto 2;Indication of self-diagnostic memory for channel C with indeterminate wave - Set 2;;;;;;Conjunto 2;Set 2;;Fase C;Phase C;;Debug;;;;;
c22be9c078964fee821116eac6c94079;1;R;Bit;TabMemAutoDiagnosticoConj2;Discrete input;40216;Binary input;178;0;1;;1;;;;0=Não acionado\1=Acionado;0=Not triggered\1=Triggered;0=No accionado\1=Accionado;;;Público;Indicação de memória de autodiagnóstico de corrente do canal C próxima à saturação do ADC - Conjunto 2;Indication of self-diagnostic memory for channel C close to ADC saturation - Set 2;;;;;;Conjunto 2;Set 2;;Fase C;Phase C;;Debug;;;;;
526fd9c09a494ba795f5d5b7ab255be5;1;R;Bit;TabMemAutoDiagnosticoConj2;Discrete input;40217;Binary input;179;0;1;;1;;;;0=Não acionado\1=Acionado;0=Not triggered\1=Triggered;0=No accionado\1=Accionado;;;Público;Indicação de memória de autodiagnóstico de corrente do canal C com imprecisão ângular - Conjunto 2;Indication of self-diagnostic memory for channel C with low RMS - Set 2;;;;;;Conjunto 2;Set 2;;Fase C;Phase C;;Debug;;;;;
a9dea720b102438d85b5115fceba7878;1;R;Bit;TabMemAutoDiagnosticoConj2;Discrete input;40218;Binary input;180;0;1;;1;;;;0=Não acionado\1=Acionado;0=Not triggered\1=Triggered;0=No accionado\1=Accionado;;;Público;Indicação de memória de autodiagnóstico de corrente do canal C com alta diferença de frequência - Conjunto 2;Indication of self-diagnostic memory for channel C with high frequency difference - Set 2;;;;;;Conjunto 2;Set 2;;Fase C;Phase C;;Debug;;;;;
bb5f3108f90048c399ccb2aec95bfa7c;1;R;Bit;TabMemAutoDiagnosticoConj2;Discrete input;40219;Binary input;181;0;1;;1;;;;0=Não acionado\1=Acionado;0=Not triggered\1=Triggered;0=No accionado\1=Accionado;;;Público;Indicação de memória de autodiagnóstico de corrente do canal C com corrente de fuga baixa - Conjunto 2;Indication of self-diagnostic memory for channel C with low leakage current - Set 2;;;;;;Conjunto 2;Set 2;;Fase C;Phase C;;Debug;;;;;
f60718293a4b5c6d7e8f9011a2b3c4d5;1;R;Bit;TabMemAutoDiagnosticoConj2;Discrete input;40236;Binary input;266;0;1;;1;;;;0=Não acionado\1=Acionado;0=Not triggered\1=Triggered;0=No accionado\1=Accionado;;;Público;Indicação de memória de autodiagnóstico de corrente do canal C com corrente de fuga muito baixa - Conjunto 2;Indication of self-diagnostic memory for channel C with very low leakage current - Set 2;;;;;;Conjunto 2;Set 2;;Fase C;Phase C;;Debug;;;;;
736d00bbd1bd497b8019789bd769e488;1;R;Bit;TabMemAutoDiagnosticoConj2;Discrete input;40237;Binary input;270;0;1;;1;;;;0=Não acionado\1=Acionado;0=Not triggered\1=Triggered;0=No accionado\1=Accionado;;;Público;Indicação de memória de autodiagnóstico de bloco desligado - Conjunto 2;Indication of self-diagnostic memory for block powered off - Set 2;;;;;;Conjunto 2;Set 2;;Geral;General;;Debug;;;;;
8e0f2ff033874df1b9633030985543e7;1;R;Bit;TabMemAutoDiagnosticoConj2;Discrete input;40220;Binary input;182;0;1;;1;;;;0=Não acionado\1=Acionado;0=Not triggered\1=Triggered;0=No accionado\1=Accionado;;;Público;Indicação de memória de autodiagnóstico de corrente do canal C com offset fora dos limites - Conjunto 2;Indication of self-diagnostic memory for channel C with offset out of bounds - Set 2;;;;;;Conjunto 2;Set 2;;Fase C;Phase C;;Debug;;;;;
6b3ef339bb2a44e4b56567b1c8b630bd;1;R;Bit;TabMemAutoDiagnosticoConj2;Discrete input;40221;Binary input;183;0;1;;1;;;;0=Não acionado\1=Acionado;0=Not triggered\1=Triggered;0=No accionado\1=Accionado;;;Público;Indicação de memória de autodiagnóstico de somatório de corrente calculada com onda indeterminada - Conjunto 2;Indication of self-diagnostic memory for calculated current sum with indeterminate wave - Set 2;;;;;;Conjunto 2;Set 2;;Somatório de corrente;Current sum;;Debug;;;;;
bae09211fd4548499203ce9b5aebd3b5;1;R;Bit;TabMemAutoDiagnosticoConj2;Discrete input;40222;Binary input;184;0;1;;1;;;;0=Não acionado\1=Acionado;0=Not triggered\1=Triggered;0=No accionado\1=Accionado;;;Público;Indicação de memória de autodiagnóstico de somatório de corrente calculada próxima à saturação do ADC - Conjunto 2;Indication of self-diagnostic memory for calculated current sum close to ADC saturation - Set 2;;;;;;Conjunto 2;Set 2;;Somatório de corrente;Current sum;;Debug;;;;;
9bac9a681c9a48049125456cce9c054d;1;R;Bit;TabMemAutoDiagnosticoConj2;Discrete input;40223;Binary input;185;0;1;;1;;;;0=Não acionado\1=Acionado;0=Not triggered\1=Triggered;0=No accionado\1=Accionado;;;Público;Indicação de memória de autodiagnóstico de somatório de corrente calculada com imprecisão ângular - Conjunto 2;Indication of self-diagnostic memory for calculated current sum with low RMS - Set 2;;;;;;Conjunto 2;Set 2;;Somatório de corrente;Current sum;;Debug;;;;;
37716c9930234646b4b09433d053e252;1;R;Bit;TabMemAutoDiagnosticoConj2;Discrete input;40224;Binary input;186;0;1;;1;;;;0=Não acionado\1=Acionado;0=Not triggered\1=Triggered;0=No accionado\1=Accionado;;;Público;Indicação de memória de autodiagnóstico de somatório de corrente calculada com alta diferença de frequência - Conjunto 2;Indication of self-diagnostic memory for calculated current sum with high frequency difference - Set 2;;;;;;Conjunto 2;Set 2;;Somatório de corrente;Current sum;;Debug;;;;;
2996b7515ba344d08020528bfdbe1c02;1;R;Bit;TabMemAutoDiagnosticoConj2;Discrete input;40225;Binary input;187;0;1;;1;;;;;;;;;Privado;Reservado;Reserved;;;;;;;;;;;;;;;;;
c6cb123d9b7b4bb1a8c9e227e8e827ae;1;R;Bit;TabMemAutoDiagnosticoConj2;Discrete input;40226;Binary input;188;0;1;;1;;;;0=Não acionado\1=Acionado;0=Not triggered\1=Triggered;0=No accionado\1=Accionado;;;Público;Indicação de memória de autodiagnóstico de somatório de corrente calculada com offset fora dos limites - Conjunto 2;Indication of self-diagnostic memory for calculated current sum with offset out of bounds - Set 2;;;;;;Conjunto 2;Set 2;;Somatório de corrente;Current sum;;Debug;;;;;
87e144361b0d4ef782e25f7a0b51641b;1;R;Bit;TabMemAutoDiagnosticoConj2;Discrete input;40227;Binary input;189;0;1;;1;;;;0=Não acionado\1=Acionado;0=Not triggered\1=Triggered;0=No accionado\1=Accionado;;;Público;Indicação de memória de autodiagnóstico de somatório de corrente medida com onda indeterminada - Conjunto 2;Indication of self-diagnostic memory for measured current sum with indeterminate wave - Set 2;;;;;;Conjunto 2;Set 2;;Somatório de corrente;Current sum;;Debug;;;;;
fd3d6e83fa7947529b21ac653d6ae7da;1;R;Bit;TabMemAutoDiagnosticoConj2;Discrete input;40228;Binary input;190;0;1;;1;;;;0=Não acionado\1=Acionado;0=Not triggered\1=Triggered;0=No accionado\1=Accionado;;;Público;Indicação de memória de autodiagnóstico de somatório de corrente medida próxima à saturação do ADC - Conjunto 2;Indication of self-diagnostic memory for measured current sum close to ADC saturation - Set 2;;;;;;Conjunto 2;Set 2;;Somatório de corrente;Current sum;;Debug;;;;;
ef7b41226417400c9c7a478d4513010f;1;R;Bit;TabMemAutoDiagnosticoConj2;Discrete input;40229;Binary input;191;0;1;;1;;;;0=Não acionado\1=Acionado;0=Not triggered\1=Triggered;0=No accionado\1=Accionado;;;Público;Indicação de memória de autodiagnóstico de somatório de corrente medida com imprecisão ângular - Conjunto 2;Indication of self-diagnostic memory for measured current sum with low RMS - Set 2;;;;;;Conjunto 2;Set 2;;Somatório de corrente;Current sum;;Debug;;;;;
f90446f8161441d5bdfc849e266fb5a0;1;R;Bit;TabMemAutoDiagnosticoConj2;Discrete input;40230;Binary input;192;0;1;;1;;;;0=Não acionado\1=Acionado;0=Not triggered\1=Triggered;0=No accionado\1=Accionado;;;Público;Indicação de memória de autodiagnóstico de somatório de corrente medida com alta diferença de frequência - Conjunto 2;Indication of self-diagnostic memory for measured current sum with high frequency difference - Set 2;;;;;;Conjunto 2;Set 2;;Somatório de corrente;Current sum;;Debug;;;;;
0032cc0f48ad4f46b9abe108899d4ba6;1;R;Bit;TabMemAutoDiagnosticoConj2;Discrete input;40231;Binary input;193;0;1;;1;;;;;;;;;Privado;Reservado;Reserved;;;;;;;;;;;;;;;;;
e7569dc781a0408980779e271961824f;1;R;Bit;TabMemAutoDiagnosticoConj2;Discrete input;40232;Binary input;194;0;1;;1;;;;0=Não acionado\1=Acionado;0=Not triggered\1=Triggered;0=No accionado\1=Accionado;;;Público;Indicação de memória de autodiagnóstico de somatório de corrente medida com offset fora dos limites - Conjunto 2;Indication of self-diagnostic memory for measured current sum with offset out of bounds - Set 2;;;;;;Conjunto 2;Set 2;;Somatório de corrente;Current sum;;Debug;;;;;
5441b22129df4211b5c61b12e7edfa21;1;R;Bit;TabMemAutoDiagnosticoConj2;Discrete input;40233;Binary input;195;0;1;;1;;;;0=Não acionado\1=Acionado;0=Not triggered\1=Triggered;0=No accionado\1=Accionado;;;Público;Indicação de memória de autodiagnóstico de disparidade entre frequências - Conjunto 2;Indication of self-diagnostic memory for frequency disparity - Set 2;;;;;;Conjunto 2;Set 2;;Geral;General;;Debug;;;;;
;;;;;;;;;;;;;;;;;;;;;;;;;;;;;;;;;;;;;;;;
3542299c796b44819eb52383f806c1f8;1;R;Bit;TabMemAlarmeConj1;Discrete input;41000;Binary input;196;0;1;;1;;;;0=Não acionado\1=Acionado;0=Not triggered\1=Triggered;0=No accionado\1=Accionado;;;Público;Indicação de memória de alarme por capacitância - Alta - Conjunto 1 - Fase A;Indication of alarm memory by capacitance - High - Set 1 - Phase A;;;;;;Conjunto 1;Set 1;;Fase A;Phase A;;Debug;;;;;
24b634de20e6472ebcda7c589f8333a7;1;R;Bit;TabMemAlarmeConj1;Discrete input;41001;Binary input;197;0;1;;1;;;;0=Não acionado\1=Acionado;0=Not triggered\1=Triggered;0=No accionado\1=Accionado;;;Público;Indicação de memória de alarme por capacitância - Muito alta - Conjunto 1 - Fase A;Indication of alarm memory by capacitance - Very high - Set 1 - Phase A;;;;;;Conjunto 1;Set 1;;Fase A;Phase A;;Debug;;;;;
72a9b8abad654f1aa4579b487ac0b937;1;R;Bit;TabMemAlarmeConj1;Discrete input;41002;Binary input;198;0;1;;1;;;;0=Não acionado\1=Acionado;0=Not triggered\1=Triggered;0=No accionado\1=Accionado;;;Público;Indicação de memória de alarme por tendência de evolução de capacitância - Alta - Conjunto 1 - Fase A;Indication of alarm memory by capacitance evolution trend - High - Set 1 - Phase A;;;;;;Conjunto 1;Set 1;;Fase A;Phase A;;Debug;;;;;
a4ef211eb3b2492d86c5b0f66a14f87a;1;R;Bit;TabMemAlarmeConj1;Discrete input;41003;Binary input;199;0;1;;1;;;;0=Não acionado\1=Acionado;0=Not triggered\1=Triggered;0=No accionado\1=Accionado;;;Público;Indicação de memória de alarme por tangente delta - Alta - Conjunto 1 - Fase A;Indication of alarm memory by tangent delta - High - Set 1 - Phase A;;;;;;Conjunto 1;Set 1;;Fase A;Phase A;;Debug;;;;;
540ec08a68cc4dbe8d2bca3bc65196e8;1;R;Bit;TabMemAlarmeConj1;Discrete input;41004;Binary input;200;0;1;;1;;;;0=Não acionado\1=Acionado;0=Not triggered\1=Triggered;0=No accionado\1=Accionado;;;Público;Indicação de memória de alarme por tangente delta - Muito alta - Conjunto 1 - Fase A;Indication of alarm memory by tangent delta - Very high - Set 1 - Phase A;;;;;;Conjunto 1;Set 1;;Fase A;Phase A;;Debug;;;;;
190b624c4bf7434da57e96c4d230cd76;1;R;Bit;TabMemAlarmeConj1;Discrete input;41005;Binary input;201;0;1;;1;;;;0=Não acionado\1=Acionado;0=Not triggered\1=Triggered;0=No accionado\1=Accionado;;;Público;Indicação de memória de alarme por tendência de evolução de tangente delta - Alta - Conjunto 1 - Fase A;Indication of alarm memory by tangent delta evolution trend - High - Set 1 - Phase A;;;;;;Conjunto 1;Set 1;;Fase A;Phase A;;Debug;;;;;
bde9520dd73b417bb49b31b698b39f20;1;R;Bit;TabMemAlarmeConj1;Discrete input;41006;Binary input;202;0;1;;1;;;;0=Não acionado\1=Acionado;0=Not triggered\1=Triggered;0=No accionado\1=Accionado;;;Público;Indicação de memória de alarme por corrente de fuga - Alta - Conjunto 1 - Fase A;Indication of alarm memory by leakage current - High - Set 1 - Phase A;;;;;;Conjunto 1;Set 1;;Fase A;Phase A;;Debug;;;;;
0c74905feb4c4bc7bb06e0dadc494759;1;R;Bit;TabMemAlarmeConj1;Discrete input;41007;Binary input;203;0;1;;1;;;;0=Não acionado\1=Acionado;0=Not triggered\1=Triggered;0=No accionado\1=Accionado;;;Público;Indicação de memória de alarme por corrente de fuga - Muito alta - Conjunto 1 - Fase A;Indication of alarm memory by leakage current - Very high - Set 1 - Phase A;;;;;;Conjunto 1;Set 1;;Fase A;Phase A;;Debug;;;;;
ff5e7827425142d0bdd6de473a81fa1d;1;R;Bit;TabMemAlarmeConj1;Discrete input;41008;Binary input;204;0;1;;1;;;;0=Não acionado\1=Acionado;0=Not triggered\1=Triggered;0=No accionado\1=Accionado;;;Público;Indicação de memória de alarme por capacitância - Alta - Conjunto 1 - Fase B;Indication of alarm memory by capacitance - High - Set 1 - Phase B;;;;;;Conjunto 1;Set 1;;Fase B;Phase B;;Debug;;;;;
fb9041172f724bd68abd04f3d57489cf;1;R;Bit;TabMemAlarmeConj1;Discrete input;41009;Binary input;205;0;1;;1;;;;0=Não acionado\1=Acionado;0=Not triggered\1=Triggered;0=No accionado\1=Accionado;;;Público;Indicação de memória de alarme por capacitância - Muito alta - Conjunto 1 - Fase B;Indication of alarm memory by capacitance - Very high - Set 1 - Phase B;;;;;;Conjunto 1;Set 1;;Fase B;Phase B;;Debug;;;;;
e86bc2959d794f48adb85d4a71f94bd1;1;R;Bit;TabMemAlarmeConj1;Discrete input;41010;Binary input;206;0;1;;1;;;;0=Não acionado\1=Acionado;0=Not triggered\1=Triggered;0=No accionado\1=Accionado;;;Público;Indicação de memória de alarme por tendência de evolução de capacitância - Alta - Conjunto 1 - Fase B;Indication of alarm memory by capacitance evolution trend - High - Set 1 - Phase B;;;;;;Conjunto 1;Set 1;;Fase B;Phase B;;Debug;;;;;
c2518b300d224c6684fe56c30d59c149;1;R;Bit;TabMemAlarmeConj1;Discrete input;41011;Binary input;207;0;1;;1;;;;0=Não acionado\1=Acionado;0=Not triggered\1=Triggered;0=No accionado\1=Accionado;;;Público;Indicação de memória de alarme por tangente delta - Alta - Conjunto 1 - Fase B;Indication of alarm memory by tangent delta - High - Set 1 - Phase B;;;;;;Conjunto 1;Set 1;;Fase B;Phase B;;Debug;;;;;
b95909239ba7404a8f91417782481353;1;R;Bit;TabMemAlarmeConj1;Discrete input;41012;Binary input;208;0;1;;1;;;;0=Não acionado\1=Acionado;0=Not triggered\1=Triggered;0=No accionado\1=Accionado;;;Público;Indicação de memória de alarme por tangente delta - Muito alta - Conjunto 1 - Fase B;Indication of alarm memory by tangent delta - Very high - Set 1 - Phase B;;;;;;Conjunto 1;Set 1;;Fase B;Phase B;;Debug;;;;;
29bf06cb186c4954bca90eb35cb0b8f6;1;R;Bit;TabMemAlarmeConj1;Discrete input;41013;Binary input;209;0;1;;1;;;;0=Não acionado\1=Acionado;0=Not triggered\1=Triggered;0=No accionado\1=Accionado;;;Público;Indicação de memória de alarme por tendência de evolução de tangente delta - Alta - Conjunto 1 - Fase B;Indication of alarm memory by tangent delta evolution trend - High - Set 1 - Phase B;;;;;;Conjunto 1;Set 1;;Fase B;Phase B;;Debug;;;;;
372152ff3b0b446abef872cf8e0a5776;1;R;Bit;TabMemAlarmeConj1;Discrete input;41014;Binary input;210;0;1;;1;;;;0=Não acionado\1=Acionado;0=Not triggered\1=Triggered;0=No accionado\1=Accionado;;;Público;Indicação de memória de alarme por corrente de fuga - Alta - Conjunto 1 - Fase B;Indication of alarm memory by leakage current - High - Set 1 - Phase B;;;;;;Conjunto 1;Set 1;;Fase B;Phase B;;Debug;;;;;
6634417a72b54be48321cac85fa2154a;1;R;Bit;TabMemAlarmeConj1;Discrete input;41015;Binary input;211;0;1;;1;;;;0=Não acionado\1=Acionado;0=Not triggered\1=Triggered;0=No accionado\1=Accionado;;;Público;Indicação de memória de alarme por corrente de fuga - Muito alta - Conjunto 1 - Fase B;Indication of alarm memory by leakage current - Very high - Set 1 - Phase B;;;;;;Conjunto 1;Set 1;;Fase B;Phase B;;Debug;;;;;
0907590098594e82a2663e8d739ea62e;1;R;Bit;TabMemAlarmeConj1;Discrete input;41016;Binary input;212;0;1;;1;;;;0=Não acionado\1=Acionado;0=Not triggered\1=Triggered;0=No accionado\1=Accionado;;;Público;Indicação de memória de alarme por capacitância - Alta - Conjunto 1 - Fase C;Indication of alarm memory by capacitance - High - Set 1 - Phase C;;;;;;Conjunto 1;Set 1;;Fase C;Phase C;;Debug;;;;;
e003741627954408b5fa8a03a741a92f;1;R;Bit;TabMemAlarmeConj1;Discrete input;41017;Binary input;213;0;1;;1;;;;0=Não acionado\1=Acionado;0=Not triggered\1=Triggered;0=No accionado\1=Accionado;;;Público;Indicação de memória de alarme por capacitância - Muito alta - Conjunto 1 - Fase C;Indication of alarm memory by capacitance - Very high - Set 1 - Phase C;;;;;;Conjunto 1;Set 1;;Fase C;Phase C;;Debug;;;;;
3456401acbd642d7a98675d4d383cc45;1;R;Bit;TabMemAlarmeConj1;Discrete input;41018;Binary input;214;0;1;;1;;;;0=Não acionado\1=Acionado;0=Not triggered\1=Triggered;0=No accionado\1=Accionado;;;Público;Indicação de memória de alarme por tendência de evolução de capacitância - Alta - Conjunto 1 - Fase C;Indication of alarm memory by capacitance evolution trend - High - Set 1 - Phase C;;;;;;Conjunto 1;Set 1;;Fase C;Phase C;;Debug;;;;;
6a694c00d88b4433b1065285f11a3ca1;1;R;Bit;TabMemAlarmeConj1;Discrete input;41019;Binary input;215;0;1;;1;;;;0=Não acionado\1=Acionado;0=Not triggered\1=Triggered;0=No accionado\1=Accionado;;;Público;Indicação de memória de alarme por tangente delta - Alta - Conjunto 1 - Fase C;Indication of alarm memory by tangent delta - High - Set 1 - Phase C;;;;;;Conjunto 1;Set 1;;Fase C;Phase C;;Debug;;;;;
21841be50aa64ca18f06ec2a7906a695;1;R;Bit;TabMemAlarmeConj1;Discrete input;41020;Binary input;216;0;1;;1;;;;0=Não acionado\1=Acionado;0=Not triggered\1=Triggered;0=No accionado\1=Accionado;;;Público;Indicação de memória de alarme por tangente delta - Muito alta - Conjunto 1 - Fase C;Indication of alarm memory by tangent delta - Very high - Set 1 - Phase C;;;;;;Conjunto 1;Set 1;;Fase C;Phase C;;Debug;;;;;
d5e555fcfb6d45d5aa69f6fea1e1a563;1;R;Bit;TabMemAlarmeConj1;Discrete input;41021;Binary input;217;0;1;;1;;;;0=Não acionado\1=Acionado;0=Not triggered\1=Triggered;0=No accionado\1=Accionado;;;Público;Indicação de memória de alarme por tendência de evolução de tangente delta - Alta - Conjunto 1 - Fase C;Indication of alarm memory by tangent delta evolution trend - High - Set 1 - Phase C;;;;;;Conjunto 1;Set 1;;Fase C;Phase C;;Debug;;;;;
066622469fe246fb8397dc9d2f2625f0;1;R;Bit;TabMemAlarmeConj1;Discrete input;41022;Binary input;218;0;1;;1;;;;0=Não acionado\1=Acionado;0=Not triggered\1=Triggered;0=No accionado\1=Accionado;;;Público;Indicação de memória de alarme por corrente de fuga - Alta - Conjunto 1 - Fase C;Indication of alarm memory by leakage current - High - Set 1 - Phase C;;;;;;Conjunto 1;Set 1;;Fase C;Phase C;;Debug;;;;;
16211e74c5b84316b210ec65039a2509;1;R;Bit;TabMemAlarmeConj1;Discrete input;41023;Binary input;219;0;1;;1;;;;0=Não acionado\1=Acionado;0=Not triggered\1=Triggered;0=No accionado\1=Accionado;;;Público;Indicação de memória de alarme por corrente de fuga - Muito alta - Conjunto 1 - Fase C;Indication of alarm memory by leakage current - Very high - Set 1 - Phase C;;;;;;Conjunto 1;Set 1;;Fase C;Phase C;;Debug;;;;;
;;;;;;;;;;;;;;;;;;;;;;;;;;;;;;;;;;;;;;;;
8ade98b1232445f3bb8a2ae700c81054;1;R;Bit;TabMemAlarmeConj2;Discrete input;41100;Binary input;220;0;1;;1;;;;0=Não acionado\1=Acionado;0=Not triggered\1=Triggered;0=No accionado\1=Accionado;;;Público;Indicação de memória de alarme por capacitância - Alta - Conjunto 2 - Fase A;Indication of alarm memory by capacitance - High - Set 2 - Phase A;;;;;;Conjunto 2;Set 2;;Fase A;Phase A;;Debug;;;;;
02a40390836e40c0969ecf8ae7a80110;1;R;Bit;TabMemAlarmeConj2;Discrete input;41101;Binary input;221;0;1;;1;;;;0=Não acionado\1=Acionado;0=Not triggered\1=Triggered;0=No accionado\1=Accionado;;;Público;Indicação de memória de alarme por capacitância - Muito alta - Conjunto 2 - Fase A;Indication of alarm memory by capacitance - Very high - Set 2 - Phase A;;;;;;Conjunto 2;Set 2;;Fase A;Phase A;;Debug;;;;;
70a3cf2772074d38967e26f8c0ca478d;1;R;Bit;TabMemAlarmeConj2;Discrete input;41102;Binary input;222;0;1;;1;;;;0=Não acionado\1=Acionado;0=Not triggered\1=Triggered;0=No accionado\1=Accionado;;;Público;Indicação de memória de alarme por tendência de evolução de capacitância - Alta - Conjunto 2 - Fase A;Indication of alarm memory by capacitance evolution trend - High - Set 2 - Phase A;;;;;;Conjunto 2;Set 2;;Fase A;Phase A;;Debug;;;;;
60ef6997e6ae42fc8a67817b8057bb35;1;R;Bit;TabMemAlarmeConj2;Discrete input;41103;Binary input;223;0;1;;1;;;;0=Não acionado\1=Acionado;0=Not triggered\1=Triggered;0=No accionado\1=Accionado;;;Público;Indicação de memória de alarme por tangente delta - Alta - Conjunto 2 - Fase A;Indication of alarm memory by tangent delta - High - Set 2 - Phase A;;;;;;Conjunto 2;Set 2;;Fase A;Phase A;;Debug;;;;;
e664b58df9664eb4807a480dc4830ec5;1;R;Bit;TabMemAlarmeConj2;Discrete input;41104;Binary input;224;0;1;;1;;;;0=Não acionado\1=Acionado;0=Not triggered\1=Triggered;0=No accionado\1=Accionado;;;Público;Indicação de memória de alarme por tangente delta - Muito alta - Conjunto 2 - Fase A;Indication of alarm memory by tangent delta - Very high - Set 2 - Phase A;;;;;;Conjunto 2;Set 2;;Fase A;Phase A;;Debug;;;;;
d992eb4f7e8842cda9cbf6641adb382c;1;R;Bit;TabMemAlarmeConj2;Discrete input;41105;Binary input;225;0;1;;1;;;;0=Não acionado\1=Acionado;0=Not triggered\1=Triggered;0=No accionado\1=Accionado;;;Público;Indicação de memória de alarme por tendência de evolução de tangente delta - Alta - Conjunto 2 - Fase A;Indication of alarm memory by tangent delta evolution trend - High - Set 2 - Phase A;;;;;;Conjunto 2;Set 2;;Fase A;Phase A;;Debug;;;;;
4bea12c9548a4c98a35f2ea312e4fc9f;1;R;Bit;TabMemAlarmeConj2;Discrete input;41106;Binary input;226;0;1;;1;;;;0=Não acionado\1=Acionado;0=Not triggered\1=Triggered;0=No accionado\1=Accionado;;;Público;Indicação de memória de alarme por corrente de fuga - Alta - Conjunto 2 - Fase A;Indication of alarm memory by leakage current - High - Set 2 - Phase A;;;;;;Conjunto 2;Set 2;;Fase A;Phase A;;Debug;;;;;
ae0492b08bfa4952874cc9ec956a34e9;1;R;Bit;TabMemAlarmeConj2;Discrete input;41107;Binary input;227;0;1;;1;;;;0=Não acionado\1=Acionado;0=Not triggered\1=Triggered;0=No accionado\1=Accionado;;;Público;Indicação de memória de alarme por corrente de fuga - Muito alta - Conjunto 2 - Fase A;Indication of alarm memory by leakage current - Very high - Set 2 - Phase A;;;;;;Conjunto 2;Set 2;;Fase A;Phase A;;Debug;;;;;
3a6a446228254f6fbede3022765bfe5c;1;R;Bit;TabMemAlarmeConj2;Discrete input;41108;Binary input;228;0;1;;1;;;;0=Não acionado\1=Acionado;0=Not triggered\1=Triggered;0=No accionado\1=Accionado;;;Público;Indicação de memória de alarme por capacitância - Alta - Conjunto 2 - Fase B;Indication of alarm memory by capacitance - High - Set 2 - Phase B;;;;;;Conjunto 2;Set 2;;Fase B;Phase B;;Debug;;;;;
e5e7280fa5434f8e875c42dd2449df8b;1;R;Bit;TabMemAlarmeConj2;Discrete input;41109;Binary input;229;0;1;;1;;;;0=Não acionado\1=Acionado;0=Not triggered\1=Triggered;0=No accionado\1=Accionado;;;Público;Indicação de memória de alarme por capacitância - Muito alta - Conjunto 2 - Fase B;Indication of alarm memory by capacitance - Very high - Set 2 - Phase B;;;;;;Conjunto 2;Set 2;;Fase B;Phase B;;Debug;;;;;
55fc20f55e144ac5acb43b7e5b64f9e1;1;R;Bit;TabMemAlarmeConj2;Discrete input;41110;Binary input;230;0;1;;1;;;;0=Não acionado\1=Acionado;0=Not triggered\1=Triggered;0=No accionado\1=Accionado;;;Público;Indicação de memória de alarme por tendência de evolução de capacitância - Alta - Conjunto 2 - Fase B;Indication of alarm memory by capacitance evolution trend - High - Set 2 - Phase B;;;;;;Conjunto 2;Set 2;;Fase B;Phase B;;Debug;;;;;
69e911e380394123ac5905830b8270c4;1;R;Bit;TabMemAlarmeConj2;Discrete input;41111;Binary input;231;0;1;;1;;;;0=Não acionado\1=Acionado;0=Not triggered\1=Triggered;0=No accionado\1=Accionado;;;Público;Indicação de memória de alarme por tangente delta - Alta - Conjunto 2 - Fase B;Indication of alarm memory by tangent delta - High - Set 2 - Phase B;;;;;;Conjunto 2;Set 2;;Fase B;Phase B;;Debug;;;;;
6a9fa48682e041399f171f21b7239412;1;R;Bit;TabMemAlarmeConj2;Discrete input;41112;Binary input;232;0;1;;1;;;;0=Não acionado\1=Acionado;0=Not triggered\1=Triggered;0=No accionado\1=Accionado;;;Público;Indicação de memória de alarme por tangente delta - Muito alta - Conjunto 2 - Fase B;Indication of alarm memory by tangent delta - Very high - Set 2 - Phase B;;;;;;Conjunto 2;Set 2;;Fase B;Phase B;;Debug;;;;;
76e3f7ab574346c8930e5ba0f8245931;1;R;Bit;TabMemAlarmeConj2;Discrete input;41113;Binary input;233;0;1;;1;;;;0=Não acionado\1=Acionado;0=Not triggered\1=Triggered;0=No accionado\1=Accionado;;;Público;Indicação de memória de alarme por tendência de evolução de tangente delta - Alta - Conjunto 2 - Fase B;Indication of alarm memory by tangent delta evolution trend - High - Set 2 - Phase B;;;;;;Conjunto 2;Set 2;;Fase B;Phase B;;Debug;;;;;
fb90d34d15234f1898a352bad8160315;1;R;Bit;TabMemAlarmeConj2;Discrete input;41114;Binary input;234;0;1;;1;;;;0=Não acionado\1=Acionado;0=Not triggered\1=Triggered;0=No accionado\1=Accionado;;;Público;Indicação de memória de alarme por corrente de fuga - Alta - Conjunto 2 - Fase B;Indication of alarm memory by leakage current - High - Set 2 - Phase B;;;;;;Conjunto 2;Set 2;;Fase B;Phase B;;Debug;;;;;
e9ece67848264a43af95cb247bf0564d;1;R;Bit;TabMemAlarmeConj2;Discrete input;41115;Binary input;235;0;1;;1;;;;0=Não acionado\1=Acionado;0=Not triggered\1=Triggered;0=No accionado\1=Accionado;;;Público;Indicação de memória de alarme por corrente de fuga - Muito alta - Conjunto 2 - Fase B;Indication of alarm memory by leakage current - Very high - Set 2 - Phase B;;;;;;Conjunto 2;Set 2;;Fase B;Phase B;;Debug;;;;;
cca99b57501b4a699f35bedf8b56627d;1;R;Bit;TabMemAlarmeConj2;Discrete input;41116;Binary input;236;0;1;;1;;;;0=Não acionado\1=Acionado;0=Not triggered\1=Triggered;0=No accionado\1=Accionado;;;Público;Indicação de memória de alarme por capacitância - Alta - Conjunto 2 - Fase C;Indication of alarm memory by capacitance - High - Set 2 - Phase C;;;;;;Conjunto 2;Set 2;;Fase C;Phase C;;Debug;;;;;
2f78ce9e927c40f4a8574adf4736ccc6;1;R;Bit;TabMemAlarmeConj2;Discrete input;41117;Binary input;237;0;1;;1;;;;0=Não acionado\1=Acionado;0=Not triggered\1=Triggered;0=No accionado\1=Accionado;;;Público;Indicação de memória de alarme por capacitância - Muito alta - Conjunto 2 - Fase C;Indication of alarm memory by capacitance - Very high - Set 2 - Phase C;;;;;;Conjunto 2;Set 2;;Fase C;Phase C;;Debug;;;;;
b7674600a0004564a8826c0c4dce6ec0;1;R;Bit;TabMemAlarmeConj2;Discrete input;41118;Binary input;238;0;1;;1;;;;0=Não acionado\1=Acionado;0=Not triggered\1=Triggered;0=No accionado\1=Accionado;;;Público;Indicação de memória de alarme por tendência de evolução de capacitância - Alta - Conjunto 2 - Fase C;Indication of alarm memory by capacitance evolution trend - High - Set 2 - Phase C;;;;;;Conjunto 2;Set 2;;Fase C;Phase C;;Debug;;;;;
a0999a8a1c074911a3ec81e19d7fe4ff;1;R;Bit;TabMemAlarmeConj2;Discrete input;41119;Binary input;239;0;1;;1;;;;0=Não acionado\1=Acionado;0=Not triggered\1=Triggered;0=No accionado\1=Accionado;;;Público;Indicação de memória de alarme por tangente delta - Alta - Conjunto 2 - Fase C;Indication of alarm memory by tangent delta - High - Set 2 - Phase C;;;;;;Conjunto 2;Set 2;;Fase C;Phase C;;Debug;;;;;
deeabbb56e724801b75cec006e6164fa;1;R;Bit;TabMemAlarmeConj2;Discrete input;41120;Binary input;240;0;1;;1;;;;0=Não acionado\1=Acionado;0=Not triggered\1=Triggered;0=No accionado\1=Accionado;;;Público;Indicação de memória de alarme por tangente delta - Muito alta - Conjunto 2 - Fase C;Indication of alarm memory by tangent delta - Very high - Set 2 - Phase C;;;;;;Conjunto 2;Set 2;;Fase C;Phase C;;Debug;;;;;
0cb4b5570a35453cbdec64b6580ee61f;1;R;Bit;TabMemAlarmeConj2;Discrete input;41121;Binary input;241;0;1;;1;;;;0=Não acionado\1=Acionado;0=Not triggered\1=Triggered;0=No accionado\1=Accionado;;;Público;Indicação de memória de alarme por tendência de evolução de tangente delta - Alta - Conjunto 2 - Fase C;Indication of alarm memory by tangent delta evolution trend - High - Set 2 - Phase C;;;;;;Conjunto 2;Set 2;;Fase C;Phase C;;Debug;;;;;
3b1921f06b6d4cc2afe16a97a7130d10;1;R;Bit;TabMemAlarmeConj2;Discrete input;41122;Binary input;242;0;1;;1;;;;0=Não acionado\1=Acionado;0=Not triggered\1=Triggered;0=No accionado\1=Accionado;;;Público;Indicação de memória de alarme por corrente de fuga - Alta - Conjunto 2 - Fase C;Indication of alarm memory by leakage current - High - Set 2 - Phase C;;;;;;Conjunto 2;Set 2;;Fase C;Phase C;;Debug;;;;;
d060f3f4f11445ce86f560e6038dc658;1;R;Bit;TabMemAlarmeConj2;Discrete input;41123;Binary input;243;0;1;;1;;;;0=Não acionado\1=Acionado;0=Not triggered\1=Triggered;0=No accionado\1=Accionado;;;Público;Indicação de memória de alarme por corrente de fuga - Muito alta - Conjunto 2 - Fase C;Indication of alarm memory by leakage current - Very high - Set 2 - Phase C;;;;;;Conjunto 2;Set 2;;Fase C;Phase C;;Debug;;;;;
;;;;;;;;;;;;;;;;;;;;;;;;;;;;;;;;;;;;;;;;
c5a5b3e9a0e6439e980732e6f63d50e8;1;R;16;TabVoltageMeasure;Input register;24000;Analog input;76;0;65535;;1000;V;V;V;;;;;;Público;Indicação de somatória de tensão;Indication of voltage sum;;;;;;Tensão;Voltage;;Tensão;Voltage;;Geral;;Sim;SDBBM$MMXN1$MX$VolSum$mag$f \ SDBBM$MMXN1$MX$VolSum$mag$i \ SDBBM$MMXN1$MX$VolSum$instMag$f \ SDBBM$MMXN1$MX$VolSum$instMag$i;;
bd3fee1cf44c4495a3795aa90919255a;1;R;16;TabVoltageMeasure;Input register;24001;Analog input;77;0;65535;;100;V;V;V;;;;;;Público;Indicação de tensão - Fase A;Indication of voltage - Phase A;;;;;;Tensão;Voltage;;Tensão;Voltage;;Geral;Sim;Sim;SDBBM$MMXN1$MX$VolPhsA$mag$f \ SDBBM$MMXN1$MX$VolPhsA$mag$i \ SDBBM$MMXN1$MX$VolPhsA$instMag$f \ SDBBM$MMXN1$MX$VolPhsA$instMag$i;;
8c69928039a44f558f845abf401602cb;1;R;16;TabVoltageMeasure;Input register;24002;Analog input;78;0;65535;;100;V;V;V;;;;;;Público;Indicação de tensão - Fase B;Indication of voltage - Phase B;;;;;;Tensão;Voltage;;Tensão;Voltage;;Geral;Sim;Sim;SDBBM$MMXN1$MX$VolPhsB$mag$f \ SDBBM$MMXN1$MX$VolPhsB$mag$i \ SDBBM$MMXN1$MX$VolPhsB$instMag$f \ SDBBM$MMXN1$MX$VolPhsB$instMag$i;;
5f26dad688994d2c903f92d7e6315158;1;R;16;TabVoltageMeasure;Input register;24003;Analog input;79;0;65535;;100;V;V;V;;;;;;Público;Indicação de tensão - Fase C;Indication of voltage - Phase C;;;;;;Tensão;Voltage;;Tensão;Voltage;;Geral;Sim;Sim;SDBBM$MMXN1$MX$VolPhsC$mag$f \ SDBBM$MMXN1$MX$VolPhsC$mag$i \ SDBBM$MMXN1$MX$VolPhsC$instMag$f \ SDBBM$MMXN1$MX$VolPhsC$instMag$i;;
9556f6c933594455a5a0ad967a1e0c9e;1;R;16;TabVoltageMeasure;Input register;24004;Analog input;80;-3600;3600;;10;ø;ø;ø;;;;;;Público;Indicação de ângulo da somatória de tensão;Indication of voltage sum angle;;;;;;Tensão;Voltage;;Tensão;Voltage;;Geral;;Sim;SDBBM$MMXN1$MX$AngSumVol$mag$f \ SDBBM$MMXN1$MX$AngSumVol$mag$i \ SDBBM$MMXN1$MX$AngSumVol$instMag$f \ SDBBM$MMXN1$MX$AngSumVol$instMag$i;;
1814030f98f2458f85e0ad6854ccc19d;1;R;16;TabVoltageMeasure;Input register;24005;Analog input;81;-3600;3600;;10;ø;ø;ø;;;;;;Público;Indicação de ângulo da tensão A;Indication of angle A voltage;;;;;;Tensão;Voltage;;Tensão;Voltage;;Geral;;Sim;SDBBM$MMXN1$MX$AngVolPhsA$mag$f \ SDBBM$MMXN1$MX$AngVolPhsA$mag$i \ SDBBM$MMXN1$MX$AngVolPhsA$instMag$f \ SDBBM$MMXN1$MX$AngVolPhsA$instMag$i;;
4862e73dc62641529f187b85c2c89a03;1;R;16;TabVoltageMeasure;Input register;24006;Analog input;82;-3600;3600;;10;ø;ø;ø;;;;;;Público;Indicação de ângulo da tensão B;Indication of angle B voltage;;;;;;Tensão;Voltage;;Tensão;Voltage;;Geral;;Sim;SDBBM$MMXN1$MX$AngVolPhsB$mag$f \ SDBBM$MMXN1$MX$AngVolPhsB$mag$i \ SDBBM$MMXN1$MX$AngVolPhsB$instMag$f \ SDBBM$MMXN1$MX$AngVolPhsB$instMag$i;;
6401b75ae01a41c59c9a3a2081644306;1;R;16;TabVoltageMeasure;Input register;24007;Analog input;83;-3600;3600;;10;ø;ø;ø;;;;;;Público;Indicação de ângulo da tensão C;Indication of angle C voltage;;;;;;Tensão;Voltage;;Tensão;Voltage;;Geral;;Sim;SDBBM$MMXN1$MX$AngVolPhsC$mag$f \ SDBBM$MMXN1$MX$AngVolPhsC$mag$i \ SDBBM$MMXN1$MX$AngVolPhsC$instMag$f \ SDBBM$MMXN1$MX$AngVolPhsC$instMag$i;;
;;;;;;;;;;;;;;;;;;;;;;;;;;;;;;;;;;;;;;;;
dc239ef2cfb741538a7b8c364560aaf2;1;RW;16;TabParametrosAutoDiag;Holding register;6000;Analog output;104;1;500;30;100;Hz;Hz;Hz;;;;;;Fábrica;Parâmetro de autodiagnóstico de frequência nominal máxima;Parameter of self-diagnostic by max nominal frequency ;;;;;;Geral;General;;Autodiagnósticos;Self-diagnosis;Autodiagnósticos;Parâmetro;;;SDBBM$LPHD1$SP$SetMaxNomHz$setMag$i \ SDBBM$LPHD1$SP$SetMaxNomHz$setMag$f;;
21f6c97a94bf475da6f92aba3a99be28;1;RW;16;TabParametrosAutoDiag;Holding register;6001;Analog output;105;1;5000;100;1000;Hz;Hz;Hz;;;;;;Fábrica;Parâmetro de autodiagnóstico de disparidade máxima de frequência;Parameter of self-diagnostic by max disparity frequency;;;;;;Geral;General;;Autodiagnósticos;Self-diagnosis;Autodiagnósticos;Parâmetro;;;SDBBM$LPHD1$SP$SetMaxHzOfs$setMag$i \ SDBBM$LPHD1$SP$SetMaxHzOfs$setMag$f;;
2be1e334992042858ce66ffdec8abad9;1;RW;16;TabParametrosAutoDiag;Holding register;6002;Analog output;106;1;65535;10000;10;mA;mA;mA;;;;;;Fábrica;Parâmetro de autodiagnóstico de offset máximo;Parameter of self-diagnostic by max offset;;;;;;Geral;General;;Autodiagnósticos;Self-diagnosis;Autodiagnósticos;Parâmetro;;;SDBBM$LPHD1$SP$SetMaxOfs$setMag$i \ SDBBM$LPHD1$SP$SetMaxOfs$setMag$f;;
2a5022c149044fd2afa7822316868f71;1;RW;16;TabParametrosAutoDiag;Holding register;6003;Analog output;107;0;65535;1000;100;;;;;;;;;Fábrica;Parâmetro de autodiagnóstico de inconsistência de proporção de somatória;Parameter of self-diagnostic by sum ratio inconsistency ;;;;;;Geral;General;;Autodiagnósticos;Self-diagnosis;Autodiagnósticos;Parâmetro;;;SDBBM$LPHD1$SP$SetSumRat$setMag$i \ SDBBM$LPHD1$SP$SetSumRat$setMag$f;;
edb76bfd53f342f09b1f2e65deba1144;1;RW;16;TabParametrosAutoDiag;Holding register;6004;Analog output;108;0;65535;10000;10;mA;mA;mA;;;;;;Fábrica;Parâmetro de autodiagnóstico de inconsistência de disparidade de somatória;Parameter of self-diagnostic by sum disparity inconsistency;;;;;;Geral;General;;Autodiagnósticos;Self-diagnosis;Autodiagnósticos;Parâmetro;;;SDBBM$LPHD1$SP$SetSumDsp$setMag$i \ SDBBM$LPHD1$SP$SetSumDsp$setMag$f;;
a3f5e2d1c4b6780f9e2b4d7c8a1f3e5d;1;RW;16;TabParametrosAutoDiag;Holding register;6005;Analog output;109;10;400;50;10;°;°;°;;;;;;Fábrica;Parâmetro de tolerância angular para diagnóstico de sequência de fases;Parameter of angular tolerance for phase sequence diagnosis;;;;;;Geral;General;;Autodiagnósticos;Self-diagnosis;Autodiagnósticos;Parâmetro;;;;;
;;;;;;;;;;;;;;;;;;;;;;;;;;;;;;;;;;;;;;;;
0847724932014740b50e0e1d999c2400;1;R;16;TabTreino;Input register;30000;Analog input;84;0;65535;0;1;;;;;;;;;Público;Números de amostras de treinamento computadas - Conjunto 1;Number of computed training samples - Set 1;;;;;;Conjunto 1;Set 1;;Status;Status;Estado;Geral;;Sim;SDBSET1$ZBSH4$MX$NumTrnSmp$mag$f \ SDBSET1$ZBSH4$MX$NumTrnSmp$mag$i \ SDBSET1$ZBSH4$MX$NumTrnSmp$instMag$f \ SDBSET1$ZBSH4$MX$NumTrnSmp$instMag$i;;
2bcf40d2616d495d89f99d5925b50fab;1;R;16;TabTreino;Input register;30001;Analog input;85;0;65535;0;1;;;;;;;;;Público;Números de amostras de treinamento computadas - Conjunto 2;Number of computed training samples - Set 2;;;;;;Conjunto 2;Set 2;;Status;Status;Estado;Geral;;Sim;SDBSET2$ZBSH4$MX$NumTrnSmp$mag$f \ SDBSET2$ZBSH4$MX$NumTrnSmp$mag$i \ SDBSET2$ZBSH4$MX$NumTrnSmp$instMag$f \ SDBSET2$ZBSH4$MX$NumTrnSmp$instMag$i;;
;;;;;;;;;;;;;;;;;;;;;;;;;;;;;;;;;;;;;;;;
de7b1949d30b4efcaff50c3cf7b80f54;1;RW;Bit;TabParamTemperatura;Coil;7000;Binary output;36;0;1;0;1;;;;0=OFF\1=ON;0=OFF\1=ON;;;;Público;Parâmetro de habilitação do sensor de temperatura;Parameter of temperature sensor enable;;;;;;Temperatura;Temperature;Temperatura;Temperatura;Temperature;Temperatura;Parâmetro;;;;;
06cbe0d03d1b4558b166b07defb09ac4;1;RW;Bit;TabParamTemperatura;Coil;7001;Binary output;37;0;1;0;1;;;;0=Sem comando\1=Efetua reset;0=No command\1=Reset;;;;Público;Comando de reset do autodiagnóstico de salto de temperatura;Command of temperature jump self-diagnostic reset;;;;;;Temperatura;Temperature;Temperatura;Temperatura;Temperature;Temperatura;Comando;;;;;
b46a0f3bac954cffa152beb606a03f38;1;RW;Bit;TabParamTemperatura;Coil;7002;Binary output;40;0;1;0;1;;;;0=Sem comando\1=Efetua reset;0=No command\1=Reset;;;;Público;Comando de reset da memória dos autodiagnósticos de temperatura;Command of temperature self-diagnostics memory reset;;;;;;Temperatura;Temperature;Temperatura;Temperatura;Temperature;Temperatura;Comando;;;;;
;;;;;;;;;;;;;;;;;;;;;;;;;;;;;;;;;;;;;;;;
039cc1094f59440ebae7ef4fbb1a4ace;1;R;16;TabLeituraTemperatura;Input register;7000;Analog input;86;-550;2500;-550;10;°C;°C;°C;;;;;;Público;Indicação de temperatura do PT100;Indication of PT100 temperature;;;;;;Temperatura;Temperature;Temperatura;Temperatura;Temperature;Temperatura;Geral;;Sim;SDBBM$STMP1$MX$Tmp$mag$f \ SDBBM$STMP1$MX$Tmp$mag$i \ SDBBM$STMP1$MX$Tmp$instMag$f \ SDBBM$STMP1$MX$Tmp$instMag$i;;
320c8172e41d4e2283ede51b650ded20;1;R;16;TabLeituraTemperatura;Input register;7001;Analog input;87;-550;2500;-550;10;°C;°C;°C;;;;;;Público;Indicação de temperatura de overflow;Indication of overflow temperature;;;;;;Temperatura;Temperature;Temperatura;Temperatura;Temperature;Temperatura;Geral;;Sim;SDBBM$STMP1$MX$TmpOvErr$mag$f \ SDBBM$STMP1$MX$TmpOvErr$mag$i \ SDBBM$STMP1$MX$TmpOvErr$instMag$f \ SDBBM$STMP1$MX$TmpOvErr$instMag$i;;
;;;;;;;;;;;;;;;;;;;;;;;;;;;;;;;;;;;;;;;;
926ad158616a4a7696285f0252b831aa;1;R;Bit;TabLeituraBinTemperatura;Discrete input;7000;Binary input;244;0;1;0;1;;;;0=Não acionado\1=Acionado;0=Not triggered\1=Triggered;0=No accionado\1=Accionado;;;Público;Indicação de autodiagnóstico de calibração do RTD;Indication of self-diagnostic for RTD calibration;;;;;;Temperatura;Temperature;Temperatura;Temperatura;Temperature;Temperatura;Autodiagnóstico;;;SDBBM$LPHD1$ST$RTDConfigErr$stVal;;
c595a89ee3b64abfa89290bff40c3cc2;1;R;Bit;TabLeituraBinTemperatura;Discrete input;7001;Binary input;245;0;1;0;1;;;;0=Não acionado\1=Acionado;0=Not triggered\1=Triggered;0=No accionado\1=Accionado;;;Público;Indicação de memória de autodiagnóstico de calibração do RTD;Indication of self-diagnostic memory for RTD calibration;;;;;;Temperatura;Temperature;Temperatura;Temperatura;Temperature;Temperatura;Debug;;;;;
120b4869faa541529352d3fd466a19d2;1;R;Bit;TabLeituraBinTemperatura;Discrete input;7002;Binary input;246;0;1;0;1;;;;0=Não acionado\1=Acionado;0=Not triggered\1=Triggered;0=No accionado\1=Accionado;;;Público;Indicação de autodiagnóstico de leitura do RTD;Indication of self-diagnostic for RTD reading;;;;;;Temperatura;Temperature;Temperatura;Temperatura;Temperature;Temperatura;Autodiagnóstico;;;SDBBM$LPHD1$ST$RTDMeaErr$stVal;;
ce2fe8111b53461faf5dbc83033351f4;1;R;Bit;TabLeituraBinTemperatura;Discrete input;7003;Binary input;247;0;1;0;1;;;;0=Não acionado\1=Acionado;0=Not triggered\1=Triggered;0=No accionado\1=Accionado;;;Público;Indicação de memória de autodiagnóstico de leitura do RTD;Indication of self-diagnostic memory for RTD reading;;;;;;Temperatura;Temperature;Temperatura;Temperatura;Temperature;Temperatura;Debug;;;;;
3948948333d9414abdc89a7838febeba;1;R;Bit;TabLeituraBinTemperatura;Discrete input;7004;Binary input;248;0;1;0;1;;;;0=Não acionado\1=Acionado;0=Not triggered\1=Triggered;0=No accionado\1=Accionado;;;Público;Indicação de autodiagnóstico de leitura do cabo do RTD;Indication of self-diagnostic for RTD cable reading;;;;;;Temperatura;Temperature;Temperatura;Temperatura;Temperature;Temperatura;Autodiagnóstico;;;SDBBM$LPHD1$ST$RTDErr$stVal;;
63e0f80b649145fa80fa4c13c95f7f1f;1;R;Bit;TabLeituraBinTemperatura;Discrete input;7005;Binary input;249;0;1;0;1;;;;0=Não acionado\1=Acionado;0=Not triggered\1=Triggered;0=No accionado\1=Accionado;;;Público;Indicação de memória de autodiagnóstico de leitura do cabo do RTD;Indication of self-diagnostic memory for RTD cable reading;;;;;;Temperatura;Temperature;Temperatura;Temperatura;Temperature;Temperatura;Debug;;;;;
4ce7c2ad2efa408b93cf384f345471ea;1;R;Bit;TabLeituraBinTemperatura;Discrete input;7006;Binary input;250;0;1;0;1;;;;0=Não acionado\1=Acionado;0=Not triggered\1=Triggered;0=No accionado\1=Accionado;;;Público;Indicação de autodiagnóstico de overflow de temperatura;Indication of self-diagnostic for temperature overflow;;;;;;Temperatura;Temperature;Temperatura;Temperatura;Temperature;Temperatura;Autodiagnóstico;;;SDBBM$LPHD1$ST$TmpOvErr$stVal;;
94d458f8c6fa4c6381d120f98fe2d000;1;R;Bit;TabLeituraBinTemperatura;Discrete input;7007;Binary input;251;0;1;0;1;;;;0=Não acionado\1=Acionado;0=Not triggered\1=Triggered;0=No accionado\1=Accionado;;;Público;Indicação de memória de autodiagnóstico de overflow de temperatura;Indication of self-diagnostic memory for temperature overflow;;;;;;Temperatura;Temperature;Temperatura;Temperatura;Temperature;Temperatura;Debug;;;;;
d73233d2691a4bd7846c71dc645b434d;1;R;Bit;TabLeituraBinTemperatura;Discrete input;7008;Binary input;252;0;1;0;1;;;;0=Não acionado\1=Acionado;0=Not triggered\1=Triggered;0=No accionado\1=Accionado;;;Público;Indicação de autodiagnóstico de salto de temperatura;Indication of self-diagnostic for temperature jump;;;;;;Temperatura;Temperature;Temperatura;Temperatura;Temperature;Temperatura;Autodiagnóstico;;;SDBBM$LPHD1$ST$TmpGapErr$stVal;;
56c8cdbefe9644e2af658e1b87d0b908;1;R;Bit;TabLeituraBinTemperatura;Discrete input;7009;Binary input;253;0;1;0;1;;;;0=Não acionado\1=Acionado;0=Not triggered\1=Triggered;0=No accionado\1=Accionado;;;Público;Indicação de memória de autodiagnóstico de salto de temperatura;Indication of self-diagnostic memory for temperature jump;;;;;;Temperatura;Temperature;Temperatura;Temperatura;Temperature;Temperatura;Debug;;;;;
b1f99e82f5064652a6c93fd5ab6c2202;1;R;Bit;TabLeituraBinTemperatura;Discrete input;7010;Binary input;254;0;1;0;1;;;;0=Ruim\1=Boa;0=Bad\1=Good;0=Malo\1=Bueno;;;Público;Indicação de qualidade da medição de temperatura;Indication of temperature quality;;;;;;Temperatura;Temperature;Temperatura;Temperatura;Temperature;Temperatura;;;;;;
955363fd420b49629a4db3a516b79874;1;R;16;TabVersaoPlacaControle;Input register;31000;Analog input;168;0;65535;;1;;;;;;;;;Público;Indicação de versão do firmware da funcionalidade da placa de controle;Indication of the control board's application firmware version;;;;;;Geral;General;;Status;Status;Estado;Geral;;;;;
22726fa943f4401fa7923e5d1da6d1ad;1;R;16;TabVersaoPlacaControle;Input register;31001;Analog input;169;0;65535;;1;;;;;;;;;Público;Indicação de release do firmware da funcionalidade da placa de controle;Indication of the control board's application firmware release;;;;;;Geral;General;;Status;Status;Estado;Geral;;;;;
30c53f106f14427cb1b89c8c085250bd;1;R;16;TabVersaoPlacaControle;Input register;31002;Analog input;170;0;65535;;1;;;;;;;;;Privado;Indicação dos bits superiores do hash do commit do firmware da placa de controle;Indication of the high-order bits of the control board firmware's commit hash;;;;;;Geral;General;;Status;Status;Estado;Geral;;;;;
510ace10ecc749f4807538e0cb82f15d;1;R;16;TabVersaoPlacaControle;Input register;31003;Analog input;171;0;65535;;1;;;;;;;;;Privado;Indicação dos bits inferiores do hash do commit do firmware da placa de controle;Indication of the low-order bits of the control board firmware's commit hash;;;;;;Geral;General;;Status;Status;Estado;Geral;;;;;
2ccc514dcc144d27a0be2efbac4ee757;1;R;16;TabVersaoPlacaControle;Input register;31004;Analog input;172;0;1;;1;;;;0=Não\1=Sim;0=No\1=Yes;;;;Privado;Indicação de sinalização de alterações não commitadas do firmware da placa de controle;Indication of the control board firmware's uncommitted-changes flag;;;;;;Geral;General;;Status;Status;Estado;Geral;;;;;
d1c716c8561145fabaca41c1178118b5;1;R;16;TabVersaoPlacaControle;Input register;31005;Analog input;173;0;65535;;1;;;;;;;;;Público;Indicação de versão do mapa interno da placa de controle;Indication of the control board's internal map version;;;;;;Geral;General;;Status;Status;Estado;Geral;;;;;
aacccc76363a4ff0bb589b7da730f544;1;R;16;TabVersaoPlacaControle;Input register;31006;Analog input;174;0;65535;;1;;;;;;;;;Público;Indicação de versão do firmware do bootloader da placa de controle;Indication of the control board's bootloader firmware version;;;;;;Geral;General;;Status;Status;Estado;Geral;;;;;
df5130aa85414ab390bc17f46caa1eec;1;R;16;TabVersaoPlacaControle;Input register;31007;Analog input;175;0;65535;;1;;;;;;;;;Público;Indicação de release do firmware do bootloader da placa de controle;Indication of the control board's bootloader firmware release;;;;;;Geral;General;;Status;Status;Estado;Geral;;;;;
